CFO=8048.1466055346555,STO=0
EsN0dB=-5.90,GRXdB=40,N0=9.999999747378752e-05
packet_number=1,correct=False,payload=[48,153,245,44,122,41,171,203,53,54,221,168,72,81,124,215,241,171,220,219,43,111,138,13,232,242,230,100,1,97,40,8,182,62,56,184,143,130,5,218,104,122,13,190,228,117,199,190,64,187,24,49,230,179,46,7,68,90,10,44,209,104,177,169,161,87,6,78,160,11,67,191,152,24,5,163,151,34,28,0,202,51,149,4,33,90,121,140,216,44,57,175,187,78,175,126,214,14,5,63,148,27,165,92,40,223,1,183,98,184,38,168,15,88,170,47,206,208,120,215,211,195,141,207,83,19,152,129,33,213,213,243,70,34,88,89,27,37,232,36,138,181,6,205,235,234,50,250,232,206,102,167,94,66,234,94,218,170,64,237,64,73,145,215,147,108,244,153,249,163,10,120,93,94,47,248,6,221,82,178,184,107,227,222,183,45,132,174,50,173,214,89,110,53,3,37,180,36,120,167,144,50,89,150,47,32,10,237,69,97,4,70,242,9,48,141,245,242,69,1,159,45,44,140,192,115,168,169,251,103,88,195,220,147,176,82,201,199,215,174,196,113,239,133,15,220,231,235,36,134,140,173,54,29,89,197,119,160,63,62,233,37,189,198,1,168,52,67,163,218,18,184,59,9,203,218,131,180,152,7,226,206,187,62,55,89,212,159,143,100,133,193,94,98,172,39,214,144,123,192,126,99,229,168,37,95,116,64,179,143,46,252,134,241,22,93,29,48,1,216,31,212,62,174,126,177,59,154,57,169,244,155,146,210,219,187,205,146,251,152,118,254,79,145,252,140,36,29,59,91,96,163,17,156,46,12,85,119,211,66,181,173,207,166,241,226,8,29,170,135,103,55,109,209,133,50,178,64,99,190,126,7,54,84,1,67,12,204,22,89,178,145,255,150,160,134,31,97,157,197,80,220,42,81,3,93,247,29,87,230,197,58,134,40,210,131,65,79,69,126,245,40,189,131,234,158,96,46,195,97,157,103,25,214,140,135,96,247,246,102,120,116,236,2,202,119,134,205,251,227,126,157,134,108,134,186,83,214,184,232,95,48,22,15,106,90,161,193,146,180,116,177,94,29,105,233,70,137,225,101,107,163,14,81,176,61,160,125,228,93,227,171,147,60,15,20,193,141,184,96,89,186,26,247,120,160,235,173,126,135,170,11,224,136,92,169,167,182,26,6,117,155,212,166,197,188,144,184,97,203,96,162,173,58,219,184,97,87,122,117,239,10,73,137,21,248,151,27,69,143,110,27,252,7,29,62,201,223,3,189,106,4,87,173,248,25,97,107,11,140,245,149,140,43,72,222,172,92,7,110,70,44,34,139,69,63,10,66,79,215,152,82,239,162,225,1,123,221,90,233,67,144,88,177,159,4,218,100,1,15,2,252,97,133,137,157,240,248,115,239,232,178,103,228,126,72,122,176,45,98,20,101,112,147,88,14,25,14,167,105,0,226,216,144,215,207,90,17,48,137,103,59,46,26,134,241,227,49,158,62,20,174,236,54,219,52,127,197,195,49,194,179,35,197,69,125,76,212,172,188,18,143,155,76,50,243,182,101,151,205,123,234,89,130,15,77,145,146,119,97,29,32,85,211,66,31,64,251,35,212,45,248,107,35,41,228,14,241,3,177,217,109,90,151,231,252,1,153,172,200,56,254,179,152,189,38,131,145,197,61,195,15,20,150,60,176,209,203,177,129,101,33,110,197,7,254,101,136,138,174,220,91,141,233,108,86,125,5,175,153,139,134,213,107,179,233,120,98,81,46,184,40,142,76,138,75,254,11,17,90,172,64,199,200,33,84,254,5,20,232]
CFO=7253.694575180699,STO=2
EsN0dB=17.31,GRXdB=40,N0=9.999999747378752e-05
packet_number=2,correct=True,payload=[0,1,2,3,4,5,6,7,8,9,10,11,12,13,14,15,16,17,18,19,20,21,22,23,24,25,26,27,28,29,30,31,32,33,34,35,36,37,38,39,40,41,42,43,44,45,46,47,48,49,50,51,52,53,54,55,56,57,58,59,60,61,62,63,64,65,66,67,68,69,70,71,72,73,74,75,76,77,78,79,80,81,82,83,84,85,86,87,88,89,90,91,92,93,94,95,96,97,98,99,100,101,102,103,104,105,106,107,108,109,110,111,112,113,114,115,116,117,118,119,120,121,122,123,124,125,126,127,128,129,130,131,132,133,134,135,136,137,138,139,140,141,142,143,144,145,146,147,148,149,150,151,152,153,154,155,156,157,158,159,160,161,162,163,164,165,166,167,168,169,170,171,172,173,174,175,176,177,178,179,180,181,182,183,184,185,186,187,188,189,190,191,192,193,194,195,196,197,198,199,200,201,202,203,204,205,206,207,208,209,210,211,212,213,214,215,216,217,218,219,220,221,222,223,224,225,226,227,228,229,230,231,232,233,234,235,236,237,238,239,240,241,242,243,244,245,246,247,248,249,250,251,252,253,254,255,0,1,2,3,4,5,6,7,8,9,10,11,12,13,14,15,16,17,18,19,20,21,22,23,24,25,26,27,28,29,30,31,32,33,34,35,36,37,38,39,40,41,42,43,44,45,46,47,48,49,50,51,52,53,54,55,56,57,58,59,60,61,62,63,64,65,66,67,68,69,70,71,72,73,74,75,76,77,78,79,80,81,82,83,84,85,86,87,88,89,90,91,92,93,94,95,96,97,98,99,100,101,102,103,104,105,106,107,108,109,110,111,112,113,114,115,116,117,118,119,120,121,122,123,124,125,126,127,128,129,130,131,132,133,134,135,136,137,138,139,140,141,142,143,144,145,146,147,148,149,150,151,152,153,154,155,156,157,158,159,160,161,162,163,164,165,166,167,168,169,170,171,172,173,174,175,176,177,178,179,180,181,182,183,184,185,186,187,188,189,190,191,192,193,194,195,196,197,198,199,200,201,202,203,204,205,206,207,208,209,210,211,212,213,214,215,216,217,218,219,220,221,222,223,224,225,226,227,228,229,230,231,232,233,234,235,236,237,238,239,240,241,242,243,244,245,246,247,248,249,250,251,252,253,254,255,0,1,2,3,4,5,6,7,8,9,10,11,12,13,14,15,16,17,18,19,20,21,22,23,24,25,26,27,28,29,30,31,32,33,34,35,36,37,38,39,40,41,42,43,44,45,46,47,48,49,50,51,52,53,54,55,56,57,58,59,60,61,62,63,64,65,66,67,68,69,70,71,72,73,74,75,76,77,78,79,80,81,82,83,84,85,86,87,88,89,90,91,92,93,94,95,96,97,98,99,100,101,102,103,104,105,106,107,108,109,110,111,112,113,114,115,116,117,118,119,120,121,122,123,124,125,126,127,128,129,130,131,132,133,134,135,136,137,138,139,140,141,142,143,144,145,146,147,148,149,150,151,152,153,154,155,156,157,158,159,160,161,162,163,164,165,166,167,168,169,170,171,172,173,174,175,176,177,178,179,180,181,182,183,184,185,186,187,188,189,190,191,192,193,194,195,196,197,198,199,200,201,202,203,204,205,206,207,208,209,210,211,212,213,214,215,216,217,218,219,220,221,222,223,224,225,226,227,228,229,230,231,232,233,234,235,236,237,238,239,240,241,242,243,244,245,246,247,248,249,250,251,252,253,254,255,0,1,2,3,4,5,6,7,8,9,10,11,12,13,14,15,16,17,18,19,20,21,22,23,24,25,26,27,28,29,30,31]
CFO=8051.363434906254,STO=5
EsN0dB=20.00,GRXdB=40,N0=9.999999747378752e-05
packet_number=3,correct=True,payload=[0,1,2,3,4,5,6,7,8,9,10,11,12,13,14,15,16,17,18,19,20,21,22,23,24,25,26,27,28,29,30,31,32,33,34,35,36,37,38,39,40,41,42,43,44,45,46,47,48,49,50,51,52,53,54,55,56,57,58,59,60,61,62,63,64,65,66,67,68,69,70,71,72,73,74,75,76,77,78,79,80,81,82,83,84,85,86,87,88,89,90,91,92,93,94,95,96,97,98,99,100,101,102,103,104,105,106,107,108,109,110,111,112,113,114,115,116,117,118,119,120,121,122,123,124,125,126,127,128,129,130,131,132,133,134,135,136,137,138,139,140,141,142,143,144,145,146,147,148,149,150,151,152,153,154,155,156,157,158,159,160,161,162,163,164,165,166,167,168,169,170,171,172,173,174,175,176,177,178,179,180,181,182,183,184,185,186,187,188,189,190,191,192,193,194,195,196,197,198,199,200,201,202,203,204,205,206,207,208,209,210,211,212,213,214,215,216,217,218,219,220,221,222,223,224,225,226,227,228,229,230,231,232,233,234,235,236,237,238,239,240,241,242,243,244,245,246,247,248,249,250,251,252,253,254,255,0,1,2,3,4,5,6,7,8,9,10,11,12,13,14,15,16,17,18,19,20,21,22,23,24,25,26,27,28,29,30,31,32,33,34,35,36,37,38,39,40,41,42,43,44,45,46,47,48,49,50,51,52,53,54,55,56,57,58,59,60,61,62,63,64,65,66,67,68,69,70,71,72,73,74,75,76,77,78,79,80,81,82,83,84,85,86,87,88,89,90,91,92,93,94,95,96,97,98,99,100,101,102,103,104,105,106,107,108,109,110,111,112,113,114,115,116,117,118,119,120,121,122,123,124,125,126,127,128,129,130,131,132,133,134,135,136,137,138,139,140,141,142,143,144,145,146,147,148,149,150,151,152,153,154,155,156,157,158,159,160,161,162,163,164,165,166,167,168,169,170,171,172,173,174,175,176,177,178,179,180,181,182,183,184,185,186,187,188,189,190,191,192,193,194,195,196,197,198,199,200,201,202,203,204,205,206,207,208,209,210,211,212,213,214,215,216,217,218,219,220,221,222,223,224,225,226,227,228,229,230,231,232,233,234,235,236,237,238,239,240,241,242,243,244,245,246,247,248,249,250,251,252,253,254,255,0,1,2,3,4,5,6,7,8,9,10,11,12,13,14,15,16,17,18,19,20,21,22,23,24,25,26,27,28,29,30,31,32,33,34,35,36,37,38,39,40,41,42,43,44,45,46,47,48,49,50,51,52,53,54,55,56,57,58,59,60,61,62,63,64,65,66,67,68,69,70,71,72,73,74,75,76,77,78,79,80,81,82,83,84,85,86,87,88,89,90,91,92,93,94,95,96,97,98,99,100,101,102,103,104,105,106,107,108,109,110,111,112,113,114,115,116,117,118,119,120,121,122,123,124,125,126,127,128,129,130,131,132,133,134,135,136,137,138,139,140,141,142,143,144,145,146,147,148,149,150,151,152,153,154,155,156,157,158,159,160,161,162,163,164,165,166,167,168,169,170,171,172,173,174,175,176,177,178,179,180,181,182,183,184,185,186,187,188,189,190,191,192,193,194,195,196,197,198,199,200,201,202,203,204,205,206,207,208,209,210,211,212,213,214,215,216,217,218,219,220,221,222,223,224,225,226,227,228,229,230,231,232,233,234,235,236,237,238,239,240,241,242,243,244,245,246,247,248,249,250,251,252,253,254,255,0,1,2,3,4,5,6,7,8,9,10,11,12,13,14,15,16,17,18,19,20,21,22,23,24,25,26,27,28,29,30,31]
CFO=2923.464920488589,STO=6
EsN0dB=-2.35,GRXdB=40,N0=9.999999747378752e-05
packet_number=4,correct=False,payload=[129,195,159,126,217,6,55,26,23,194,229,36,14,35,22,174,28,14,210,243,237,190,192,112,122,12,210,105,152,122,192,161,129,138,182,223,13,189,162,206,78,96,232,216,98,122,36,139,188,255,112,74,162,83,178,183,78,255,44,110,131,62,188,111,163,218,177,233,107,155,221,29,28,155,217,3,91,148,99,148,59,43,162,128,9,28,101,75,71,205,102,113,213,150,43,139,162,159,134,207,56,193,186,3,22,227,251,221,57,24,205,74,199,103,114,145,218,161,14,201,198,61,168,80,26,10,223,152,204,155,173,51,109,139,16,219,215,221,86,34,162,116,108,113,102,94,18,198,185,91,253,24,116,36,0,80,165,19,61,224,148,207,124,175,12,201,21,17,146,229,28,119,131,148,201,60,43,65,145,160,90,198,111,152,110,196,177,85,111,206,54,228,46,42,126,232,145,0,192,181,120,194,89,240,29,136,139,218,22,25,16,31,88,115,146,172,220,98,68,190,39,231,85,42,92,91,60,42,63,210,17,78,190,127,236,21,82,193,255,94,186,208,64,241,18,111,222,61,16,60,141,80,73,71,184,159,3,18,219,100,123,17,78,101,55,26,217,21,102,147,47,16,134,35,246,119,203,62,143,240,96,168,220,112,76,203,5,165,213,98,244,122,232,210,71,86,139,73,21,218,172,18,138,127,66,184,180,49,234,44,64,78,1,63,245,140,4,143,201,29,22,5,241,162,193,201,173,116,69,158,254,214,91,105,114,7,177,248,196,1,49,153,223,156,207,88,124,172,113,201,100,71,209,239,217,52,41,107,218,200,194,124,6,35,236,222,151,142,138,206,134,156,239,193,225,186,106,179,1,97,47,7,228,103,115,129,145,47,97,32,160,94,224,73,7,194,239,59,58,183,104,169,102,167,245,6,150,43,49,136,169,128,221,184,50,19,110,74,198,8,56,116,129,126,173,75,243,173,194,215,162,140,182,231,32,117,199,37,141,57,223,125,163,163,226,189,108,23,94,149,168,7,42,125,239,113,200,172,115,145,190,66,223,204,210,84,15,139,38,51,204,208,111,149,237,86,76,228,128,137,45,27,5,54,220,171,230,113,253,182,202,17,163,11,161,162,175,231,84,86,1,194,110,250,8,36,176,135,185,223,102,255,223,89,247,237,222,6,153,210,24,36,221,118,93,157,228,242,234,245,170,36,4,133,174,212,82,45,87,110,13,60,139,195,227,135,250,225,43,82,55,44,242,88,173,239,153,235,172,35,203,75,221,145,202,136,91,10,81,188,224,219,24,144,56,123,252,55,60,56,65,73,63,238,203,78,63,241,193,241,173,174,31,167,66,113,171,117,101,32,161,199,214,208,162,26,142,135,236,39,137,2,28,141,152,253,74,14,50,190,205,237,27,3,140,144,204,82,99,27,59,3,247,51,28,162,143,111,116,153,94,200,54,15,111,129,33,172,48,117,150,77,146,66,92,178,91,50,244,208,107,235,159,72,92,173,187,155,223,103,216,166,140,167,199,224,108,163,235,152,16,32,27,218,89,135,105,95,108,218,186,224,253,70,19,239,135,9,17,219,114,92,226,204,141,211,68,3,86,97,135,73,100,154,78,2,63,189,26,230,70,152,192,125,75,126,222,32,130,136,172,233,62,184,216,38,13,73,230,24,230,195,209,238,36,149,24,73,46,207,136,188,27,107,93,174,119,254,19,238,153,4,93,70,155,43,29,55,88,170,75,167,218,48,200,151,19,149,40,154,74,209,202,231,196,227,155,167,183,54,233,176,125,66,159,154,85,82,151,3]
CFO=-2426.0627974847575,STO=1
EsN0dB=-11.39,GRXdB=40,N0=9.999999747378752e-05
packet_number=5,correct=False,payload=[34,47,176,167,123,174,160,224,23,90,111,130,201,42,245,19,58,111,199,21,94,205,56,167,92,110,77,160,156,10,113,198,108,209,200,222,31,114,47,106,142,72,35,219,125,72,66,0,139,217,16,41,62,47,99,62,108,185,140,203,255,231,215,45,222,21,3,219,149,210,158,104,81,245,39,138,137,91,113,160,64,243,155,33,69,252,189,236,116,193,222,162,168,67,195,192,220,35,204,215,193,133,97,251,47,251,155,233,178,104,243,211,196,144,150,218,154,219,34,212,216,128,14,62,78,86,0,150,195,35,127,75,230,123,213,135,54,118,30,149,174,123,39,84,208,145,38,22,79,252,184,95,194,238,52,32,184,84,13,248,51,182,31,255,191,196,35,44,149,220,230,87,192,215,144,28,90,91,97,123,217,207,77,208,87,160,104,136,239,241,75,74,127,30,133,230,62,42,138,134,107,85,88,67,28,183,11,237,168,4,8,176,20,83,117,212,222,236,124,122,113,124,255,42,32,123,80,153,197,163,240,8,122,115,155,45,73,135,138,91,18,206,122,91,183,222,241,225,18,74,162,179,228,77,8,148,66,23,96,197,186,187,113,237,106,97,168,99,56,8,4,56,142,5,53,252,17,173,87,228,200,60,23,253,5,19,38,14,210,221,112,231,117,182,219,82,215,148,117,202,146,100,126,176,24,172,13,200,220,149,188,146,56,90,81,190,178,196,19,206,190,196,165,137,116,229,70,179,57,192,83,124,97,181,197,52,65,84,241,0,242,166,247,68,193,74,16,20,85,26,220,219,7,208,140,72,136,239,137,67,163,193,51,150,137,22,171,209,170,225,166,231,49,49,42,60,205,239,246,79,109,254,172,137,239,198,86,208,249,201,131,120,141,104,144,86,84,36,206,89,191,122,205,222,193,254,190,141,117,21,222,30,180,181,122,83,200,64,121,172,112,228,161,94,191,120,112,30,70,135,154,220,190,233,145,18,101,226,203,235,56,185,209,20,225,163,92,119,132,187,49,221,245,58,248,112,165,133,106,247,170,141,249,1,16,33,227,228,98,59,120,97,62,147,155,114,41,56,230,234,41,160,68,122,9,56,143,206,16,44,229,83,114,27,201,105,52,16,17,59,91,10,123,67,224,205,218,173,190,12,41,244,200,35,221,254,84,183,56,170,0,84,210,78,94,162,129,242,47,50,42,121,126,229,102,45,1,77,120,79,148,98,136,226,108,164,0,126,215,251,156,229,151,182,229,227,63,250,164,8,169,9,166,44,86,109,97,79,253,145,203,57,172,194,159,12,83,30,73,252,166,128,217,190,134,243,3,46,173,62,240,91,223,176,49,119,224,120,11,120,124,229,89,125,46,123,229,73,34,147,0,172,38,28,142,76,238,199,205,160,44,143,226,234,239,151,44,214,188,171,52,155,22,125,178,1,220,93,166,100,244,223,101,129,4,47,17,206,21,182,136,98,252,103,209,241,133,127,16,155,221,41,153,48,206,48,148,85,148,21,251,108,71,9,194,214,229,235,209,42,157,45,63,116,172,249,88,105,174,24,126,147,13,218,60,15,36,119,162,229,4,125,119,20,172,101,177,187,122,246,69,125,235,107,94,158,11,99,99,250,87,23,38,183,184,241,91,39,28,147,11,187,85,212,237,218,215,135,243,60,35,106,146,15,84,241,218,221,74,169,186,75,130,176,23,217,150,233,221,111,213,13,56,219,20,202,170,108,16,12,103,71,154,50,71,48,173,244,212,185,205,51,172,202,73,190,241,222,118,81,3,137,15,199,120,19,146,62,122,199]
CFO=7717.368607448708,STO=5
EsN0dB=19.94,GRXdB=40,N0=9.999999747378752e-05
packet_number=6,correct=True,payload=[0,1,2,3,4,5,6,7,8,9,10,11,12,13,14,15,16,17,18,19,20,21,22,23,24,25,26,27,28,29,30,31,32,33,34,35,36,37,38,39,40,41,42,43,44,45,46,47,48,49,50,51,52,53,54,55,56,57,58,59,60,61,62,63,64,65,66,67,68,69,70,71,72,73,74,75,76,77,78,79,80,81,82,83,84,85,86,87,88,89,90,91,92,93,94,95,96,97,98,99,100,101,102,103,104,105,106,107,108,109,110,111,112,113,114,115,116,117,118,119,120,121,122,123,124,125,126,127,128,129,130,131,132,133,134,135,136,137,138,139,140,141,142,143,144,145,146,147,148,149,150,151,152,153,154,155,156,157,158,159,160,161,162,163,164,165,166,167,168,169,170,171,172,173,174,175,176,177,178,179,180,181,182,183,184,185,186,187,188,189,190,191,192,193,194,195,196,197,198,199,200,201,202,203,204,205,206,207,208,209,210,211,212,213,214,215,216,217,218,219,220,221,222,223,224,225,226,227,228,229,230,231,232,233,234,235,236,237,238,239,240,241,242,243,244,245,246,247,248,249,250,251,252,253,254,255,0,1,2,3,4,5,6,7,8,9,10,11,12,13,14,15,16,17,18,19,20,21,22,23,24,25,26,27,28,29,30,31,32,33,34,35,36,37,38,39,40,41,42,43,44,45,46,47,48,49,50,51,52,53,54,55,56,57,58,59,60,61,62,63,64,65,66,67,68,69,70,71,72,73,74,75,76,77,78,79,80,81,82,83,84,85,86,87,88,89,90,91,92,93,94,95,96,97,98,99,100,101,102,103,104,105,106,107,108,109,110,111,112,113,114,115,116,117,118,119,120,121,122,123,124,125,126,127,128,129,130,131,132,133,134,135,136,137,138,139,140,141,142,143,144,145,146,147,148,149,150,151,152,153,154,155,156,157,158,159,160,161,162,163,164,165,166,167,168,169,170,171,172,173,174,175,176,177,178,179,180,181,182,183,184,185,186,187,188,189,190,191,192,193,194,195,196,197,198,199,200,201,202,203,204,205,206,207,208,209,210,211,212,213,214,215,216,217,218,219,220,221,222,223,224,225,226,227,228,229,230,231,232,233,234,235,236,237,238,239,240,241,242,243,244,245,246,247,248,249,250,251,252,253,254,255,0,1,2,3,4,5,6,7,8,9,10,11,12,13,14,15,16,17,18,19,20,21,22,23,24,25,26,27,28,29,30,31,32,33,34,35,36,37,38,39,40,41,42,43,44,45,46,47,48,49,50,51,52,53,54,55,56,57,58,59,60,61,62,63,64,65,66,67,68,69,70,71,72,73,74,75,76,77,78,79,80,81,82,83,84,85,86,87,88,89,90,91,92,93,94,95,96,97,98,99,100,101,102,103,104,105,106,107,108,109,110,111,112,113,114,115,116,117,118,119,120,121,122,123,124,125,126,127,128,129,130,131,132,133,134,135,136,137,138,139,140,141,142,143,144,145,146,147,148,149,150,151,152,153,154,155,156,157,158,159,160,161,162,163,164,165,166,167,168,169,170,171,172,173,174,175,176,177,178,179,180,181,182,183,184,185,186,187,188,189,190,191,192,193,194,195,196,197,198,199,200,201,202,203,204,205,206,207,208,209,210,211,212,213,214,215,216,217,218,219,220,221,222,223,224,225,226,227,228,229,230,231,232,233,234,235,236,237,238,239,240,241,242,243,244,245,246,247,248,249,250,251,252,253,254,255,0,1,2,3,4,5,6,7,8,9,10,11,12,13,14,15,16,17,18,19,20,21,22,23,24,25,26,27,28,29,30,31]
CFO=7698.327557862528,STO=5
EsN0dB=20.07,GRXdB=40,N0=9.999999747378752e-05
packet_number=7,correct=True,payload=[0,1,2,3,4,5,6,7,8,9,10,11,12,13,14,15,16,17,18,19,20,21,22,23,24,25,26,27,28,29,30,31,32,33,34,35,36,37,38,39,40,41,42,43,44,45,46,47,48,49,50,51,52,53,54,55,56,57,58,59,60,61,62,63,64,65,66,67,68,69,70,71,72,73,74,75,76,77,78,79,80,81,82,83,84,85,86,87,88,89,90,91,92,93,94,95,96,97,98,99,100,101,102,103,104,105,106,107,108,109,110,111,112,113,114,115,116,117,118,119,120,121,122,123,124,125,126,127,128,129,130,131,132,133,134,135,136,137,138,139,140,141,142,143,144,145,146,147,148,149,150,151,152,153,154,155,156,157,158,159,160,161,162,163,164,165,166,167,168,169,170,171,172,173,174,175,176,177,178,179,180,181,182,183,184,185,186,187,188,189,190,191,192,193,194,195,196,197,198,199,200,201,202,203,204,205,206,207,208,209,210,211,212,213,214,215,216,217,218,219,220,221,222,223,224,225,226,227,228,229,230,231,232,233,234,235,236,237,238,239,240,241,242,243,244,245,246,247,248,249,250,251,252,253,254,255,0,1,2,3,4,5,6,7,8,9,10,11,12,13,14,15,16,17,18,19,20,21,22,23,24,25,26,27,28,29,30,31,32,33,34,35,36,37,38,39,40,41,42,43,44,45,46,47,48,49,50,51,52,53,54,55,56,57,58,59,60,61,62,63,64,65,66,67,68,69,70,71,72,73,74,75,76,77,78,79,80,81,82,83,84,85,86,87,88,89,90,91,92,93,94,95,96,97,98,99,100,101,102,103,104,105,106,107,108,109,110,111,112,113,114,115,116,117,118,119,120,121,122,123,124,125,126,127,128,129,130,131,132,133,134,135,136,137,138,139,140,141,142,143,144,145,146,147,148,149,150,151,152,153,154,155,156,157,158,159,160,161,162,163,164,165,166,167,168,169,170,171,172,173,174,175,176,177,178,179,180,181,182,183,184,185,186,187,188,189,190,191,192,193,194,195,196,197,198,199,200,201,202,203,204,205,206,207,208,209,210,211,212,213,214,215,216,217,218,219,220,221,222,223,224,225,226,227,228,229,230,231,232,233,234,235,236,237,238,239,240,241,242,243,244,245,246,247,248,249,250,251,252,253,254,255,0,1,2,3,4,5,6,7,8,9,10,11,12,13,14,15,16,17,18,19,20,21,22,23,24,25,26,27,28,29,30,31,32,33,34,35,36,37,38,39,40,41,42,43,44,45,46,47,48,49,50,51,52,53,54,55,56,57,58,59,60,61,62,63,64,65,66,67,68,69,70,71,72,73,74,75,76,77,78,79,80,81,82,83,84,85,86,87,88,89,90,91,92,93,94,95,96,97,98,99,100,101,102,103,104,105,106,107,108,109,110,111,112,113,114,115,116,117,118,119,120,121,122,123,124,125,126,127,128,129,130,131,132,133,134,135,136,137,138,139,140,141,142,143,144,145,146,147,148,149,150,151,152,153,154,155,156,157,158,159,160,161,162,163,164,165,166,167,168,169,170,171,172,173,174,175,176,177,178,179,180,181,182,183,184,185,186,187,188,189,190,191,192,193,194,195,196,197,198,199,200,201,202,203,204,205,206,207,208,209,210,211,212,213,214,215,216,217,218,219,220,221,222,223,224,225,226,227,228,229,230,231,232,233,234,235,236,237,238,239,240,241,242,243,244,245,246,247,248,249,250,251,252,253,254,255,0,1,2,3,4,5,6,7,8,9,10,11,12,13,14,15,16,17,18,19,20,21,22,23,24,25,26,27,28,29,30,31]
CFO=7748.421777918956,STO=7
EsN0dB=19.91,GRXdB=40,N0=9.999999747378752e-05
packet_number=8,correct=False,payload=[0,3,2,7,12,4,6,7,8,9,14,27,12,13,14,31,16,19,18,23,20,37,38,23,24,25,50,27,28,31,30,63,96,33,34,99,36,37,36,39,104,33,42,35,44,45,126,47,112,51,114,115,48,113,62,55,56,120,122,51,56,61,62,62,64,65,6,67,68,5,76,15,72,203,72,75,204,77,222,207,208,17,210,199,92,213,4,87,152,81,86,83,92,93,92,95,96,97,98,99,68,229,102,103,104,121,66,99,108,123,110,239,112,113,114,242,100,117,118,247,112,121,126,115,124,125,124,127,0,129,130,135,132,133,134,7,8,139,136,131,12,137,15,159,144,177,146,179,189,157,143,151,184,155,152,27,152,157,158,159,161,163,162,163,228,161,110,167,160,41,162,167,141,141,174,239,176,177,178,243,241,55,126,183,177,251,188,243,252,191,190,191,192,193,192,195,196,197,134,199,216,203,140,219,141,205,206,223,208,209,214,211,208,243,212,215,209,209,158,223,184,221,222,223,225,193,198,231,236,225,228,231,233,243,227,239,237,237,206,207,241,243,226,243,240,253,230,255,248,249,249,243,253,249,254,255,0,3,2,2,0,13,6,15,0,11,0,10,12,30,14,15,16,1,20,18,0,59,38,22,56,27,26,27,24,63,62,63,0,33,34,98,36,32,36,39,96,105,34,47,108,43,14,79,112,49,102,54,40,53,38,119,120,123,116,63,120,63,62,63,192,195,134,130,76,205,70,143,16,16,78,11,140,205,94,143,144,144,146,98,116,241,198,22,56,90,86,95,88,95,94,63,192,97,226,102,108,100,236,78,104,91,240,206,76,106,110,110,112,113,112,119,108,225,254,111,120,251,122,251,124,127,126,127,128,129,134,131,133,135,142,15,9,17,26,7,153,153,140,143,145,17,18,147,5,133,182,15,144,155,159,191,57,31,61,31,65,65,224,131,12,197,133,199,184,171,179,235,189,61,143,255,176,179,183,227,53,237,36,239,56,177,188,187,185,63,60,127,193,193,132,131,196,197,134,199,128,193,202,215,200,221,158,207,129,225,180,215,208,137,222,151,152,217,222,219,153,219,254,255,224,227,224,227,228,203,236,239,208,227,249,239,220,249,254,207,225,225,242,247,249,247,237,247,248,249,247,251,248,255,255,254,0,3,4,7,0,1,4,15,8,9,30,6,28,13,30,30,16,16,20,7,40,45,46,6,24,50,60,62,28,25,62,62,0,99,38,2,108,69,6,6,104,123,62,114,40,14,46,127,32,48,54,39,60,99,46,127,48,122,112,123,120,124,124,127,192,195,198,6,128,138,198,71,0,24,72,211,136,204,76,159,64,34,242,162,136,231,14,14,216,152,16,54,60,61,60,63,96,65,224,71,100,224,196,206,232,74,112,207,108,222,108,207,96,240,96,102,244,255,102,111,248,115,250,255,124,250,254,127,128,129,129,135,133,141,133,15,137,9,24,19,137,27,13,143,17,35,181,35,48,9,21,159,184,187,50,187,56,191,191,159,97,195,133,199,100,235,12,71,81,67,213,175,216,91,125,95,176,177,180,163,41,97,173,239,112,179,189,243,125,249,61,255,193,195,197,199,204,195,143,199,129,131,148,143,204,217,159,143,209,131,165,151,189,219,172,183,152,243,183,191,249,217,222,255,193,227,227,231,229,201,205,231,193,241,212,211,233,255,254,239,225,227,229,243,240,255,229,239,249,251,241,247,249,249,255,254,0,3,6,7,12,14,14,15,24,18,4,23,24,12,30,14,16,50,16,38,32,32,46,46,48,56,60,54,60,60,28,62]
CFO=7635.946112080463,STO=3
EsN0dB=20.08,GRXdB=40,N0=9.999999747378752e-05
packet_number=9,correct=True,payload=[0,1,2,3,4,5,6,7,8,9,10,11,12,13,14,15,16,17,18,19,20,21,22,23,24,25,26,27,28,29,30,31,32,33,34,35,36,37,38,39,40,41,42,43,44,45,46,47,48,49,50,51,52,53,54,55,56,57,58,59,60,61,62,63,64,65,66,67,68,69,70,71,72,73,74,75,76,77,78,79,80,81,82,83,84,85,86,87,88,89,90,91,92,93,94,95,96,97,98,99,100,101,102,103,104,105,106,107,108,109,110,111,112,113,114,115,116,117,118,119,120,121,122,123,124,125,126,127,128,129,130,131,132,133,134,135,136,137,138,139,140,141,142,143,144,145,146,147,148,149,150,151,152,153,154,155,156,157,158,159,160,161,162,163,164,165,166,167,168,169,170,171,172,173,174,175,176,177,178,179,180,181,182,183,184,185,186,187,188,189,190,191,192,193,194,195,196,197,198,199,200,201,202,203,204,205,206,207,208,209,210,211,212,213,214,215,216,217,218,219,220,221,222,223,224,225,226,227,228,229,230,231,232,233,234,235,236,237,238,239,240,241,242,243,244,245,246,247,248,249,250,251,252,253,254,255,0,1,2,3,4,5,6,7,8,9,10,11,12,13,14,15,16,17,18,19,20,21,22,23,24,25,26,27,28,29,30,31,32,33,34,35,36,37,38,39,40,41,42,43,44,45,46,47,48,49,50,51,52,53,54,55,56,57,58,59,60,61,62,63,64,65,66,67,68,69,70,71,72,73,74,75,76,77,78,79,80,81,82,83,84,85,86,87,88,89,90,91,92,93,94,95,96,97,98,99,100,101,102,103,104,105,106,107,108,109,110,111,112,113,114,115,116,117,118,119,120,121,122,123,124,125,126,127,128,129,130,131,132,133,134,135,136,137,138,139,140,141,142,143,144,145,146,147,148,149,150,151,152,153,154,155,156,157,158,159,160,161,162,163,164,165,166,167,168,169,170,171,172,173,174,175,176,177,178,179,180,181,182,183,184,185,186,187,188,189,190,191,192,193,194,195,196,197,198,199,200,201,202,203,204,205,206,207,208,209,210,211,212,213,214,215,216,217,218,219,220,221,222,223,224,225,226,227,228,229,230,231,232,233,234,235,236,237,238,239,240,241,242,243,244,245,246,247,248,249,250,251,252,253,254,255,0,1,2,3,4,5,6,7,8,9,10,11,12,13,14,15,16,17,18,19,20,21,22,23,24,25,26,27,28,29,30,31,32,33,34,35,36,37,38,39,40,41,42,43,44,45,46,47,48,49,50,51,52,53,54,55,56,57,58,59,60,61,62,63,64,65,66,67,68,69,70,71,72,73,74,75,76,77,78,79,80,81,82,83,84,85,86,87,88,89,90,91,92,93,94,95,96,97,98,99,100,101,102,103,104,105,106,107,108,109,110,111,112,113,114,115,116,117,118,119,120,121,122,123,124,125,126,127,128,129,130,131,132,133,134,135,136,137,138,139,140,141,142,143,144,145,146,147,148,149,150,151,152,153,154,155,156,157,158,159,160,161,162,163,164,165,166,167,168,169,170,171,172,173,174,175,176,177,178,179,180,181,182,183,184,185,186,187,188,189,190,191,192,193,194,195,196,197,198,199,200,201,202,203,204,205,206,207,208,209,210,211,212,213,214,215,216,217,218,219,220,221,222,223,224,225,226,227,228,229,230,231,232,233,234,235,236,237,238,239,240,241,242,243,244,245,246,247,248,249,250,251,252,253,254,255,0,1,2,3,4,5,6,7,8,9,10,11,12,13,14,15,16,17,18,19,20,21,22,23,24,25,26,27,28,29,30,31]
CFO=8288.058897406123,STO=4
EsN0dB=19.99,GRXdB=40,N0=9.999999747378752e-05
packet_number=10,correct=True,payload=[0,1,2,3,4,5,6,7,8,9,10,11,12,13,14,15,16,17,18,19,20,21,22,23,24,25,26,27,28,29,30,31,32,33,34,35,36,37,38,39,40,41,42,43,44,45,46,47,48,49,50,51,52,53,54,55,56,57,58,59,60,61,62,63,64,65,66,67,68,69,70,71,72,73,74,75,76,77,78,79,80,81,82,83,84,85,86,87,88,89,90,91,92,93,94,95,96,97,98,99,100,101,102,103,104,105,106,107,108,109,110,111,112,113,114,115,116,117,118,119,120,121,122,123,124,125,126,127,128,129,130,131,132,133,134,135,136,137,138,139,140,141,142,143,144,145,146,147,148,149,150,151,152,153,154,155,156,157,158,159,160,161,162,163,164,165,166,167,168,169,170,171,172,173,174,175,176,177,178,179,180,181,182,183,184,185,186,187,188,189,190,191,192,193,194,195,196,197,198,199,200,201,202,203,204,205,206,207,208,209,210,211,212,213,214,215,216,217,218,219,220,221,222,223,224,225,226,227,228,229,230,231,232,233,234,235,236,237,238,239,240,241,242,243,244,245,246,247,248,249,250,251,252,253,254,255,0,1,2,3,4,5,6,7,8,9,10,11,12,13,14,15,16,17,18,19,20,21,22,23,24,25,26,27,28,29,30,31,32,33,34,35,36,37,38,39,40,41,42,43,44,45,46,47,48,49,50,51,52,53,54,55,56,57,58,59,60,61,62,63,64,65,66,67,68,69,70,71,72,73,74,75,76,77,78,79,80,81,82,83,84,85,86,87,88,89,90,91,92,93,94,95,96,97,98,99,100,101,102,103,104,105,106,107,108,109,110,111,112,113,114,115,116,117,118,119,120,121,122,123,124,125,126,127,128,129,130,131,132,133,134,135,136,137,138,139,140,141,142,143,144,145,146,147,148,149,150,151,152,153,154,155,156,157,158,159,160,161,162,163,164,165,166,167,168,169,170,171,172,173,174,175,176,177,178,179,180,181,182,183,184,185,186,187,188,189,190,191,192,193,194,195,196,197,198,199,200,201,202,203,204,205,206,207,208,209,210,211,212,213,214,215,216,217,218,219,220,221,222,223,224,225,226,227,228,229,230,231,232,233,234,235,236,237,238,239,240,241,242,243,244,245,246,247,248,249,250,251,252,253,254,255,0,1,2,3,4,5,6,7,8,9,10,11,12,13,14,15,16,17,18,19,20,21,22,23,24,25,26,27,28,29,30,31,32,33,34,35,36,37,38,39,40,41,42,43,44,45,46,47,48,49,50,51,52,53,54,55,56,57,58,59,60,61,62,63,64,65,66,67,68,69,70,71,72,73,74,75,76,77,78,79,80,81,82,83,84,85,86,87,88,89,90,91,92,93,94,95,96,97,98,99,100,101,102,103,104,105,106,107,108,109,110,111,112,113,114,115,116,117,118,119,120,121,122,123,124,125,126,127,128,129,130,131,132,133,134,135,136,137,138,139,140,141,142,143,144,145,146,147,148,149,150,151,152,153,154,155,156,157,158,159,160,161,162,163,164,165,166,167,168,169,170,171,172,173,174,175,176,177,178,179,180,181,182,183,184,185,186,187,188,189,190,191,192,193,194,195,196,197,198,199,200,201,202,203,204,205,206,207,208,209,210,211,212,213,214,215,216,217,218,219,220,221,222,223,224,225,226,227,228,229,230,231,232,233,234,235,236,237,238,239,240,241,242,243,244,245,246,247,248,249,250,251,252,253,254,255,0,1,2,3,4,5,6,7,8,9,10,11,12,13,14,15,16,17,18,19,20,21,22,23,24,25,26,27,28,29,30,31]
CFO=7966.064807184027,STO=6
EsN0dB=18.92,GRXdB=40,N0=0.0001258925476577133
packet_number=11,correct=False,payload=[0,1,2,3,4,5,6,7,8,9,10,11,12,13,14,15,16,17,18,19,20,21,22,23,24,25,26,27,28,29,30,31,32,33,34,35,36,37,38,39,40,41,42,43,44,45,46,47,48,49,50,51,52,53,54,55,56,57,58,59,60,61,62,63,64,65,66,67,68,69,70,71,72,73,74,75,76,77,78,79,80,81,82,83,84,85,86,87,88,89,90,91,92,93,94,95,96,97,98,99,100,101,102,103,104,105,106,107,108,109,110,111,112,113,114,115,116,117,118,119,120,121,122,123,124,125,126,127,128,129,130,131,132,133,134,135,136,137,138,139,140,141,142,143,144,145,146,147,148,149,150,151,152,153,154,155,156,157,158,159,160,161,162,163,164,165,166,167,168,169,170,171,172,173,174,175,176,177,178,179,180,181,182,183,184,185,186,187,188,189,190,191,192,193,194,195,196,197,198,199,200,201,202,203,204,205,206,207,208,209,210,211,212,213,214,215,216,217,218,219,220,221,222,223,224,225,226,227,228,229,230,231,232,233,234,235,236,237,238,239,240,241,242,243,244,245,246,247,248,249,250,251,252,253,254,255,0,1,2,3,4,5,6,7,8,9,10,11,12,13,14,15,16,17,18,19,20,21,22,23,24,25,26,27,28,29,30,31,32,33,34,35,36,37,38,39,40,41,42,43,44,45,46,47,48,49,50,51,52,53,54,55,56,57,58,59,60,61,62,63,64,65,66,67,68,69,70,71,72,73,74,75,76,77,78,79,80,81,82,83,84,85,86,87,88,217,90,91,92,93,94,95,96,97,98,99,100,101,102,103,104,105,106,107,108,109,110,111,112,113,114,115,116,117,118,119,120,121,122,123,124,125,126,127,128,129,130,131,132,133,134,135,136,137,138,139,140,141,142,143,144,145,146,147,148,149,150,151,152,153,154,155,156,157,158,159,160,161,162,163,164,165,166,167,168,169,170,171,172,173,174,175,176,177,178,179,180,181,182,183,184,185,186,187,188,189,190,191,192,193,194,195,196,197,198,199,200,201,202,203,204,205,206,207,208,209,210,211,208,213,214,215,216,217,218,219,220,221,222,223,224,227,226,227,228,229,230,231,232,233,234,235,236,237,238,239,240,241,242,243,244,245,244,247,248,249,250,251,252,253,254,255,0,1,2,3,4,5,6,7,8,9,10,11,12,13,14,15,16,17,18,19,20,21,22,23,24,25,26,27,28,29,62,31,32,33,34,35,36,37,6,39,40,41,42,43,44,45,46,47,48,49,50,51,52,53,54,55,56,57,58,59,60,61,62,63,64,65,66,67,68,69,70,70,72,73,74,67,76,77,78,15,80,81,82,83,80,85,86,87,88,89,90,91,92,93,94,223,96,97,98,99,100,101,102,103,104,105,110,107,108,109,110,111,112,113,114,115,116,117,118,119,120,121,122,123,124,121,126,127,128,129,130,131,132,133,134,135,136,137,138,139,140,141,142,143,144,145,146,147,148,149,150,151,152,153,154,155,156,157,158,159,160,161,162,163,164,165,166,167,168,169,170,171,172,173,174,175,176,177,178,179,180,181,182,183,184,185,186,187,188,189,190,191,192,193,194,195,196,197,198,199,200,201,202,203,204,205,206,207,208,209,210,211,212,213,214,215,216,217,218,219,220,221,222,223,224,225,226,227,228,229,230,231,232,233,234,251,236,237,238,239,240,241,242,243,244,245,246,247,248,249,250,251,252,253,254,255,0,1,2,3,4,5,6,7,8,9,10,15,12,12,14,15,16,17,18,19,20,21,22,23,24,25,26,27,28,29,30,31]
CFO=7736.089966236236,STO=3
EsN0dB=18.94,GRXdB=40,N0=0.0001258925476577133
packet_number=12,correct=True,payload=[0,1,2,3,4,5,6,7,8,9,10,11,12,13,14,15,16,17,18,19,20,21,22,23,24,25,26,27,28,29,30,31,32,33,34,35,36,37,38,39,40,41,42,43,44,45,46,47,48,49,50,51,52,53,54,55,56,57,58,59,60,61,62,63,64,65,66,67,68,69,70,71,72,73,74,75,76,77,78,79,80,81,82,83,84,85,86,87,88,89,90,91,92,93,94,95,96,97,98,99,100,101,102,103,104,105,106,107,108,109,110,111,112,113,114,115,116,117,118,119,120,121,122,123,124,125,126,127,128,129,130,131,132,133,134,135,136,137,138,139,140,141,142,143,144,145,146,147,148,149,150,151,152,153,154,155,156,157,158,159,160,161,162,163,164,165,166,167,168,169,170,171,172,173,174,175,176,177,178,179,180,181,182,183,184,185,186,187,188,189,190,191,192,193,194,195,196,197,198,199,200,201,202,203,204,205,206,207,208,209,210,211,212,213,214,215,216,217,218,219,220,221,222,223,224,225,226,227,228,229,230,231,232,233,234,235,236,237,238,239,240,241,242,243,244,245,246,247,248,249,250,251,252,253,254,255,0,1,2,3,4,5,6,7,8,9,10,11,12,13,14,15,16,17,18,19,20,21,22,23,24,25,26,27,28,29,30,31,32,33,34,35,36,37,38,39,40,41,42,43,44,45,46,47,48,49,50,51,52,53,54,55,56,57,58,59,60,61,62,63,64,65,66,67,68,69,70,71,72,73,74,75,76,77,78,79,80,81,82,83,84,85,86,87,88,89,90,91,92,93,94,95,96,97,98,99,100,101,102,103,104,105,106,107,108,109,110,111,112,113,114,115,116,117,118,119,120,121,122,123,124,125,126,127,128,129,130,131,132,133,134,135,136,137,138,139,140,141,142,143,144,145,146,147,148,149,150,151,152,153,154,155,156,157,158,159,160,161,162,163,164,165,166,167,168,169,170,171,172,173,174,175,176,177,178,179,180,181,182,183,184,185,186,187,188,189,190,191,192,193,194,195,196,197,198,199,200,201,202,203,204,205,206,207,208,209,210,211,212,213,214,215,216,217,218,219,220,221,222,223,224,225,226,227,228,229,230,231,232,233,234,235,236,237,238,239,240,241,242,243,244,245,246,247,248,249,250,251,252,253,254,255,0,1,2,3,4,5,6,7,8,9,10,11,12,13,14,15,16,17,18,19,20,21,22,23,24,25,26,27,28,29,30,31,32,33,34,35,36,37,38,39,40,41,42,43,44,45,46,47,48,49,50,51,52,53,54,55,56,57,58,59,60,61,62,63,64,65,66,67,68,69,70,71,72,73,74,75,76,77,78,79,80,81,82,83,84,85,86,87,88,89,90,91,92,93,94,95,96,97,98,99,100,101,102,103,104,105,106,107,108,109,110,111,112,113,114,115,116,117,118,119,120,121,122,123,124,125,126,127,128,129,130,131,132,133,134,135,136,137,138,139,140,141,142,143,144,145,146,147,148,149,150,151,152,153,154,155,156,157,158,159,160,161,162,163,164,165,166,167,168,169,170,171,172,173,174,175,176,177,178,179,180,181,182,183,184,185,186,187,188,189,190,191,192,193,194,195,196,197,198,199,200,201,202,203,204,205,206,207,208,209,210,211,212,213,214,215,216,217,218,219,220,221,222,223,224,225,226,227,228,229,230,231,232,233,234,235,236,237,238,239,240,241,242,243,244,245,246,247,248,249,250,251,252,253,254,255,0,1,2,3,4,5,6,7,8,9,10,11,12,13,14,15,16,17,18,19,20,21,22,23,24,25,26,27,28,29,30,31]
CFO=8223.369416867024,STO=6
EsN0dB=19.01,GRXdB=40,N0=0.0001258925476577133
packet_number=13,correct=True,payload=[0,1,2,3,4,5,6,7,8,9,10,11,12,13,14,15,16,17,18,19,20,21,22,23,24,25,26,27,28,29,30,31,32,33,34,35,36,37,38,39,40,41,42,43,44,45,46,47,48,49,50,51,52,53,54,55,56,57,58,59,60,61,62,63,64,65,66,67,68,69,70,71,72,73,74,75,76,77,78,79,80,81,82,83,84,85,86,87,88,89,90,91,92,93,94,95,96,97,98,99,100,101,102,103,104,105,106,107,108,109,110,111,112,113,114,115,116,117,118,119,120,121,122,123,124,125,126,127,128,129,130,131,132,133,134,135,136,137,138,139,140,141,142,143,144,145,146,147,148,149,150,151,152,153,154,155,156,157,158,159,160,161,162,163,164,165,166,167,168,169,170,171,172,173,174,175,176,177,178,179,180,181,182,183,184,185,186,187,188,189,190,191,192,193,194,195,196,197,198,199,200,201,202,203,204,205,206,207,208,209,210,211,212,213,214,215,216,217,218,219,220,221,222,223,224,225,226,227,228,229,230,231,232,233,234,235,236,237,238,239,240,241,242,243,244,245,246,247,248,249,250,251,252,253,254,255,0,1,2,3,4,5,6,7,8,9,10,11,12,13,14,15,16,17,18,19,20,21,22,23,24,25,26,27,28,29,30,31,32,33,34,35,36,37,38,39,40,41,42,43,44,45,46,47,48,49,50,51,52,53,54,55,56,57,58,59,60,61,62,63,64,65,66,67,68,69,70,71,72,73,74,75,76,77,78,79,80,81,82,83,84,85,86,87,88,89,90,91,92,93,94,95,96,97,98,99,100,101,102,103,104,105,106,107,108,109,110,111,112,113,114,115,116,117,118,119,120,121,122,123,124,125,126,127,128,129,130,131,132,133,134,135,136,137,138,139,140,141,142,143,144,145,146,147,148,149,150,151,152,153,154,155,156,157,158,159,160,161,162,163,164,165,166,167,168,169,170,171,172,173,174,175,176,177,178,179,180,181,182,183,184,185,186,187,188,189,190,191,192,193,194,195,196,197,198,199,200,201,202,203,204,205,206,207,208,209,210,211,212,213,214,215,216,217,218,219,220,221,222,223,224,225,226,227,228,229,230,231,232,233,234,235,236,237,238,239,240,241,242,243,244,245,246,247,248,249,250,251,252,253,254,255,0,1,2,3,4,5,6,7,8,9,10,11,12,13,14,15,16,17,18,19,20,21,22,23,24,25,26,27,28,29,30,31,32,33,34,35,36,37,38,39,40,41,42,43,44,45,46,47,48,49,50,51,52,53,54,55,56,57,58,59,60,61,62,63,64,65,66,67,68,69,70,71,72,73,74,75,76,77,78,79,80,81,82,83,84,85,86,87,88,89,90,91,92,93,94,95,96,97,98,99,100,101,102,103,104,105,106,107,108,109,110,111,112,113,114,115,116,117,118,119,120,121,122,123,124,125,126,127,128,129,130,131,132,133,134,135,136,137,138,139,140,141,142,143,144,145,146,147,148,149,150,151,152,153,154,155,156,157,158,159,160,161,162,163,164,165,166,167,168,169,170,171,172,173,174,175,176,177,178,179,180,181,182,183,184,185,186,187,188,189,190,191,192,193,194,195,196,197,198,199,200,201,202,203,204,205,206,207,208,209,210,211,212,213,214,215,216,217,218,219,220,221,222,223,224,225,226,227,228,229,230,231,232,233,234,235,236,237,238,239,240,241,242,243,244,245,246,247,248,249,250,251,252,253,254,255,0,1,2,3,4,5,6,7,8,9,10,11,12,13,14,15,16,17,18,19,20,21,22,23,24,25,26,27,28,29,30,31]
CFO=7907.811356981589,STO=6
EsN0dB=19.02,GRXdB=40,N0=0.0001258925476577133
packet_number=14,correct=False,payload=[0,1,2,3,4,5,6,7,8,9,10,11,12,13,14,15,16,17,18,19,20,21,22,23,24,25,26,27,28,29,30,31,32,33,34,35,36,37,38,39,40,41,42,43,44,45,46,47,48,49,50,51,52,53,54,55,56,57,58,59,60,61,62,63,64,65,66,67,68,69,70,71,72,73,74,75,76,77,78,79,80,81,82,83,84,85,86,87,88,89,90,91,92,93,94,95,96,97,98,99,100,101,102,103,104,105,106,107,108,109,110,111,112,113,114,115,116,117,118,119,120,121,122,123,124,125,126,127,128,129,130,131,132,133,134,135,136,137,138,139,140,141,142,143,144,145,146,147,148,149,150,151,152,153,154,155,156,157,158,159,160,161,163,163,164,165,166,167,168,169,170,171,172,173,174,47,176,177,178,179,164,181,182,183,184,185,186,187,188,189,190,191,192,193,194,195,196,197,198,199,200,201,202,203,204,205,206,207,208,209,210,211,212,213,214,215,216,217,218,219,220,221,222,223,224,225,226,227,228,229,230,231,232,233,234,235,236,237,238,239,240,241,242,243,244,245,246,247,248,249,250,251,252,253,254,255,0,1,2,3,4,5,6,7,8,9,10,11,12,13,14,15,16,17,18,19,20,21,22,23,24,25,26,27,28,61,30,31,32,33,34,35,36,37,38,39,40,41,42,43,44,45,46,47,48,49,50,51,52,53,54,55,56,57,58,59,60,61,62,63,64,65,66,67,68,69,70,71,72,73,74,203,76,77,78,79,80,81,82,83,84,85,86,87,88,89,90,91,92,93,94,95,96,97,98,99,100,101,102,103,104,105,106,107,108,109,110,127,112,113,114,115,116,117,118,119,120,121,122,123,124,125,126,127,128,129,130,131,132,133,134,135,136,137,138,139,140,141,142,143,144,145,146,147,148,149,150,151,152,153,154,155,156,157,158,159,160,129,162,163,164,165,166,167,168,169,170,171,172,173,174,175,48,177,178,179,180,181,182,183,184,185,186,187,188,185,190,191,192,193,194,195,196,197,198,199,200,201,202,203,204,205,206,207,208,209,210,211,212,213,214,215,216,217,218,219,216,221,222,223,224,225,226,227,229,229,230,231,232,233,234,235,236,237,238,239,240,241,242,243,244,245,246,247,248,249,250,251,252,253,254,255,0,1,2,3,4,5,6,7,8,9,10,11,12,12,14,15,16,17,18,19,20,21,22,23,24,25,26,27,28,29,30,31,32,33,34,35,36,37,38,39,40,41,42,11,44,45,46,47,48,49,50,51,52,53,54,55,56,57,56,59,60,61,62,63,64,65,66,67,68,69,70,7,72,65,74,75,76,205,78,78,80,81,18,83,84,85,22,87,88,89,90,91,88,93,94,95,96,97,98,99,100,101,102,103,104,105,106,107,108,109,110,111,112,113,114,115,116,113,118,119,120,121,122,123,124,125,126,127,129,129,130,131,132,133,134,135,128,137,138,139,140,141,142,143,145,145,146,147,148,149,150,151,152,153,154,155,156,157,158,159,160,161,162,163,164,161,166,167,168,169,170,171,172,173,174,175,176,177,162,179,180,181,182,183,176,185,186,187,184,189,190,191,192,193,194,195,196,197,198,199,200,201,202,139,204,205,206,207,208,209,208,211,208,213,214,215,216,153,218,219,220,221,222,223,224,225,226,227,228,229,230,231,232,235,234,235,236,237,254,239,240,241,242,243,244,245,246,247,248,249,250,251,252,253,254,255,0,1,2,3,4,5,6,7,8,9,10,11,12,13,14,15,16,17,18,23,20,21,22,23,24,25,18,27,28,29,30,31]
CFO=7685.35351867035,STO=2
EsN0dB=18.99,GRXdB=40,N0=0.0001258925476577133
packet_number=15,correct=True,payload=[0,1,2,3,4,5,6,7,8,9,10,11,12,13,14,15,16,17,18,19,20,21,22,23,24,25,26,27,28,29,30,31,32,33,34,35,36,37,38,39,40,41,42,43,44,45,46,47,48,49,50,51,52,53,54,55,56,57,58,59,60,61,62,63,64,65,66,67,68,69,70,71,72,73,74,75,76,77,78,79,80,81,82,83,84,85,86,87,88,89,90,91,92,93,94,95,96,97,98,99,100,101,102,103,104,105,106,107,108,109,110,111,112,113,114,115,116,117,118,119,120,121,122,123,124,125,126,127,128,129,130,131,132,133,134,135,136,137,138,139,140,141,142,143,144,145,146,147,148,149,150,151,152,153,154,155,156,157,158,159,160,161,162,163,164,165,166,167,168,169,170,171,172,173,174,175,176,177,178,179,180,181,182,183,184,185,186,187,188,189,190,191,192,193,194,195,196,197,198,199,200,201,202,203,204,205,206,207,208,209,210,211,212,213,214,215,216,217,218,219,220,221,222,223,224,225,226,227,228,229,230,231,232,233,234,235,236,237,238,239,240,241,242,243,244,245,246,247,248,249,250,251,252,253,254,255,0,1,2,3,4,5,6,7,8,9,10,11,12,13,14,15,16,17,18,19,20,21,22,23,24,25,26,27,28,29,30,31,32,33,34,35,36,37,38,39,40,41,42,43,44,45,46,47,48,49,50,51,52,53,54,55,56,57,58,59,60,61,62,63,64,65,66,67,68,69,70,71,72,73,74,75,76,77,78,79,80,81,82,83,84,85,86,87,88,89,90,91,92,93,94,95,96,97,98,99,100,101,102,103,104,105,106,107,108,109,110,111,112,113,114,115,116,117,118,119,120,121,122,123,124,125,126,127,128,129,130,131,132,133,134,135,136,137,138,139,140,141,142,143,144,145,146,147,148,149,150,151,152,153,154,155,156,157,158,159,160,161,162,163,164,165,166,167,168,169,170,171,172,173,174,175,176,177,178,179,180,181,182,183,184,185,186,187,188,189,190,191,192,193,194,195,196,197,198,199,200,201,202,203,204,205,206,207,208,209,210,211,212,213,214,215,216,217,218,219,220,221,222,223,224,225,226,227,228,229,230,231,232,233,234,235,236,237,238,239,240,241,242,243,244,245,246,247,248,249,250,251,252,253,254,255,0,1,2,3,4,5,6,7,8,9,10,11,12,13,14,15,16,17,18,19,20,21,22,23,24,25,26,27,28,29,30,31,32,33,34,35,36,37,38,39,40,41,42,43,44,45,46,47,48,49,50,51,52,53,54,55,56,57,58,59,60,61,62,63,64,65,66,67,68,69,70,71,72,73,74,75,76,77,78,79,80,81,82,83,84,85,86,87,88,89,90,91,92,93,94,95,96,97,98,99,100,101,102,103,104,105,106,107,108,109,110,111,112,113,114,115,116,117,118,119,120,121,122,123,124,125,126,127,128,129,130,131,132,133,134,135,136,137,138,139,140,141,142,143,144,145,146,147,148,149,150,151,152,153,154,155,156,157,158,159,160,161,162,163,164,165,166,167,168,169,170,171,172,173,174,175,176,177,178,179,180,181,182,183,184,185,186,187,188,189,190,191,192,193,194,195,196,197,198,199,200,201,202,203,204,205,206,207,208,209,210,211,212,213,214,215,216,217,218,219,220,221,222,223,224,225,226,227,228,229,230,231,232,233,234,235,236,237,238,239,240,241,242,243,244,245,246,247,248,249,250,251,252,253,254,255,0,1,2,3,4,5,6,7,8,9,10,11,12,13,14,15,16,17,18,19,20,21,22,23,24,25,26,27,28,29,30,31]
CFO=7649.2602377750645,STO=6
EsN0dB=19.11,GRXdB=40,N0=0.0001258925476577133
packet_number=16,correct=True,payload=[0,1,2,3,4,5,6,7,8,9,10,11,12,13,14,15,16,17,18,19,20,21,22,23,24,25,26,27,28,29,30,31,32,33,34,35,36,37,38,39,40,41,42,43,44,45,46,47,48,49,50,51,52,53,54,55,56,57,58,59,60,61,62,63,64,65,66,67,68,69,70,71,72,73,74,75,76,77,78,79,80,81,82,83,84,85,86,87,88,89,90,91,92,93,94,95,96,97,98,99,100,101,102,103,104,105,106,107,108,109,110,111,112,113,114,115,116,117,118,119,120,121,122,123,124,125,126,127,128,129,130,131,132,133,134,135,136,137,138,139,140,141,142,143,144,145,146,147,148,149,150,151,152,153,154,155,156,157,158,159,160,161,162,163,164,165,166,167,168,169,170,171,172,173,174,175,176,177,178,179,180,181,182,183,184,185,186,187,188,189,190,191,192,193,194,195,196,197,198,199,200,201,202,203,204,205,206,207,208,209,210,211,212,213,214,215,216,217,218,219,220,221,222,223,224,225,226,227,228,229,230,231,232,233,234,235,236,237,238,239,240,241,242,243,244,245,246,247,248,249,250,251,252,253,254,255,0,1,2,3,4,5,6,7,8,9,10,11,12,13,14,15,16,17,18,19,20,21,22,23,24,25,26,27,28,29,30,31,32,33,34,35,36,37,38,39,40,41,42,43,44,45,46,47,48,49,50,51,52,53,54,55,56,57,58,59,60,61,62,63,64,65,66,67,68,69,70,71,72,73,74,75,76,77,78,79,80,81,82,83,84,85,86,87,88,89,90,91,92,93,94,95,96,97,98,99,100,101,102,103,104,105,106,107,108,109,110,111,112,113,114,115,116,117,118,119,120,121,122,123,124,125,126,127,128,129,130,131,132,133,134,135,136,137,138,139,140,141,142,143,144,145,146,147,148,149,150,151,152,153,154,155,156,157,158,159,160,161,162,163,164,165,166,167,168,169,170,171,172,173,174,175,176,177,178,179,180,181,182,183,184,185,186,187,188,189,190,191,192,193,194,195,196,197,198,199,200,201,202,203,204,205,206,207,208,209,210,211,212,213,214,215,216,217,218,219,220,221,222,223,224,225,226,227,228,229,230,231,232,233,234,235,236,237,238,239,240,241,242,243,244,245,246,247,248,249,250,251,252,253,254,255,0,1,2,3,4,5,6,7,8,9,10,11,12,13,14,15,16,17,18,19,20,21,22,23,24,25,26,27,28,29,30,31,32,33,34,35,36,37,38,39,40,41,42,43,44,45,46,47,48,49,50,51,52,53,54,55,56,57,58,59,60,61,62,63,64,65,66,67,68,69,70,71,72,73,74,75,76,77,78,79,80,81,82,83,84,85,86,87,88,89,90,91,92,93,94,95,96,97,98,99,100,101,102,103,104,105,106,107,108,109,110,111,112,113,114,115,116,117,118,119,120,121,122,123,124,125,126,127,128,129,130,131,132,133,134,135,136,137,138,139,140,141,142,143,144,145,146,147,148,149,150,151,152,153,154,155,156,157,158,159,160,161,162,163,164,165,166,167,168,169,170,171,172,173,174,175,176,177,178,179,180,181,182,183,184,185,186,187,188,189,190,191,192,193,194,195,196,197,198,199,200,201,202,203,204,205,206,207,208,209,210,211,212,213,214,215,216,217,218,219,220,221,222,223,224,225,226,227,228,229,230,231,232,233,234,235,236,237,238,239,240,241,242,243,244,245,246,247,248,249,250,251,252,253,254,255,0,1,2,3,4,5,6,7,8,9,10,11,12,13,14,15,16,17,18,19,20,21,22,23,24,25,26,27,28,29,30,31]
CFO=8589.597519701414,STO=3
EsN0dB=18.95,GRXdB=40,N0=0.0001258925476577133
packet_number=17,correct=True,payload=[0,1,2,3,4,5,6,7,8,9,10,11,12,13,14,15,16,17,18,19,20,21,22,23,24,25,26,27,28,29,30,31,32,33,34,35,36,37,38,39,40,41,42,43,44,45,46,47,48,49,50,51,52,53,54,55,56,57,58,59,60,61,62,63,64,65,66,67,68,69,70,71,72,73,74,75,76,77,78,79,80,81,82,83,84,85,86,87,88,89,90,91,92,93,94,95,96,97,98,99,100,101,102,103,104,105,106,107,108,109,110,111,112,113,114,115,116,117,118,119,120,121,122,123,124,125,126,127,128,129,130,131,132,133,134,135,136,137,138,139,140,141,142,143,144,145,146,147,148,149,150,151,152,153,154,155,156,157,158,159,160,161,162,163,164,165,166,167,168,169,170,171,172,173,174,175,176,177,178,179,180,181,182,183,184,185,186,187,188,189,190,191,192,193,194,195,196,197,198,199,200,201,202,203,204,205,206,207,208,209,210,211,212,213,214,215,216,217,218,219,220,221,222,223,224,225,226,227,228,229,230,231,232,233,234,235,236,237,238,239,240,241,242,243,244,245,246,247,248,249,250,251,252,253,254,255,0,1,2,3,4,5,6,7,8,9,10,11,12,13,14,15,16,17,18,19,20,21,22,23,24,25,26,27,28,29,30,31,32,33,34,35,36,37,38,39,40,41,42,43,44,45,46,47,48,49,50,51,52,53,54,55,56,57,58,59,60,61,62,63,64,65,66,67,68,69,70,71,72,73,74,75,76,77,78,79,80,81,82,83,84,85,86,87,88,89,90,91,92,93,94,95,96,97,98,99,100,101,102,103,104,105,106,107,108,109,110,111,112,113,114,115,116,117,118,119,120,121,122,123,124,125,126,127,128,129,130,131,132,133,134,135,136,137,138,139,140,141,142,143,144,145,146,147,148,149,150,151,152,153,154,155,156,157,158,159,160,161,162,163,164,165,166,167,168,169,170,171,172,173,174,175,176,177,178,179,180,181,182,183,184,185,186,187,188,189,190,191,192,193,194,195,196,197,198,199,200,201,202,203,204,205,206,207,208,209,210,211,212,213,214,215,216,217,218,219,220,221,222,223,224,225,226,227,228,229,230,231,232,233,234,235,236,237,238,239,240,241,242,243,244,245,246,247,248,249,250,251,252,253,254,255,0,1,2,3,4,5,6,7,8,9,10,11,12,13,14,15,16,17,18,19,20,21,22,23,24,25,26,27,28,29,30,31,32,33,34,35,36,37,38,39,40,41,42,43,44,45,46,47,48,49,50,51,52,53,54,55,56,57,58,59,60,61,62,63,64,65,66,67,68,69,70,71,72,73,74,75,76,77,78,79,80,81,82,83,84,85,86,87,88,89,90,91,92,93,94,95,96,97,98,99,100,101,102,103,104,105,106,107,108,109,110,111,112,113,114,115,116,117,118,119,120,121,122,123,124,125,126,127,128,129,130,131,132,133,134,135,136,137,138,139,140,141,142,143,144,145,146,147,148,149,150,151,152,153,154,155,156,157,158,159,160,161,162,163,164,165,166,167,168,169,170,171,172,173,174,175,176,177,178,179,180,181,182,183,184,185,186,187,188,189,190,191,192,193,194,195,196,197,198,199,200,201,202,203,204,205,206,207,208,209,210,211,212,213,214,215,216,217,218,219,220,221,222,223,224,225,226,227,228,229,230,231,232,233,234,235,236,237,238,239,240,241,242,243,244,245,246,247,248,249,250,251,252,253,254,255,0,1,2,3,4,5,6,7,8,9,10,11,12,13,14,15,16,17,18,19,20,21,22,23,24,25,26,27,28,29,30,31]
CFO=-804.3588877219748,STO=4
EsN0dB=nan,GRXdB=40,N0=0.0001258925476577133
packet_number=18,correct=False,payload=[100,214,198,86,60,248,24,43,65,137,253,75,114,172,238,57,182,98,90,189,224,215,208,17,89,131,206,172,27,74,231,157,72,84,96,221,122,55,107,69,117,141,62,221,135,60,121,68,233,226,109,152,225,144,159,95,12,37,207,56,214,134,252,211,153,58,77,194,115,154,90,86,8,30,26,90,117,142,126,18,95,128,132,49,159,96,223,15,75,211,119,190,86,175,221,108,184,129,157,157,198,96,42,189,181,164,85,43,191,2,45,138,97,160,19,171,55,97,206,208,175,224,23,194,249,100,111,184,224,243,21,177,54,224,151,190,194,139,7,180,127,58,101,15,43,186,200,68,192,223,116,224,222,123,130,143,29,179,71,4,14,231,75,162,43,211,247,137,227,40,132,136,35,247,207,122,106,219,208,50,169,163,163,45,188,118,12,168,181,25,54,142,140,65,21,173,23,205,246,228,191,182,37,186,33,127,121,217,7,100,218,235,121,95,243,119,238,195,103,178,44,205,31,40,249,89,1,40,214,178,98,204,33,41,215,57,195,224,74,240,226,224,139,148,100,241,165,239,200,104,235,70,57,139,218,137,165,229,7,120,10,231,124,248,75,21,120,184,25,116,51,61,187,228,241,160,78,97,210,3,11,166,60,162,115,145,45,132,126,100,92,23,2,35,71,7,195,214,236,40,115,239,157,118,6,254,126,215,17,253,184,96,244,202,24,189,98,36,241,80,212,245,95,113,188,130,107,191,244,49,35,20,113,15,4,190,135,103,196,252,86,210,131,29,144,170,211,96,124,208,191,4,27,221,81,105,19,5,60,67,146,250,245,237,199,231,148,173,116,225,34,122,99,27,19,106,105,101,42,40,17,221,129,36,240,56,192,248,151,159,1,78,204,92,223,61,2,69,87,245,15,195,194,42,184,60,66,64,96,83,91,169,84,167,59,74,85,131,45,2,154,146,137,234,244,47,103,103,246,43,227,49,188,193,95,254,255,177,212,223,218,64,55,61,112,246,64,65,66,13,112,43,201,14,141,154,73,12,246,218,86,222,126,61,64,233,29,33,214,217,211,169,142,15,184,248,123,3,247,183,55,83,146,247,166,93,160,123,206,155,43,237,15,147,196,23,194,172,212,26,152,38,117,183,50,118,27,128,245,237,144,122,179,186,79,157,120,153,220,134,240,136,240,171,175,201,35,62,166,181,129,190,183,162,198,26,95,110,23,166,97,98,106,134,112,244,113,199,77,245,38,50,63,182,3,43,224,184,200,188,228,120,249,22,184,28,201,164,54,46,76,145,208,92,132,62,46,143,220,10,180,236,71,205,90,223,245,205,138,74,136,250,17,37,66,253,141,160,73,20,24,88,170,230,188,143,2,5,232,225,8,166,204,76,221,70,187,135,226,178,207,216,236,92,123,144,139,96,25,118,215,159,238,204,168,177,24,100,53,117,105,140,245,188,246,166,251,249,249,122,183,123,242,241,159,25,55,138,64,8,39,103,11,90,165,241,240,152,105,158,4,250,136,167,182,102,173,93,93,222,152,176,239,233,156,125,189,84,249,146,74,42,198,207,146,93,191,72,46,166,218,14,237,177,113,52,132,154,137,212,230,132,125,102,62,111,65,136,105,140,227,104,138,82,176,55,48,116,253,97,26,143,212,216,213,240,41,33,229,173,132,91,23,49,175,177,219,148,23,244,146,241,136,208,249,117,225,15,65,219,10,221,56,189,95,230,63,175,217,82,90,161,63,205,249,86,174,249,112,200,21,89,157,219,207,235,205,54,10,219,144,57,5,167,223,157,86,195,98,141]
CFO=7599.526974243524,STO=1
EsN0dB=19.05,GRXdB=40,N0=0.0001258925476577133
packet_number=19,correct=True,payload=[0,1,2,3,4,5,6,7,8,9,10,11,12,13,14,15,16,17,18,19,20,21,22,23,24,25,26,27,28,29,30,31,32,33,34,35,36,37,38,39,40,41,42,43,44,45,46,47,48,49,50,51,52,53,54,55,56,57,58,59,60,61,62,63,64,65,66,67,68,69,70,71,72,73,74,75,76,77,78,79,80,81,82,83,84,85,86,87,88,89,90,91,92,93,94,95,96,97,98,99,100,101,102,103,104,105,106,107,108,109,110,111,112,113,114,115,116,117,118,119,120,121,122,123,124,125,126,127,128,129,130,131,132,133,134,135,136,137,138,139,140,141,142,143,144,145,146,147,148,149,150,151,152,153,154,155,156,157,158,159,160,161,162,163,164,165,166,167,168,169,170,171,172,173,174,175,176,177,178,179,180,181,182,183,184,185,186,187,188,189,190,191,192,193,194,195,196,197,198,199,200,201,202,203,204,205,206,207,208,209,210,211,212,213,214,215,216,217,218,219,220,221,222,223,224,225,226,227,228,229,230,231,232,233,234,235,236,237,238,239,240,241,242,243,244,245,246,247,248,249,250,251,252,253,254,255,0,1,2,3,4,5,6,7,8,9,10,11,12,13,14,15,16,17,18,19,20,21,22,23,24,25,26,27,28,29,30,31,32,33,34,35,36,37,38,39,40,41,42,43,44,45,46,47,48,49,50,51,52,53,54,55,56,57,58,59,60,61,62,63,64,65,66,67,68,69,70,71,72,73,74,75,76,77,78,79,80,81,82,83,84,85,86,87,88,89,90,91,92,93,94,95,96,97,98,99,100,101,102,103,104,105,106,107,108,109,110,111,112,113,114,115,116,117,118,119,120,121,122,123,124,125,126,127,128,129,130,131,132,133,134,135,136,137,138,139,140,141,142,143,144,145,146,147,148,149,150,151,152,153,154,155,156,157,158,159,160,161,162,163,164,165,166,167,168,169,170,171,172,173,174,175,176,177,178,179,180,181,182,183,184,185,186,187,188,189,190,191,192,193,194,195,196,197,198,199,200,201,202,203,204,205,206,207,208,209,210,211,212,213,214,215,216,217,218,219,220,221,222,223,224,225,226,227,228,229,230,231,232,233,234,235,236,237,238,239,240,241,242,243,244,245,246,247,248,249,250,251,252,253,254,255,0,1,2,3,4,5,6,7,8,9,10,11,12,13,14,15,16,17,18,19,20,21,22,23,24,25,26,27,28,29,30,31,32,33,34,35,36,37,38,39,40,41,42,43,44,45,46,47,48,49,50,51,52,53,54,55,56,57,58,59,60,61,62,63,64,65,66,67,68,69,70,71,72,73,74,75,76,77,78,79,80,81,82,83,84,85,86,87,88,89,90,91,92,93,94,95,96,97,98,99,100,101,102,103,104,105,106,107,108,109,110,111,112,113,114,115,116,117,118,119,120,121,122,123,124,125,126,127,128,129,130,131,132,133,134,135,136,137,138,139,140,141,142,143,144,145,146,147,148,149,150,151,152,153,154,155,156,157,158,159,160,161,162,163,164,165,166,167,168,169,170,171,172,173,174,175,176,177,178,179,180,181,182,183,184,185,186,187,188,189,190,191,192,193,194,195,196,197,198,199,200,201,202,203,204,205,206,207,208,209,210,211,212,213,214,215,216,217,218,219,220,221,222,223,224,225,226,227,228,229,230,231,232,233,234,235,236,237,238,239,240,241,242,243,244,245,246,247,248,249,250,251,252,253,254,255,0,1,2,3,4,5,6,7,8,9,10,11,12,13,14,15,16,17,18,19,20,21,22,23,24,25,26,27,28,29,30,31]
CFO=10343.402268358514,STO=0
EsN0dB=-11.99,GRXdB=40,N0=0.0001258925476577133
packet_number=20,correct=False,payload=[58,232,22,217,109,165,140,249,6,82,129,148,176,229,143,150,103,67,84,55,79,143,115,149,227,90,167,68,142,34,60,109,117,242,58,81,98,88,2,235,11,81,52,74,51,202,92,30,215,7,33,171,52,221,175,34,146,28,56,231,244,79,44,174,49,127,254,170,137,147,86,235,112,121,86,198,2,18,146,194,132,132,233,140,219,2,100,117,78,89,72,197,63,156,176,170,21,117,113,75,175,222,197,207,195,190,141,111,198,21,76,177,97,15,6,182,13,170,117,188,106,154,8,155,16,232,56,36,206,157,249,108,50,131,2,237,251,200,129,106,187,139,132,0,47,114,89,180,86,85,228,182,38,14,252,3,164,236,119,124,123,239,48,80,240,186,47,208,14,197,173,23,114,74,178,160,139,73,199,138,179,5,132,133,71,169,61,63,42,213,61,176,227,195,21,242,237,185,170,207,39,136,244,37,91,172,224,128,82,207,229,100,36,153,66,178,208,37,13,166,35,181,33,16,149,142,188,208,165,0,240,141,191,122,115,203,100,39,57,193,239,82,237,152,34,236,53,152,250,143,160,124,102,14,105,211,11,150,97,29,5,199,93,206,127,70,98,36,164,187,226,122,92,53,137,66,184,117,48,146,230,18,176,23,65,130,15,180,186,197,139,157,98,212,2,126,240,84,11,16,170,63,58,245,105,106,8,219,88,12,123,8,185,38,204,106,238,208,191,26,100,171,106,12,116,213,125,233,146,146,73,141,54,63,104,11,67,155,69,6,3,48,248,189,20,108,184,241,116,201,157,215,190,28,90,97,79,125,180,235,189,181,249,237,86,145,52,194,156,83,235,124,167,66,150,142,236,82,1,250,207,182,153,48,129,120,5,252,233,209,199,9,146,85,92,211,222,51,29,75,182,106,7,204,17,41,160,177,86,2,23,16,117,176,176,128,1,248,169,101,150,92,35,141,238,61,21,9,234,40,185,194,228,20,174,217,141,128,119,156,176,190,206,59,167,247,106,255,120,216,133,206,15,63,237,19,1,207,238,128,53,61,210,104,137,220,96,94,32,88,31,89,197,220,92,118,99,209,140,40,221,253,58,106,218,9,79,79,154,15,125,5,101,227,49,242,177,85,154,118,220,13,72,196,66,246,134,155,72,185,203,79,124,166,66,209,62,81,180,46,245,195,117,36,140,218,127,224,137,41,60,57,118,25,82,41,26,53,117,32,201,165,199,18,173,17,63,87,90,15,203,254,19,33,104,222,42,75,109,112,121,203,119,136,131,254,215,249,103,15,204,32,232,179,152,197,106,3,65,159,247,90,79,61,189,132,153,239,176,196,154,248,141,69,190,222,252,25,186,14,141,113,238,192,111,29,124,159,236,82,209,157,107,21,146,5,95,93,9,124,41,134,9,121,69,4,151,105,66,78,87,30,103,97,239,205,196,132,134,166,231,99,240,162,185,199,195,136,117,125,215,218,75,248,157,167,27,7,146,95,144,68,120,24,236,96,169,248,148,200,132,230,67,251,137,150,12,204,211,167,207,67,102,48,39,248,4,168,172,38,20,82,164,136,86,247,240,172,200,213,160,43,209,18,170,53,245,103,85,128,57,118,247,98,245,226,39,14,94,64,87,245,239,56,224,81,37,253,180,103,108,191,92,212,165,173,124,152,216,42,131,207,46,4,225,221,27,103,178,47,122,30,64,45,208,6,65,144,243,18,187,46,151,83,116,52,5,108,192,146,9,12,127,227,233,169,232,13,254,121,211,105,78,116,7,31,250,101,225,215,196,46,220,73,38,181,124,107,116,243]
CFO=7609.128133214315,STO=3
EsN0dB=19.00,GRXdB=40,N0=0.0001258925476577133
packet_number=21,correct=True,payload=[0,1,2,3,4,5,6,7,8,9,10,11,12,13,14,15,16,17,18,19,20,21,22,23,24,25,26,27,28,29,30,31,32,33,34,35,36,37,38,39,40,41,42,43,44,45,46,47,48,49,50,51,52,53,54,55,56,57,58,59,60,61,62,63,64,65,66,67,68,69,70,71,72,73,74,75,76,77,78,79,80,81,82,83,84,85,86,87,88,89,90,91,92,93,94,95,96,97,98,99,100,101,102,103,104,105,106,107,108,109,110,111,112,113,114,115,116,117,118,119,120,121,122,123,124,125,126,127,128,129,130,131,132,133,134,135,136,137,138,139,140,141,142,143,144,145,146,147,148,149,150,151,152,153,154,155,156,157,158,159,160,161,162,163,164,165,166,167,168,169,170,171,172,173,174,175,176,177,178,179,180,181,182,183,184,185,186,187,188,189,190,191,192,193,194,195,196,197,198,199,200,201,202,203,204,205,206,207,208,209,210,211,212,213,214,215,216,217,218,219,220,221,222,223,224,225,226,227,228,229,230,231,232,233,234,235,236,237,238,239,240,241,242,243,244,245,246,247,248,249,250,251,252,253,254,255,0,1,2,3,4,5,6,7,8,9,10,11,12,13,14,15,16,17,18,19,20,21,22,23,24,25,26,27,28,29,30,31,32,33,34,35,36,37,38,39,40,41,42,43,44,45,46,47,48,49,50,51,52,53,54,55,56,57,58,59,60,61,62,63,64,65,66,67,68,69,70,71,72,73,74,75,76,77,78,79,80,81,82,83,84,85,86,87,88,89,90,91,92,93,94,95,96,97,98,99,100,101,102,103,104,105,106,107,108,109,110,111,112,113,114,115,116,117,118,119,120,121,122,123,124,125,126,127,128,129,130,131,132,133,134,135,136,137,138,139,140,141,142,143,144,145,146,147,148,149,150,151,152,153,154,155,156,157,158,159,160,161,162,163,164,165,166,167,168,169,170,171,172,173,174,175,176,177,178,179,180,181,182,183,184,185,186,187,188,189,190,191,192,193,194,195,196,197,198,199,200,201,202,203,204,205,206,207,208,209,210,211,212,213,214,215,216,217,218,219,220,221,222,223,224,225,226,227,228,229,230,231,232,233,234,235,236,237,238,239,240,241,242,243,244,245,246,247,248,249,250,251,252,253,254,255,0,1,2,3,4,5,6,7,8,9,10,11,12,13,14,15,16,17,18,19,20,21,22,23,24,25,26,27,28,29,30,31,32,33,34,35,36,37,38,39,40,41,42,43,44,45,46,47,48,49,50,51,52,53,54,55,56,57,58,59,60,61,62,63,64,65,66,67,68,69,70,71,72,73,74,75,76,77,78,79,80,81,82,83,84,85,86,87,88,89,90,91,92,93,94,95,96,97,98,99,100,101,102,103,104,105,106,107,108,109,110,111,112,113,114,115,116,117,118,119,120,121,122,123,124,125,126,127,128,129,130,131,132,133,134,135,136,137,138,139,140,141,142,143,144,145,146,147,148,149,150,151,152,153,154,155,156,157,158,159,160,161,162,163,164,165,166,167,168,169,170,171,172,173,174,175,176,177,178,179,180,181,182,183,184,185,186,187,188,189,190,191,192,193,194,195,196,197,198,199,200,201,202,203,204,205,206,207,208,209,210,211,212,213,214,215,216,217,218,219,220,221,222,223,224,225,226,227,228,229,230,231,232,233,234,235,236,237,238,239,240,241,242,243,244,245,246,247,248,249,250,251,252,253,254,255,0,1,2,3,4,5,6,7,8,9,10,11,12,13,14,15,16,17,18,19,20,21,22,23,24,25,26,27,28,29,30,31]
CFO=7157.759825100947,STO=2
EsN0dB=18.09,GRXdB=40,N0=0.00015848931798245758
packet_number=22,correct=True,payload=[0,1,2,3,4,5,6,7,8,9,10,11,12,13,14,15,16,17,18,19,20,21,22,23,24,25,26,27,28,29,30,31,32,33,34,35,36,37,38,39,40,41,42,43,44,45,46,47,48,49,50,51,52,53,54,55,56,57,58,59,60,61,62,63,64,65,66,67,68,69,70,71,72,73,74,75,76,77,78,79,80,81,82,83,84,85,86,87,88,89,90,91,92,93,94,95,96,97,98,99,100,101,102,103,104,105,106,107,108,109,110,111,112,113,114,115,116,117,118,119,120,121,122,123,124,125,126,127,128,129,130,131,132,133,134,135,136,137,138,139,140,141,142,143,144,145,146,147,148,149,150,151,152,153,154,155,156,157,158,159,160,161,162,163,164,165,166,167,168,169,170,171,172,173,174,175,176,177,178,179,180,181,182,183,184,185,186,187,188,189,190,191,192,193,194,195,196,197,198,199,200,201,202,203,204,205,206,207,208,209,210,211,212,213,214,215,216,217,218,219,220,221,222,223,224,225,226,227,228,229,230,231,232,233,234,235,236,237,238,239,240,241,242,243,244,245,246,247,248,249,250,251,252,253,254,255,0,1,2,3,4,5,6,7,8,9,10,11,12,13,14,15,16,17,18,19,20,21,22,23,24,25,26,27,28,29,30,31,32,33,34,35,36,37,38,39,40,41,42,43,44,45,46,47,48,49,50,51,52,53,54,55,56,57,58,59,60,61,62,63,64,65,66,67,68,69,70,71,72,73,74,75,76,77,78,79,80,81,82,83,84,85,86,87,88,89,90,91,92,93,94,95,96,97,98,99,100,101,102,103,104,105,106,107,108,109,110,111,112,113,114,115,116,117,118,119,120,121,122,123,124,125,126,127,128,129,130,131,132,133,134,135,136,137,138,139,140,141,142,143,144,145,146,147,148,149,150,151,152,153,154,155,156,157,158,159,160,161,162,163,164,165,166,167,168,169,170,171,172,173,174,175,176,177,178,179,180,181,182,183,184,185,186,187,188,189,190,191,192,193,194,195,196,197,198,199,200,201,202,203,204,205,206,207,208,209,210,211,212,213,214,215,216,217,218,219,220,221,222,223,224,225,226,227,228,229,230,231,232,233,234,235,236,237,238,239,240,241,242,243,244,245,246,247,248,249,250,251,252,253,254,255,0,1,2,3,4,5,6,7,8,9,10,11,12,13,14,15,16,17,18,19,20,21,22,23,24,25,26,27,28,29,30,31,32,33,34,35,36,37,38,39,40,41,42,43,44,45,46,47,48,49,50,51,52,53,54,55,56,57,58,59,60,61,62,63,64,65,66,67,68,69,70,71,72,73,74,75,76,77,78,79,80,81,82,83,84,85,86,87,88,89,90,91,92,93,94,95,96,97,98,99,100,101,102,103,104,105,106,107,108,109,110,111,112,113,114,115,116,117,118,119,120,121,122,123,124,125,126,127,128,129,130,131,132,133,134,135,136,137,138,139,140,141,142,143,144,145,146,147,148,149,150,151,152,153,154,155,156,157,158,159,160,161,162,163,164,165,166,167,168,169,170,171,172,173,174,175,176,177,178,179,180,181,182,183,184,185,186,187,188,189,190,191,192,193,194,195,196,197,198,199,200,201,202,203,204,205,206,207,208,209,210,211,212,213,214,215,216,217,218,219,220,221,222,223,224,225,226,227,228,229,230,231,232,233,234,235,236,237,238,239,240,241,242,243,244,245,246,247,248,249,250,251,252,253,254,255,0,1,2,3,4,5,6,7,8,9,10,11,12,13,14,15,16,17,18,19,20,21,22,23,24,25,26,27,28,29,30,31]
CFO=-643.1620358617696,STO=5
EsN0dB=-11.07,GRXdB=40,N0=0.00015848931798245758
packet_number=23,correct=False,payload=[33,57,176,115,70,42,192,226,171,38,32,171,186,142,47,149,115,73,160,97,38,49,171,177,18,222,143,175,133,56,112,212,108,135,100,32,49,134,178,199,134,44,80,115,12,115,17,148,223,78,53,191,43,18,148,78,85,26,176,85,151,141,22,25,127,120,232,255,236,242,141,81,84,1,86,65,121,80,98,34,94,21,17,75,72,178,37,44,206,142,247,249,118,139,209,196,206,128,133,222,41,191,232,105,13,228,253,17,17,139,89,13,102,102,83,94,168,92,124,220,227,210,64,123,107,14,230,144,126,2,28,216,168,71,153,47,96,55,74,98,33,245,0,176,85,235,168,38,3,119,141,48,57,135,84,211,193,250,211,26,63,193,217,97,47,36,166,157,255,206,222,95,2,131,159,154,52,15,148,40,207,116,122,3,201,214,214,24,161,217,69,203,233,202,174,5,41,249,55,207,50,52,177,22,248,98,56,214,57,159,62,11,108,92,30,149,3,92,8,253,173,126,37,253,56,30,32,237,238,215,9,135,214,42,232,78,124,120,51,156,82,143,117,64,150,54,100,87,186,234,91,102,81,48,190,42,245,131,105,195,228,188,28,10,106,66,208,247,12,129,147,121,177,13,108,7,147,222,216,254,220,1,97,71,20,99,32,21,178,39,140,27,89,91,13,32,164,216,236,159,60,101,208,253,239,74,152,50,163,13,175,181,72,196,195,223,179,223,99,59,166,254,254,94,139,93,180,202,155,214,199,215,151,84,31,16,197,1,54,135,10,28,12,31,122,238,246,227,71,211,103,189,139,62,0,240,90,48,9,21,201,92,42,119,203,18,116,163,103,144,136,1,138,186,109,173,155,227,92,176,199,96,235,233,122,12,172,47,242,194,57,238,26,40,195,109,33,59,14,99,96,163,77,247,44,5,195,231,240,126,171,248,147,254,193,235,37,173,192,39,115,46,252,75,170,18,161,198,118,75,25,17,237,139,96,141,254,155,238,155,96,113,103,182,42,203,159,197,237,185,32,222,51,101,204,216,158,86,13,139,29,79,187,138,68,68,118,42,65,43,209,25,46,138,143,107,234,26,41,163,248,113,167,238,225,60,233,222,26,12,207,36,7,30,240,38,118,71,252,222,210,28,65,120,209,87,163,39,105,208,0,247,141,196,91,101,171,117,111,158,106,25,103,89,235,37,27,156,48,61,125,188,23,149,159,184,11,97,106,162,182,213,228,10,195,251,245,159,143,70,208,101,51,2,10,148,76,28,125,212,4,112,206,16,204,216,161,82,37,85,220,19,1,163,42,41,117,212,156,156,51,178,131,223,4,211,250,143,173,144,139,221,87,36,155,28,27,109,14,133,145,60,207,112,14,60,151,103,170,53,187,7,142,16,181,140,125,237,9,162,124,91,64,177,165,65,55,63,172,101,63,56,38,83,175,23,164,240,47,66,63,235,172,21,159,112,67,236,119,95,185,169,234,149,217,214,31,199,75,124,230,74,180,232,139,73,208,129,56,195,189,77,141,86,76,191,110,47,116,165,168,141,254,31,190,61,155,122,92,44,121,251,33,147,79,6,74,67,128,193,236,146,77,202,158,66,60,135,62,147,56,49,141,35,46,194,23,27,170,155,79,238,171,111,239,1,36,121,178,52,181,176,42,158,21,235,22,141,60,6,67,122,12,147,146,151,244,217,211,76,205,108,53,6,192,126,98,244,201,213,75,41,166,57,184,48,71,117,216,24,248,102,42,101,36,58,133,238,151,36,187,0,140,231,120,140,215,239,233,211,190,78,254,130,191,140,19,104,54,124]
CFO=7774.435786601549,STO=1
EsN0dB=18.03,GRXdB=40,N0=0.00015848931798245758
packet_number=24,correct=True,payload=[0,1,2,3,4,5,6,7,8,9,10,11,12,13,14,15,16,17,18,19,20,21,22,23,24,25,26,27,28,29,30,31,32,33,34,35,36,37,38,39,40,41,42,43,44,45,46,47,48,49,50,51,52,53,54,55,56,57,58,59,60,61,62,63,64,65,66,67,68,69,70,71,72,73,74,75,76,77,78,79,80,81,82,83,84,85,86,87,88,89,90,91,92,93,94,95,96,97,98,99,100,101,102,103,104,105,106,107,108,109,110,111,112,113,114,115,116,117,118,119,120,121,122,123,124,125,126,127,128,129,130,131,132,133,134,135,136,137,138,139,140,141,142,143,144,145,146,147,148,149,150,151,152,153,154,155,156,157,158,159,160,161,162,163,164,165,166,167,168,169,170,171,172,173,174,175,176,177,178,179,180,181,182,183,184,185,186,187,188,189,190,191,192,193,194,195,196,197,198,199,200,201,202,203,204,205,206,207,208,209,210,211,212,213,214,215,216,217,218,219,220,221,222,223,224,225,226,227,228,229,230,231,232,233,234,235,236,237,238,239,240,241,242,243,244,245,246,247,248,249,250,251,252,253,254,255,0,1,2,3,4,5,6,7,8,9,10,11,12,13,14,15,16,17,18,19,20,21,22,23,24,25,26,27,28,29,30,31,32,33,34,35,36,37,38,39,40,41,42,43,44,45,46,47,48,49,50,51,52,53,54,55,56,57,58,59,60,61,62,63,64,65,66,67,68,69,70,71,72,73,74,75,76,77,78,79,80,81,82,83,84,85,86,87,88,89,90,91,92,93,94,95,96,97,98,99,100,101,102,103,104,105,106,107,108,109,110,111,112,113,114,115,116,117,118,119,120,121,122,123,124,125,126,127,128,129,130,131,132,133,134,135,136,137,138,139,140,141,142,143,144,145,146,147,148,149,150,151,152,153,154,155,156,157,158,159,160,161,162,163,164,165,166,167,168,169,170,171,172,173,174,175,176,177,178,179,180,181,182,183,184,185,186,187,188,189,190,191,192,193,194,195,196,197,198,199,200,201,202,203,204,205,206,207,208,209,210,211,212,213,214,215,216,217,218,219,220,221,222,223,224,225,226,227,228,229,230,231,232,233,234,235,236,237,238,239,240,241,242,243,244,245,246,247,248,249,250,251,252,253,254,255,0,1,2,3,4,5,6,7,8,9,10,11,12,13,14,15,16,17,18,19,20,21,22,23,24,25,26,27,28,29,30,31,32,33,34,35,36,37,38,39,40,41,42,43,44,45,46,47,48,49,50,51,52,53,54,55,56,57,58,59,60,61,62,63,64,65,66,67,68,69,70,71,72,73,74,75,76,77,78,79,80,81,82,83,84,85,86,87,88,89,90,91,92,93,94,95,96,97,98,99,100,101,102,103,104,105,106,107,108,109,110,111,112,113,114,115,116,117,118,119,120,121,122,123,124,125,126,127,128,129,130,131,132,133,134,135,136,137,138,139,140,141,142,143,144,145,146,147,148,149,150,151,152,153,154,155,156,157,158,159,160,161,162,163,164,165,166,167,168,169,170,171,172,173,174,175,176,177,178,179,180,181,182,183,184,185,186,187,188,189,190,191,192,193,194,195,196,197,198,199,200,201,202,203,204,205,206,207,208,209,210,211,212,213,214,215,216,217,218,219,220,221,222,223,224,225,226,227,228,229,230,231,232,233,234,235,236,237,238,239,240,241,242,243,244,245,246,247,248,249,250,251,252,253,254,255,0,1,2,3,4,5,6,7,8,9,10,11,12,13,14,15,16,17,18,19,20,21,22,23,24,25,26,27,28,29,30,31]
CFO=7282.610939941856,STO=1
EsN0dB=18.09,GRXdB=40,N0=0.00015848931798245758
packet_number=25,correct=False,payload=[0,1,2,3,0,5,6,7,8,9,10,11,12,15,14,15,16,25,18,27,20,21,22,23,28,25,26,27,28,29,30,31,160,33,50,51,164,37,39,55,40,41,42,43,44,45,174,47,48,49,50,51,52,53,54,55,56,61,58,59,60,61,62,63,64,65,66,67,4,69,230,71,76,73,74,75,76,77,78,79,80,81,242,83,212,85,86,119,24,89,90,91,126,92,94,95,96,97,98,99,100,101,102,103,104,121,234,105,108,108,126,111,112,113,114,115,116,117,118,119,120,121,122,121,124,125,126,127,128,129,130,131,132,133,134,135,136,137,139,139,140,133,142,143,144,145,146,211,156,159,150,151,152,153,218,155,220,159,158,159,224,161,178,163,164,165,166,167,168,185,174,171,236,172,174,175,240,177,186,179,180,181,182,183,184,185,186,187,188,188,190,191,192,193,194,195,196,199,198,199,200,201,202,203,198,205,206,207,208,209,210,195,212,213,214,215,216,217,218,223,220,221,222,223,224,225,226,227,228,229,231,231,232,249,234,235,236,237,238,239,248,241,250,243,244,244,254,247,248,249,250,251,252,253,254,255,0,1,2,3,4,5,6,7,8,9,10,11,12,13,14,15,16,17,18,27,20,21,22,23,28,25,26,27,28,29,31,31,32,33,50,35,32,37,38,39,44,41,42,27,44,45,46,47,48,49,50,51,52,53,54,55,56,57,58,59,60,61,62,63,64,65,66,67,70,69,70,71,72,73,74,75,76,77,79,79,80,81,82,83,84,65,86,87,88,89,90,91,92,93,94,95,96,97,98,99,100,101,102,103,104,105,106,107,108,109,102,111,112,113,114,115,116,117,118,119,120,121,122,123,126,125,126,127,128,129,130,131,132,133,134,135,136,129,138,139,140,141,142,143,144,145,146,147,148,149,150,151,216,153,154,155,156,157,158,159,160,177,162,163,164,165,166,167,168,169,170,171,172,173,174,175,176,177,178,243,180,183,182,183,184,185,186,187,252,189,190,191,192,193,195,195,196,197,198,199,200,201,202,203,196,205,206,207,208,209,210,211,212,209,214,215,216,217,218,219,220,221,222,223,224,225,242,227,228,229,230,231,232,233,234,235,236,237,238,239,240,241,242,241,244,245,246,247,248,249,250,251,252,253,254,255,0,1,130,3,4,5,6,7,0,9,10,11,12,13,14,15,16,17,18,19,20,21,22,23,24,25,26,27,28,29,30,31,48,33,34,35,36,37,38,39,40,41,42,43,44,45,46,47,48,49,50,51,52,53,182,55,24,57,59,59,60,61,62,63,64,65,66,67,68,69,198,71,72,73,74,75,76,77,78,79,80,81,82,83,84,85,86,87,88,89,90,91,28,93,94,95,96,97,98,99,100,117,102,103,104,121,106,107,108,109,111,111,112,113,114,115,116,117,118,119,120,125,122,123,124,125,126,127,128,1,130,131,132,133,134,135,136,137,138,139,140,205,142,143,144,145,146,147,148,149,150,151,152,153,154,155,156,157,158,159,160,161,162,163,164,165,166,167,172,169,170,171,172,173,174,175,176,177,178,179,180,181,182,183,184,185,186,187,188,189,190,191,192,193,194,195,196,197,198,199,200,201,202,203,204,205,206,207,208,209,210,211,212,213,214,215,216,217,218,219,220,221,222,223,224,225,226,227,228,229,230,231,232,233,234,235,236,237,238,239,240,241,242,243,244,245,246,247,248,249,250,251,252,253,254,255,0,1,2,3,4,5,6,7,8,13,10,11,12,13,14,15,16,17,18,19,20,21,22,23,24,25,26,27,28,29,30,31]
CFO=8366.408756285247,STO=2
EsN0dB=18.06,GRXdB=40,N0=0.00015848931798245758
packet_number=26,correct=False,payload=[0,1,2,3,4,5,6,7,0,9,10,3,12,13,14,15,16,17,18,19,20,21,22,23,24,25,26,27,28,28,30,31,32,33,34,35,36,37,38,39,40,41,42,43,44,45,46,15,56,49,50,51,52,53,54,55,56,57,58,59,60,61,62,63,64,65,66,67,68,100,70,71,72,73,72,75,76,77,78,79,80,81,82,83,84,85,86,87,88,89,90,89,92,93,94,95,96,97,98,99,100,101,102,103,104,105,106,107,108,109,110,111,112,113,114,115,116,117,118,119,120,120,122,123,124,125,126,127,128,1,130,131,132,132,134,135,136,137,138,139,140,141,142,143,144,145,146,147,148,149,150,151,152,153,154,155,156,157,158,159,160,161,162,161,164,165,166,167,168,169,170,171,172,173,174,175,176,177,178,179,180,181,182,183,184,185,186,187,188,189,190,191,192,193,194,195,196,197,198,199,200,201,202,203,204,205,206,207,208,209,210,243,212,213,214,215,216,217,218,219,220,221,222,223,224,225,226,227,228,229,230,231,232,233,234,235,236,237,238,239,240,241,242,243,244,245,246,247,248,249,250,251,252,253,254,255,0,1,2,3,4,7,6,7,8,9,10,11,12,13,14,15,16,17,18,19,20,21,22,23,24,25,26,27,28,29,30,31,32,33,34,35,36,37,38,39,40,41,42,43,44,45,46,47,48,49,50,51,52,53,54,51,56,57,58,59,60,61,62,63,64,65,66,67,68,69,70,71,72,73,74,75,76,77,78,79,80,81,82,83,84,85,86,87,92,89,122,91,92,93,94,95,96,97,98,99,100,101,102,103,104,105,106,107,108,109,110,111,112,113,114,115,116,117,54,119,120,121,120,123,124,125,126,127,128,129,130,131,132,133,134,135,136,137,138,139,140,141,142,143,144,145,146,147,148,149,150,151,152,153,154,155,156,157,158,159,160,161,162,163,164,165,166,167,168,169,170,171,172,173,174,175,176,49,146,179,180,181,182,183,184,185,186,187,188,189,190,191,192,193,194,195,196,197,198,199,200,201,202,203,204,205,206,207,208,209,210,211,212,213,214,215,216,217,218,219,220,221,222,223,224,225,226,227,228,229,230,231,232,233,234,235,236,237,238,239,248,241,242,243,244,245,246,247,248,249,250,251,252,253,254,255,0,1,2,3,4,5,6,7,8,9,10,11,12,13,14,15,16,17,18,19,20,21,22,23,24,25,26,27,28,29,30,31,32,33,34,35,36,37,38,39,40,41,42,43,44,45,46,47,48,49,50,51,52,53,54,55,56,57,58,59,60,61,62,63,64,65,66,67,68,69,70,71,72,73,74,75,76,77,78,79,80,80,82,67,84,85,86,87,88,89,90,91,92,93,94,95,96,97,98,99,100,101,102,103,104,105,106,107,108,109,110,111,112,113,114,115,116,117,118,119,120,121,122,123,124,125,126,127,128,129,130,131,132,133,134,135,136,137,138,139,140,141,142,143,144,144,146,147,148,149,150,151,152,153,154,155,156,157,158,159,160,161,162,163,164,165,166,167,168,169,170,171,172,173,174,175,176,177,178,179,180,181,182,183,184,185,186,187,188,189,190,191,192,193,194,195,196,197,198,199,200,201,202,203,204,205,206,207,208,209,210,211,212,213,214,215,216,217,218,219,220,221,222,223,224,225,226,227,228,229,230,231,232,233,234,235,236,237,238,239,240,241,242,243,244,245,246,247,248,249,250,251,252,253,254,255,0,1,2,3,4,5,6,7,8,9,10,11,12,13,14,15,16,17,18,19,20,21,22,23,24,25,26,27,28,29,30,31]
CFO=-5423.631238759101,STO=5
EsN0dB=nan,GRXdB=40,N0=0.00015848931798245758
packet_number=27,correct=False,payload=[32,140,48,113,190,180,6,66,72,21,185,224,69,64,181,78,106,13,192,35,247,71,3,247,126,122,213,106,147,176,102,110,179,160,114,156,50,59,162,127,0,230,157,33,151,4,80,178,73,107,115,36,137,189,5,65,42,24,97,196,166,7,108,39,171,228,29,182,85,210,35,15,129,96,199,104,221,237,167,202,234,209,184,166,60,155,215,66,255,254,253,150,89,4,229,187,84,1,169,255,110,184,130,84,175,226,150,74,119,184,131,240,131,21,152,112,134,72,219,109,2,202,30,186,34,171,165,192,148,161,175,7,145,222,127,252,34,139,249,250,143,117,15,0,208,98,197,110,236,208,29,185,213,237,101,4,226,148,162,244,174,171,40,189,144,212,45,92,21,28,128,225,155,251,185,189,152,84,196,60,47,120,184,139,160,148,122,62,167,15,69,188,125,46,240,117,68,95,70,32,57,35,167,252,207,108,229,173,26,96,243,36,142,92,243,151,216,216,126,17,22,223,72,56,209,235,142,40,99,237,173,25,60,168,246,210,185,26,121,53,182,210,221,180,138,6,36,88,246,213,2,128,159,18,199,195,80,37,113,36,201,239,91,238,40,181,135,62,31,3,206,56,46,45,127,215,168,58,193,117,0,207,163,60,184,240,154,107,191,247,133,149,248,219,113,168,138,147,46,63,28,112,197,102,59,152,164,124,72,202,178,223,68,26,106,125,25,131,246,54,98,238,119,44,203,105,128,82,46,43,85,53,22,14,127,144,121,197,234,129,88,64,246,94,236,177,139,225,69,150,144,236,248,75,164,60,10,240,199,253,142,27,201,211,136,94,82,254,18,20,60,232,53,227,6,14,107,128,148,75,64,242,162,31,193,85,6,180,222,192,254,185,92,53,107,155,209,106,124,219,50,156,26,149,173,247,129,38,43,192,221,192,171,196,219,92,197,217,235,10,22,129,66,208,3,30,178,81,113,101,197,81,118,132,52,111,5,222,128,100,94,155,43,22,255,129,80,135,236,53,232,156,243,160,38,235,241,197,64,252,106,26,24,193,12,243,127,50,30,6,4,31,172,69,57,249,18,68,49,183,255,3,57,253,109,180,154,190,175,114,38,237,88,214,169,83,90,195,52,250,87,236,189,2,208,209,73,90,223,137,204,180,68,236,253,30,142,43,137,160,155,17,140,215,234,222,119,38,86,134,244,84,41,153,93,94,253,3,71,2,127,155,2,107,235,116,186,246,9,120,1,127,52,81,81,153,69,81,110,66,11,162,122,83,198,46,165,113,239,215,241,90,163,119,86,156,156,28,145,60,62,194,67,106,93,58,152,14,140,196,234,129,50,253,104,148,1,88,3,182,10,248,173,29,206,217,179,184,49,64,29,6,212,250,226,125,23,49,253,76,255,71,32,151,74,200,17,73,162,3,184,49,30,26,76,72,228,253,238,171,189,93,211,48,241,102,141,79,227,75,108,130,23,139,174,111,54,79,154,17,49,105,151,140,54,80,79,185,228,44,171,115,105,18,182,215,127,53,241,211,235,212,120,111,173,24,37,130,204,48,153,224,189,135,192,86,16,22,80,138,8,107,128,43,86,88,146,129,155,172,32,213,37,86,73,105,153,59,152,231,11,91,181,223,13,132,54,90,226,15,48,61,111,119,217,21,186,95,16,113,226,162,146,213,94,149,52,133,0,38,251,121,197,157,12,76,141,244,170,151,122,203,32,65,105,52,227,135,46,174,33,46,198,203,250,34,159,39,3,97,33,23,247,115,186,210,118,114,105,29,170,59,60,236,238,24,80,151,11,176]
CFO=7333.326043166586,STO=1
EsN0dB=18.04,GRXdB=40,N0=0.00015848931798245758
packet_number=28,correct=False,payload=[0,1,2,3,4,5,4,15,8,1,26,27,28,13,14,15,16,19,18,23,20,21,54,23,56,25,62,27,28,29,30,63,0,33,98,35,100,36,38,39,56,9,42,43,44,41,46,63,48,49,34,50,124,53,38,119,56,115,58,122,60,125,62,63,64,65,66,67,196,69,70,79,216,75,66,75,204,79,78,207,208,211,86,83,84,84,246,95,216,25,26,91,124,125,94,95,96,225,96,99,104,71,102,111,72,73,236,107,76,253,110,127,112,113,114,115,116,117,116,119,120,121,248,123,124,255,254,127,128,129,130,131,133,129,134,135,136,9,158,131,140,159,29,31,144,177,178,163,144,151,148,151,152,185,186,187,157,29,190,159,161,97,224,35,236,165,39,239,169,249,62,227,140,143,190,191,176,49,178,179,36,229,244,247,177,241,187,59,188,189,62,63,192,193,131,195,196,197,198,207,200,201,222,203,204,205,222,223,208,209,211,131,208,223,255,215,153,209,217,211,252,221,223,223,224,225,226,231,236,231,238,231,232,233,250,203,237,253,255,239,240,243,242,247,253,253,246,247,248,241,254,251,253,253,254,255,0,1,2,7,0,2,6,7,8,1,10,11,12,29,28,15,0,3,18,19,20,55,20,23,24,56,30,19,28,25,30,31,32,35,102,3,4,5,70,47,40,33,34,39,44,45,46,110,48,48,50,51,52,55,118,39,56,57,48,51,60,120,62,63,192,65,134,71,0,133,198,79,88,75,2,67,88,205,76,79,80,81,208,151,116,21,118,150,120,89,122,215,252,125,94,95,96,99,98,103,224,231,110,102,104,235,126,123,108,79,126,255,112,241,242,119,116,118,118,111,120,122,242,127,124,126,126,127,128,3,3,131,140,133,143,7,137,155,3,139,141,29,142,159,144,1,150,183,181,3,150,151,184,145,156,59,188,159,191,191,225,163,2,135,164,175,173,39,184,241,138,247,140,15,238,207,225,243,240,179,241,35,253,55,57,243,182,59,60,191,255,191,128,193,194,199,200,201,142,135,152,203,206,219,201,207,206,143,240,193,150,151,244,223,206,151,248,153,242,179,252,189,222,255,225,225,229,199,228,229,230,231,217,243,252,255,236,201,255,207,241,243,227,243,228,229,245,247,249,249,255,247,252,253,254,255,0,1,0,7,4,9,4,14,16,9,0,11,12,31,14,31,16,48,48,23,52,21,28,54,56,27,50,59,28,31,30,62,96,97,4,34,40,43,108,103,40,41,8,127,12,45,46,63,112,113,118,55,116,53,36,119,56,59,50,59,120,127,62,63,64,195,66,3,204,205,204,199,216,217,64,206,220,27,78,95,80,192,194,243,56,173,22,94,88,25,86,87,216,124,94,254,64,67,228,195,232,111,228,230,104,120,102,107,236,236,252,110,224,240,242,243,100,247,118,254,248,123,242,250,248,126,124,127,0,3,3,3,133,135,135,7,25,139,14,155,141,159,31,159,33,161,176,179,60,177,189,183,152,185,153,187,189,155,191,31,160,65,36,199,236,101,237,167,225,153,65,199,221,159,92,47,161,115,182,183,253,51,118,63,248,113,187,183,120,249,60,191,192,195,132,195,192,137,198,207,209,211,200,203,157,137,156,223,145,241,193,167,181,151,231,231,217,243,255,187,189,187,159,223,225,227,230,231,204,235,205,207,248,219,202,243,237,239,221,239,241,227,241,247,245,227,253,247,248,251,255,247,253,249,255,254,0,2,2,7,0,13,6,6,24,19,14,27,28,24,14,14,32,51,50,19,0,18,54,46,16,19,30,26,60,26,60,62]
CFO=7512.579614746646,STO=6
EsN0dB=18.12,GRXdB=40,N0=0.00015848931798245758
packet_number=29,correct=False,payload=[0,3,6,3,4,5,6,7,8,9,10,11,12,13,14,15,16,1,34,19,52,23,22,23,24,25,26,27,28,28,62,31,32,33,34,99,36,109,38,39,40,41,42,107,44,45,46,47,48,49,118,55,52,53,116,118,120,57,58,63,60,61,62,63,64,65,70,195,68,69,70,71,72,73,74,75,76,77,78,15,80,81,114,83,84,85,116,87,216,89,94,123,92,93,94,95,96,97,102,99,100,228,102,103,104,105,106,107,92,109,110,111,112,115,112,99,116,117,118,119,120,249,122,123,120,125,254,255,128,129,131,135,132,133,142,135,136,137,139,139,136,141,142,159,144,19,178,147,132,149,151,159,152,153,58,187,156,157,158,159,160,97,226,35,161,165,166,231,184,169,42,171,40,173,172,175,176,177,179,179,180,181,182,183,56,185,190,187,188,189,126,191,192,193,194,195,197,207,206,199,136,203,202,143,204,205,206,207,208,211,195,247,212,213,246,215,248,217,154,219,156,221,222,223,224,225,230,227,232,229,231,231,224,217,206,235,236,239,239,207,240,241,242,243,245,229,246,247,249,249,242,251,248,249,254,255,0,1,0,2,4,7,6,6,8,19,14,11,12,12,14,15,16,17,0,19,20,29,22,23,24,27,18,58,28,61,30,31,32,33,102,39,108,37,38,38,56,9,42,31,44,13,78,63,48,48,50,35,32,113,62,55,56,59,62,62,60,61,62,62,192,65,66,71,4,68,70,71,72,73,10,91,12,93,222,79,208,81,82,83,212,213,22,119,152,123,90,90,124,95,94,95,224,97,64,70,100,225,102,102,232,65,110,91,108,237,110,79,112,112,240,247,116,245,124,247,240,120,122,123,124,127,124,127,0,129,130,131,133,133,142,135,137,9,138,11,140,141,140,143,176,33,147,135,141,149,134,151,152,153,154,155,60,157,188,191,160,161,102,231,173,173,230,231,104,203,186,171,168,125,174,175,176,49,178,243,180,247,183,191,56,241,186,191,189,189,254,191,192,193,194,195,204,201,206,207,216,217,138,203,140,205,206,223,176,209,211,179,236,195,238,255,144,217,212,219,156,253,252,223,224,227,198,227,229,231,230,199,200,233,235,235,236,239,238,255,240,225,243,247,244,253,247,247,249,249,251,251,252,255,254,255,0,1,2,7,4,5,6,15,24,25,26,11,12,29,14,15,16,19,2,22,24,53,6,23,24,57,58,27,24,27,30,31,32,33,32,67,100,37,38,103,40,74,40,43,60,125,46,47,48,113,34,118,52,117,54,118,120,49,122,122,60,61,62,63,192,67,198,67,64,68,70,135,216,89,90,78,204,201,94,95,240,193,18,18,148,7,198,87,216,121,86,62,92,95,92,127,96,97,66,67,104,101,102,239,96,201,226,255,104,108,110,239,96,113,114,103,244,117,246,118,120,121,248,127,252,127,252,127,129,129,128,131,140,1,142,143,8,9,136,139,12,153,28,143,129,179,146,163,53,149,182,39,56,147,54,187,157,159,30,159,160,225,230,99,33,229,164,79,169,171,173,139,169,41,190,31,176,241,242,183,225,177,245,175,248,185,187,59,60,185,188,191,192,193,198,195,197,143,134,199,208,195,138,195,205,207,223,207,241,209,247,243,205,245,215,247,153,219,250,159,220,223,222,255,225,225,194,227,236,237,228,239,201,233,252,235,252,205,236,207,224,243,227,243,224,247,228,231,249,249,242,255,253,253,254,255,0,0,2,2,4,1,6,14,24,9,10,10,24,13,14,31,16,18,2,35,8,63,38,31,16,17,48,58,60,60,28,63]
CFO=8478.797621803036,STO=5
EsN0dB=18.05,GRXdB=40,N0=0.00015848931798245758
packet_number=30,correct=True,payload=[0,1,2,3,4,5,6,7,8,9,10,11,12,13,14,15,16,17,18,19,20,21,22,23,24,25,26,27,28,29,30,31,32,33,34,35,36,37,38,39,40,41,42,43,44,45,46,47,48,49,50,51,52,53,54,55,56,57,58,59,60,61,62,63,64,65,66,67,68,69,70,71,72,73,74,75,76,77,78,79,80,81,82,83,84,85,86,87,88,89,90,91,92,93,94,95,96,97,98,99,100,101,102,103,104,105,106,107,108,109,110,111,112,113,114,115,116,117,118,119,120,121,122,123,124,125,126,127,128,129,130,131,132,133,134,135,136,137,138,139,140,141,142,143,144,145,146,147,148,149,150,151,152,153,154,155,156,157,158,159,160,161,162,163,164,165,166,167,168,169,170,171,172,173,174,175,176,177,178,179,180,181,182,183,184,185,186,187,188,189,190,191,192,193,194,195,196,197,198,199,200,201,202,203,204,205,206,207,208,209,210,211,212,213,214,215,216,217,218,219,220,221,222,223,224,225,226,227,228,229,230,231,232,233,234,235,236,237,238,239,240,241,242,243,244,245,246,247,248,249,250,251,252,253,254,255,0,1,2,3,4,5,6,7,8,9,10,11,12,13,14,15,16,17,18,19,20,21,22,23,24,25,26,27,28,29,30,31,32,33,34,35,36,37,38,39,40,41,42,43,44,45,46,47,48,49,50,51,52,53,54,55,56,57,58,59,60,61,62,63,64,65,66,67,68,69,70,71,72,73,74,75,76,77,78,79,80,81,82,83,84,85,86,87,88,89,90,91,92,93,94,95,96,97,98,99,100,101,102,103,104,105,106,107,108,109,110,111,112,113,114,115,116,117,118,119,120,121,122,123,124,125,126,127,128,129,130,131,132,133,134,135,136,137,138,139,140,141,142,143,144,145,146,147,148,149,150,151,152,153,154,155,156,157,158,159,160,161,162,163,164,165,166,167,168,169,170,171,172,173,174,175,176,177,178,179,180,181,182,183,184,185,186,187,188,189,190,191,192,193,194,195,196,197,198,199,200,201,202,203,204,205,206,207,208,209,210,211,212,213,214,215,216,217,218,219,220,221,222,223,224,225,226,227,228,229,230,231,232,233,234,235,236,237,238,239,240,241,242,243,244,245,246,247,248,249,250,251,252,253,254,255,0,1,2,3,4,5,6,7,8,9,10,11,12,13,14,15,16,17,18,19,20,21,22,23,24,25,26,27,28,29,30,31,32,33,34,35,36,37,38,39,40,41,42,43,44,45,46,47,48,49,50,51,52,53,54,55,56,57,58,59,60,61,62,63,64,65,66,67,68,69,70,71,72,73,74,75,76,77,78,79,80,81,82,83,84,85,86,87,88,89,90,91,92,93,94,95,96,97,98,99,100,101,102,103,104,105,106,107,108,109,110,111,112,113,114,115,116,117,118,119,120,121,122,123,124,125,126,127,128,129,130,131,132,133,134,135,136,137,138,139,140,141,142,143,144,145,146,147,148,149,150,151,152,153,154,155,156,157,158,159,160,161,162,163,164,165,166,167,168,169,170,171,172,173,174,175,176,177,178,179,180,181,182,183,184,185,186,187,188,189,190,191,192,193,194,195,196,197,198,199,200,201,202,203,204,205,206,207,208,209,210,211,212,213,214,215,216,217,218,219,220,221,222,223,224,225,226,227,228,229,230,231,232,233,234,235,236,237,238,239,240,241,242,243,244,245,246,247,248,249,250,251,252,253,254,255,0,1,2,3,4,5,6,7,8,9,10,11,12,13,14,15,16,17,18,19,20,21,22,23,24,25,26,27,28,29,30,31]
CFO=8593.9081279776,STO=5
EsN0dB=17.11,GRXdB=40,N0=0.0001995262282434851
packet_number=31,correct=True,payload=[0,1,2,3,4,5,6,7,8,9,10,11,12,13,14,15,16,17,18,19,20,21,22,23,24,25,26,27,28,29,30,31,32,33,34,35,36,37,38,39,40,41,42,43,44,45,46,47,48,49,50,51,52,53,54,55,56,57,58,59,60,61,62,63,64,65,66,67,68,69,70,71,72,73,74,75,76,77,78,79,80,81,82,83,84,85,86,87,88,89,90,91,92,93,94,95,96,97,98,99,100,101,102,103,104,105,106,107,108,109,110,111,112,113,114,115,116,117,118,119,120,121,122,123,124,125,126,127,128,129,130,131,132,133,134,135,136,137,138,139,140,141,142,143,144,145,146,147,148,149,150,151,152,153,154,155,156,157,158,159,160,161,162,163,164,165,166,167,168,169,170,171,172,173,174,175,176,177,178,179,180,181,182,183,184,185,186,187,188,189,190,191,192,193,194,195,196,197,198,199,200,201,202,203,204,205,206,207,208,209,210,211,212,213,214,215,216,217,218,219,220,221,222,223,224,225,226,227,228,229,230,231,232,233,234,235,236,237,238,239,240,241,242,243,244,245,246,247,248,249,250,251,252,253,254,255,0,1,2,3,4,5,6,7,8,9,10,11,12,13,14,15,16,17,18,19,20,21,22,23,24,25,26,27,28,29,30,31,32,33,34,35,36,37,38,39,40,41,42,43,44,45,46,47,48,49,50,51,52,53,54,55,56,57,58,59,60,61,62,63,64,65,66,67,68,69,70,71,72,73,74,75,76,77,78,79,80,81,82,83,84,85,86,87,88,89,90,91,92,93,94,95,96,97,98,99,100,101,102,103,104,105,106,107,108,109,110,111,112,113,114,115,116,117,118,119,120,121,122,123,124,125,126,127,128,129,130,131,132,133,134,135,136,137,138,139,140,141,142,143,144,145,146,147,148,149,150,151,152,153,154,155,156,157,158,159,160,161,162,163,164,165,166,167,168,169,170,171,172,173,174,175,176,177,178,179,180,181,182,183,184,185,186,187,188,189,190,191,192,193,194,195,196,197,198,199,200,201,202,203,204,205,206,207,208,209,210,211,212,213,214,215,216,217,218,219,220,221,222,223,224,225,226,227,228,229,230,231,232,233,234,235,236,237,238,239,240,241,242,243,244,245,246,247,248,249,250,251,252,253,254,255,0,1,2,3,4,5,6,7,8,9,10,11,12,13,14,15,16,17,18,19,20,21,22,23,24,25,26,27,28,29,30,31,32,33,34,35,36,37,38,39,40,41,42,43,44,45,46,47,48,49,50,51,52,53,54,55,56,57,58,59,60,61,62,63,64,65,66,67,68,69,70,71,72,73,74,75,76,77,78,79,80,81,82,83,84,85,86,87,88,89,90,91,92,93,94,95,96,97,98,99,100,101,102,103,104,105,106,107,108,109,110,111,112,113,114,115,116,117,118,119,120,121,122,123,124,125,126,127,128,129,130,131,132,133,134,135,136,137,138,139,140,141,142,143,144,145,146,147,148,149,150,151,152,153,154,155,156,157,158,159,160,161,162,163,164,165,166,167,168,169,170,171,172,173,174,175,176,177,178,179,180,181,182,183,184,185,186,187,188,189,190,191,192,193,194,195,196,197,198,199,200,201,202,203,204,205,206,207,208,209,210,211,212,213,214,215,216,217,218,219,220,221,222,223,224,225,226,227,228,229,230,231,232,233,234,235,236,237,238,239,240,241,242,243,244,245,246,247,248,249,250,251,252,253,254,255,0,1,2,3,4,5,6,7,8,9,10,11,12,13,14,15,16,17,18,19,20,21,22,23,24,25,26,27,28,29,30,31]
CFO=7505.803497907563,STO=1
EsN0dB=17.13,GRXdB=40,N0=0.0001995262282434851
packet_number=32,correct=False,payload=[0,1,2,3,4,5,6,7,8,9,10,11,12,13,14,15,16,17,18,19,20,21,22,23,24,25,26,27,28,29,30,31,32,33,34,35,36,36,38,39,40,41,42,43,44,45,46,47,48,49,50,51,52,53,54,55,56,57,58,59,60,61,62,63,64,65,66,67,68,69,70,71,72,73,74,75,76,77,78,79,80,81,82,83,84,21,86,87,88,89,90,91,92,93,94,95,96,97,98,99,100,101,102,103,104,105,106,107,108,109,110,111,112,113,114,115,116,117,118,119,120,121,122,123,124,125,126,127,128,129,130,131,132,133,134,135,136,137,138,139,140,141,142,143,144,145,146,147,148,149,150,151,152,153,154,155,156,157,158,159,160,161,162,163,164,165,166,167,168,169,170,171,172,173,174,175,176,177,178,243,180,181,182,183,184,185,186,187,188,189,190,191,192,193,194,195,196,197,198,199,200,201,202,203,204,205,206,207,208,209,210,211,212,213,214,215,216,217,218,219,220,221,222,223,224,225,226,227,228,229,230,231,232,233,234,235,236,237,238,239,240,241,242,243,244,245,246,247,248,249,250,251,252,253,254,255,0,1,2,3,4,5,6,7,8,9,10,11,12,15,14,15,16,17,18,19,20,21,22,23,24,25,26,27,28,29,30,31,32,33,34,35,36,37,38,39,40,41,42,43,44,45,47,47,48,49,50,51,52,53,54,55,56,57,58,59,60,61,62,63,64,65,66,67,68,69,70,71,72,73,74,75,76,77,78,79,80,81,83,83,84,85,86,87,88,89,90,91,92,93,94,95,96,97,98,99,100,101,102,103,104,105,106,107,108,109,110,111,112,113,114,115,116,117,118,119,120,121,126,123,124,125,126,127,128,129,130,131,132,133,134,135,136,137,138,139,140,141,142,143,144,145,146,147,148,149,150,151,152,153,154,155,156,157,158,159,160,161,162,163,164,165,166,167,168,169,170,171,172,173,174,175,176,177,178,179,180,181,182,183,184,185,186,187,188,189,190,191,192,193,194,195,196,197,198,199,200,201,202,203,204,205,206,207,208,209,210,211,212,213,214,215,216,217,218,219,220,221,222,223,224,225,226,227,228,229,230,231,232,233,234,235,236,237,238,239,240,241,242,243,244,245,246,247,248,249,250,251,252,253,254,255,0,1,2,3,4,5,6,7,8,9,10,11,12,13,14,15,16,17,18,19,20,21,22,23,24,25,26,27,28,29,30,31,32,33,34,35,36,37,38,39,40,41,42,43,44,45,46,47,48,49,50,51,52,53,54,55,56,57,58,59,60,61,62,63,64,65,66,67,68,69,70,71,72,73,74,75,76,77,78,79,80,81,82,83,84,85,86,87,88,89,90,91,92,93,94,95,96,97,98,99,100,101,102,103,104,105,106,107,108,109,110,111,112,113,114,115,116,117,118,119,120,121,122,123,124,125,126,127,128,129,130,131,132,133,134,135,136,137,138,139,140,141,142,143,144,145,146,147,148,149,150,151,152,153,154,155,156,157,158,159,160,161,162,163,164,165,166,167,168,169,170,171,172,173,174,175,176,177,178,179,180,181,182,183,184,185,186,187,188,189,190,191,192,193,194,195,196,197,198,199,200,201,202,203,204,205,206,207,208,209,210,211,212,213,214,215,216,217,218,219,220,221,222,223,224,225,226,227,228,229,230,231,232,233,234,235,236,237,238,239,240,241,242,243,244,245,246,247,248,248,250,251,252,253,254,255,0,1,2,3,4,5,6,7,8,9,10,11,12,13,14,15,16,17,18,19,20,21,22,23,24,25,26,27,28,29,30,31]
CFO=8178.182023683082,STO=3
EsN0dB=17.14,GRXdB=40,N0=0.0001995262282434851
packet_number=33,correct=False,payload=[0,1,2,3,4,5,6,7,8,9,10,11,12,13,14,15,16,17,18,19,20,21,22,23,24,25,26,27,28,29,30,31,32,33,34,35,32,37,38,39,40,41,10,43,44,45,46,47,48,49,50,51,52,53,54,55,56,57,58,59,60,61,63,63,64,65,66,67,68,69,70,71,72,73,74,75,76,76,78,79,80,81,82,83,84,85,86,87,88,89,90,91,92,93,94,95,96,97,98,99,100,101,102,103,104,105,106,107,108,109,110,111,112,113,114,115,244,117,118,119,120,120,122,123,124,125,126,127,128,129,130,131,132,133,134,135,136,137,138,139,140,141,142,143,144,145,146,147,148,149,150,23,152,152,154,155,156,157,158,159,160,161,162,163,160,165,166,167,168,169,170,43,172,173,174,175,176,177,178,179,180,181,182,151,184,185,186,187,188,189,190,191,192,193,194,195,196,197,198,199,200,201,202,203,204,205,206,207,208,209,210,211,212,213,222,215,216,217,218,219,220,221,222,223,224,225,226,227,228,229,230,231,232,233,234,235,236,237,238,239,240,241,242,243,244,245,246,247,248,249,250,251,252,253,254,255,0,1,2,3,4,5,6,7,8,9,10,11,12,13,14,15,16,17,18,19,20,21,22,23,24,25,24,27,28,29,30,31,32,33,34,35,36,37,38,39,40,41,42,43,44,45,46,47,48,49,50,51,52,53,54,55,56,57,58,59,60,61,62,63,64,65,66,67,68,69,70,71,72,73,74,75,76,77,78,79,80,81,82,83,84,85,94,87,88,89,90,91,92,93,94,95,96,97,98,99,100,101,102,103,104,105,106,107,108,109,110,111,112,113,114,115,116,117,118,119,120,121,122,123,124,125,126,127,128,129,130,131,132,133,134,135,136,137,138,203,140,141,143,143,144,145,146,147,148,149,150,151,152,153,154,155,156,157,158,159,160,161,162,163,164,165,166,167,168,169,170,171,172,175,174,175,176,177,178,179,180,181,182,183,184,185,186,187,188,189,190,191,192,193,194,195,196,197,198,199,200,201,202,201,204,205,206,207,208,209,210,211,212,213,214,215,216,217,218,219,220,221,222,223,224,225,226,227,228,229,230,231,232,233,234,235,236,237,238,239,240,241,242,243,244,245,246,247,248,249,250,251,252,253,254,255,0,1,2,3,4,5,6,7,8,9,10,11,12,13,14,15,16,17,18,19,20,21,22,23,24,25,26,27,28,29,30,31,32,33,34,35,36,37,38,39,40,45,42,43,44,45,46,47,48,49,50,51,52,53,54,55,56,57,58,59,60,61,62,63,64,65,66,67,68,69,70,7,72,73,74,75,76,77,78,79,80,81,82,83,84,85,86,87,88,89,90,91,92,93,94,95,96,97,98,99,100,101,102,103,104,105,106,107,108,109,110,111,112,113,114,115,116,117,118,119,120,121,122,123,124,125,126,127,128,129,130,131,132,133,134,135,136,137,138,139,140,141,142,143,144,145,146,147,148,149,150,151,152,153,154,155,156,157,159,159,160,161,162,163,164,165,166,167,168,169,170,171,172,173,174,175,176,177,178,179,180,181,182,183,184,185,186,187,188,189,190,191,192,193,194,195,196,197,198,199,200,201,202,203,204,205,206,207,208,209,210,211,212,213,214,215,216,217,218,219,220,221,222,223,224,225,226,227,228,229,230,231,232,233,234,235,236,237,238,239,240,241,242,243,244,245,246,247,248,249,250,251,252,253,254,255,0,1,2,3,4,5,6,7,8,9,10,11,12,13,14,15,16,17,18,19,20,21,22,23,24,25,26,27,28,29,30,31]
CFO=-1440.799709133302,STO=2
EsN0dB=-10.42,GRXdB=40,N0=0.0001995262282434851
packet_number=34,correct=False,payload=[237,186,222,153,36,116,201,238,243,8,41,81,104,126,215,30,168,122,113,239,219,52,88,19,94,208,163,142,117,140,160,4,219,111,188,17,84,231,166,126,17,73,181,145,133,252,161,24,180,53,103,227,69,246,197,12,143,179,18,170,21,143,227,16,157,108,121,88,173,72,54,129,67,132,38,246,14,49,35,61,191,239,81,104,219,165,48,169,75,84,114,73,22,251,97,121,57,142,210,242,138,117,14,176,53,89,165,145,25,113,249,240,117,67,110,244,29,241,146,155,21,203,170,8,137,177,16,169,123,122,107,233,154,145,225,139,217,190,174,45,185,19,26,31,131,84,217,194,195,28,26,176,37,41,212,116,124,94,233,14,122,41,211,65,116,14,249,146,82,151,64,93,250,251,110,21,198,110,245,244,50,191,172,114,48,43,47,3,5,176,97,251,189,79,148,110,210,243,75,121,144,126,40,122,245,60,59,8,226,144,106,105,165,56,5,40,188,180,137,125,135,42,16,190,141,227,126,185,167,167,2,183,245,242,90,184,248,166,106,75,213,104,198,27,195,233,31,229,143,25,132,163,46,5,119,236,87,217,55,146,117,61,118,145,207,167,76,231,140,244,220,204,33,41,143,139,217,252,159,236,240,163,186,226,146,190,226,74,110,101,39,76,5,145,108,62,24,253,181,132,43,70,2,120,16,1,98,52,128,144,184,39,21,126,60,28,174,37,219,59,104,40,81,255,145,163,21,104,36,31,4,61,44,111,99,1,145,44,237,115,9,215,98,1,89,251,211,244,8,95,25,38,221,203,161,148,254,135,158,23,16,183,122,241,28,142,17,102,31,195,116,239,132,37,78,252,221,147,40,108,147,116,132,160,165,203,9,143,140,197,218,207,47,38,133,220,39,119,218,65,230,99,224,39,100,207,227,166,44,62,139,102,214,229,162,25,68,144,214,35,31,114,36,1,178,20,80,39,184,157,53,47,122,187,226,219,79,102,140,109,95,122,88,170,153,209,63,163,155,190,52,154,210,150,113,171,87,151,13,150,146,186,209,208,195,122,55,154,211,89,203,130,239,196,213,56,186,165,117,187,220,75,27,193,36,239,89,177,182,60,129,225,193,16,46,90,119,3,69,143,59,4,247,161,31,34,188,170,234,65,189,16,236,218,228,163,232,213,25,63,195,219,113,77,163,189,150,207,29,61,3,156,177,192,254,215,242,125,162,247,53,88,8,58,55,59,240,193,198,246,17,41,210,197,177,45,155,153,130,44,97,175,123,49,246,198,56,103,51,104,247,205,68,141,56,156,48,254,29,121,88,100,138,115,231,156,46,176,53,90,112,68,2,47,136,51,242,42,175,190,175,224,84,146,175,98,142,69,65,154,94,31,150,250,89,252,230,186,173,182,145,106,217,219,224,225,167,128,24,197,27,206,216,10,22,167,66,192,190,226,77,2,67,108,84,153,57,187,168,140,54,219,135,116,243,83,181,223,184,177,98,125,63,100,127,38,217,165,118,189,247,7,11,41,181,90,239,10,183,144,19,101,96,223,249,48,88,120,78,227,157,109,254,136,237,152,124,220,95,42,132,192,90,73,2,212,214,198,48,82,22,157,58,12,103,163,118,148,88,61,166,201,142,213,56,241,97,126,219,218,44,134,109,2,187,33,99,100,140,204,100,85,51,182,105,224,70,185,75,137,107,205,214,71,238,187,55,128,109,198,31,210,226,123,255,18,161,150,45,87,214,204,170,238,69,14,9,166,130,60,235,75,41,110,159,242,27,27,74,44,50,253,129,242,223,177,4,49,62,210]
CFO=7722.420575841055,STO=6
EsN0dB=17.06,GRXdB=40,N0=0.0001995262282434851
packet_number=35,correct=False,payload=[0,1,2,3,4,5,6,6,16,25,2,10,8,13,12,15,16,1,18,3,20,55,30,23,24,24,18,19,24,31,60,31,32,35,38,99,4,69,68,7,40,106,42,46,60,45,30,46,48,49,48,51,100,49,52,55,120,50,62,51,56,61,126,126,192,3,194,195,68,1,206,79,64,89,74,67,8,77,14,78,0,81,242,18,80,117,86,215,216,145,90,51,252,121,28,223,192,99,100,99,96,101,102,78,104,105,234,111,108,111,110,79,96,112,114,247,244,115,118,119,248,115,122,115,248,121,254,255,1,129,7,3,132,133,134,135,137,129,130,155,152,157,142,143,160,145,6,135,20,133,150,23,152,27,155,27,156,61,30,159,32,33,231,103,36,13,135,167,168,171,184,219,173,189,190,191,176,51,166,51,120,191,62,255,49,241,186,251,189,189,190,63,128,195,194,131,197,205,206,199,217,209,206,211,216,207,220,223,192,209,247,243,244,151,134,255,208,211,152,187,248,249,222,223,224,225,230,227,228,197,230,231,225,233,218,235,220,237,204,239,240,241,224,243,253,241,246,247,249,251,248,255,248,253,252,255,0,2,4,3,12,2,14,7,16,10,24,11,28,9,14,14,0,16,50,19,60,17,30,15,24,25,30,58,60,30,30,30,32,32,32,3,36,35,36,111,32,104,98,58,76,111,44,15,48,33,32,115,44,117,126,63,120,121,50,59,124,125,126,127,192,193,70,71,64,4,78,70,8,194,146,195,136,73,78,95,64,209,116,211,144,77,60,127,152,248,88,219,124,93,124,159,192,65,198,99,68,97,110,206,72,193,206,115,236,237,124,126,112,97,98,114,120,240,116,118,248,241,114,247,252,123,126,255,128,129,130,135,141,133,132,135,128,9,135,15,13,25,142,143,49,147,7,147,4,51,61,23,25,187,182,159,189,189,156,63,192,65,161,195,200,13,38,47,113,235,195,135,172,175,175,95,161,113,118,55,185,39,255,127,57,249,178,55,188,253,62,63,192,193,129,131,196,141,199,143,137,139,215,199,216,139,222,143,193,209,230,211,193,227,213,239,209,185,182,255,152,189,188,223,224,227,194,231,200,229,238,231,192,225,243,255,237,237,222,239,240,241,241,247,237,253,253,231,240,249,253,251,252,249,254,255,0,3,0,3,12,2,12,6,0,8,14,19,28,29,14,30,16,50,48,3,40,27,28,63,56,51,22,31,28,25,28,63,32,65,102,3,96,77,44,110,80,49,114,3,104,95,76,78,48,112,114,38,60,40,54,119,112,57,114,50,60,62,62,127,192,65,194,3,204,7,140,206,16,91,218,23,28,222,156,143,96,2,48,86,140,83,100,94,88,209,176,59,60,91,60,222,224,192,102,194,196,199,68,238,72,73,84,239,76,93,254,206,112,113,242,103,120,126,116,255,112,248,254,250,248,125,124,127,128,3,6,131,132,135,132,143,145,129,131,139,29,27,156,143,176,49,49,3,41,13,12,31,49,179,24,155,153,57,189,63,161,225,96,167,128,129,71,47,128,179,110,31,248,73,76,111,112,115,241,103,113,241,166,175,112,123,121,191,188,57,254,63,192,131,196,199,204,129,205,135,129,195,151,155,157,157,140,223,176,243,245,147,145,133,204,151,177,187,158,191,221,255,252,159,193,195,225,227,205,197,230,207,200,209,214,203,201,237,204,207,224,225,243,247,228,243,253,255,248,249,254,247,252,253,253,254,0,2,6,2,4,12,6,14,24,11,8,22,8,26,12,31,32,2,38,50,48,58,28,55,48,18,20,62,28,58,60,63]
CFO=7764.2090012755325,STO=4
EsN0dB=17.07,GRXdB=40,N0=0.0001995262282434851
packet_number=36,correct=False,payload=[0,1,2,3,4,5,6,7,8,9,10,11,12,13,14,15,16,17,18,19,20,21,22,23,24,25,26,27,28,29,30,31,32,33,34,35,36,37,38,39,40,41,42,43,44,45,46,47,48,49,50,51,52,53,54,55,56,57,58,59,60,61,62,63,64,65,66,67,68,69,70,71,72,73,74,75,76,77,78,79,80,81,82,83,84,85,86,87,88,89,90,91,92,93,94,95,96,97,98,99,100,101,102,103,104,105,106,107,108,109,110,111,112,113,114,115,116,117,118,119,120,121,122,123,124,125,126,127,128,129,130,131,132,133,134,135,136,137,138,139,140,141,142,143,144,145,146,147,148,149,150,151,152,153,154,155,156,157,158,159,160,161,162,163,164,165,166,167,168,169,170,171,172,173,174,175,176,177,178,179,180,181,182,183,184,185,186,187,188,189,190,191,192,193,194,195,196,197,198,199,200,201,202,203,204,205,206,207,208,209,210,211,212,213,214,215,216,217,218,219,220,221,222,223,224,225,226,227,228,229,230,231,232,233,234,235,236,237,238,239,240,241,242,243,244,245,246,247,248,249,250,251,252,253,254,255,0,1,2,3,4,5,6,7,8,9,10,11,12,13,14,15,16,17,18,19,20,21,22,23,24,25,26,27,28,29,30,31,32,33,34,35,36,37,38,39,40,41,42,43,44,45,46,47,48,49,50,51,52,53,54,55,56,57,58,59,60,61,62,63,64,65,194,67,68,69,70,71,72,73,74,75,76,77,78,79,80,81,82,83,84,85,86,87,88,89,90,91,92,93,94,95,96,97,98,99,100,101,102,103,104,105,106,107,108,109,110,111,112,113,114,115,116,117,118,119,120,121,122,123,124,125,126,127,128,129,130,131,132,133,134,135,136,137,138,139,140,141,142,143,144,145,146,147,148,149,150,151,152,153,154,155,156,157,158,159,160,161,162,163,164,165,166,167,168,169,170,171,172,173,174,175,176,177,178,179,180,181,182,183,184,185,186,187,188,189,190,191,192,193,194,195,196,197,198,199,200,201,202,203,204,205,206,207,208,209,210,211,212,213,214,215,216,217,218,219,220,221,222,223,224,225,226,227,228,229,230,231,232,233,234,235,236,237,238,239,240,241,242,243,244,245,246,247,248,249,250,251,252,253,254,255,0,1,2,3,4,5,6,7,8,9,10,11,12,13,14,15,16,17,18,19,20,21,22,23,24,25,26,27,28,29,30,31,32,33,34,35,36,37,38,39,40,41,42,43,44,45,46,47,48,49,50,51,52,53,54,55,56,57,58,59,60,61,62,63,64,65,66,67,68,69,70,71,72,73,74,75,76,77,78,79,80,81,82,83,84,85,86,87,88,89,90,91,92,93,94,95,96,97,98,99,100,101,102,103,104,105,106,107,108,109,110,111,112,113,114,115,116,117,118,119,120,121,122,123,124,125,126,127,128,129,130,131,132,133,134,135,136,137,138,139,140,141,142,143,144,145,146,147,148,149,150,151,152,153,154,155,156,157,158,159,160,161,162,163,164,165,166,167,168,169,170,171,172,173,174,175,176,177,178,179,180,181,182,183,184,185,186,187,188,189,190,191,192,193,194,195,196,197,198,199,200,201,202,203,204,205,206,207,208,209,210,211,212,213,214,215,216,217,218,219,220,221,222,223,224,225,226,227,228,229,230,231,232,233,234,235,236,237,238,239,240,241,242,243,244,245,246,247,248,249,250,251,252,253,254,255,0,1,2,3,4,5,6,7,8,9,10,11,12,13,14,15,16,17,18,19,20,21,22,23,24,25,26,27,28,29,30,31]
CFO=8422.79955698278,STO=4
EsN0dB=16.90,GRXdB=40,N0=0.0001995262282434851
packet_number=37,correct=False,payload=[0,1,2,3,4,5,6,7,8,9,10,11,12,13,14,15,16,17,18,19,20,21,22,23,24,25,26,27,28,29,30,31,32,33,34,35,36,37,38,39,40,41,42,43,44,45,46,47,48,49,50,51,52,53,54,55,56,57,58,59,60,61,62,63,64,65,66,67,68,69,70,71,72,73,74,75,76,77,78,79,80,81,82,83,84,85,86,87,88,89,90,91,92,93,94,95,96,97,98,99,100,101,102,103,104,105,106,107,108,109,110,111,112,113,114,115,116,117,118,119,120,121,122,123,124,125,126,127,128,129,130,131,132,133,134,135,136,137,138,139,140,141,142,143,144,145,146,147,148,149,150,151,152,153,154,155,156,157,158,159,160,161,162,163,164,165,166,167,168,169,170,171,172,173,174,175,176,177,178,179,180,181,182,183,184,185,186,187,188,189,190,191,192,193,194,195,196,197,198,199,200,201,202,203,204,205,206,207,208,209,210,211,212,213,214,215,216,217,218,219,220,221,222,223,224,225,226,227,228,229,230,231,232,233,234,235,236,237,238,239,240,241,242,243,244,245,246,247,248,249,250,251,252,253,254,255,0,1,2,3,4,5,6,7,8,9,10,11,12,13,14,15,16,17,18,19,20,21,22,23,24,25,26,27,28,29,30,31,32,33,34,35,36,37,38,39,40,41,42,43,44,45,46,47,48,49,50,51,52,53,54,55,56,57,58,59,60,61,62,63,64,65,66,67,68,69,70,71,72,73,74,75,76,77,78,79,80,81,82,83,84,85,86,87,88,89,90,91,92,93,94,95,96,97,98,99,100,101,102,103,104,105,106,107,108,109,110,111,112,113,114,115,116,117,118,119,112,121,122,123,252,125,126,127,128,129,130,131,132,133,134,135,136,137,138,139,140,141,142,143,144,145,146,147,148,149,150,151,152,153,154,155,156,157,158,159,160,161,162,163,164,165,166,167,168,169,170,171,172,173,174,175,176,177,178,179,180,181,182,183,184,185,186,187,184,189,190,191,192,193,194,195,196,197,198,199,200,201,202,203,204,205,206,207,208,209,210,211,212,213,214,215,216,217,218,219,220,221,222,223,224,225,226,227,228,229,230,231,232,233,234,235,236,237,238,239,240,241,242,243,244,245,246,247,248,249,250,251,252,253,254,255,0,1,2,3,4,5,6,7,8,9,10,11,12,13,14,15,16,17,18,19,20,21,22,23,24,25,26,27,28,29,30,31,32,33,34,35,36,37,38,39,40,41,42,43,44,45,46,47,48,49,50,51,52,53,54,55,56,57,58,59,60,61,62,63,64,65,66,67,68,69,70,71,72,73,74,75,76,77,78,79,80,81,82,83,84,85,86,87,88,89,90,91,92,93,94,95,96,97,98,99,100,101,102,103,104,105,106,107,108,109,110,111,112,113,114,115,116,117,118,119,120,121,122,123,124,125,126,127,128,129,130,131,132,133,134,135,136,137,138,139,140,141,142,143,144,145,146,147,148,149,150,151,152,153,154,155,156,157,158,159,160,161,162,163,164,165,166,167,168,169,170,171,172,173,174,175,176,177,178,179,180,181,182,183,184,185,186,187,188,189,190,191,192,193,194,195,196,197,198,199,200,201,202,203,204,205,206,207,208,209,210,211,212,213,214,215,216,217,218,219,220,221,222,223,224,225,226,227,228,229,230,231,232,233,234,235,236,237,238,239,240,241,242,243,244,245,246,247,248,249,250,251,252,253,254,255,0,1,2,3,4,5,6,7,8,9,10,11,12,13,14,15,16,17,18,19,20,21,22,23,24,25,26,27,28,29,30,31]
CFO=7342.601819514417,STO=4
EsN0dB=16.98,GRXdB=40,N0=0.0001995262282434851
packet_number=38,correct=True,payload=[0,1,2,3,4,5,6,7,8,9,10,11,12,13,14,15,16,17,18,19,20,21,22,23,24,25,26,27,28,29,30,31,32,33,34,35,36,37,38,39,40,41,42,43,44,45,46,47,48,49,50,51,52,53,54,55,56,57,58,59,60,61,62,63,64,65,66,67,68,69,70,71,72,73,74,75,76,77,78,79,80,81,82,83,84,85,86,87,88,89,90,91,92,93,94,95,96,97,98,99,100,101,102,103,104,105,106,107,108,109,110,111,112,113,114,115,116,117,118,119,120,121,122,123,124,125,126,127,128,129,130,131,132,133,134,135,136,137,138,139,140,141,142,143,144,145,146,147,148,149,150,151,152,153,154,155,156,157,158,159,160,161,162,163,164,165,166,167,168,169,170,171,172,173,174,175,176,177,178,179,180,181,182,183,184,185,186,187,188,189,190,191,192,193,194,195,196,197,198,199,200,201,202,203,204,205,206,207,208,209,210,211,212,213,214,215,216,217,218,219,220,221,222,223,224,225,226,227,228,229,230,231,232,233,234,235,236,237,238,239,240,241,242,243,244,245,246,247,248,249,250,251,252,253,254,255,0,1,2,3,4,5,6,7,8,9,10,11,12,13,14,15,16,17,18,19,20,21,22,23,24,25,26,27,28,29,30,31,32,33,34,35,36,37,38,39,40,41,42,43,44,45,46,47,48,49,50,51,52,53,54,55,56,57,58,59,60,61,62,63,64,65,66,67,68,69,70,71,72,73,74,75,76,77,78,79,80,81,82,83,84,85,86,87,88,89,90,91,92,93,94,95,96,97,98,99,100,101,102,103,104,105,106,107,108,109,110,111,112,113,114,115,116,117,118,119,120,121,122,123,124,125,126,127,128,129,130,131,132,133,134,135,136,137,138,139,140,141,142,143,144,145,146,147,148,149,150,151,152,153,154,155,156,157,158,159,160,161,162,163,164,165,166,167,168,169,170,171,172,173,174,175,176,177,178,179,180,181,182,183,184,185,186,187,188,189,190,191,192,193,194,195,196,197,198,199,200,201,202,203,204,205,206,207,208,209,210,211,212,213,214,215,216,217,218,219,220,221,222,223,224,225,226,227,228,229,230,231,232,233,234,235,236,237,238,239,240,241,242,243,244,245,246,247,248,249,250,251,252,253,254,255,0,1,2,3,4,5,6,7,8,9,10,11,12,13,14,15,16,17,18,19,20,21,22,23,24,25,26,27,28,29,30,31,32,33,34,35,36,37,38,39,40,41,42,43,44,45,46,47,48,49,50,51,52,53,54,55,56,57,58,59,60,61,62,63,64,65,66,67,68,69,70,71,72,73,74,75,76,77,78,79,80,81,82,83,84,85,86,87,88,89,90,91,92,93,94,95,96,97,98,99,100,101,102,103,104,105,106,107,108,109,110,111,112,113,114,115,116,117,118,119,120,121,122,123,124,125,126,127,128,129,130,131,132,133,134,135,136,137,138,139,140,141,142,143,144,145,146,147,148,149,150,151,152,153,154,155,156,157,158,159,160,161,162,163,164,165,166,167,168,169,170,171,172,173,174,175,176,177,178,179,180,181,182,183,184,185,186,187,188,189,190,191,192,193,194,195,196,197,198,199,200,201,202,203,204,205,206,207,208,209,210,211,212,213,214,215,216,217,218,219,220,221,222,223,224,225,226,227,228,229,230,231,232,233,234,235,236,237,238,239,240,241,242,243,244,245,246,247,248,249,250,251,252,253,254,255,0,1,2,3,4,5,6,7,8,9,10,11,12,13,14,15,16,17,18,19,20,21,22,23,24,25,26,27,28,29,30,31]
CFO=-7230.530747520509,STO=1
EsN0dB=-12.48,GRXdB=40,N0=0.0001995262282434851
packet_number=39,correct=False,payload=[168,238,75,130,221,59,5,1,118,170,84,159,38,237,86,233,215,189,44,199,47,106,218,101,64,193,252,211,241,157,41,250,19,34,159,31,137,214,66,241,162,11,124,2,133,243,211,74,138,171,74,229,239,73,221,236,186,83,19,193,40,218,163,166,8,93,208,124,60,206,12,250,134,234,221,192,102,67,158,119,214,132,124,139,68,154,67,184,20,249,21,18,8,100,236,74,242,103,204,121,96,118,129,231,38,223,21,84,231,95,146,77,15,236,176,135,216,168,88,230,249,85,120,159,137,128,78,217,159,10,207,46,200,184,106,226,203,29,38,129,156,136,185,31,160,24,157,17,245,69,53,121,156,235,178,244,179,155,208,134,155,39,39,70,101,19,39,171,107,129,189,152,232,243,175,24,61,73,47,233,177,116,206,248,109,60,43,32,109,161,171,132,29,55,223,112,218,91,102,185,4,47,105,25,183,230,242,196,95,146,9,119,211,91,214,154,26,195,158,113,248,152,95,226,189,134,67,59,230,226,145,24,205,222,220,250,183,213,72,137,0,179,245,158,138,75,83,175,99,97,238,128,207,37,198,74,102,200,224,57,71,189,75,156,161,211,113,205,79,141,29,38,196,219,51,142,178,94,24,20,160,38,89,63,194,186,190,237,66,85,132,94,183,242,63,1,54,64,87,162,103,13,46,225,206,235,205,189,4,71,162,49,193,205,226,188,219,149,115,49,14,92,234,71,231,134,33,238,161,44,209,101,149,152,140,155,173,62,173,8,125,43,229,48,230,228,244,55,114,32,94,191,64,121,247,163,124,188,36,221,238,65,4,178,49,154,33,114,100,245,204,13,121,251,133,142,171,93,180,157,245,177,142,27,102,2,87,237,120,36,29,101,115,215,250,229,157,68,83,167,212,90,111,62,28,231,87,83,204,223,139,239,83,132,25,20,152,79,225,100,71,103,62,11,164,188,66,92,28,183,247,35,30,212,126,56,163,8,203,219,87,177,38,183,207,123,174,216,251,217,147,219,19,164,50,49,181,149,81,165,138,69,87,58,190,142,81,84,190,174,11,43,175,236,25,74,191,70,47,140,249,78,141,124,114,0,119,96,170,190,0,52,145,100,223,222,178,195,159,147,161,35,242,217,61,112,153,122,154,125,69,57,124,12,253,205,196,146,224,253,90,205,67,172,237,70,16,49,74,108,138,144,57,215,10,159,89,63,161,216,14,182,9,116,163,18,240,164,143,112,214,201,56,244,112,143,7,229,27,100,236,12,156,5,226,144,25,232,90,85,40,188,32,126,113,219,241,228,66,194,29,197,88,54,119,24,199,96,52,44,141,147,151,96,116,32,65,214,94,59,14,185,178,197,5,44,168,2,97,157,41,165,94,235,198,217,155,7,232,168,253,173,205,86,115,36,63,5,202,124,131,152,47,231,154,52,25,175,47,231,128,84,154,156,155,4,56,25,129,215,173,204,2,77,223,225,60,180,229,2,232,198,23,128,39,74,224,239,196,108,120,180,87,37,160,193,165,92,102,180,117,20,235,190,14,139,55,66,175,31,57,38,52,88,245,128,218,103,250,46,188,98,183,9,252,126,36,16,64,74,200,117,226,120,234,211,244,54,150,88,17,250,119,96,128,242,7,190,192,34,174,155,125,231,66,229,251,228,171,59,196,5,219,11,229,132,226,113,15,234,77,120,107,229,57,29,254,18,53,244,151,176,89,110,47,68,118,85,38,92,140,159,15,224,67,48,253,191,167,21,3,138,64,213,92,35,54,159,163,170,99,12,199,159,202,48,4,156,129,72]
CFO=8449.207724498727,STO=4
EsN0dB=16.77,GRXdB=40,N0=0.0001995262282434851
packet_number=40,correct=True,payload=[0,1,2,3,4,5,6,7,8,9,10,11,12,13,14,15,16,17,18,19,20,21,22,23,24,25,26,27,28,29,30,31,32,33,34,35,36,37,38,39,40,41,42,43,44,45,46,47,48,49,50,51,52,53,54,55,56,57,58,59,60,61,62,63,64,65,66,67,68,69,70,71,72,73,74,75,76,77,78,79,80,81,82,83,84,85,86,87,88,89,90,91,92,93,94,95,96,97,98,99,100,101,102,103,104,105,106,107,108,109,110,111,112,113,114,115,116,117,118,119,120,121,122,123,124,125,126,127,128,129,130,131,132,133,134,135,136,137,138,139,140,141,142,143,144,145,146,147,148,149,150,151,152,153,154,155,156,157,158,159,160,161,162,163,164,165,166,167,168,169,170,171,172,173,174,175,176,177,178,179,180,181,182,183,184,185,186,187,188,189,190,191,192,193,194,195,196,197,198,199,200,201,202,203,204,205,206,207,208,209,210,211,212,213,214,215,216,217,218,219,220,221,222,223,224,225,226,227,228,229,230,231,232,233,234,235,236,237,238,239,240,241,242,243,244,245,246,247,248,249,250,251,252,253,254,255,0,1,2,3,4,5,6,7,8,9,10,11,12,13,14,15,16,17,18,19,20,21,22,23,24,25,26,27,28,29,30,31,32,33,34,35,36,37,38,39,40,41,42,43,44,45,46,47,48,49,50,51,52,53,54,55,56,57,58,59,60,61,62,63,64,65,66,67,68,69,70,71,72,73,74,75,76,77,78,79,80,81,82,83,84,85,86,87,88,89,90,91,92,93,94,95,96,97,98,99,100,101,102,103,104,105,106,107,108,109,110,111,112,113,114,115,116,117,118,119,120,121,122,123,124,125,126,127,128,129,130,131,132,133,134,135,136,137,138,139,140,141,142,143,144,145,146,147,148,149,150,151,152,153,154,155,156,157,158,159,160,161,162,163,164,165,166,167,168,169,170,171,172,173,174,175,176,177,178,179,180,181,182,183,184,185,186,187,188,189,190,191,192,193,194,195,196,197,198,199,200,201,202,203,204,205,206,207,208,209,210,211,212,213,214,215,216,217,218,219,220,221,222,223,224,225,226,227,228,229,230,231,232,233,234,235,236,237,238,239,240,241,242,243,244,245,246,247,248,249,250,251,252,253,254,255,0,1,2,3,4,5,6,7,8,9,10,11,12,13,14,15,16,17,18,19,20,21,22,23,24,25,26,27,28,29,30,31,32,33,34,35,36,37,38,39,40,41,42,43,44,45,46,47,48,49,50,51,52,53,54,55,56,57,58,59,60,61,62,63,64,65,66,67,68,69,70,71,72,73,74,75,76,77,78,79,80,81,82,83,84,85,86,87,88,89,90,91,92,93,94,95,96,97,98,99,100,101,102,103,104,105,106,107,108,109,110,111,112,113,114,115,116,117,118,119,120,121,122,123,124,125,126,127,128,129,130,131,132,133,134,135,136,137,138,139,140,141,142,143,144,145,146,147,148,149,150,151,152,153,154,155,156,157,158,159,160,161,162,163,164,165,166,167,168,169,170,171,172,173,174,175,176,177,178,179,180,181,182,183,184,185,186,187,188,189,190,191,192,193,194,195,196,197,198,199,200,201,202,203,204,205,206,207,208,209,210,211,212,213,214,215,216,217,218,219,220,221,222,223,224,225,226,227,228,229,230,231,232,233,234,235,236,237,238,239,240,241,242,243,244,245,246,247,248,249,250,251,252,253,254,255,0,1,2,3,4,5,6,7,8,9,10,11,12,13,14,15,16,17,18,19,20,21,22,23,24,25,26,27,28,29,30,31]
CFO=7615.9284403067095,STO=5
EsN0dB=16.95,GRXdB=40,N0=0.0001995262282434851
packet_number=41,correct=True,payload=[0,1,2,3,4,5,6,7,8,9,10,11,12,13,14,15,16,17,18,19,20,21,22,23,24,25,26,27,28,29,30,31,32,33,34,35,36,37,38,39,40,41,42,43,44,45,46,47,48,49,50,51,52,53,54,55,56,57,58,59,60,61,62,63,64,65,66,67,68,69,70,71,72,73,74,75,76,77,78,79,80,81,82,83,84,85,86,87,88,89,90,91,92,93,94,95,96,97,98,99,100,101,102,103,104,105,106,107,108,109,110,111,112,113,114,115,116,117,118,119,120,121,122,123,124,125,126,127,128,129,130,131,132,133,134,135,136,137,138,139,140,141,142,143,144,145,146,147,148,149,150,151,152,153,154,155,156,157,158,159,160,161,162,163,164,165,166,167,168,169,170,171,172,173,174,175,176,177,178,179,180,181,182,183,184,185,186,187,188,189,190,191,192,193,194,195,196,197,198,199,200,201,202,203,204,205,206,207,208,209,210,211,212,213,214,215,216,217,218,219,220,221,222,223,224,225,226,227,228,229,230,231,232,233,234,235,236,237,238,239,240,241,242,243,244,245,246,247,248,249,250,251,252,253,254,255,0,1,2,3,4,5,6,7,8,9,10,11,12,13,14,15,16,17,18,19,20,21,22,23,24,25,26,27,28,29,30,31,32,33,34,35,36,37,38,39,40,41,42,43,44,45,46,47,48,49,50,51,52,53,54,55,56,57,58,59,60,61,62,63,64,65,66,67,68,69,70,71,72,73,74,75,76,77,78,79,80,81,82,83,84,85,86,87,88,89,90,91,92,93,94,95,96,97,98,99,100,101,102,103,104,105,106,107,108,109,110,111,112,113,114,115,116,117,118,119,120,121,122,123,124,125,126,127,128,129,130,131,132,133,134,135,136,137,138,139,140,141,142,143,144,145,146,147,148,149,150,151,152,153,154,155,156,157,158,159,160,161,162,163,164,165,166,167,168,169,170,171,172,173,174,175,176,177,178,179,180,181,182,183,184,185,186,187,188,189,190,191,192,193,194,195,196,197,198,199,200,201,202,203,204,205,206,207,208,209,210,211,212,213,214,215,216,217,218,219,220,221,222,223,224,225,226,227,228,229,230,231,232,233,234,235,236,237,238,239,240,241,242,243,244,245,246,247,248,249,250,251,252,253,254,255,0,1,2,3,4,5,6,7,8,9,10,11,12,13,14,15,16,17,18,19,20,21,22,23,24,25,26,27,28,29,30,31,32,33,34,35,36,37,38,39,40,41,42,43,44,45,46,47,48,49,50,51,52,53,54,55,56,57,58,59,60,61,62,63,64,65,66,67,68,69,70,71,72,73,74,75,76,77,78,79,80,81,82,83,84,85,86,87,88,89,90,91,92,93,94,95,96,97,98,99,100,101,102,103,104,105,106,107,108,109,110,111,112,113,114,115,116,117,118,119,120,121,122,123,124,125,126,127,128,129,130,131,132,133,134,135,136,137,138,139,140,141,142,143,144,145,146,147,148,149,150,151,152,153,154,155,156,157,158,159,160,161,162,163,164,165,166,167,168,169,170,171,172,173,174,175,176,177,178,179,180,181,182,183,184,185,186,187,188,189,190,191,192,193,194,195,196,197,198,199,200,201,202,203,204,205,206,207,208,209,210,211,212,213,214,215,216,217,218,219,220,221,222,223,224,225,226,227,228,229,230,231,232,233,234,235,236,237,238,239,240,241,242,243,244,245,246,247,248,249,250,251,252,253,254,255,0,1,2,3,4,5,6,7,8,9,10,11,12,13,14,15,16,17,18,19,20,21,22,23,24,25,26,27,28,29,30,31]
CFO=7405.569523200241,STO=2
EsN0dB=16.04,GRXdB=40,N0=0.0002511886414140463
packet_number=42,correct=False,payload=[128,1,2,3,4,5,6,7,8,9,10,11,12,13,14,15,16,17,18,19,6,21,23,31,8,25,26,27,28,29,30,15,32,33,162,35,36,37,38,39,40,45,62,11,44,45,46,7,48,49,50,51,52,53,54,55,56,57,26,63,60,61,62,63,64,65,66,67,196,71,102,71,72,73,203,73,76,77,79,79,80,81,82,83,84,84,86,95,120,89,26,91,92,93,222,63,96,97,98,99,100,101,102,103,120,105,106,111,100,111,110,111,184,113,114,115,52,117,118,119,120,121,122,121,124,125,126,127,128,129,130,131,132,133,134,135,200,137,138,137,140,141,142,135,144,145,146,147,148,133,150,151,152,153,154,155,156,157,158,159,160,161,162,163,166,197,166,167,136,173,168,171,172,45,174,175,184,177,178,179,244,183,214,55,184,184,186,187,188,253,190,191,192,65,194,195,196,193,198,199,200,201,198,203,204,205,206,207,208,209,210,211,212,213,214,215,220,217,218,255,220,220,223,223,224,241,226,227,228,101,230,231,232,233,238,107,238,253,238,231,240,241,242,243,244,247,246,247,248,249,250,251,252,255,254,255,0,1,2,3,132,1,6,7,8,9,10,11,12,13,15,15,16,17,18,19,16,21,22,7,24,25,158,27,28,29,30,31,32,33,34,35,36,37,38,39,40,41,42,43,44,37,46,47,176,49,50,59,180,52,54,55,56,57,58,59,60,60,62,63,64,65,66,67,68,69,70,71,104,73,64,75,76,77,14,79,16,89,82,83,84,85,86,87,88,88,90,91,92,93,222,95,96,97,98,99,100,101,102,103,104,121,106,107,100,109,126,111,112,112,114,115,116,117,118,119,248,121,122,123,124,125,254,127,128,193,130,131,132,133,134,135,136,137,138,139,142,205,142,143,144,145,146,147,148,133,151,151,152,153,154,31,156,157,158,143,160,161,162,163,164,165,230,167,172,169,170,163,172,173,174,175,176,177,178,179,180,181,246,183,184,185,186,187,188,191,190,191,192,193,194,227,196,197,198,71,200,201,202,203,236,205,206,79,208,209,210,211,212,213,214,223,216,217,218,219,220,221,222,223,240,225,226,227,228,229,231,231,232,233,234,235,236,237,238,239,240,241,242,243,244,245,246,247,248,253,250,251,252,253,254,255,0,1,2,3,0,5,6,7,8,9,10,11,12,13,14,15,16,17,18,19,20,21,22,23,24,25,26,27,28,29,30,31,32,33,34,35,36,37,38,39,40,41,42,43,44,45,46,47,48,17,50,51,52,53,54,55,56,57,26,59,60,61,62,63,64,65,66,67,68,69,66,71,72,73,74,75,76,77,78,111,80,81,82,83,84,85,86,87,88,89,90,91,92,93,94,95,96,97,98,99,100,101,102,103,104,105,106,107,108,109,110,111,112,113,114,115,116,119,118,119,120,121,122,123,124,125,126,127,128,129,130,3,134,133,134,135,136,137,138,139,140,141,142,207,144,145,146,147,148,149,150,151,152,137,154,155,156,157,158,159,160,161,162,163,164,165,166,167,168,168,170,171,172,173,174,175,176,177,178,179,180,177,182,183,184,185,186,251,188,189,190,191,192,193,226,195,196,197,198,199,200,201,194,203,204,205,206,207,208,209,210,211,212,213,214,215,216,217,218,219,220,221,222,207,224,225,226,227,228,229,230,231,232,233,234,235,236,237,238,239,240,241,242,243,244,245,243,247,252,249,250,251,252,253,254,255,0,1,2,3,4,5,6,7,12,9,10,11,12,13,6,15,16,17,18,19,20,21,22,19,24,25,27,27,28,29,30,31]
CFO=8540.802458543367,STO=1
EsN0dB=16.10,GRXdB=40,N0=0.0002511886414140463
packet_number=43,correct=False,payload=[128,0,2,1,0,4,7,7,8,9,0,15,12,13,142,15,0,17,1,11,138,21,7,15,12,8,10,9,30,12,143,15,160,1,129,1,32,7,150,7,40,5,32,31,52,36,182,7,48,24,16,51,48,55,191,19,56,25,59,59,28,61,63,31,96,64,1,3,4,65,2,71,12,72,78,3,196,7,14,15,200,89,66,83,214,117,6,115,72,28,190,89,44,125,110,47,32,32,178,99,52,52,119,115,224,32,108,123,116,101,110,63,120,49,122,57,180,53,178,119,120,57,255,63,124,126,62,63,192,1,129,3,128,1,195,7,196,140,142,3,198,135,143,135,144,81,136,193,150,29,142,195,136,29,216,205,156,223,223,143,160,129,226,147,134,103,247,3,160,152,158,161,190,13,134,135,144,56,241,147,144,248,182,179,184,25,186,153,252,190,158,31,224,224,193,67,196,67,199,195,196,232,201,201,206,79,198,79,224,192,227,83,252,213,246,115,232,88,238,91,204,205,223,223,240,97,226,115,224,101,226,103,224,232,238,253,228,101,238,239,240,112,251,243,248,240,242,119,248,252,251,251,252,125,254,255,0,1,2,3,0,1,6,3,8,8,129,3,12,5,134,15,0,16,18,11,132,21,18,31,152,25,24,15,12,13,158,15,128,1,160,51,38,37,134,7,152,9,40,27,172,36,30,31,144,17,18,27,20,48,54,55,156,57,28,27,62,63,62,31,64,1,226,65,6,37,6,39,8,8,74,65,108,100,6,15,112,72,18,91,64,20,14,23,120,24,74,43,94,28,78,111,32,33,35,115,100,97,34,99,224,105,234,41,44,44,127,119,112,112,242,59,112,117,50,55,120,125,58,121,124,63,254,63,128,192,128,3,132,129,131,7,136,9,140,139,132,143,206,135,144,17,195,145,210,155,150,151,136,13,138,9,158,156,158,143,160,17,160,3,130,163,166,231,164,129,129,1,164,175,238,175,176,185,179,19,190,145,242,187,184,189,184,27,190,189,190,127,192,193,194,193,192,100,230,231,200,72,235,67,236,205,199,71,192,208,208,67,204,192,246,215,216,249,218,203,220,223,222,79,224,225,226,227,224,101,226,227,236,225,232,233,228,236,246,239,240,241,248,241,240,246,246,119,248,120,248,127,252,125,254,255,0,1,130,1,4,5,6,7,8,0,10,11,140,15,14,15,128,17,16,19,16,17,6,3,152,9,25,27,156,29,31,31,0,17,2,3,0,5,54,7,8,13,40,41,12,5,54,47,48,17,50,19,52,53,22,59,56,25,186,27,60,61,31,31,64,1,96,67,68,4,71,71,104,77,10,75,108,77,6,79,0,81,80,83,4,69,82,87,104,9,90,27,62,93,30,95,96,97,226,35,38,53,102,103,232,105,122,43,108,101,174,39,112,113,114,115,112,121,54,119,120,125,58,127,124,125,126,127,128,65,130,131,132,129,130,135,140,201,136,11,132,140,206,143,144,129,146,147,132,148,146,19,152,152,136,157,140,157,206,143,160,161,162,161,162,39,167,39,160,128,164,129,164,173,190,143,184,48,146,147,180,181,182,183,184,185,186,187,188,63,158,159,192,193,192,195,196,199,198,199,200,201,232,107,196,204,206,79,208,209,211,219,212,210,214,71,216,249,216,201,204,76,254,223,224,241,226,241,230,229,230,231,232,225,224,97,236,229,238,255,240,121,243,243,244,248,254,243,248,248,248,249,252,253,254,255,128,0,2,1,6,5,6,3,8,9,10,11,12,13,6,15,144,17,144,3,24,21,22,31,8,24,10,27,12,29,30,31]
CFO=7297.590872884032,STO=4
EsN0dB=16.10,GRXdB=40,N0=0.0002511886414140463
packet_number=44,correct=True,payload=[0,1,2,3,4,5,6,7,8,9,10,11,12,13,14,15,16,17,18,19,20,21,22,23,24,25,26,27,28,29,30,31,32,33,34,35,36,37,38,39,40,41,42,43,44,45,46,47,48,49,50,51,52,53,54,55,56,57,58,59,60,61,62,63,64,65,66,67,68,69,70,71,72,73,74,75,76,77,78,79,80,81,82,83,84,85,86,87,88,89,90,91,92,93,94,95,96,97,98,99,100,101,102,103,104,105,106,107,108,109,110,111,112,113,114,115,116,117,118,119,120,121,122,123,124,125,126,127,128,129,130,131,132,133,134,135,136,137,138,139,140,141,142,143,144,145,146,147,148,149,150,151,152,153,154,155,156,157,158,159,160,161,162,163,164,165,166,167,168,169,170,171,172,173,174,175,176,177,178,179,180,181,182,183,184,185,186,187,188,189,190,191,192,193,194,195,196,197,198,199,200,201,202,203,204,205,206,207,208,209,210,211,212,213,214,215,216,217,218,219,220,221,222,223,224,225,226,227,228,229,230,231,232,233,234,235,236,237,238,239,240,241,242,243,244,245,246,247,248,249,250,251,252,253,254,255,0,1,2,3,4,5,6,7,8,9,10,11,12,13,14,15,16,17,18,19,20,21,22,23,24,25,26,27,28,29,30,31,32,33,34,35,36,37,38,39,40,41,42,43,44,45,46,47,48,49,50,51,52,53,54,55,56,57,58,59,60,61,62,63,64,65,66,67,68,69,70,71,72,73,74,75,76,77,78,79,80,81,82,83,84,85,86,87,88,89,90,91,92,93,94,95,96,97,98,99,100,101,102,103,104,105,106,107,108,109,110,111,112,113,114,115,116,117,118,119,120,121,122,123,124,125,126,127,128,129,130,131,132,133,134,135,136,137,138,139,140,141,142,143,144,145,146,147,148,149,150,151,152,153,154,155,156,157,158,159,160,161,162,163,164,165,166,167,168,169,170,171,172,173,174,175,176,177,178,179,180,181,182,183,184,185,186,187,188,189,190,191,192,193,194,195,196,197,198,199,200,201,202,203,204,205,206,207,208,209,210,211,212,213,214,215,216,217,218,219,220,221,222,223,224,225,226,227,228,229,230,231,232,233,234,235,236,237,238,239,240,241,242,243,244,245,246,247,248,249,250,251,252,253,254,255,0,1,2,3,4,5,6,7,8,9,10,11,12,13,14,15,16,17,18,19,20,21,22,23,24,25,26,27,28,29,30,31,32,33,34,35,36,37,38,39,40,41,42,43,44,45,46,47,48,49,50,51,52,53,54,55,56,57,58,59,60,61,62,63,64,65,66,67,68,69,70,71,72,73,74,75,76,77,78,79,80,81,82,83,84,85,86,87,88,89,90,91,92,93,94,95,96,97,98,99,100,101,102,103,104,105,106,107,108,109,110,111,112,113,114,115,116,117,118,119,120,121,122,123,124,125,126,127,128,129,130,131,132,133,134,135,136,137,138,139,140,141,142,143,144,145,146,147,148,149,150,151,152,153,154,155,156,157,158,159,160,161,162,163,164,165,166,167,168,169,170,171,172,173,174,175,176,177,178,179,180,181,182,183,184,185,186,187,188,189,190,191,192,193,194,195,196,197,198,199,200,201,202,203,204,205,206,207,208,209,210,211,212,213,214,215,216,217,218,219,220,221,222,223,224,225,226,227,228,229,230,231,232,233,234,235,236,237,238,239,240,241,242,243,244,245,246,247,248,249,250,251,252,253,254,255,0,1,2,3,4,5,6,7,8,9,10,11,12,13,14,15,16,17,18,19,20,21,22,23,24,25,26,27,28,29,30,31]
CFO=7221.067615289195,STO=2
EsN0dB=16.13,GRXdB=40,N0=0.0002511886414140463
packet_number=45,correct=False,payload=[0,1,2,3,4,5,6,7,8,9,10,11,12,13,14,15,16,17,18,19,20,21,22,23,24,25,26,27,28,29,30,31,32,33,34,35,36,37,38,39,40,41,42,43,44,45,46,47,48,49,50,51,52,53,54,55,56,57,58,59,60,61,62,63,64,65,66,67,68,69,70,71,72,73,74,75,76,77,78,79,80,81,82,83,84,85,86,87,88,89,90,91,92,93,94,95,96,97,98,99,100,101,102,103,104,105,106,107,108,109,110,111,112,113,114,115,116,117,118,119,120,121,122,123,124,125,126,127,128,129,130,131,132,133,134,135,136,137,138,139,140,141,142,143,144,145,146,147,148,149,150,151,152,153,154,155,156,157,158,159,160,161,162,163,164,165,166,167,168,169,170,171,172,173,174,175,176,177,178,179,180,181,182,183,184,185,186,187,188,189,190,191,192,193,194,195,196,197,198,199,200,201,202,203,204,205,206,207,208,209,210,211,212,213,214,215,216,217,218,219,220,221,222,223,224,225,226,227,228,229,230,231,232,233,234,235,236,237,238,239,240,241,242,243,244,245,246,247,248,249,250,251,252,253,254,255,0,1,2,3,4,5,6,7,8,9,10,11,12,13,14,15,16,17,18,19,20,21,22,23,24,25,26,27,28,29,30,31,32,33,34,35,36,37,38,39,40,41,42,43,44,45,46,47,48,49,50,51,52,53,54,55,56,57,58,59,60,61,62,63,64,65,66,67,68,69,70,71,72,73,74,75,76,77,78,79,80,81,82,83,84,85,86,87,88,89,90,91,92,93,94,95,96,97,98,99,100,101,102,103,104,105,106,107,108,109,110,111,112,113,114,115,116,117,118,119,120,121,122,123,124,125,126,127,128,129,130,131,132,133,134,135,136,137,138,139,140,141,142,143,144,145,146,147,148,149,150,151,152,153,154,155,156,157,158,159,160,161,162,163,164,165,166,167,168,169,170,171,172,173,174,175,176,177,178,179,180,181,182,183,184,185,186,187,188,189,190,191,192,193,194,195,196,197,198,199,200,201,202,203,204,205,206,207,208,209,210,211,212,213,214,215,216,217,218,219,220,221,222,223,224,225,226,227,228,229,230,231,232,233,234,235,236,237,238,239,240,241,242,243,244,245,246,247,248,249,250,251,252,253,254,255,0,1,2,3,4,5,6,7,8,9,10,11,12,13,14,15,16,17,18,19,20,21,22,23,24,25,26,27,28,29,30,31,32,33,34,35,36,37,38,39,40,41,42,43,44,45,46,47,48,49,50,51,52,53,54,55,56,57,58,59,60,61,62,63,192,65,66,67,68,69,70,71,72,73,74,75,76,77,78,79,80,81,82,83,84,85,86,87,88,89,90,91,92,93,94,95,96,97,98,99,100,101,102,103,104,105,106,107,108,109,110,111,112,113,114,115,116,117,118,119,120,121,122,123,124,125,126,127,128,129,130,131,132,133,134,135,136,137,138,139,140,141,142,143,144,145,146,147,148,149,150,151,152,153,154,155,156,157,158,159,160,161,162,163,164,165,166,167,168,169,170,171,172,173,174,175,176,177,178,179,180,181,182,183,184,185,186,187,188,189,190,191,192,193,194,195,196,197,198,199,200,201,202,203,204,205,206,207,208,209,210,211,212,213,214,215,216,217,218,219,220,221,222,223,224,225,226,227,228,229,230,231,232,233,234,235,236,237,238,239,240,241,242,243,244,245,246,247,248,249,250,251,252,253,254,255,0,1,2,3,4,5,6,7,8,9,10,11,12,13,14,15,16,17,18,19,20,21,22,23,24,25,26,27,28,29,30,31]
CFO=8287.813200323479,STO=2
EsN0dB=16.01,GRXdB=40,N0=0.0002511886414140463
packet_number=46,correct=False,payload=[0,1,2,3,4,5,6,7,8,9,10,11,12,13,14,15,16,17,18,19,20,21,22,23,24,25,26,27,28,29,30,31,32,33,34,35,36,37,38,39,40,41,42,43,44,45,46,47,48,49,50,51,52,53,54,55,56,57,58,59,60,61,62,63,64,65,66,67,68,69,70,71,72,73,74,75,76,77,78,79,80,81,82,83,84,85,86,87,88,89,90,91,92,93,94,95,96,97,98,99,100,101,102,103,104,105,106,107,108,109,110,111,112,113,114,115,116,117,118,119,120,121,122,123,124,125,126,127,128,129,130,131,132,133,134,135,136,137,138,139,140,141,142,143,144,145,146,147,148,149,150,151,152,153,154,155,156,157,158,159,160,161,162,163,164,165,166,167,168,169,170,171,172,173,174,175,176,177,178,179,180,181,182,183,184,185,186,187,188,189,190,191,192,193,194,195,196,197,198,199,200,201,202,203,204,205,206,207,208,209,210,211,212,213,214,215,216,217,218,219,220,221,222,223,224,225,226,227,228,229,230,231,232,233,234,235,236,237,238,239,240,241,242,243,244,245,246,247,248,249,250,251,252,253,254,255,0,1,2,3,4,5,6,7,8,9,10,11,12,13,14,15,16,16,18,19,20,21,22,23,24,25,26,27,28,29,30,31,32,33,34,35,36,37,38,39,40,41,42,43,44,45,46,47,48,49,50,51,52,53,54,55,56,57,58,59,60,61,62,63,64,65,66,67,68,69,70,71,72,73,74,75,76,77,78,79,80,81,82,83,84,85,86,87,88,89,90,91,92,93,94,95,96,97,98,99,100,101,102,103,104,105,106,107,108,109,110,111,112,113,114,115,116,117,118,119,120,121,122,123,124,125,126,127,128,129,130,131,132,133,134,135,136,137,138,139,140,141,142,143,144,145,146,147,148,149,150,151,152,153,154,155,156,157,158,159,160,161,162,163,164,165,166,167,168,169,170,171,172,173,174,175,176,177,178,179,180,181,182,183,184,185,186,187,188,189,190,191,192,193,194,195,196,197,198,199,200,201,202,203,204,205,206,207,208,209,210,211,212,213,214,215,216,217,218,219,220,221,222,223,224,225,226,227,228,229,230,231,232,233,234,235,236,237,238,239,240,241,242,243,244,245,246,247,248,249,250,251,252,253,254,255,0,1,2,3,4,5,6,7,8,9,10,11,12,13,14,15,16,17,18,19,20,21,22,23,24,25,26,27,28,29,30,31,32,33,34,35,36,37,38,39,40,41,42,43,44,45,46,47,48,49,50,51,52,53,54,55,56,57,58,59,60,61,62,63,64,65,66,67,68,69,70,71,72,73,74,75,76,77,78,79,80,81,82,83,84,85,86,87,88,89,90,91,92,93,94,95,96,97,98,99,100,101,102,103,104,105,106,107,108,109,110,111,112,113,114,115,116,117,118,119,120,121,122,123,124,125,126,127,128,129,130,131,132,133,134,135,136,137,138,139,140,141,142,143,144,145,146,147,148,149,150,151,152,153,154,155,156,157,158,159,160,161,162,163,164,165,166,167,168,169,170,171,172,173,174,175,176,177,178,179,180,181,182,183,184,185,186,187,188,189,190,191,192,193,194,195,196,197,198,199,200,201,202,203,204,205,206,207,208,209,210,211,212,213,214,215,216,217,218,219,220,221,222,223,224,225,226,227,228,229,230,231,232,233,234,235,236,237,238,239,240,241,242,243,244,245,246,247,248,249,250,251,252,189,254,255,0,1,2,3,4,5,6,7,8,9,10,11,12,13,14,15,16,17,18,19,20,21,22,23,24,25,26,27,28,29,30,31]
CFO=-373.50332151751206,STO=4
EsN0dB=-8.45,GRXdB=40,N0=0.0002511886414140463
packet_number=47,correct=False,payload=[122,185,149,51,138,167,3,120,139,249,228,159,161,118,19,68,57,32,134,57,123,127,186,126,100,151,31,99,1,138,217,142,251,153,141,138,234,139,174,20,106,209,240,160,1,151,93,130,192,184,137,107,170,66,100,30,226,163,147,76,31,102,201,89,240,184,208,175,96,135,232,125,244,7,8,241,223,34,165,212,152,53,205,130,135,196,20,238,209,27,212,208,138,90,220,166,6,200,3,33,211,154,122,253,244,111,134,63,215,185,239,187,200,133,188,72,48,167,16,193,19,22,200,77,86,169,19,75,25,72,111,25,54,206,166,129,217,82,122,85,146,15,96,51,21,43,169,96,86,47,136,158,120,52,133,220,36,77,220,228,200,177,247,68,124,48,251,95,89,13,124,39,228,242,194,129,146,175,31,124,52,21,31,114,26,254,136,207,111,136,115,187,96,122,157,27,125,198,53,207,63,158,142,211,177,88,52,223,117,246,117,76,144,184,207,0,16,27,118,127,117,103,58,25,48,248,217,79,193,224,231,231,82,60,127,142,154,72,173,10,146,247,74,4,26,12,186,107,100,118,24,52,41,47,185,88,108,207,89,164,199,50,92,160,12,41,24,77,119,237,218,41,97,46,186,170,57,187,164,70,129,164,114,68,239,208,38,131,94,130,221,90,175,67,54,224,105,109,205,128,197,172,155,54,38,144,10,166,79,58,143,222,42,128,247,204,84,86,186,122,184,130,232,224,162,126,9,73,133,85,103,172,143,252,215,157,247,83,15,105,7,126,33,41,224,44,56,187,233,242,172,162,166,140,113,240,104,78,97,40,102,62,217,27,110,226,111,82,100,134,65,147,150,162,145,73,43,173,221,205,34,82,53,113,188,109,57,18,191,108,84,1,61,229,202,206,62,86,21,17,121,237,222,175,213,36,94,158,82,78,85,59,228,15,138,120,147,61,139,212,168,77,215,221,212,19,109,154,98,162,170,13,26,33,191,24,68,196,68,96,80,73,234,7,255,144,137,1,8,106,61,45,25,13,19,42,111,75,76,195,64,188,89,244,76,39,154,178,124,60,107,162,7,240,189,170,29,252,82,176,74,59,33,61,43,5,149,52,181,41,115,109,184,153,147,215,255,159,103,204,71,84,79,91,196,110,16,169,251,1,123,108,18,141,21,242,175,151,192,79,220,144,140,32,12,92,53,177,199,164,33,39,83,111,116,119,120,104,235,211,110,119,169,38,203,167,62,2,216,182,176,67,235,220,222,202,52,90,190,75,250,222,202,59,116,163,21,103,27,71,156,201,151,113,32,36,105,31,52,116,101,22,250,77,236,33,173,123,94,181,164,221,234,215,191,252,98,232,241,18,32,156,223,232,50,137,82,89,112,255,64,95,109,30,73,191,199,133,198,197,167,30,163,225,232,42,249,184,228,60,27,161,56,234,123,20,155,253,113,211,96,27,239,212,105,137,228,52,50,112,70,104,178,20,55,10,31,33,23,182,225,93,88,70,213,30,52,227,125,37,86,180,89,217,8,173,206,116,225,190,98,101,252,13,113,1,59,110,28,136,173,3,8,198,74,189,125,131,65,174,12,42,11,228,6,98,115,202,253,58,212,254,203,93,83,231,27,171,18,231,251,47,221,28,201,137,121,24,115,191,117,254,221,193,100,246,85,189,176,73,130,120,103,198,140,184,218,212,46,27,158,222,254,149,161,150,21,15,81,176,142,16,42,14,160,58,14,97,41,99,50,72,252,129,82,235,168,208,221,140,224,193,17,131,184,208,47,42,151,145,10,196,234,65,252,132,57,246,209,180]
CFO=-1520.3650096616036,STO=3
EsN0dB=-4.40,GRXdB=40,N0=0.0002511886414140463
packet_number=48,correct=False,payload=[6,234,19,254,242,201,173,169,229,34,144,59,237,149,59,202,48,96,167,154,57,88,34,146,249,235,52,13,55,163,178,82,206,234,221,90,131,149,242,52,230,152,45,252,136,217,208,74,128,55,9,1,240,243,203,69,33,195,10,26,170,227,65,117,113,61,103,134,8,135,236,112,171,45,92,33,180,108,8,143,52,248,215,109,156,5,25,171,185,122,1,208,226,167,110,208,25,55,92,103,137,9,56,187,133,185,61,3,76,138,216,200,188,156,255,6,113,164,11,123,85,233,136,135,109,20,194,254,87,32,83,230,77,93,75,78,171,180,80,182,115,1,201,181,48,91,101,6,254,123,15,107,110,182,212,157,53,216,130,136,205,62,24,53,72,230,127,11,191,8,254,166,254,50,173,54,96,198,133,109,15,231,220,36,219,52,67,149,249,246,202,136,245,225,153,22,188,234,160,222,218,87,10,116,12,182,157,128,219,189,133,112,93,233,102,115,53,91,223,1,74,94,92,179,83,154,61,98,108,155,103,53,202,107,177,143,135,7,56,164,121,89,24,12,175,6,253,170,92,166,101,168,218,207,14,128,225,64,136,133,123,149,145,229,50,17,1,9,60,3,31,63,132,249,153,211,55,200,110,245,121,157,47,28,164,158,8,158,56,163,209,234,55,242,40,3,211,253,227,135,211,36,185,243,81,208,229,99,243,173,142,115,103,235,168,53,103,80,108,184,243,233,230,15,25,194,235,148,85,49,203,55,229,171,5,109,230,218,61,234,151,212,253,30,223,69,0,145,41,47,218,141,126,188,243,191,7,33,231,237,110,37,63,142,194,139,138,244,30,250,206,58,48,200,58,156,202,25,203,187,72,102,111,110,83,95,213,252,19,134,89,51,248,165,217,7,209,178,202,135,144,23,121,70,171,139,183,139,188,58,224,250,82,8,92,180,201,67,99,250,172,171,218,239,219,161,4,220,141,73,7,95,239,34,246,106,101,207,255,250,54,86,71,17,221,140,76,220,63,140,64,140,146,246,208,50,255,110,132,190,90,128,38,219,49,113,47,177,157,44,105,208,38,179,92,172,17,197,219,241,186,146,16,32,164,3,64,4,62,59,116,74,211,20,39,202,104,151,195,174,36,202,216,188,21,67,228,29,113,129,202,225,124,250,93,223,120,120,54,23,98,12,88,210,204,224,115,92,249,169,95,32,199,134,126,162,72,159,56,141,41,123,23,0,37,223,109,127,25,216,201,177,167,227,49,250,211,93,218,209,70,240,0,104,155,129,235,57,188,194,16,56,248,4,235,3,73,15,251,31,203,248,211,120,40,135,105,201,138,106,5,73,206,246,25,41,152,48,152,63,8,145,70,121,124,69,231,20,108,76,132,37,117,214,155,100,130,131,24,112,194,117,241,175,90,7,40,116,198,196,194,53,108,241,219,22,51,19,33,48,24,142,42,60,76,244,39,113,127,197,24,0,176,132,236,29,20,203,168,147,150,56,33,254,198,164,110,106,24,165,63,183,57,101,41,10,98,147,202,191,203,150,25,2,13,158,191,162,75,17,157,97,180,233,170,160,244,242,239,137,214,246,207,145,30,25,29,91,14,148,119,184,103,33,102,43,224,11,234,231,236,90,37,80,197,218,164,68,176,49,105,254,101,159,190,227,177,137,78,39,57,98,87,241,86,85,209,200,110,131,108,31,252,217,114,100,82,45,16,218,232,118,79,230,98,156,47,213,215,123,220,25,94,43,217,2,164,168,107,205,34,4,205,221,42,234,75,209,84,122,183,93,39,201,82,244,92,166,20,247]
CFO=-11573.02509780037,STO=2
EsN0dB=14.90,GRXdB=40,N0=0.0002511886414140463
packet_number=49,correct=False,payload=[49,42,170,97,127,11,60,146,107,187,254,94,153,151,238,230,229,122,253,108,122,243,163,11,24,12,70,13,177,138,238,162,119,155,20,89,114,99,29,99,15,111,86,64,161,66,152,30,223,16,38,220,150,179,220,114,108,225,218,75,213,87,236,103,54,226,157,117,167,8,56,219,244,208,190,150,191,174,9,227,83,82,155,214,254,232,204,50,60,188,228,122,145,131,4,155,93,238,64,71,74,238,177,62,175,33,185,91,76,163,71,188,60,84,125,238,135,180,165,42,62,42,180,133,220,93,94,193,140,54,11,159,225,41,178,95,91,229,67,188,87,127,191,18,172,104,62,183,2,30,91,179,149,174,61,249,228,103,152,110,253,143,207,132,177,78,245,73,150,134,32,87,53,111,39,30,191,183,184,122,124,117,62,138,165,22,104,78,179,255,255,255,255,255,255,255,255,255,255,255,255,255,255,255,255,255,255,255,255,255,255,255,255,255,255,255,255,255,255,255,255,251,255,255,127,255,255,255,255,255,255,255,255,255,255,255,255,255,255,255,255,255,255,255,255,253,255,255,255,255,127,255,255,255,255,255,255,255,255,255,255,255,255,255,255,254,255,255,255,255,255,255,255,255,255,255,255,255,251,247,255,255,255,255,255,255,255,255,255,255,255,255,255,255,255,255,255,255,255,255,255,253,255,255,255,255,255,255,255,255,255,255,255,255,255,255,255,255,255,255,255,255,255,255,255,255,255,255,255,255,255,255,255,255,255,255,255,255,255,255,255,255,255,255,255,255,255,255,255,255,255,255,255,255,255,255,255,255,255,255,255,255,255,255,255,255,255,255,255,255,255,255,255,255,255,255,255,255,255,255,255,255,255,255,255,255,255,255,255,255,255,255,255,255,255,255,255,255,255,255,255,255,255,255,255,255,255,255,255,255,255,255,255,255,255,255,255,255,255,255,255,255,255,255,255,255,255,255,255,255,255,255,255,255,255,255,255,255,255,255,255,255,255,255,255,255,255,255,255,255,255,255,255,255,255,255,255,255,255,255,255,255,255,255,255,255,255,254,255,255,251,255,255,255,255,255,255,254,255,255,255,255,255,255,255,255,255,255,255,254,255,255,255,255,251,255,255,255,255,255,255,255,255,255,255,255,255,255,255,255,255,255,255,255,255,255,255,255,255,255,255,255,255,255,255,255,255,255,255,255,255,255,255,255,255,255,255,255,255,255,255,255,255,255,255,255,255,255,255,255,255,255,255,255,255,255,255,255,255,255,255,255,255,255,255,255,255,255,255,255,255,255,255,255,255,255,255,255,255,255,255,189,247,255,255,255,255,255,255,255,255,255,255,255,255,255,255,255,255,255,255,255,255,255,255,255,255,255,255,255,255,255,255,255,255,255,255,255,239,255,255,255,255,255,255,255,255,255,255,255,255,255,255,255,255,255,255,255,255,255,255,255,255,255,255,255,247,255,255,255,255,255,255,255,255,255,255,255,255,255,255,255,255,255,255,255,255,255,255,255,255,255,255,255,255,255,255,255,255,255,255,255,255,255,255,255,255,255,255,255,255,255,255,255,255,255,255,255,255,255,255,255,255,255,255,255,255,255,255,255,255,255,127,255,255,255,255,255,255,255,255,255,255,255,255,255,255,255,255,255,255,255,255,255,255,255,255,255,255,255,255,255,255,255,255,255,255,255,255,255,255,255,255,255,255,255,255,255,255,255,255,255,255,254,255,255,255,255,255,255,255,255,255,255,255,255,255,255,255,255,255,255,255,255,255,253,255,255,255,255,255,255,255,253,255,255,255,255,255,255]
CFO=-7531.341764941718,STO=1
EsN0dB=-11.87,GRXdB=40,N0=0.0002511886414140463
packet_number=50,correct=False,payload=[235,38,19,98,240,130,170,188,127,184,15,22,71,45,89,91,121,39,163,227,125,113,38,149,32,134,215,235,251,227,80,111,181,101,15,31,171,205,233,92,102,33,87,87,200,133,11,165,156,196,96,94,66,69,163,104,179,253,41,48,210,99,82,33,186,32,183,166,139,171,5,31,208,239,169,115,247,22,197,110,192,184,100,226,202,154,18,17,114,78,45,136,98,27,94,183,102,62,91,196,232,163,164,217,218,122,19,206,148,28,177,237,206,39,49,148,5,241,35,163,190,224,118,127,248,225,129,130,167,216,79,67,73,106,235,79,91,175,145,108,181,13,45,94,184,0,253,121,70,202,54,1,152,113,44,149,183,31,125,134,98,178,79,153,1,43,105,218,74,2,199,17,49,251,136,131,148,181,161,30,28,127,168,162,240,161,177,62,152,43,214,155,126,113,55,229,175,10,212,13,186,217,114,7,103,97,208,80,83,63,219,175,51,11,184,196,136,239,239,219,192,54,83,226,255,165,3,180,85,231,194,181,145,10,251,217,186,69,142,227,238,190,162,217,3,222,8,140,220,72,27,151,106,99,130,158,112,160,215,253,5,6,0,98,144,207,22,209,152,144,247,46,21,182,74,87,188,185,171,4,88,153,112,224,111,214,148,238,31,220,115,152,61,18,155,138,55,244,186,180,48,86,136,193,211,71,107,228,219,244,134,195,64,207,140,116,87,210,21,171,210,129,105,10,98,124,150,189,14,49,199,221,120,212,215,38,158,77,199,221,101,160,25,74,46,103,46,101,62,7,155,233,16,124,127,117,123,123,83,22,170,233,91,190,185,221,146,255,9,1,70,160,119,188,108,167,168,10,164,25,41,252,109,155,43,34,193,57,203,43,253,68,45,147,235,0,119,146,93,52,79,189,4,233,116,68,106,135,116,187,24,225,111,21,122,156,173,44,249,68,48,25,32,241,88,25,42,115,159,121,17,181,46,125,55,93,180,83,9,75,112,252,21,102,236,229,50,5,230,1,59,12,253,230,221,12,251,28,53,167,71,68,211,234,247,108,105,250,19,61,33,149,36,176,206,202,55,149,19,188,231,125,223,201,133,74,55,44,106,4,234,208,242,130,20,202,54,108,0,119,136,28,112,147,207,153,148,38,16,165,39,104,47,164,254,229,6,209,131,30,186,125,225,171,96,55,200,240,233,210,200,226,251,43,14,242,236,166,128,195,211,114,27,180,116,30,62,223,244,252,224,98,243,137,157,96,32,98,50,213,161,157,68,40,201,11,237,191,68,117,139,118,200,133,177,211,13,248,206,51,199,228,170,131,90,32,203,24,230,65,208,27,40,159,254,130,171,109,143,99,69,183,192,133,246,26,67,65,142,42,90,15,8,220,27,100,2,211,127,56,5,94,118,53,111,219,67,27,147,222,125,189,77,45,15,230,255,219,185,55,223,126,93,112,113,191,123,145,117,15,251,70,39,137,52,145,46,70,119,141,1,97,44,41,234,74,81,154,82,16,53,83,151,175,214,74,100,190,76,244,30,103,165,17,79,60,214,205,65,78,129,198,131,155,221,174,107,157,126,46,232,119,56,214,185,76,159,72,108,117,225,22,62,79,85,175,50,88,238,102,88,56,67,149,172,77,32,132,45,14,123,10,101,69,8,234,207,194,195,95,60,174,90,193,219,219,96,183,12,111,210,248,6,100,208,47,180,131,225,160,67,97,232,110,0,37,9,254,82,182,120,78,72,191,238,12,92,62,92,32,33,25,181,250,157,190,123,145,77,103,127,245,15,116,46,118,55,17,1,81]
CFO=4565.064127802496,STO=7
EsN0dB=-3.15,GRXdB=40,N0=0.0002511886414140463
packet_number=51,correct=False,payload=[33,149,80,164,193,162,80,98,236,211,251,19,69,210,185,66,125,41,24,185,192,72,48,44,116,194,16,227,21,213,189,56,44,158,85,146,62,122,52,201,3,136,129,109,110,50,129,126,137,100,82,120,81,103,225,236,45,228,99,235,171,2,68,122,219,182,15,35,22,186,125,228,190,2,17,142,7,46,225,164,226,22,36,185,105,164,218,152,222,95,171,227,145,82,102,203,149,169,151,216,218,18,232,112,5,18,62,74,46,149,128,201,126,197,9,29,79,33,160,144,93,133,9,4,24,85,107,221,175,203,161,227,206,110,9,77,114,154,152,178,203,172,101,18,60,243,250,243,197,203,179,213,90,158,173,28,151,235,76,206,72,111,96,186,30,84,7,238,75,14,151,221,210,146,184,84,68,173,244,129,112,197,52,201,247,65,250,118,71,66,205,67,191,183,168,151,168,176,134,220,119,91,169,115,248,175,48,169,203,60,201,244,29,164,120,38,10,84,70,156,231,44,11,16,144,67,172,40,162,158,212,26,126,132,18,231,165,206,238,5,27,203,222,150,209,239,17,40,43,243,27,180,232,251,184,42,173,27,130,252,111,8,223,120,143,170,16,214,97,236,78,218,39,251,117,1,42,251,7,53,238,33,193,170,21,180,150,167,141,254,16,45,158,82,255,238,112,223,18,127,154,130,86,232,166,73,10,115,58,98,121,245,209,230,142,8,72,199,113,51,141,249,76,125,68,252,42,59,43,49,96,22,171,191,145,154,208,42,232,59,91,123,245,141,131,28,202,60,116,168,242,1,81,91,232,130,81,60,255,80,155,159,33,26,42,84,221,23,211,141,128,220,92,6,196,239,48,42,185,19,252,140,219,196,156,64,202,136,210,65,218,9,193,191,60,39,64,135,236,178,247,33,31,144,2,151,193,136,161,225,221,65,85,251,208,185,78,210,254,23,182,204,232,137,93,221,180,74,108,109,24,202,53,95,83,39,64,57,192,9,8,145,138,201,60,254,95,69,208,15,226,29,4,119,86,87,19,96,140,208,201,242,109,130,153,31,203,21,7,94,81,114,42,130,122,148,65,111,61,226,238,174,18,97,34,68,126,135,251,177,251,16,115,28,236,91,224,105,96,235,27,11,14,111,169,148,59,135,118,235,32,51,185,114,194,48,229,209,195,113,57,123,207,137,194,245,2,156,84,161,6,115,80,115,45,75,60,44,21,163,12,244,66,5,201,140,161,179,58,184,3,33,223,196,42,34,39,121,125,147,254,184,34,201,27,245,226,254,244,220,134,86,230,178,101,13,44,186,243,162,124,246,90,88,90,240,140,113,139,38,247,21,83,44,244,124,144,91,147,105,169,206,120,244,97,144,19,102,73,53,2,130,120,188,147,245,188,249,153,220,58,214,78,96,13,208,214,49,201,212,203,165,62,90,75,4,243,165,30,249,124,255,76,100,192,183,225,9,245,73,20,9,47,189,203,48,3,13,10,129,205,26,66,58,134,108,10,115,46,57,6,136,23,238,42,116,149,104,16,51,0,80,183,161,157,159,63,104,47,223,107,193,102,199,138,54,120,3,33,198,204,51,165,51,195,144,169,43,30,209,2,47,139,254,55,67,250,211,179,159,60,79,12,0,161,48,218,97,25,174,100,205,3,151,241,44,37,186,163,39,149,68,118,193,95,237,27,189,115,159,152,216,70,96,65,123,118,53,232,250,228,156,222,218,203,241,109,51,131,244,69,168,209,130,51,173,100,193,168,3,87,244,210,101,210,158,111,191,196,59,180,236,207,205,214,186,64,177,101,60]
CFO=7367.64394919636,STO=4
EsN0dB=16.01,GRXdB=40,N0=0.0002511886414140463
packet_number=52,correct=False,payload=[0,1,2,3,4,5,6,7,8,9,10,11,12,13,14,15,16,17,18,19,20,21,22,23,24,25,26,27,28,29,30,31,32,33,34,35,36,37,38,39,40,41,42,43,44,45,46,47,48,113,50,51,52,53,54,55,56,57,58,59,60,61,62,63,64,65,66,67,68,69,70,71,72,73,74,75,76,77,78,79,80,81,82,83,84,85,86,87,88,89,90,91,92,93,94,95,96,97,98,99,100,101,102,103,104,105,106,107,108,109,110,111,112,113,114,115,116,117,118,119,120,121,122,123,124,125,126,127,128,129,130,131,132,133,134,135,136,137,138,139,140,141,142,143,144,145,146,147,148,149,150,151,152,153,154,155,156,157,158,159,160,161,162,163,164,165,166,167,168,169,170,171,172,173,174,175,176,177,178,179,180,181,182,183,184,185,186,187,188,189,190,191,192,193,194,195,196,197,198,199,200,201,202,203,204,205,206,207,208,209,210,211,212,213,214,215,216,217,218,219,220,221,222,223,224,225,226,227,228,229,230,231,232,233,234,235,236,237,238,239,240,241,242,243,244,245,246,247,248,249,250,251,252,253,254,255,0,1,2,3,4,5,6,7,8,9,10,11,12,13,14,15,16,17,18,19,20,21,22,23,24,25,26,27,28,29,30,31,32,33,34,35,36,37,38,39,40,41,42,43,44,45,46,47,48,49,50,51,52,53,54,55,56,57,58,59,60,61,62,63,64,65,66,67,68,69,70,71,72,73,74,75,76,77,78,79,80,81,82,83,84,85,86,87,88,89,90,91,92,93,94,95,96,97,98,99,100,101,102,103,104,105,106,107,108,109,110,111,112,113,114,115,116,117,118,119,120,121,122,123,124,125,126,127,128,129,130,131,132,133,134,135,137,137,138,139,140,141,142,143,144,145,146,147,148,149,150,151,152,153,154,155,156,157,158,159,160,161,162,163,164,165,166,167,168,169,170,171,172,173,174,175,176,177,178,179,180,181,182,183,184,185,186,187,188,189,190,191,192,193,194,195,196,197,198,199,200,201,202,203,204,205,206,207,208,209,210,211,212,213,214,215,216,217,218,219,220,221,222,223,224,225,226,227,228,229,230,231,232,233,234,235,236,237,238,239,240,241,242,243,244,245,246,247,248,249,250,251,252,253,254,255,0,1,2,3,4,5,6,7,8,9,10,11,12,13,14,15,16,17,18,19,20,21,22,7,24,25,26,27,28,29,30,31,32,33,34,35,36,37,38,39,40,41,42,43,44,45,46,47,48,49,114,51,52,53,54,55,56,57,58,59,60,61,62,63,64,65,66,67,68,69,70,71,72,73,74,75,76,77,78,79,80,81,82,83,84,85,86,87,88,89,90,91,92,93,94,95,96,97,98,99,100,101,102,103,104,105,106,107,108,237,110,111,112,113,114,115,116,117,118,119,120,121,122,123,124,125,126,127,128,129,130,131,132,133,134,135,136,137,138,139,140,141,142,143,144,145,146,147,148,149,150,151,152,153,154,155,156,157,158,159,160,161,162,163,164,165,166,167,232,169,170,171,172,173,174,175,176,177,178,179,188,181,182,183,184,185,186,187,188,189,190,191,192,193,194,195,196,197,198,199,200,201,202,203,204,205,206,207,208,209,210,211,212,213,214,215,216,217,218,219,220,221,222,223,224,225,226,227,228,229,230,231,232,233,234,235,236,237,238,239,240,241,242,243,244,245,246,247,248,249,250,251,252,253,254,255,0,1,2,3,4,5,6,7,8,9,14,11,12,13,14,15,16,17,18,19,4,21,22,23,24,25,26,27,28,29,30,31]
CFO=8248.601274025912,STO=1
EsN0dB=15.11,GRXdB=40,N0=0.0003162277571391314
packet_number=53,correct=False,payload=[56,0,0,0,56,0,72,96,112,0,128,80,248,64,240,224,240,1,1,0,48,128,0,241,49,128,145,128,216,192,249,225,240,2,10,33,26,64,82,96,113,129,211,34,113,192,211,112,121,3,145,33,51,131,89,225,57,131,153,195,179,225,209,225,252,6,16,36,56,32,104,32,120,2,4,164,212,70,84,100,245,0,133,17,188,7,37,224,113,199,192,242,242,229,229,241,250,2,22,6,31,6,86,103,126,198,155,134,247,194,102,231,119,7,11,35,51,199,31,163,119,199,131,167,155,231,199,247,248,8,24,8,60,8,24,124,56,128,24,68,156,228,72,248,121,9,29,177,60,33,249,101,120,140,136,189,185,232,233,249,251,6,10,37,25,74,121,42,122,206,152,170,217,201,234,249,123,3,11,43,59,46,31,107,59,129,153,171,187,195,207,231,252,12,12,60,60,46,92,54,126,6,12,172,222,76,236,100,252,141,31,61,31,172,253,101,252,140,140,158,222,229,205,231,254,14,14,62,62,78,14,126,62,207,158,22,254,239,238,238,255,15,159,39,191,207,223,175,255,143,159,199,159,231,223,239,240,0,16,32,16,64,64,96,120,128,144,96,144,224,208,224,120,1,145,33,57,129,113,33,249,129,216,209,241,192,201,225,250,2,0,33,48,33,66,34,114,64,144,179,176,192,83,242,115,1,147,131,19,65,17,113,115,131,131,227,177,195,243,227,244,4,8,4,52,66,20,116,52,196,148,180,114,196,84,244,247,7,23,0,53,69,52,244,115,132,148,128,247,196,229,229,246,2,2,7,54,70,67,118,126,2,151,34,150,71,194,99,115,135,19,3,63,39,87,103,55,135,155,167,179,199,219,227,248,0,24,40,24,108,44,104,56,136,152,32,184,200,104,236,253,9,24,8,57,96,73,169,249,129,217,192,152,201,216,233,255,2,25,58,27,2,74,116,122,134,28,171,27,203,120,239,255,15,25,13,61,65,91,105,255,143,153,233,187,193,255,233,254,12,28,30,60,12,92,38,126,6,156,172,188,236,76,228,252,13,29,44,28,69,125,38,253,142,221,141,189,205,220,236,254,6,30,14,62,70,94,38,127,142,206,166,222,207,222,239,127,15,31,175,63,135,95,39,255,143,207,143,191,239,223,239,240,0,16,32,16,64,16,32,48,128,208,128,144,192,208,224,241,129,1,32,24,65,65,97,113,129,129,129,209,193,209,225,242,2,18,35,57,66,82,98,114,194,147,162,178,194,210,226,243,131,25,35,51,195,115,99,123,131,147,163,243,195,243,225,242,0,28,4,22,68,16,100,56,128,6,52,190,224,80,100,245,5,133,165,53,69,196,35,119,132,197,165,181,195,213,247,242,6,22,38,18,102,118,38,54,70,22,163,182,199,246,230,247,3,7,7,55,7,87,103,255,135,135,167,183,199,243,231,248,0,24,40,28,12,28,48,124,136,152,40,184,72,216,232,249,137,29,57,57,201,25,124,57,140,152,232,185,201,217,233,250,10,8,42,56,79,76,42,122,138,154,171,154,200,72,110,249,1,27,27,25,97,219,107,59,139,219,139,187,203,223,233,252,12,28,12,62,76,92,100,62,140,156,172,188,206,220,236,252,13,29,63,61,13,92,229,124,141,221,172,157,205,221,253,254,14,30,30,62,110,79,46,126,134,14,15,62,206,78,110,255,135,31,47,191,143,15,111,63,143,159,239,191,207,255,255,248,0,16,32,48,0,80,112,56,128,144,192,176,192,208,224,241,1,17,33,49,193,89,241,49,129,129,161,177,193,209,224]
CFO=8517.356885579913,STO=6
EsN0dB=15.18,GRXdB=40,N0=0.0003162277571391314
packet_number=54,correct=False,payload=[0,1,2,3,4,5,6,7,8,9,10,11,12,13,14,15,16,17,18,19,20,21,22,23,24,25,26,27,28,29,30,31,32,33,34,35,36,37,38,39,40,41,42,43,44,45,46,47,48,49,50,51,52,53,54,55,56,57,58,59,60,61,62,63,64,65,66,67,68,69,70,71,72,73,74,75,76,77,78,79,80,81,82,83,84,85,86,87,88,89,90,91,92,93,94,95,96,97,98,99,100,101,102,103,104,105,106,99,108,109,110,111,112,113,114,115,116,117,118,119,120,121,122,123,124,125,126,127,128,129,130,131,132,133,134,135,136,137,138,139,140,141,142,143,144,145,146,147,148,149,150,151,152,153,154,155,156,157,158,159,160,161,162,163,164,165,166,167,168,169,170,171,172,173,174,175,176,177,178,179,180,181,182,183,184,185,186,187,188,189,190,191,192,193,194,195,196,197,198,199,200,201,202,203,204,205,206,207,208,209,210,211,212,213,214,215,216,217,218,219,220,221,222,223,224,225,226,227,228,229,230,231,232,233,234,235,236,237,238,239,240,241,242,243,244,245,246,247,248,249,250,251,252,253,254,255,0,1,2,3,4,5,6,7,8,9,10,11,12,13,14,15,16,17,18,19,20,21,22,23,24,25,26,27,28,29,30,31,32,33,34,35,36,37,38,39,40,41,42,43,44,45,46,47,48,49,50,51,52,53,54,55,56,57,58,59,60,61,62,63,64,65,66,67,68,69,70,71,72,73,74,75,76,77,78,79,80,81,82,83,84,85,86,87,88,89,90,91,92,93,94,95,96,97,98,99,100,101,102,103,104,105,106,107,108,109,110,111,112,113,114,115,116,117,118,119,120,121,122,123,120,125,126,127,128,129,130,131,132,133,134,135,136,137,138,139,140,141,142,143,144,145,146,147,148,149,150,151,152,153,154,155,156,157,158,159,160,161,162,163,164,165,166,167,168,169,170,171,172,173,174,175,176,177,178,179,180,181,182,183,184,185,186,187,188,189,190,191,192,193,194,195,196,197,198,199,200,201,202,203,204,205,206,207,208,209,210,211,212,213,214,215,216,217,218,219,220,221,222,223,224,225,226,227,228,229,230,231,232,233,234,235,236,237,238,239,240,241,242,243,244,245,246,247,248,249,250,251,252,253,254,255,0,1,2,3,4,5,6,7,8,9,10,11,12,13,14,15,16,17,18,19,20,21,22,23,24,25,26,27,28,29,30,31,32,33,34,35,36,37,38,39,40,41,42,43,44,45,46,47,48,49,50,51,52,53,54,55,56,57,58,59,60,61,62,63,64,65,66,67,68,69,70,71,72,73,74,75,76,77,78,79,80,81,82,83,84,85,86,87,88,89,90,91,92,93,94,95,96,97,98,99,100,101,102,103,104,105,106,107,108,109,110,111,112,113,114,115,116,117,118,119,120,121,122,123,124,125,126,127,128,129,130,131,132,133,134,135,136,137,138,139,140,141,142,143,144,145,146,147,148,149,150,151,152,153,154,155,156,157,158,159,160,161,162,163,164,165,166,167,168,169,170,171,172,173,174,175,176,177,178,179,180,181,182,183,184,185,186,187,188,189,190,191,192,193,194,195,196,197,198,199,200,201,202,203,204,205,206,207,208,209,210,211,212,213,214,215,216,217,218,219,220,221,222,223,226,225,242,227,228,229,230,231,232,233,234,235,236,237,238,239,240,241,242,243,244,245,246,247,248,249,250,251,252,253,254,255,0,1,2,3,4,5,6,7,8,9,10,11,12,13,14,15,16,17,18,19,20,21,22,23,24,25,26,27,28,29,30,31]
CFO=8483.538911451888,STO=6
EsN0dB=15.01,GRXdB=40,N0=0.0003162277571391314
packet_number=55,correct=False,payload=[0,1,2,3,4,5,6,7,8,9,10,11,12,13,14,15,16,17,18,19,20,21,22,21,24,25,26,27,28,29,30,31,32,33,34,35,36,37,38,39,40,41,42,43,44,45,46,47,48,49,50,51,52,53,54,55,56,57,58,59,60,61,62,63,64,65,66,67,68,69,70,71,72,73,74,75,76,77,78,79,80,81,82,83,84,85,86,87,88,89,90,91,92,93,94,95,96,97,98,99,100,101,102,103,104,105,106,107,108,109,110,111,112,113,114,115,116,117,118,119,120,121,122,123,124,125,126,127,128,129,130,131,132,133,134,135,136,137,138,139,140,141,142,143,144,145,146,147,148,149,150,151,152,153,154,155,156,157,158,159,160,161,162,163,164,165,166,167,168,169,170,171,172,173,174,175,176,177,178,179,180,181,182,183,184,185,186,187,188,189,190,191,192,193,194,195,196,197,198,199,200,201,202,203,204,205,206,207,208,209,210,211,212,213,214,215,216,217,218,219,220,221,222,223,224,225,226,227,228,229,230,231,232,233,234,235,236,237,238,239,240,241,242,243,244,245,246,247,248,249,250,251,252,253,254,255,0,1,2,3,4,5,6,7,8,9,10,11,12,13,14,15,16,25,18,19,20,21,22,23,24,25,26,27,28,29,30,31,32,33,34,35,36,37,38,39,40,41,42,43,44,45,46,47,48,49,50,51,52,53,54,55,56,57,58,59,60,61,62,63,64,65,66,67,68,69,70,71,72,73,74,75,76,77,78,79,80,81,82,83,84,85,86,87,88,89,90,91,92,93,94,95,96,97,98,99,68,101,102,103,104,105,106,107,108,109,110,111,112,113,114,115,116,117,118,119,120,121,122,123,124,125,126,127,128,129,130,131,132,133,134,135,136,137,138,139,140,141,142,143,144,145,146,147,148,149,150,151,152,153,154,155,156,157,158,159,160,161,162,163,164,165,166,167,168,169,170,171,172,173,174,175,176,177,178,179,180,181,182,183,184,185,186,187,188,189,190,191,192,193,194,195,196,197,198,199,200,201,202,203,204,205,206,207,208,209,210,211,212,213,214,215,216,217,218,219,220,221,222,223,224,225,226,227,228,229,230,231,232,233,234,235,236,237,238,239,240,241,242,243,244,245,246,247,248,249,242,251,252,253,254,255,0,1,2,3,4,5,6,7,8,9,10,11,12,13,14,15,16,17,18,19,20,21,22,23,24,25,26,27,28,29,30,31,32,33,34,35,36,37,38,39,40,33,42,43,44,45,46,15,48,49,50,51,52,53,54,55,56,57,58,59,60,61,62,63,64,65,66,67,68,69,70,71,72,73,74,75,76,77,78,79,80,81,82,83,84,85,86,87,88,89,90,91,92,93,94,95,96,97,98,99,100,101,70,103,104,105,106,107,108,109,110,111,112,113,114,115,116,117,118,119,120,121,122,123,124,125,126,127,128,129,134,131,132,133,134,135,136,137,138,139,140,141,142,143,144,17,146,147,148,149,150,151,152,153,152,155,156,157,158,159,160,161,162,163,164,165,166,167,168,169,170,171,172,173,174,175,176,177,178,179,180,181,182,183,184,185,186,187,188,189,190,191,192,193,194,195,196,197,198,199,200,201,202,203,204,205,206,207,208,209,210,211,212,213,214,215,216,217,218,219,220,221,222,223,224,225,226,227,228,229,230,231,232,233,226,235,236,237,238,239,240,241,242,243,244,245,246,247,248,249,250,251,252,253,254,255,0,1,2,3,4,5,6,7,8,9,10,11,12,13,14,15,16,17,18,19,20,21,22,23,24,25,26,27,28,29,30,31]
CFO=8124.501479993704,STO=5
EsN0dB=14.87,GRXdB=40,N0=0.0003162277571391314
packet_number=56,correct=False,payload=[0,1,2,3,4,5,6,7,8,9,10,11,12,13,14,15,16,17,18,19,20,21,22,23,24,25,26,27,28,29,30,31,32,33,34,35,36,37,38,39,40,41,42,43,44,45,46,47,48,49,50,51,52,53,54,55,56,57,58,59,60,61,62,63,64,65,66,67,68,69,70,71,72,73,74,75,76,77,78,79,80,81,82,83,84,85,86,87,88,89,90,91,92,93,94,95,96,97,98,99,100,101,102,103,104,105,106,107,108,109,110,111,112,113,114,115,116,117,118,119,120,121,122,123,124,117,126,127,128,129,130,131,132,133,134,135,136,137,138,139,140,141,142,143,144,145,146,147,148,149,150,151,152,153,154,155,156,157,158,159,160,161,162,163,164,165,166,167,168,169,170,171,172,173,174,175,176,177,178,179,180,181,182,183,184,185,186,187,188,189,190,191,192,193,194,195,196,197,198,199,200,201,202,203,204,205,206,207,208,209,210,211,212,213,214,215,216,217,218,219,220,221,222,223,224,225,226,227,228,229,230,231,232,233,234,235,236,237,238,239,240,241,242,243,244,245,246,247,248,249,250,251,252,253,254,255,0,1,2,3,4,5,6,7,8,9,10,11,12,13,14,15,16,17,18,19,20,21,22,23,24,25,26,27,28,29,30,31,32,33,34,35,36,37,38,39,40,41,42,43,44,45,46,47,48,113,50,51,52,53,54,55,56,57,58,59,60,61,62,63,64,65,66,67,76,69,70,71,72,73,74,75,76,77,78,79,80,81,82,83,84,85,86,87,88,89,90,91,92,93,94,95,96,97,98,99,100,101,102,103,104,105,106,107,108,109,110,111,112,113,114,115,116,117,118,119,120,121,122,123,124,125,126,127,128,129,130,131,132,133,134,135,136,137,138,139,140,141,142,143,144,145,146,147,148,149,150,151,152,153,154,155,156,157,158,159,160,161,162,163,164,165,166,167,168,169,170,171,172,173,174,175,176,177,178,179,180,181,182,183,184,185,186,187,188,189,190,191,192,193,194,195,196,197,198,135,200,201,202,203,204,205,206,207,208,209,210,211,212,213,214,215,216,217,218,219,220,221,222,223,224,225,226,227,228,229,230,231,232,233,234,235,236,237,238,239,240,241,242,243,212,245,246,247,248,249,250,251,252,253,254,255,0,1,2,3,4,5,6,7,8,9,10,11,12,13,14,15,16,17,18,19,20,21,22,23,24,25,26,27,28,29,30,31,32,33,34,35,36,37,38,39,40,41,42,43,44,45,46,47,48,49,50,51,52,53,54,55,56,57,58,59,60,61,62,63,64,65,66,67,68,69,70,71,72,73,74,75,76,77,78,79,80,81,82,83,84,85,22,87,88,89,90,91,92,93,94,95,96,97,98,99,100,101,102,103,104,105,106,107,108,109,110,111,112,113,114,115,116,117,118,119,120,121,122,123,124,125,126,127,128,129,130,131,4,133,134,135,8,137,138,139,140,141,142,143,144,145,144,147,148,149,150,151,152,153,154,155,156,157,158,159,160,161,160,163,164,167,166,167,168,169,170,171,172,173,172,175,176,177,178,179,180,181,182,183,184,185,186,187,188,189,190,191,192,193,194,195,196,193,198,199,200,201,202,195,204,205,206,207,208,209,210,211,212,213,214,215,216,217,218,219,220,221,222,223,224,225,226,227,228,229,230,231,232,233,250,235,236,237,238,239,240,241,242,243,244,245,246,247,248,249,250,251,252,253,254,255,0,1,2,3,4,5,14,7,8,9,10,11,12,13,14,15,16,17,18,19,20,21,22,23,24,25,26,27,28,29,30,31]
CFO=7929.89516097927,STO=5
EsN0dB=15.01,GRXdB=40,N0=0.0003162277571391314
packet_number=57,correct=False,payload=[0,1,2,3,4,5,6,7,8,9,10,11,12,13,14,15,16,17,18,19,20,21,22,31,24,25,26,27,28,29,30,31,32,33,34,35,36,37,38,39,40,41,42,43,44,45,46,47,32,49,50,51,52,53,54,55,56,57,58,59,60,61,62,63,64,65,66,67,68,69,70,71,72,73,74,11,76,77,78,79,80,81,82,83,84,85,86,87,88,89,90,90,92,93,126,95,96,97,98,99,100,101,102,103,96,105,104,107,108,109,110,111,112,113,114,115,116,117,118,119,120,121,122,123,124,125,126,127,128,1,130,131,132,133,134,135,136,139,138,139,140,141,142,143,144,145,146,147,148,157,150,151,152,153,158,155,156,157,158,159,160,161,166,163,164,165,166,167,168,169,170,171,172,173,174,175,176,177,178,179,176,181,183,183,184,185,186,187,188,189,190,191,192,193,194,199,196,197,198,199,200,201,202,203,204,205,206,207,208,209,208,195,212,213,214,215,216,217,218,219,220,221,222,223,224,225,226,195,228,237,230,231,232,233,234,239,236,237,238,203,240,241,242,243,244,245,230,247,248,249,250,251,252,253,254,255,0,1,2,3,0,5,6,7,8,9,10,11,12,13,14,15,16,17,18,19,20,21,20,23,24,25,30,27,28,29,30,31,32,33,34,35,36,33,38,39,40,41,42,43,44,45,110,47,48,49,50,51,52,53,54,55,56,57,58,59,60,63,126,63,64,1,66,67,76,69,70,71,72,73,74,75,76,77,78,79,80,209,82,83,116,85,86,87,88,89,94,91,92,221,94,95,96,65,98,99,100,69,102,102,104,104,106,75,108,109,110,111,112,113,114,115,108,117,126,119,120,121,122,115,124,125,126,127,128,1,134,131,132,133,134,135,136,153,138,139,140,141,142,143,144,145,146,131,149,149,156,151,152,153,154,27,156,157,158,159,160,161,226,163,172,173,166,167,168,169,162,235,172,237,172,175,160,49,182,179,52,181,182,55,184,185,186,187,188,189,190,191,192,193,198,195,192,193,198,199,200,137,202,203,204,205,207,207,208,209,214,211,212,213,214,215,216,217,218,219,220,221,222,223,224,225,226,227,229,229,230,231,232,233,251,235,236,237,206,239,240,241,242,243,244,245,246,247,248,249,251,251,252,253,254,255,0,1,2,3,4,5,6,7,8,9,10,11,12,13,14,15,16,17,18,19,20,21,22,23,56,25,26,27,28,29,62,31,32,33,38,35,36,37,38,39,32,41,58,47,44,45,46,63,112,49,54,51,52,53,54,55,56,57,58,58,60,61,62,63,64,65,66,67,68,69,70,7,88,73,74,75,204,77,76,95,80,17,82,83,116,85,86,87,80,89,26,91,28,93,94,95,96,97,102,99,100,101,102,103,104,233,110,106,124,109,238,111,112,115,114,114,100,117,102,119,120,121,120,123,124,127,126,127,128,129,130,131,132,133,134,135,136,137,154,139,136,141,142,143,145,145,146,19,148,149,150,151,152,153,154,155,156,157,158,159,32,33,162,167,164,165,166,167,168,233,170,163,44,45,142,175,176,177,50,51,180,181,182,183,185,185,186,187,188,189,254,191,192,193,194,195,196,197,198,199,201,201,202,203,204,205,206,207,208,209,208,147,245,213,222,151,216,219,218,219,220,221,222,223,224,225,194,227,228,229,230,231,232,233,234,235,236,237,238,239,240,243,242,243,244,247,246,247,248,249,254,251,252,253,255,255,0,0,4,2,4,5,6,7,8,9,10,3,12,12,14,15,16,16,18,19,20,21,6,23,24,56,24,26,28,29,62,63]
CFO=7964.188402437043,STO=4
EsN0dB=15.05,GRXdB=40,N0=0.0003162277571391314
packet_number=58,correct=False,payload=[0,1,2,3,4,5,6,7,8,9,10,11,12,13,14,15,16,17,18,19,20,21,22,23,24,25,26,27,28,29,30,31,32,33,34,35,36,37,38,39,40,41,42,43,44,45,46,47,48,49,50,51,52,53,54,55,56,57,58,59,60,61,62,63,64,65,66,67,68,69,70,71,72,73,74,75,76,77,78,79,80,81,82,83,84,85,86,87,88,89,90,91,92,93,94,95,96,97,98,99,100,101,102,103,104,105,106,107,108,109,110,111,112,113,114,115,116,117,118,119,120,121,122,123,124,125,126,127,128,129,130,131,132,133,135,135,136,137,138,139,140,141,142,143,144,145,146,147,148,149,150,151,152,153,154,155,156,157,158,159,160,161,162,163,164,165,166,167,168,169,170,171,172,173,174,175,176,177,178,179,180,181,182,183,184,185,186,187,188,189,190,191,192,193,194,195,196,197,198,199,200,201,202,203,204,205,206,207,208,209,210,211,212,213,214,215,216,217,218,219,220,221,222,223,224,225,226,227,228,229,230,231,232,233,234,235,236,237,238,239,240,241,242,243,244,245,246,247,248,249,250,251,252,253,254,255,0,1,2,3,4,5,6,7,8,9,10,11,12,13,14,15,16,17,18,19,20,21,22,23,24,25,26,27,28,29,30,31,32,33,34,35,36,37,38,39,40,41,42,43,44,41,46,47,48,49,50,51,52,53,54,55,56,57,58,59,60,61,62,63,64,65,66,67,68,69,70,71,72,73,74,75,76,77,78,79,80,81,82,83,84,85,86,87,88,89,90,91,92,93,126,95,96,97,98,99,100,101,102,103,104,105,106,107,108,109,110,111,112,113,114,115,116,117,118,119,120,121,122,123,124,125,126,127,128,129,130,131,132,133,134,135,136,137,138,139,140,141,142,143,144,145,146,147,148,149,150,151,152,153,154,155,156,157,158,159,160,161,162,163,164,165,166,167,168,169,170,171,172,173,174,175,177,177,178,179,180,181,182,183,184,185,186,187,188,189,190,191,192,193,194,195,196,197,198,199,200,201,202,203,204,205,206,207,208,193,210,211,212,213,214,215,216,217,218,219,220,221,222,223,224,225,226,227,228,229,230,231,232,233,235,235,236,237,238,239,240,241,242,243,244,245,246,247,248,249,250,251,252,253,254,255,0,1,2,3,4,5,6,7,8,9,10,11,12,13,14,15,16,17,18,19,20,21,22,23,24,25,26,27,28,29,30,31,32,33,34,35,36,101,38,39,40,41,42,43,44,45,46,47,48,49,50,51,52,53,54,55,56,57,58,59,60,61,62,63,64,65,66,67,68,69,70,71,72,73,74,75,76,77,78,79,80,81,82,83,84,85,86,87,88,89,90,91,92,93,94,95,96,97,98,99,100,101,102,103,104,105,106,107,108,109,110,111,112,113,114,115,116,117,118,119,120,121,122,123,124,125,126,127,128,129,130,131,132,133,134,135,136,137,138,139,140,141,142,143,144,145,146,147,148,149,150,151,152,153,154,155,156,157,158,159,160,161,162,163,164,165,166,167,168,169,170,171,172,173,174,175,176,177,178,179,180,181,182,183,184,185,186,187,188,189,190,191,192,193,194,195,196,197,198,199,200,201,202,203,204,205,206,207,208,209,210,211,212,213,214,215,216,217,218,219,220,221,222,223,224,225,226,227,228,229,230,231,200,233,234,235,236,237,238,239,240,241,242,243,244,245,246,247,248,249,250,251,252,253,254,255,0,1,2,3,4,5,6,7,8,8,10,11,12,13,14,15,16,17,18,19,20,21,22,23,24,25,26,27,28,29,30,31]
CFO=1157.8169084019034,STO=3
EsN0dB=-13.48,GRXdB=40,N0=0.0003162277571391314
packet_number=59,correct=False,payload=[80,175,251,16,170,100,66,175,71,21,246,197,105,143,34,23,254,85,160,204,108,149,117,2,54,3,93,248,123,24,164,207,204,59,232,118,185,196,112,193,52,193,123,94,136,39,163,30,175,165,100,203,115,111,52,14,110,168,35,49,168,0,76,202,232,234,133,207,38,67,167,47,211,228,159,55,247,180,42,72,145,202,57,6,123,60,116,86,111,245,208,209,140,181,194,169,188,207,60,54,12,149,43,78,84,197,11,143,113,72,198,212,212,169,142,123,252,143,101,195,55,191,91,1,72,100,54,178,222,90,57,187,17,147,94,226,118,203,112,234,100,37,250,36,50,240,178,208,95,54,146,130,170,68,249,62,32,193,184,219,9,56,85,125,201,115,96,62,95,120,132,197,89,95,147,34,235,200,191,225,204,236,249,235,230,34,72,12,230,201,140,166,172,70,181,175,104,175,237,237,157,77,38,209,34,28,125,176,156,99,212,151,12,102,196,24,148,254,46,152,195,116,185,74,72,41,153,233,216,159,64,246,173,215,98,187,12,4,196,88,93,59,224,138,209,152,182,149,136,114,59,5,60,215,54,92,65,156,160,191,179,38,22,70,171,58,182,6,251,221,87,250,96,31,142,194,80,209,247,103,245,203,29,172,173,196,225,32,156,119,182,56,120,179,232,184,181,11,235,92,87,168,176,5,37,157,48,114,179,83,143,63,94,47,193,238,74,35,179,158,6,249,248,194,239,40,125,132,150,173,191,31,213,226,130,154,190,35,101,150,129,254,13,230,197,24,120,240,56,53,116,139,98,34,183,99,194,176,171,185,35,65,46,92,191,35,39,239,229,176,209,2,255,14,77,161,50,213,138,78,77,228,245,136,59,99,228,143,216,153,237,196,173,227,232,29,220,189,58,242,14,64,96,218,239,100,160,121,142,248,62,193,20,200,33,199,119,32,196,140,246,133,73,203,125,252,151,105,22,3,49,101,19,54,210,73,215,119,81,101,103,188,147,161,217,60,48,38,218,103,73,159,86,210,51,115,57,167,25,140,188,201,37,15,27,143,100,243,35,108,155,186,121,93,5,124,37,18,251,42,255,250,201,187,14,28,4,66,19,55,52,42,156,62,178,145,21,48,76,233,145,128,134,82,54,238,114,196,139,255,114,105,250,252,160,221,128,11,12,39,32,182,182,48,185,175,132,250,59,252,52,178,106,228,121,104,200,126,9,226,157,11,230,52,172,242,244,210,99,25,119,189,190,228,73,29,245,2,59,97,111,151,173,121,145,227,219,160,252,230,154,103,143,183,91,112,5,197,54,44,105,185,154,16,163,161,246,150,5,190,149,107,88,155,66,43,31,130,227,18,190,171,209,171,68,123,139,161,180,5,212,187,16,188,219,23,133,94,49,23,236,221,174,90,177,30,185,179,14,42,171,99,122,255,192,76,14,134,76,117,235,217,240,5,127,164,25,52,160,200,44,172,213,114,211,54,226,6,162,118,192,103,58,252,94,236,9,53,187,147,160,139,77,215,178,143,210,245,68,151,50,140,175,126,61,45,254,143,133,240,152,224,200,219,199,222,235,184,175,202,56,210,2,131,211,7,181,146,105,72,163,22,138,217,195,157,198,3,15,46,242,74,36,234,149,75,205,47,173,191,125,7,200,214,52,9,158,208,178,148,76,141,181,240,247,57,79,214,130,115,132,243,61,59,228,192,0,222,98,135,99,53,97,53,78,89,51,54,87,45,39,129,167,114,14,92,26,119,52,217,222,217,221,72,29,153,193,16,247,82,27,79,231,67,2,107,66,16,22,194]
CFO=-1669.0647497748012,STO=5
EsN0dB=-10.16,GRXdB=40,N0=0.0003162277571391314
packet_number=60,correct=False,payload=[178,5,203,83,147,142,179,7,19,63,72,123,115,127,224,69,65,78,193,241,129,13,42,114,49,212,96,83,117,20,56,203,84,116,55,48,25,217,170,32,39,31,122,45,131,30,49,209,154,246,246,145,140,100,97,69,83,251,254,92,178,198,40,187,199,183,252,124,73,190,188,47,86,108,135,158,230,171,88,102,8,118,127,155,234,33,242,21,121,251,1,4,75,122,247,58,113,176,166,125,160,88,61,196,219,163,153,54,154,195,26,43,96,77,35,196,70,72,14,80,206,50,169,177,64,34,223,39,9,199,210,177,8,94,90,210,187,231,65,235,31,208,173,23,190,19,12,120,202,236,87,2,66,14,122,226,216,200,13,136,79,90,90,213,123,12,196,85,129,75,121,90,148,61,247,162,109,121,80,18,142,214,226,212,138,50,72,71,214,190,230,61,180,66,89,25,99,122,11,29,193,71,136,17,172,51,110,188,115,192,153,167,254,160,29,56,183,87,125,36,250,26,225,104,135,135,97,219,70,199,31,40,169,26,255,90,233,198,9,212,117,227,254,52,181,21,105,153,95,107,1,69,171,243,7,127,172,45,75,122,26,204,47,185,110,187,248,221,243,91,216,252,146,132,71,239,63,100,218,127,244,220,105,10,186,188,28,198,4,239,160,114,137,174,222,146,69,136,30,136,148,106,158,110,246,0,17,183,250,246,78,126,217,106,86,234,67,71,68,109,188,253,129,155,90,82,167,251,15,183,147,110,81,202,245,163,214,128,114,12,60,89,88,104,24,234,90,18,88,255,77,74,91,136,92,165,8,21,38,94,189,163,235,178,200,239,94,21,152,160,30,75,62,140,151,208,17,183,46,217,61,188,211,147,67,219,229,112,193,114,147,203,180,167,48,224,94,75,57,152,248,83,119,30,138,171,231,62,214,137,79,31,47,101,162,55,246,3,174,193,76,60,18,53,200,29,214,242,52,107,169,15,33,25,169,2,121,231,146,243,161,110,198,4,127,119,69,206,78,237,152,68,168,204,20,172,193,18,59,231,38,8,254,31,183,105,113,195,22,128,0,207,156,52,235,121,53,218,64,132,90,211,178,145,45,167,225,121,37,227,104,64,51,29,44,250,104,76,39,87,129,23,207,161,133,245,179,1,17,209,185,1,34,46,151,12,73,71,30,162,241,84,240,166,57,11,197,149,197,47,78,170,65,206,237,79,227,113,121,111,63,182,166,124,61,218,136,174,150,100,129,138,173,85,96,72,20,180,185,69,84,49,205,142,153,52,39,175,87,11,253,142,202,51,211,107,151,31,16,243,91,112,121,121,117,139,103,99,140,227,4,96,60,104,85,19,145,255,196,226,34,76,53,116,77,207,63,233,47,237,60,9,240,40,1,62,183,115,210,85,132,92,52,97,244,83,72,186,108,251,228,71,167,14,75,19,133,15,149,95,7,190,184,112,136,123,59,245,177,32,135,207,195,1,223,227,126,251,255,46,118,118,197,70,67,197,111,166,86,213,253,156,72,104,169,123,198,214,226,102,65,7,217,112,117,222,176,15,165,1,249,15,213,232,113,99,137,55,191,186,36,190,74,227,205,32,219,9,216,197,60,31,244,16,150,228,160,84,219,122,130,227,61,4,86,248,2,28,20,202,195,174,128,187,241,118,154,244,78,82,58,163,167,141,139,140,20,108,125,202,55,57,194,221,239,219,117,231,163,44,86,188,127,234,60,75,137,200,110,219,2,124,220,217,205,49,26,225,105,158,225,190,1,59,65,177,195,63,83,151,65,66,69,224,75,160,164,237,245,113]
CFO=7694.803369978278,STO=1
EsN0dB=15.08,GRXdB=40,N0=0.0003162277571391314
packet_number=61,correct=False,payload=[0,1,1,1,2,2,130,7,136,8,6,7,134,6,7,15,8,1,147,25,20,18,23,15,12,9,10,29,12,31,30,15,160,32,161,35,134,37,135,23,32,16,166,51,142,63,182,31,176,49,176,27,54,26,150,51,188,25,186,27,60,63,158,31,192,65,66,97,196,103,130,71,204,101,75,41,6,15,47,15,144,0,250,41,220,28,215,27,216,76,152,77,126,46,62,15,48,33,179,113,38,100,54,39,244,49,98,99,236,61,175,47,240,113,123,51,114,113,58,59,184,120,61,59,60,61,191,63,128,192,194,195,132,1,134,3,204,133,129,195,206,198,143,15,192,145,146,75,140,197,138,211,152,157,154,207,156,157,142,143,160,176,240,227,228,179,182,3,160,40,190,235,220,205,238,207,208,248,177,251,190,156,215,55,252,61,218,159,252,159,190,191,192,96,226,65,198,193,198,71,204,225,202,103,204,229,239,207,208,209,243,243,228,85,214,227,216,73,205,223,206,77,207,207,224,112,240,99,242,96,242,247,224,233,254,251,252,238,246,239,240,113,242,251,252,241,250,243,248,249,254,255,252,255,255,255,128,1,3,1,128,3,7,3,128,9,135,1,12,5,14,15,16,17,2,19,158,22,159,31,24,28,12,27,28,31,158,15,160,49,51,35,34,7,38,3,172,32,6,55,46,62,175,7,176,57,59,17,28,55,54,55,184,24,24,57,188,60,30,63,64,65,1,33,70,69,67,71,104,65,108,67,78,13,79,103,32,121,114,19,116,20,118,83,56,121,10,75,108,93,94,111,48,49,243,115,240,103,54,103,104,97,237,107,246,108,54,47,120,113,114,115,190,48,246,51,124,125,120,123,62,61,127,63,128,65,129,193,128,193,134,67,136,68,139,193,142,133,143,199,208,136,211,155,210,149,150,223,156,201,218,155,220,30,206,143,176,145,242,147,228,131,214,167,184,172,202,191,190,172,174,175,208,176,242,187,244,146,151,183,184,249,184,187,158,157,190,191,192,192,194,227,196,197,226,195,200,196,238,207,204,79,199,239,240,209,211,193,216,71,214,215,216,233,218,239,220,255,206,127,224,224,227,243,224,225,247,103,236,121,235,249,236,254,230,119,248,241,242,243,246,245,255,247,248,253,250,251,254,253,254,255,0,129,131,3,4,3,6,7,8,8,138,11,12,14,14,15,16,16,18,27,152,23,22,23,24,25,29,29,158,29,31,31,32,32,160,35,4,0,162,35,40,1,138,41,60,61,175,47,16,57,50,27,22,55,55,55,56,56,190,27,62,61,63,63,64,65,67,3,96,70,70,71,64,33,4,75,4,76,207,111,144,64,210,83,230,27,86,23,92,89,94,25,92,28,30,127,96,97,178,35,98,101,230,103,236,104,106,109,100,109,102,127,248,112,114,115,52,117,118,55,124,121,58,121,252,125,62,127,128,129,130,131,196,133,134,135,200,201,138,77,206,141,142,207,144,153,146,155,132,149,194,159,156,153,158,155,220,157,158,159,160,161,162,163,160,132,146,183,168,169,170,187,172,173,166,167,240,81,243,179,148,149,182,179,184,217,187,155,252,253,254,127,192,193,194,195,196,197,230,227,200,197,234,203,236,77,198,207,208,209,216,243,214,215,254,223,216,217,218,201,222,221,222,95,224,113,226,115,228,229,231,231,236,249,232,107,252,109,231,239,248,241,242,243,244,245,246,119,252,249,249,251,252,124,255,255,0,0,0,3,4,5,134,7,8,9,14,3,12,13,14,15,16,17,18,27,148,21,18,23,24,8,14,27,12,29,158,31]
CFO=7468.554776677683,STO=1
EsN0dB=14.88,GRXdB=40,N0=0.0003162277571391314
packet_number=62,correct=False,payload=[0,1,2,3,4,5,6,7,8,9,10,11,12,13,14,15,16,17,18,19,20,29,22,23,24,25,26,27,28,29,30,31,32,33,34,35,36,37,38,39,40,41,42,43,44,45,46,47,48,49,50,51,52,53,54,55,56,57,58,59,60,61,62,63,64,65,66,67,68,69,70,71,72,65,74,75,76,77,78,79,80,81,82,83,84,85,86,87,88,89,90,91,92,93,94,95,96,97,98,99,100,101,102,103,104,105,106,107,108,109,110,111,112,113,114,115,116,117,118,119,120,121,122,123,124,125,126,127,128,129,130,131,132,133,134,135,136,137,138,139,140,141,142,143,144,145,146,147,148,149,150,151,144,153,154,155,156,157,158,159,160,161,162,163,164,165,182,167,168,169,170,171,172,173,174,175,176,185,178,179,180,181,182,183,184,185,186,187,188,189,190,191,192,193,194,195,196,197,198,199,200,201,202,203,204,205,206,207,208,209,210,211,212,213,214,215,216,217,219,219,220,221,222,223,224,225,226,227,228,229,230,231,232,233,234,235,236,237,238,239,240,241,242,243,244,245,246,247,248,249,250,251,252,253,254,255,0,1,2,3,4,5,6,7,8,9,10,11,12,13,14,15,16,17,18,19,20,21,22,23,24,25,26,27,28,29,30,31,32,33,34,35,36,37,34,39,40,41,42,43,44,45,46,47,48,49,50,51,52,53,54,55,56,57,58,59,60,61,62,63,64,65,66,67,68,69,70,71,72,73,74,75,76,77,78,79,80,81,82,83,84,85,86,87,88,89,90,91,92,93,94,95,96,97,98,99,100,117,102,103,104,105,106,107,108,109,110,111,112,113,114,115,116,117,118,119,120,121,122,123,124,125,126,127,128,129,130,131,132,133,134,135,136,137,138,139,140,141,142,143,144,145,146,147,148,149,150,151,152,153,154,155,156,157,158,159,160,161,162,163,164,165,166,167,168,169,170,171,172,173,174,175,176,177,178,179,180,181,182,183,184,185,186,187,188,189,190,191,192,193,194,195,196,197,198,199,200,201,202,203,204,205,206,207,208,209,210,211,212,213,214,215,216,217,218,219,220,221,222,223,224,225,226,227,228,229,230,231,232,233,234,235,236,237,238,239,240,241,242,243,244,245,246,247,248,249,250,251,252,253,254,255,0,1,2,3,4,5,6,7,12,9,10,11,12,13,14,15,16,17,18,19,20,21,22,23,24,25,26,27,28,29,30,31,32,33,34,35,36,37,38,39,40,41,42,43,44,45,46,47,48,49,50,51,52,53,54,55,56,57,58,59,60,61,62,63,64,65,66,67,68,69,70,71,72,73,74,75,76,77,78,79,80,81,82,83,84,85,86,87,88,89,90,91,92,93,94,95,96,97,98,99,100,101,102,103,104,105,106,107,108,109,110,111,112,113,114,115,116,117,118,119,120,121,122,123,124,125,126,127,128,129,130,131,132,133,134,135,136,137,138,139,140,141,142,143,144,145,146,147,148,149,150,151,152,153,154,155,156,157,158,159,160,161,162,163,164,165,166,167,170,169,170,171,172,173,174,175,176,177,178,179,180,181,182,183,184,185,186,187,188,189,190,191,192,193,194,195,196,197,198,199,200,201,202,203,204,205,206,207,208,209,210,211,212,213,214,215,216,217,218,219,220,221,222,223,224,225,226,227,228,229,230,231,232,233,234,235,236,237,238,239,240,241,242,243,244,245,246,247,248,249,250,251,252,253,254,255,0,1,2,3,4,5,6,7,8,9,10,11,12,13,14,15,16,17,18,19,20,21,22,23,24,25,26,27,28,29,30,31]
CFO=2762.4586261630407,STO=6
EsN0dB=-12.12,GRXdB=40,N0=0.0003162277571391314
packet_number=63,correct=False,payload=[215,101,156,31,124,65,75,27,172,222,96,15,79,94,74,62,125,134,7,195,163,84,84,79,56,173,78,8,172,238,207,154,105,237,179,241,156,143,194,86,225,76,254,124,58,91,229,71,234,111,8,124,200,192,142,96,117,252,203,49,242,88,34,234,81,156,159,34,70,159,87,243,98,75,8,30,29,101,168,210,62,120,194,91,227,55,141,35,50,33,209,140,242,71,15,155,220,61,99,128,222,160,243,112,13,174,117,79,32,209,247,101,155,194,186,115,26,250,33,31,134,23,60,95,192,63,204,187,76,182,211,122,173,92,7,122,140,153,124,29,149,223,56,211,47,120,239,22,114,34,13,160,84,135,134,144,75,35,207,48,142,82,9,80,142,198,141,24,144,179,194,218,199,80,51,68,15,154,101,111,204,11,87,47,24,112,117,77,58,77,48,226,92,201,117,25,96,140,66,69,205,111,245,142,112,129,164,37,38,111,143,205,129,183,251,93,56,46,166,154,0,58,124,212,233,222,213,94,75,184,255,165,175,219,29,137,76,34,164,76,173,34,225,141,17,78,132,38,0,118,255,30,68,158,126,120,183,127,32,77,10,106,153,208,62,200,10,25,91,90,103,245,162,190,194,88,22,204,176,132,91,249,118,65,48,215,76,126,110,104,33,99,222,160,160,62,70,146,150,103,99,118,110,24,103,22,46,53,101,45,29,133,73,29,147,175,191,55,218,206,170,68,56,24,133,206,156,41,92,83,50,64,213,105,213,249,192,66,241,55,203,124,247,66,134,91,88,92,36,53,226,67,32,142,22,246,136,106,101,22,164,26,130,160,48,111,236,24,99,189,18,5,203,145,135,193,49,42,71,214,227,153,189,208,73,189,207,21,249,243,65,2,205,233,71,103,67,220,75,155,148,188,246,100,209,59,133,27,151,101,248,158,136,33,223,26,83,29,241,161,224,76,190,187,108,38,106,85,108,7,8,13,122,81,254,219,253,14,70,24,125,68,97,147,112,173,152,63,177,219,116,201,184,173,183,165,29,231,33,164,211,104,143,123,235,77,253,99,168,98,24,92,3,240,44,240,170,227,40,2,24,172,58,149,151,156,9,182,29,210,152,117,191,40,95,152,247,239,170,252,102,45,27,228,251,85,123,125,163,175,60,210,150,92,8,181,219,19,225,39,14,247,149,218,233,249,149,96,118,232,229,173,173,104,135,248,102,40,23,239,255,62,83,99,174,126,231,170,191,121,6,34,121,23,42,195,183,255,70,126,175,97,102,67,106,97,17,70,200,218,188,31,14,155,162,225,133,7,51,240,228,50,41,82,16,123,72,246,65,63,83,169,37,36,76,159,237,210,29,237,226,241,178,209,98,144,38,223,233,54,246,126,220,103,191,19,104,122,199,149,154,59,5,238,28,86,215,236,195,131,20,132,147,18,34,191,88,223,140,147,87,94,112,108,141,158,151,110,4,176,127,104,202,56,139,133,202,139,118,57,88,188,225,22,93,24,48,138,226,245,107,135,133,240,218,254,235,246,190,227,155,43,33,170,36,252,241,245,203,104,86,209,163,16,75,123,54,153,167,215,62,75,79,50,85,122,255,18,140,113,4,46,159,135,49,235,37,46,198,234,140,85,47,63,234,209,165,151,246,138,132,2,5,250,154,215,2,113,140,226,190,110,152,248,246,252,192,240,21,58,204,23,174,160,155,193,120,192,187,205,162,237,211,76,250,217,84,168,174,94,211,118,140,76,92,127,74,181,64,55,189,208,250,162,74,231,70,172,41,197,70,210,75,88,133,253,188,29,204,112]
CFO=8429.821370904507,STO=3
EsN0dB=14.08,GRXdB=40,N0=0.0003981071640737355
packet_number=64,correct=False,payload=[0,1,2,3,4,5,6,7,8,9,10,11,12,13,14,15,16,17,18,19,20,21,22,23,24,25,26,27,28,29,30,31,32,33,34,35,36,37,38,39,40,41,42,43,44,45,46,47,48,49,50,51,52,53,54,55,56,57,58,59,60,61,62,63,64,65,66,67,68,69,70,71,72,73,74,75,76,77,78,79,80,81,82,83,84,85,86,87,88,89,90,91,92,93,94,95,96,97,98,99,100,101,102,103,104,105,106,107,108,109,110,111,112,113,114,115,116,117,118,119,120,121,122,123,124,125,126,127,128,129,130,131,132,133,134,135,136,137,138,139,140,141,142,143,144,145,146,147,148,149,150,151,152,153,154,155,156,157,158,159,160,161,162,163,164,165,166,167,168,169,170,171,172,173,174,175,176,177,178,179,180,181,182,183,184,185,186,187,188,189,190,191,192,193,194,195,196,197,198,199,200,201,202,203,204,205,206,207,208,209,218,211,212,213,214,215,216,217,218,219,220,221,222,223,224,225,226,227,228,229,230,231,232,233,234,235,236,109,238,239,240,241,242,243,244,245,246,245,248,249,250,251,252,253,254,255,0,1,2,3,4,5,6,7,8,9,10,11,12,13,14,15,16,17,18,19,20,21,22,23,24,25,26,27,28,29,30,31,32,33,34,35,36,37,38,39,40,41,42,43,44,45,46,47,48,49,50,51,52,53,54,55,56,57,58,59,60,61,62,63,64,65,66,67,68,69,70,71,72,73,66,75,76,77,78,79,80,81,82,83,84,85,86,87,88,89,90,91,92,93,94,95,96,97,98,99,100,101,102,103,104,105,106,107,108,109,110,111,112,113,114,115,116,117,118,119,120,121,122,123,124,125,126,127,128,129,130,131,132,133,134,135,136,137,138,139,140,141,142,143,144,145,146,147,148,149,150,151,152,153,154,155,156,157,158,159,160,161,162,163,164,165,166,167,168,169,170,171,172,173,174,175,176,177,178,179,180,181,182,183,184,185,186,187,188,189,190,191,192,193,194,195,196,197,198,199,200,201,202,203,204,205,206,207,208,209,210,211,212,213,214,215,216,217,218,219,220,221,222,223,224,225,226,227,228,229,230,231,232,233,234,235,236,237,238,239,240,241,242,243,244,245,246,247,248,249,250,251,252,253,254,255,0,1,2,3,4,5,6,7,8,9,10,11,12,13,14,15,16,17,18,19,20,21,22,23,24,25,26,27,28,29,30,31,32,33,34,35,36,37,38,39,40,41,42,43,44,45,46,47,48,49,50,51,52,53,54,55,56,57,58,59,60,61,62,63,64,65,66,67,68,69,70,71,72,73,74,75,76,77,78,79,80,81,82,83,84,85,86,87,88,89,90,91,92,93,94,95,96,97,98,99,100,101,102,103,104,105,106,107,108,109,110,111,112,113,114,115,116,117,118,119,120,121,122,123,124,125,126,127,128,129,130,131,132,133,134,135,136,137,138,139,140,141,142,143,144,145,146,147,148,149,150,151,152,153,154,155,156,157,158,159,160,161,162,163,164,165,166,167,168,169,170,171,172,173,174,175,176,177,178,179,180,181,182,183,184,185,186,187,188,189,190,191,192,193,194,195,196,197,198,199,200,201,202,203,204,205,206,207,208,209,210,211,212,213,214,215,216,217,218,219,220,221,222,219,224,225,226,227,228,229,102,231,232,233,234,235,236,237,238,239,240,241,242,243,244,245,246,247,248,249,250,251,252,253,254,255,0,1,2,3,4,5,6,7,8,9,10,11,12,13,14,15,16,17,18,19,20,21,22,23,24,25,26,27,28,29,30,31]
CFO=7302.98814528442,STO=6
EsN0dB=14.03,GRXdB=40,N0=0.0003981071640737355
packet_number=65,correct=False,payload=[0,1,2,3,12,4,6,7,24,25,30,2,28,11,14,15,0,16,20,3,52,23,22,55,24,25,60,59,28,29,30,30,32,35,70,102,100,39,46,39,120,40,42,107,44,45,46,15,48,58,48,51,44,54,48,63,48,113,50,63,60,120,62,127,64,193,66,71,132,197,6,14,88,201,72,219,216,95,78,79,32,81,82,211,208,87,222,95,88,27,88,83,220,125,94,255,96,97,98,71,68,79,110,231,112,107,210,222,92,255,238,239,241,241,118,103,240,123,102,119,112,122,120,123,120,127,126,127,128,129,4,3,5,5,134,143,24,131,147,139,29,31,143,31,177,177,3,23,156,157,183,15,176,25,178,159,29,29,62,159,33,225,162,35,236,229,6,231,185,43,178,203,121,29,189,143,49,179,115,183,36,109,182,247,185,187,178,243,125,191,254,63,128,193,198,135,133,205,134,143,216,203,220,219,217,143,158,207,208,193,210,211,196,137,244,215,217,155,154,211,157,221,220,223,225,225,98,231,193,199,206,231,233,233,254,227,204,239,237,223,225,243,246,247,229,247,244,231,241,249,251,251,253,253,255,255,0,1,2,3,4,5,4,7,8,25,2,31,28,15,14,15,48,17,18,39,4,29,22,15,16,16,22,31,24,29,30,30,0,33,38,7,4,12,14,7,120,42,90,47,76,45,46,15,32,98,50,115,60,116,54,118,112,49,126,115,124,57,126,127,0,130,194,67,4,141,6,7,208,155,26,95,140,204,140,223,64,115,18,151,168,151,188,55,120,113,24,31,220,93,62,63,96,227,96,98,68,238,110,111,96,73,232,107,104,90,78,223,112,240,230,99,116,99,116,118,248,120,118,247,248,248,254,255,1,129,135,135,128,141,143,143,152,155,24,159,140,9,30,31,144,129,131,147,153,149,61,31,152,147,182,155,24,159,191,159,224,161,166,227,233,5,173,47,136,243,184,179,189,189,189,255,225,179,242,55,233,37,127,239,185,185,253,183,252,61,191,127,129,193,134,131,205,195,198,199,201,147,154,219,204,205,205,207,242,211,129,211,221,213,198,159,240,155,221,191,157,159,190,223,192,195,230,231,224,239,198,239,232,219,229,235,200,239,236,255,225,243,247,247,228,253,247,231,248,249,251,255,253,249,254,255,0,3,0,7,4,0,12,15,8,25,22,15,12,9,14,30,16,48,18,19,16,57,62,47,16,24,50,26,56,60,62,62,32,2,38,34,44,103,46,5,0,89,56,35,24,62,126,14,112,98,50,51,48,98,100,47,120,123,56,50,56,124,62,127,192,66,194,134,204,73,70,71,16,218,82,139,92,205,140,14,240,161,242,194,180,45,70,254,88,89,154,87,220,253,94,62,192,65,230,103,200,229,204,79,104,219,126,94,88,124,222,127,96,115,242,247,236,231,254,103,240,121,244,242,252,127,124,255,0,129,1,135,140,139,135,135,8,17,145,143,153,137,15,31,48,19,33,179,189,149,54,55,49,153,19,151,61,61,28,63,160,195,0,227,136,35,239,231,201,43,245,19,253,171,237,207,225,243,243,167,117,251,252,119,241,177,63,59,125,255,60,127,128,195,197,135,201,143,143,143,201,201,221,143,136,205,204,207,192,129,130,135,217,247,175,223,249,177,211,159,253,189,191,223,193,193,198,195,193,225,237,207,248,233,195,211,248,221,236,223,224,241,227,243,224,239,238,239,241,251,253,247,253,253,255,254,0,3,0,6,12,2,6,14,24,18,12,30,24,30,12,31,48,3,20,23,4,16,46,63,16,49,22,23,60,27,60,31]
CFO=7624.75219094072,STO=2
EsN0dB=13.86,GRXdB=40,N0=0.0003981071640737355
packet_number=66,correct=False,payload=[64,1,2,3,132,1,6,7,140,9,10,11,14,5,134,15,16,17,146,3,20,16,154,27,24,25,138,25,140,31,30,31,48,33,179,51,36,49,19,19,44,40,162,43,44,45,46,31,16,49,51,59,58,49,50,51,60,57,186,31,60,29,62,31,64,0,35,33,164,69,102,71,72,73,102,99,78,76,38,79,112,17,82,67,22,85,87,55,72,89,219,27,222,79,46,95,112,97,98,97,228,97,102,103,232,32,106,47,236,125,111,111,48,120,120,115,48,117,118,119,120,121,252,123,252,63,126,127,128,193,128,129,132,133,134,67,140,204,172,139,206,143,142,143,152,145,144,3,148,221,159,135,220,73,218,155,156,223,158,159,160,161,162,163,150,133,247,167,136,161,170,243,172,189,174,175,176,57,154,51,244,157,146,179,248,184,186,249,252,61,190,191,192,192,192,65,230,229,195,199,204,73,238,203,198,207,239,199,192,217,210,211,212,69,230,215,216,93,251,203,222,253,206,223,224,225,224,243,228,119,231,231,240,237,232,235,252,239,238,239,248,112,242,115,252,253,246,119,252,249,254,123,252,252,254,255,0,1,129,3,6,7,6,7,140,9,0,11,12,5,142,15,16,17,146,17,30,23,7,23,8,25,30,27,28,31,31,15,32,0,160,19,54,37,135,39,40,44,14,35,44,39,174,47,16,49,18,57,28,53,182,55,56,57,62,31,60,31,158,31,64,1,66,65,68,101,6,67,72,13,102,79,76,13,78,79,80,81,82,3,84,117,70,87,92,89,90,123,92,95,126,95,224,113,99,99,228,37,38,103,96,57,127,105,60,111,110,111,112,113,112,115,116,127,246,55,124,120,122,123,252,125,126,63,192,129,192,131,134,133,134,3,200,201,134,141,140,143,199,15,208,145,146,83,144,157,150,199,152,153,158,27,156,157,158,95,144,161,160,227,162,100,135,179,168,136,234,171,236,253,174,175,208,240,146,177,180,183,182,183,184,57,250,59,188,254,190,191,192,193,194,195,196,197,198,199,200,200,238,203,204,205,238,239,248,209,195,251,220,213,214,71,218,249,233,77,252,221,223,223,224,113,226,225,244,103,246,119,232,237,248,235,236,237,239,239,240,112,242,241,248,245,254,247,248,249,250,123,252,127,255,255,0,1,3,1,132,1,6,7,8,9,8,11,12,13,14,15,144,17,146,19,4,24,22,19,152,25,27,27,140,29,30,15,0,33,32,19,36,39,2,39,40,41,170,43,172,29,38,47,48,57,51,51,180,49,62,55,56,25,26,59,60,61,62,63,32,65,194,67,68,69,70,71,72,73,74,103,68,77,14,79,64,81,83,67,20,93,86,87,88,25,90,93,220,93,94,79,224,97,98,115,100,101,102,103,232,105,174,107,108,47,102,111,112,112,50,115,124,119,119,119,248,56,122,123,124,125,126,127,128,129,128,129,132,133,134,131,140,137,138,11,142,141,142,143,144,145,155,147,148,31,151,151,156,25,153,139,156,29,159,143,160,161,162,51,164,165,166,167,168,121,170,173,172,165,158,175,152,177,146,51,180,188,182,55,184,185,251,59,188,189,158,191,192,193,195,195,196,199,198,199,204,201,202,203,206,207,206,207,240,81,235,251,212,213,214,199,220,217,218,219,254,221,222,223,224,225,226,227,228,229,231,103,248,249,242,235,236,237,254,239,240,113,242,243,244,241,254,247,248,121,250,251,252,253,254,255,128,1,0,3,4,7,6,3,0,13,10,11,12,13,142,7,0,17,2,17,20,20,22,3,24,25,26,27,28,31,15,31]
CFO=8319.85722254207,STO=1
EsN0dB=13.99,GRXdB=40,N0=0.0003981071640737355
packet_number=67,correct=False,payload=[0,1,4,7,8,4,4,7,8,10,30,3,12,12,30,15,48,0,0,54,60,53,54,6,24,25,18,26,28,29,30,62,32,1,38,2,32,44,12,7,104,57,42,42,44,46,46,15,48,49,50,103,48,61,110,63,48,57,62,51,56,59,60,63,64,65,194,67,64,69,12,71,72,67,66,95,76,93,78,79,80,178,118,82,72,71,28,63,120,19,186,90,24,223,92,30,96,66,66,103,236,193,110,231,96,74,114,67,76,107,78,127,112,112,224,99,112,96,102,119,112,121,122,123,120,121,252,255,128,129,128,135,128,137,5,135,128,9,138,143,9,141,142,143,145,147,164,147,165,37,150,135,176,155,154,27,188,157,28,191,97,161,166,167,172,33,198,175,224,169,178,187,169,13,238,239,176,99,34,183,184,161,180,167,48,177,242,187,60,57,189,255,193,65,196,195,132,197,134,143,152,203,143,203,141,205,223,223,129,209,208,211,197,209,247,247,152,211,211,255,252,253,223,223,225,225,194,227,233,233,228,103,248,233,242,227,232,235,236,255,240,241,231,243,245,225,246,247,248,241,255,251,249,251,255,254,0,3,2,2,12,7,38,14,8,24,14,7,12,9,12,15,48,16,34,23,4,23,20,14,24,27,16,51,60,62,30,63,0,1,6,103,108,1,4,39,8,41,40,35,28,44,46,79,48,51,50,35,40,54,54,38,48,57,52,55,124,60,62,62,0,195,192,3,192,5,140,78,88,83,206,22,200,217,204,223,0,17,224,162,160,85,52,86,184,81,114,82,92,25,92,30,192,99,98,99,228,229,204,70,64,82,194,114,216,124,204,207,96,112,98,115,116,113,100,127,120,248,244,114,124,123,254,127,129,129,1,7,140,135,141,143,137,1,143,139,137,141,156,143,128,51,146,151,33,179,141,167,152,153,20,151,184,31,159,159,160,65,68,75,229,233,100,167,0,137,186,63,25,73,108,207,160,161,246,99,101,161,44,119,177,121,240,115,184,187,60,63,129,129,134,135,141,193,133,199,192,201,141,195,137,137,220,207,176,129,148,135,161,149,158,231,216,209,223,155,189,221,222,159,224,193,192,195,237,193,196,207,225,235,220,251,253,205,252,143,225,225,226,231,248,225,230,231,249,209,250,255,252,249,253,254,0,0,2,6,0,4,4,15,8,18,24,18,24,9,12,14,16,18,48,3,48,56,36,14,56,24,48,59,60,30,30,31,0,35,64,67,100,0,102,6,40,25,62,31,8,15,62,79,96,33,112,119,60,109,52,39,120,57,56,51,120,59,60,126,0,67,132,130,136,2,198,70,64,194,30,151,8,223,30,30,176,97,160,38,40,33,30,110,88,115,16,86,248,126,62,127,96,226,196,102,100,97,204,102,120,233,82,70,76,125,92,111,112,225,100,226,240,240,230,247,112,120,250,254,124,121,124,255,0,131,130,3,9,141,4,135,152,17,148,23,12,137,142,143,0,35,128,7,156,163,166,151,17,17,159,179,156,191,31,31,192,193,197,135,96,143,167,103,160,89,134,19,25,171,127,207,49,113,166,227,168,185,36,167,120,113,56,51,124,251,191,63,193,129,128,131,128,195,196,207,216,211,156,195,137,159,158,207,128,145,192,135,196,249,190,207,176,211,149,215,248,187,188,191,192,225,226,199,193,225,207,239,217,225,254,239,248,233,238,223,240,241,224,227,249,251,231,239,249,249,247,255,252,251,252,254,0,1,6,6,4,10,12,15,0,9,4,22,8,8,12,14,32,32,50,3,8,45,44,7,24,48,28,26,28,58,60,30]
CFO=9566.050849820285,STO=5
EsN0dB=13.97,GRXdB=40,N0=0.0003981071640737355
packet_number=68,correct=False,payload=[0,1,2,3,4,5,6,7,8,9,10,11,12,13,14,15,16,17,18,19,20,21,22,23,24,25,26,27,28,29,30,31,32,33,34,35,36,37,38,39,40,41,42,43,44,45,46,47,48,49,50,51,52,53,54,55,56,57,58,59,60,61,62,63,64,65,66,67,68,69,70,71,72,73,74,75,76,77,78,79,80,81,82,83,84,85,86,87,88,89,90,91,92,93,78,95,96,97,98,99,36,101,102,103,104,105,106,107,108,109,110,111,112,113,114,115,116,117,118,119,120,121,122,123,124,125,126,127,128,129,130,131,132,133,134,135,136,137,138,139,140,141,142,143,144,145,146,147,148,149,134,151,152,153,154,155,156,157,158,159,160,161,162,163,164,165,166,167,168,169,170,171,172,173,174,175,176,177,178,179,180,181,182,183,184,185,186,187,188,189,190,191,192,193,194,195,196,197,198,199,200,201,202,203,204,205,206,207,208,209,210,211,212,212,214,215,216,217,218,91,220,221,218,223,224,225,226,227,228,229,230,231,232,233,234,235,236,237,238,239,240,241,242,243,244,245,246,247,248,249,250,251,252,253,254,255,0,1,2,3,4,5,6,7,8,9,10,11,12,13,14,15,16,17,18,19,20,21,22,23,24,25,26,27,28,29,30,31,32,33,34,35,36,37,38,39,40,41,42,43,40,41,46,47,48,49,34,51,52,53,54,55,56,57,58,59,60,61,62,63,64,65,66,67,68,69,70,71,72,73,74,75,76,77,78,79,80,81,82,83,84,85,86,87,88,89,90,91,92,93,94,95,96,97,98,99,100,101,102,103,104,73,106,107,108,109,110,111,112,113,114,115,116,117,118,119,120,121,122,123,124,125,126,127,128,129,130,131,132,133,134,135,136,137,138,139,140,141,142,143,144,145,146,147,148,149,150,151,152,153,154,155,28,157,158,159,160,161,162,163,164,165,166,167,168,169,170,171,172,173,174,175,176,177,178,179,180,181,182,183,184,177,186,187,188,189,190,191,192,193,194,195,196,197,198,199,200,201,202,203,204,205,206,207,208,209,210,211,212,213,214,215,216,217,218,219,220,221,222,223,224,225,226,227,228,229,230,231,232,233,234,235,236,237,238,239,240,241,242,243,244,245,246,247,248,249,250,251,252,253,254,254,0,1,2,3,4,5,6,7,8,9,10,11,12,13,14,15,16,17,18,19,20,21,22,23,24,25,26,27,28,29,30,31,32,33,34,35,36,37,38,39,40,41,42,43,44,45,46,47,48,49,50,51,52,53,54,55,56,57,58,59,60,61,62,63,64,65,66,67,68,69,70,71,72,73,74,75,76,77,78,79,80,81,82,83,84,85,86,87,88,89,90,91,92,93,94,95,96,97,98,99,100,101,102,103,104,105,106,107,108,109,110,111,112,113,114,115,116,117,118,119,120,121,122,123,124,125,126,127,128,129,130,131,132,133,134,135,136,137,138,139,140,141,142,143,144,145,146,147,148,149,150,151,152,153,154,155,156,153,158,159,160,161,162,163,164,165,166,167,168,169,170,171,172,173,174,175,176,177,178,179,180,181,182,183,184,185,186,187,172,189,190,191,192,193,194,195,196,197,198,199,200,201,202,203,204,205,206,207,208,209,210,211,212,213,214,215,216,217,218,219,220,221,222,223,224,225,226,227,228,229,230,231,224,233,234,235,236,237,238,229,240,241,242,243,244,245,246,247,248,249,250,251,252,253,254,255,0,1,2,3,4,5,6,7,8,9,10,11,12,13,14,15,16,17,18,19,20,21,22,23,24,25,26,27,28,29,30,31]
CFO=8936.056968075542,STO=7
EsN0dB=13.95,GRXdB=40,N0=0.0003981071640737355
packet_number=69,correct=False,payload=[0,1,2,3,4,5,6,7,8,9,10,11,12,13,14,15,16,17,18,19,20,21,22,23,24,25,26,27,28,29,30,31,32,33,34,35,36,37,38,39,40,41,42,43,44,45,46,47,48,49,50,51,52,53,54,55,56,57,58,59,60,61,62,63,64,65,66,67,68,69,70,71,72,73,74,75,76,77,78,79,80,81,82,83,84,85,86,87,88,89,90,91,92,93,94,95,96,97,98,99,100,101,102,103,104,105,106,107,108,109,110,111,112,113,114,115,116,117,118,119,120,121,122,123,124,125,126,127,128,129,130,131,132,133,134,135,136,137,138,139,140,141,142,143,144,145,146,147,148,149,150,151,152,153,154,155,156,157,158,159,160,161,162,163,164,165,166,167,168,169,170,171,172,173,174,175,176,177,178,179,180,181,182,183,184,185,186,187,188,189,190,191,192,193,194,195,196,197,198,199,200,201,202,203,204,205,206,207,208,209,210,211,212,213,210,215,216,217,218,219,220,221,222,223,224,225,226,227,228,229,230,231,232,233,234,235,236,237,238,239,240,241,242,243,244,245,246,247,248,249,250,251,252,253,254,255,0,1,2,3,4,5,6,7,8,9,10,11,12,13,14,15,16,17,18,19,20,21,22,23,24,25,26,27,28,29,30,31,32,33,34,35,36,37,38,39,40,41,42,43,44,45,38,47,48,49,50,51,52,53,54,55,56,41,58,59,60,61,62,55,64,65,66,67,68,69,70,71,64,73,74,75,76,77,78,79,80,81,82,83,84,85,86,87,88,89,90,91,92,93,94,95,96,97,98,99,100,101,102,103,104,105,106,107,108,109,110,111,112,113,114,115,116,117,118,119,120,121,122,123,124,125,126,127,128,129,130,131,132,133,134,135,136,137,138,139,140,140,142,143,144,145,146,147,148,133,150,151,152,153,154,155,156,157,158,159,160,161,162,163,164,165,166,167,168,169,170,171,172,173,174,175,176,177,178,179,180,181,182,183,184,185,186,187,188,189,190,191,192,193,194,195,196,197,198,199,200,201,202,203,204,205,206,207,208,209,210,211,148,213,214,215,216,217,218,219,220,221,222,223,224,225,226,227,228,229,230,231,232,233,234,235,236,237,238,239,240,225,242,242,244,245,246,247,248,249,250,251,252,253,254,255,0,1,2,3,4,5,6,7,8,9,10,11,12,13,14,15,16,17,18,19,20,21,22,23,24,25,26,27,28,29,28,31,32,33,34,3,36,37,38,39,40,41,42,43,44,45,46,47,48,33,50,51,52,53,54,55,56,57,58,59,60,61,62,63,64,65,66,67,68,69,70,71,72,73,74,75,76,77,78,79,80,81,82,83,84,85,86,87,88,89,122,91,92,93,94,95,96,97,98,99,100,101,100,103,104,105,106,107,108,108,110,111,112,113,114,115,116,113,118,119,120,121,122,123,124,125,126,127,128,129,130,131,132,133,134,135,136,137,138,139,140,141,142,143,144,145,146,147,148,149,150,151,152,153,154,155,156,157,158,159,160,161,162,163,164,165,166,167,168,169,170,171,172,173,174,175,176,177,178,179,148,181,246,183,184,185,186,187,188,189,190,191,192,193,194,195,196,197,198,199,200,201,202,203,204,205,206,207,208,209,210,211,212,213,214,215,216,217,218,219,220,221,222,223,224,225,162,227,228,229,230,231,232,233,234,235,236,237,238,239,240,241,242,243,244,245,246,247,248,249,218,251,252,253,252,255,0,1,2,3,4,5,6,7,8,9,10,11,12,13,14,15,16,17,18,19,20,21,22,23,24,25,26,27,28,29,30,31]
CFO=7865.150185153166,STO=2
EsN0dB=13.96,GRXdB=40,N0=0.0003981071640737355
packet_number=70,correct=False,payload=[0,1,2,3,4,5,6,7,8,9,10,11,12,13,14,15,16,17,18,19,20,21,54,23,24,25,26,91,28,29,30,31,32,33,34,35,36,37,38,39,40,40,42,43,44,45,46,47,48,49,50,51,52,53,54,55,56,57,58,59,60,61,62,55,64,1,66,67,68,69,70,71,72,73,74,75,78,77,78,79,80,81,82,83,84,85,86,87,88,89,90,91,92,93,94,95,96,97,98,99,100,101,102,103,104,105,106,107,108,109,110,111,112,113,114,115,116,117,118,119,120,121,122,123,124,125,126,127,128,129,130,131,132,133,134,135,136,137,138,139,140,141,142,143,144,145,146,147,148,149,150,151,152,153,154,155,156,157,158,159,160,160,162,163,164,165,166,167,168,169,170,171,172,173,174,175,176,177,178,179,180,181,182,183,184,185,186,187,188,189,190,191,192,193,194,195,196,197,198,199,200,201,202,203,204,205,206,207,208,209,210,211,148,213,214,215,216,217,218,219,220,221,222,223,224,225,226,227,228,229,230,231,232,233,234,235,236,237,238,239,240,241,242,243,244,245,246,247,248,249,250,251,252,253,254,255,0,1,2,3,4,5,6,7,8,9,10,11,12,13,14,15,16,17,18,19,20,21,22,23,24,25,26,27,28,29,30,31,32,33,34,35,36,37,38,39,40,41,42,43,44,45,46,47,48,49,50,51,52,53,54,55,56,57,58,59,60,61,62,63,64,65,66,67,68,69,70,71,72,73,74,75,76,77,78,79,80,81,82,83,84,85,86,87,88,89,90,91,92,93,94,95,96,97,98,99,100,101,102,103,104,105,106,107,108,109,110,111,112,113,114,115,116,117,118,119,120,121,122,123,124,125,126,127,128,129,130,131,132,133,134,135,136,137,138,139,140,141,142,143,144,145,146,147,148,149,150,151,152,153,154,155,156,157,158,159,160,161,162,163,164,165,166,167,168,161,170,171,172,173,174,175,176,177,178,179,180,181,182,183,184,185,186,187,188,189,190,191,192,193,194,195,196,197,198,199,200,201,202,203,204,205,206,207,208,209,210,211,212,213,214,215,216,217,218,219,220,221,222,223,224,225,226,227,228,229,230,231,232,233,234,235,236,237,238,239,240,241,242,243,244,245,246,247,248,249,250,251,252,253,254,255,0,1,2,3,4,5,6,7,8,9,10,11,12,13,14,15,16,17,18,19,20,21,22,23,24,25,26,27,28,29,30,31,32,33,34,35,36,37,38,39,40,41,42,43,44,45,46,47,50,49,50,51,52,53,54,55,56,57,58,59,60,61,62,63,64,65,66,67,68,69,70,71,72,73,74,75,76,77,78,79,80,81,82,83,84,85,86,87,88,89,90,91,92,93,94,95,96,97,98,99,100,101,98,103,104,105,106,107,108,109,110,111,112,113,114,115,116,117,118,119,120,121,122,123,124,125,126,127,128,129,130,131,132,133,134,135,136,137,138,139,140,141,142,143,144,145,146,147,148,149,150,151,152,153,154,155,156,157,158,159,160,161,162,163,164,165,166,167,168,169,170,171,172,173,174,175,176,177,178,179,180,181,182,183,184,185,186,187,188,189,190,191,192,193,194,195,196,197,198,199,200,201,202,203,204,205,206,207,208,209,210,211,212,213,214,215,216,217,218,219,220,221,222,223,224,225,226,227,228,229,230,231,232,233,234,235,236,237,238,239,240,241,242,243,244,245,246,247,248,249,250,251,252,253,254,255,0,1,2,3,4,5,6,7,8,9,10,11,12,13,14,15,16,17,18,19,20,21,22,23,24,25,26,27,28,13,30,31]
CFO=7078.548603476494,STO=3
EsN0dB=12.95,GRXdB=40,N0=0.0005011872272007167
packet_number=71,correct=False,payload=[0,1,2,3,4,5,6,7,8,9,10,11,12,13,14,31,16,17,18,19,20,21,22,23,24,25,26,27,29,29,30,31,32,33,34,43,36,37,38,39,40,41,58,43,44,45,46,47,48,49,50,51,52,53,54,63,56,57,58,59,60,61,62,63,64,65,66,67,68,69,70,71,104,73,74,75,76,77,78,79,80,81,82,83,84,85,86,87,88,89,90,91,92,93,94,95,96,97,98,99,100,101,102,103,96,105,107,107,108,109,110,111,112,113,114,115,116,117,118,119,120,121,122,123,124,125,126,127,128,129,146,131,132,133,134,135,136,137,138,139,140,141,142,143,144,145,146,147,148,149,150,151,152,153,154,155,156,157,158,159,160,161,162,163,164,165,166,167,168,169,170,171,172,173,174,175,176,177,178,179,180,181,182,183,184,185,186,187,188,189,190,191,192,193,194,195,196,197,198,199,200,201,202,203,204,205,206,207,208,209,210,211,212,213,214,215,216,217,218,219,220,221,222,223,224,225,226,227,228,229,230,231,232,233,234,235,236,237,238,239,240,241,242,243,244,245,246,247,248,249,250,251,252,253,254,255,0,1,10,3,4,5,6,7,8,11,10,11,12,13,14,15,16,17,18,19,20,21,22,23,24,25,26,27,28,29,30,31,32,33,34,34,164,37,38,39,168,41,42,43,44,45,46,47,48,49,50,51,52,53,54,55,56,57,58,59,60,61,62,63,64,65,66,67,70,69,70,71,72,73,74,75,76,77,78,79,80,81,82,83,84,85,86,87,88,89,90,91,92,93,94,95,96,97,98,99,100,101,102,103,104,105,106,107,108,109,110,111,112,113,114,115,116,117,118,119,120,121,122,123,124,125,126,127,128,129,130,131,132,133,134,135,136,137,138,139,140,141,142,143,144,145,146,147,148,149,150,151,152,153,154,155,156,157,158,159,160,161,160,163,160,165,166,167,168,169,170,171,172,173,174,175,176,177,178,179,180,181,182,183,184,185,186,187,188,189,190,191,192,193,194,195,196,197,198,199,200,201,202,203,204,205,206,207,208,209,210,243,212,213,214,215,216,217,218,219,220,221,222,223,224,225,226,227,228,229,230,231,232,233,234,235,236,237,238,239,240,241,242,243,244,245,246,247,248,249,250,251,252,253,254,255,0,1,2,3,132,5,6,7,12,9,10,11,12,13,14,15,16,17,18,19,20,21,22,23,24,25,90,27,28,29,30,31,32,33,38,35,36,37,38,39,40,41,42,43,44,45,47,47,48,49,50,51,52,53,54,55,56,57,58,59,60,61,62,63,64,65,66,67,68,69,70,71,72,73,74,75,76,77,78,79,80,81,82,91,84,85,86,87,88,89,90,91,92,93,94,95,96,97,98,99,100,101,102,103,104,105,106,107,108,109,110,111,112,113,114,115,116,117,118,119,122,121,122,123,124,125,126,127,128,129,130,131,132,133,134,135,136,137,138,139,140,141,142,143,144,153,146,147,148,149,150,151,152,153,154,155,156,157,158,159,160,161,162,163,164,165,166,167,168,169,170,171,172,173,174,175,176,177,178,179,180,181,182,183,184,185,186,187,188,189,190,191,192,193,194,195,196,197,199,199,200,201,202,203,204,205,206,207,208,209,210,211,212,213,214,215,216,217,218,219,220,221,222,223,224,225,226,227,228,229,230,231,232,233,234,235,236,237,238,239,240,241,242,243,244,245,246,247,248,249,250,251,252,253,254,255,0,1,2,3,4,5,6,7,8,9,10,11,12,13,14,15,16,17,18,19,20,21,22,23,24,25,26,27,28,29,30,31]
CFO=6814.909941975694,STO=4
EsN0dB=13.08,GRXdB=40,N0=0.0005011872272007167
packet_number=72,correct=False,payload=[0,1,2,3,4,5,6,7,8,9,10,11,12,13,14,15,16,17,18,19,20,21,22,23,24,25,26,27,28,29,30,31,32,33,34,35,36,37,38,39,40,41,42,43,44,45,46,47,48,49,50,51,52,53,54,55,56,57,58,59,60,61,62,63,64,65,66,67,68,69,70,71,72,73,74,75,76,77,78,79,80,81,82,211,84,85,86,87,216,89,90,91,92,93,94,95,96,65,98,99,100,101,102,103,104,105,106,107,108,109,110,111,112,113,114,115,116,117,118,119,120,121,122,123,124,125,126,127,128,129,130,131,132,133,134,135,136,137,138,139,136,141,142,143,144,145,146,147,148,149,150,151,152,153,154,155,156,157,158,159,160,161,162,163,164,165,166,167,168,169,170,171,172,173,174,175,176,177,178,179,180,181,182,183,184,185,186,187,188,189,190,191,192,193,194,195,196,197,198,199,200,201,202,203,204,205,206,207,208,209,214,211,212,209,214,215,216,217,218,219,220,221,222,223,224,225,226,227,228,229,230,231,232,225,234,235,236,237,238,239,176,241,242,243,246,245,246,247,248,249,250,251,252,253,254,255,0,1,2,3,4,5,6,7,8,9,10,11,12,13,14,15,16,17,50,19,20,21,22,23,24,25,26,27,28,29,30,31,32,33,34,35,36,37,38,39,40,41,42,43,44,45,46,47,48,49,50,51,52,53,54,51,56,57,58,59,60,61,62,63,64,65,66,67,68,69,70,71,72,73,74,75,76,77,78,79,80,81,82,83,84,85,86,87,88,89,90,91,92,93,94,95,96,97,98,99,100,109,102,103,104,105,106,107,108,109,110,111,112,113,114,115,116,117,118,119,120,121,122,123,124,125,126,127,128,129,130,131,132,133,134,135,152,137,138,139,140,141,142,143,144,145,178,147,148,149,150,151,152,153,154,155,156,157,158,159,160,161,162,163,164,165,166,167,168,169,170,171,172,173,174,175,176,177,178,179,180,181,182,183,184,185,186,187,188,189,190,191,192,193,194,195,196,197,198,199,200,201,202,203,204,205,206,207,208,209,211,211,212,213,212,215,216,217,218,155,220,221,222,223,224,225,226,227,228,229,230,231,232,235,234,235,236,233,238,239,240,241,242,243,244,245,246,247,248,249,250,251,252,125,254,255,0,1,2,3,4,5,6,7,8,9,10,11,12,13,14,15,16,17,18,19,20,21,22,23,24,25,26,27,28,29,30,31,32,33,34,35,36,37,38,39,40,41,42,43,44,45,46,46,48,49,50,51,116,53,54,55,56,57,122,59,60,61,60,63,64,65,66,67,68,69,70,71,72,73,74,75,76,77,78,79,80,81,82,83,84,85,86,87,88,89,88,91,92,93,94,95,97,97,98,99,100,101,102,103,104,105,106,107,108,109,110,111,112,113,114,115,116,117,118,119,124,121,122,123,124,125,126,127,128,129,130,131,132,133,134,135,136,137,138,139,140,141,142,143,144,145,146,147,148,149,150,151,152,153,154,155,156,157,158,159,160,161,162,163,164,229,166,183,168,169,170,171,140,173,174,175,176,177,178,179,180,181,182,183,184,185,186,187,188,189,190,191,192,193,194,195,196,197,198,199,200,201,202,203,204,205,206,207,208,209,210,211,212,213,214,215,216,217,218,219,220,221,222,223,224,225,226,227,228,229,230,231,232,233,235,235,236,237,238,239,240,241,242,243,244,245,230,247,248,249,250,251,252,253,254,255,0,1,2,3,4,5,6,7,8,9,10,11,12,13,14,15,16,17,18,23,20,21,54,23,24,25,58,27,28,29,30,31]
CFO=9595.622723014287,STO=4
EsN0dB=12.87,GRXdB=40,N0=0.0005011872272007167
packet_number=73,correct=False,payload=[0,1,2,3,4,5,6,7,8,9,10,11,12,13,14,15,16,17,18,19,20,21,22,23,24,25,26,27,28,29,30,31,32,33,34,35,36,37,38,39,40,41,42,43,44,45,46,47,48,49,50,51,52,53,54,55,56,57,58,59,60,61,62,63,64,65,66,67,68,69,70,71,72,73,74,75,76,77,78,79,80,81,82,83,84,85,86,87,72,89,90,91,92,93,94,95,96,97,98,99,100,101,102,103,104,105,106,111,108,109,110,47,48,113,114,115,116,117,118,119,88,121,122,123,124,125,126,127,128,129,130,131,132,133,134,135,136,137,138,139,140,141,142,143,144,145,146,147,20,149,150,135,152,153,154,155,156,157,158,159,160,161,162,163,164,165,166,167,168,169,170,171,172,173,174,175,176,177,178,179,180,181,182,167,184,185,186,187,188,173,190,191,192,193,194,195,196,197,198,198,200,201,202,203,204,205,206,207,208,209,210,83,212,213,86,215,216,217,218,219,220,221,222,223,224,225,226,227,228,165,230,231,232,233,106,235,236,237,238,207,240,241,242,243,244,245,182,231,248,249,250,251,252,253,254,255,0,1,2,3,4,5,6,7,8,9,10,11,12,13,14,15,16,17,18,19,20,21,22,23,24,25,26,27,28,29,30,31,32,33,34,35,4,37,38,39,40,41,34,43,44,45,46,47,48,49,50,51,52,53,54,55,56,57,58,59,60,61,62,47,64,65,66,67,68,69,70,71,72,73,74,75,76,77,78,79,80,81,82,83,84,85,86,87,88,89,90,91,92,93,94,95,96,97,98,99,100,101,102,103,40,97,106,107,108,108,110,111,112,113,114,115,116,117,118,119,120,249,122,123,124,125,126,127,128,128,130,131,132,133,134,135,136,137,138,139,140,141,142,143,144,145,146,147,148,149,150,151,152,153,154,155,156,157,158,159,160,161,162,163,164,165,164,167,168,169,170,171,172,173,174,175,176,177,178,179,180,181,182,183,56,185,186,187,188,189,190,191,192,193,194,195,196,197,198,197,200,201,202,203,204,205,206,207,208,209,210,211,212,213,214,215,216,217,218,219,220,221,222,223,224,225,226,227,228,229,230,231,232,233,234,235,236,237,238,239,240,241,242,243,244,229,246,247,248,249,218,251,252,253,254,255,0,1,2,3,4,5,6,7,8,9,10,11,12,13,14,15,16,17,18,19,20,21,22,23,26,25,26,27,28,29,30,159,32,33,34,35,36,37,38,39,40,41,42,43,44,45,46,47,48,49,50,51,52,53,54,55,56,57,58,59,56,61,62,63,64,65,66,67,68,69,70,71,72,73,74,75,76,77,78,79,80,81,82,83,84,85,86,87,88,89,90,91,92,93,94,95,96,97,98,99,100,101,102,103,104,105,106,107,108,109,110,111,112,113,114,115,116,117,118,119,120,121,122,123,124,125,126,127,128,129,130,131,132,133,134,135,136,137,138,169,140,141,142,143,144,145,130,147,148,149,150,151,152,153,154,155,156,157,158,159,160,161,162,163,164,165,166,167,168,169,170,171,172,173,174,175,176,176,178,179,180,181,182,183,184,185,186,187,188,189,190,191,192,193,194,195,196,197,198,198,200,201,202,203,204,205,206,207,208,209,210,211,212,213,214,215,216,217,218,219,220,221,222,223,224,225,226,227,228,229,230,231,232,233,234,235,236,236,238,239,240,241,242,243,244,245,246,247,248,249,250,123,252,253,254,255,0,1,2,3,4,5,6,7,8,9,138,11,12,13,14,15,16,17,18,19,20,21,22,23,24,17,26,27,28,29,30,31]
CFO=8681.908474971522,STO=4
EsN0dB=12.94,GRXdB=40,N0=0.0005011872272007167
packet_number=74,correct=False,payload=[0,1,2,3,4,5,6,7,8,9,10,11,12,13,14,15,16,17,18,19,20,21,22,23,24,25,26,27,28,29,30,31,32,33,34,35,36,37,38,39,40,41,42,43,44,45,46,47,48,49,50,51,52,53,54,54,56,57,58,59,60,61,62,63,64,65,2,67,68,69,70,71,72,73,74,75,76,77,78,79,80,81,82,83,84,85,86,71,88,89,90,91,92,93,94,95,96,97,98,99,100,101,102,103,104,105,106,107,108,109,110,103,112,113,114,115,116,117,118,119,120,121,122,123,124,125,126,127,128,129,130,131,132,133,134,135,136,137,138,139,140,141,142,143,144,145,146,147,148,149,150,151,152,153,154,155,156,157,158,159,160,161,162,163,164,165,166,167,168,169,170,171,172,173,174,175,176,177,178,179,180,181,182,183,184,185,186,187,188,189,190,191,192,193,194,195,196,197,198,199,200,201,202,203,204,205,206,207,208,209,210,211,212,213,214,215,216,219,218,219,220,221,222,223,224,225,226,227,228,229,166,231,232,233,234,235,236,237,238,239,240,241,242,243,244,245,246,247,248,249,250,251,252,253,254,255,0,1,2,3,4,5,6,7,8,9,10,11,12,13,14,15,16,17,18,19,20,21,22,23,24,25,26,27,28,29,30,31,32,33,34,35,36,37,38,39,40,41,42,43,44,45,46,47,48,49,50,51,52,53,54,55,56,57,58,59,60,61,62,63,64,65,66,67,68,69,70,71,72,73,74,75,76,77,78,79,80,81,82,83,84,85,86,87,88,89,90,91,92,93,86,95,96,97,98,99,100,101,98,103,104,105,106,107,108,109,110,111,112,113,114,115,116,117,118,119,120,121,122,123,124,125,126,127,128,129,130,131,132,133,134,135,136,137,138,139,140,141,142,143,144,145,146,147,148,149,150,151,156,153,154,155,156,157,158,159,160,161,162,163,164,165,166,167,168,169,170,171,172,173,174,175,176,177,178,179,180,181,182,183,184,185,186,187,188,189,190,191,192,193,194,195,196,197,196,199,200,201,202,203,204,205,206,207,208,209,210,211,212,209,214,215,216,217,218,219,220,221,222,223,224,225,226,227,228,229,230,231,232,233,234,235,236,237,238,239,240,177,242,243,244,245,246,247,248,249,250,251,252,253,254,255,0,129,2,3,4,5,6,7,8,9,10,11,12,13,14,15,16,17,18,19,20,21,22,23,24,25,26,27,28,29,30,31,32,33,34,35,36,37,38,39,40,41,42,43,44,45,46,47,48,49,50,51,52,53,54,55,56,57,58,59,60,61,62,63,0,65,66,67,68,69,70,71,72,73,74,75,76,77,78,79,80,81,82,83,84,85,86,87,88,89,90,91,92,93,94,95,96,97,98,99,100,101,38,103,104,105,106,107,108,109,110,111,112,113,114,115,116,117,118,119,120,121,122,123,124,125,126,111,128,129,130,131,148,133,134,135,136,137,138,139,140,141,142,143,144,145,146,147,148,149,150,151,152,153,154,187,156,157,158,159,160,161,162,163,164,165,166,167,168,169,170,171,172,173,174,175,176,177,178,179,180,181,182,183,184,185,186,187,188,181,190,191,192,193,194,195,196,197,198,199,200,201,202,203,204,205,206,207,208,209,210,211,212,213,214,215,216,153,218,219,220,221,222,223,224,225,226,227,228,229,230,231,232,233,234,235,236,237,238,239,240,241,242,243,244,245,246,247,248,249,250,251,252,253,254,255,0,1,2,3,4,5,6,7,8,9,10,11,12,13,14,15,16,17,18,19,20,21,22,23,24,25,26,27,28,29,30,31]
CFO=9081.530511022966,STO=1
EsN0dB=13.13,GRXdB=40,N0=0.0005011872272007167
packet_number=75,correct=False,payload=[30,49,64,187,128,0,0,1,0,0,2,7,8,0,133,9,140,14,6,15,144,0,144,9,136,3,130,11,8,29,154,25,140,13,15,15,48,0,130,49,144,33,135,51,36,5,181,1,140,21,159,7,24,16,184,27,24,48,23,19,136,29,30,57,28,29,159,63,64,64,224,33,2,7,67,3,0,0,66,69,44,108,78,15,40,105,25,10,52,103,146,59,72,12,8,123,12,44,94,31,224,113,48,49,182,52,162,35,40,48,161,61,52,117,103,47,112,48,178,49,180,50,255,119,60,125,120,57,126,62,254,127,192,192,131,67,132,65,195,3,136,132,131,71,140,141,134,199,136,17,131,153,144,143,146,131,140,73,218,155,158,158,142,207,160,32,227,99,146,100,162,135,136,29,194,145,142,47,206,119,240,121,216,177,150,204,179,19,184,184,219,59,158,28,190,31,192,65,194,97,192,65,195,99,200,100,224,201,238,70,198,199,208,97,250,107,244,218,226,83,216,221,221,73,204,207,254,79,224,96,224,97,228,100,242,227,224,225,242,251,230,246,254,255,240,248,240,121,250,254,243,123,248,125,249,121,254,253,254,127,128,1,129,1,0,1,2,3,0,12,2,5,12,6,142,15,0,16,154,9,148,18,22,31,152,24,137,27,28,15,158,15,0,1,0,1,180,33,38,51,160,17,16,29,60,5,7,7,176,49,16,49,48,19,182,27,56,61,31,59,60,28,158,27,32,65,65,33,228,65,98,67,204,41,74,7,68,12,71,47,144,8,18,35,80,67,182,67,24,72,152,123,108,92,30,31,240,49,96,99,178,33,99,103,96,37,107,111,228,109,63,103,184,120,179,115,112,49,115,115,56,120,185,59,188,125,62,63,128,192,131,1,128,1,193,67,132,197,193,199,140,141,143,7,128,1,130,83,128,140,134,83,156,89,138,139,158,15,143,31,128,96,130,115,214,18,134,3,152,165,128,207,212,100,167,183,176,241,153,209,240,181,158,23,152,184,188,253,188,28,158,191,224,65,192,195,230,192,195,195,200,233,228,77,196,230,206,111,224,81,243,123,244,214,195,199,200,89,200,123,206,92,206,111,240,241,226,227,244,226,227,103,228,97,230,107,244,101,230,247,240,240,208,113,254,242,247,235,248,120,250,247,252,252,254,255,0,0,128,3,128,1,134,3,0,1,137,9,132,5,142,7,128,16,9,17,38,17,22,31,136,25,26,31,28,13,143,31,32,1,2,33,4,37,55,19,172,57,42,27,28,37,174,31,144,56,178,59,16,21,182,39,24,57,61,27,190,61,62,47,192,65,162,3,64,0,70,99,8,5,134,75,12,71,78,71,16,25,115,65,80,37,86,3,216,41,123,31,108,76,94,95,112,112,224,35,100,113,243,39,168,41,171,99,100,37,182,47,112,112,50,49,112,51,246,55,56,120,123,59,124,61,62,63,192,128,130,131,132,70,131,71,140,73,132,11,134,77,198,139,144,145,152,145,140,69,134,147,140,156,154,155,140,29,222,31,160,160,128,131,162,5,146,119,196,33,130,171,134,196,206,135,176,145,146,249,148,61,183,23,184,153,158,179,254,189,190,159,192,65,194,67,228,65,231,199,192,196,232,195,204,133,206,79,208,80,218,99,216,193,210,199,216,217,238,203,220,221,222,223,224,225,227,225,228,225,231,227,232,233,227,97,236,110,246,239,240,249,243,243,248,255,242,119,248,249,251,251,252,127,255,255,0,0,2,1,128,0,6,7,4,0,4,7,14,7,14,7,0,0,0,3,20,20,150,23,8,8,154,31]
CFO=7231.33424338537,STO=5
EsN0dB=12.94,GRXdB=40,N0=0.0005011872272007167
packet_number=76,correct=False,payload=[0,1,2,3,4,5,6,7,8,9,10,11,12,13,14,15,16,17,18,19,4,21,22,23,24,57,26,27,28,29,30,31,32,33,34,35,36,37,38,39,40,41,42,43,44,41,46,47,48,49,50,51,52,53,54,55,56,57,58,59,60,61,62,63,64,65,66,67,68,69,70,71,72,73,74,75,76,77,78,79,80,81,82,83,84,85,86,87,88,89,90,83,92,93,94,95,96,97,98,99,100,101,102,103,104,105,106,107,108,109,110,239,112,113,114,115,116,117,118,119,120,121,122,123,124,125,126,127,128,129,130,131,132,133,198,135,136,137,138,139,140,143,142,143,144,145,146,146,148,149,150,151,152,153,154,155,157,157,158,159,160,161,162,163,164,165,166,167,168,169,170,171,172,173,174,175,176,177,178,179,180,181,182,183,184,185,186,187,189,189,190,191,192,193,194,195,196,197,198,199,200,201,202,203,204,205,206,207,208,209,210,211,212,213,214,215,216,217,218,219,220,221,222,223,224,225,226,227,228,229,230,231,232,233,234,239,236,237,238,239,240,241,242,243,244,245,246,247,248,249,250,251,252,253,254,255,64,1,2,3,4,5,14,7,8,9,10,11,12,13,14,15,16,17,18,19,20,21,22,23,24,25,26,27,28,29,30,31,32,33,34,35,36,37,38,39,40,41,42,43,44,45,46,47,48,49,50,51,52,117,54,55,56,57,58,59,60,29,62,63,64,65,66,67,84,69,70,71,72,73,74,75,76,77,78,79,80,81,82,83,84,85,86,87,88,89,90,91,92,93,94,95,96,97,98,99,100,101,102,103,104,105,106,107,108,109,110,111,112,113,114,99,116,117,118,55,120,121,122,123,124,125,127,127,128,129,130,131,132,133,134,135,136,137,138,139,140,141,142,143,144,145,146,147,148,149,150,151,152,153,154,155,156,157,158,159,160,161,162,163,164,165,166,167,168,169,170,171,172,173,174,175,176,177,178,179,180,181,182,183,184,185,186,187,188,189,190,191,192,193,194,195,196,197,198,199,192,201,202,203,204,205,206,207,208,209,210,211,212,213,214,215,216,217,218,219,220,221,222,223,224,225,226,227,228,229,230,231,232,233,234,235,236,237,238,239,240,241,242,243,244,245,246,247,248,249,250,251,252,253,254,255,0,1,2,35,4,5,6,7,8,9,10,11,12,13,14,15,16,17,18,19,20,20,22,23,24,25,26,27,28,29,30,31,32,33,34,35,36,37,38,39,40,41,42,43,44,45,46,47,48,49,50,51,52,53,54,55,56,57,58,63,60,61,62,63,64,65,66,67,68,69,70,71,72,73,74,75,76,77,110,79,80,81,82,83,84,85,86,87,88,89,90,91,92,93,94,95,96,97,98,99,100,101,102,103,104,41,106,107,108,109,110,111,120,113,114,115,116,117,118,119,120,121,122,123,124,125,126,127,128,129,130,131,132,133,134,135,136,139,138,139,140,141,142,143,144,147,146,147,148,149,150,151,152,153,154,155,156,157,158,159,160,161,162,163,164,165,166,167,168,169,170,171,172,173,174,175,176,177,178,179,180,181,182,183,184,185,186,187,188,189,190,191,192,193,210,195,196,197,134,199,200,201,202,203,204,205,206,207,208,209,210,211,212,213,214,215,216,217,218,219,220,221,222,223,224,225,226,227,228,229,230,231,232,233,234,235,236,237,238,239,240,241,242,243,244,245,246,247,248,249,250,251,252,253,254,255,0,129,2,3,4,5,6,7,8,9,10,11,12,13,14,15,16,17,18,19,20,21,22,23,24,25,26,27,28,29,30,31]
CFO=7853.277513964653,STO=2
EsN0dB=13.03,GRXdB=40,N0=0.0005011872272007167
packet_number=77,correct=False,payload=[0,1,2,3,4,5,38,7,8,9,10,11,12,13,14,15,16,17,18,19,20,21,22,23,24,25,26,27,28,29,30,31,32,33,34,35,36,37,38,39,40,41,42,43,172,45,46,47,48,49,50,51,48,53,54,55,56,57,58,59,60,125,62,63,64,65,66,3,68,69,70,71,72,73,74,75,76,77,78,79,80,81,82,83,84,85,86,87,88,89,90,91,92,93,94,95,96,97,98,99,100,101,102,39,104,105,106,107,108,109,110,111,112,113,114,115,116,117,118,119,120,121,122,123,124,125,126,127,128,129,130,131,132,133,134,135,136,137,154,139,140,141,142,175,144,145,144,147,148,149,150,151,152,153,154,155,156,157,158,159,160,161,162,163,164,165,166,166,168,169,170,171,172,173,174,175,176,177,178,179,180,181,182,183,184,185,187,187,188,189,190,191,192,193,192,195,196,197,198,199,200,201,202,203,204,205,206,207,208,209,211,211,244,213,214,215,216,217,218,219,220,221,222,223,224,225,226,227,228,229,230,231,232,233,234,235,236,237,238,239,240,241,242,243,244,245,246,247,248,249,250,251,252,253,254,255,0,1,2,3,4,5,6,7,137,9,10,11,12,13,14,15,80,17,18,19,20,21,22,23,24,25,26,27,28,29,30,31,32,33,34,35,36,37,38,39,40,41,42,43,44,45,46,47,48,49,50,51,52,53,54,55,56,57,58,59,60,61,62,63,64,65,66,67,68,69,70,71,72,73,74,75,76,77,78,79,80,209,82,83,84,85,86,87,88,89,90,91,92,93,90,95,96,97,98,99,100,101,102,103,104,105,106,107,108,109,126,111,112,113,114,115,116,117,118,119,120,121,122,123,124,125,126,127,128,129,130,131,132,133,134,135,136,137,142,139,140,141,142,143,144,145,146,147,148,149,150,151,152,153,154,155,156,157,158,159,160,161,162,163,164,165,166,167,168,169,170,171,172,173,174,143,176,177,178,179,180,181,182,183,184,185,186,187,188,189,190,191,192,193,194,195,196,197,198,199,200,201,202,203,204,205,206,207,208,208,210,211,212,213,214,215,216,217,218,219,220,221,222,223,224,225,226,227,228,229,230,231,232,233,170,235,236,237,238,111,240,241,242,243,244,245,246,247,248,249,250,251,252,253,254,255,0,1,2,3,4,5,6,7,8,9,14,11,12,13,14,15,16,17,18,19,20,21,22,23,24,25,26,27,28,29,30,31,32,33,34,35,36,37,38,39,40,41,42,43,44,45,46,47,48,49,50,51,52,53,54,55,56,57,58,59,188,61,62,63,64,65,66,67,68,69,70,71,72,73,74,75,76,77,78,79,80,81,82,83,84,85,86,87,88,89,90,91,92,93,94,95,96,97,98,99,100,101,102,103,104,105,106,107,108,109,110,111,112,113,114,115,116,117,118,119,120,121,90,123,124,125,126,127,128,129,130,131,132,5,134,135,136,137,138,139,140,141,142,143,144,145,146,131,148,149,150,151,152,153,154,155,156,157,158,159,160,161,162,163,164,165,166,167,168,169,170,171,172,173,174,175,176,177,178,179,180,181,182,183,184,185,186,187,188,189,190,191,192,193,194,195,196,205,198,199,200,201,202,203,204,205,206,207,208,209,210,211,212,213,214,215,216,217,218,219,220,221,222,223,224,225,226,227,228,229,230,231,232,233,234,235,236,237,238,239,240,241,242,243,244,245,246,247,248,249,250,251,252,253,254,255,0,1,2,3,4,5,6,7,8,9,10,11,12,13,14,15,16,17,18,19,20,21,22,23,24,25,26,27,28,29,30,7]
CFO=7014.049324733031,STO=5
EsN0dB=12.89,GRXdB=40,N0=0.0005011872272007167
packet_number=78,correct=False,payload=[0,1,2,3,20,5,70,7,8,9,10,11,28,13,14,15,18,17,18,19,20,29,30,23,24,25,26,27,28,29,30,31,32,33,34,35,36,37,38,39,40,41,42,43,44,45,46,47,48,177,50,51,52,53,54,55,56,57,62,59,60,63,62,63,64,65,66,67,69,69,70,71,72,73,194,75,76,77,78,79,80,113,82,83,20,85,70,87,88,89,90,123,92,93,94,94,96,97,98,98,100,109,102,103,104,105,104,107,108,109,126,79,112,113,114,243,116,117,118,119,120,121,122,123,124,125,126,127,128,161,130,131,132,133,134,135,200,137,138,139,140,141,142,143,144,145,146,147,148,149,134,151,152,153,154,155,156,157,158,159,160,161,166,163,164,165,166,167,168,169,170,171,172,173,174,175,176,177,178,179,244,181,246,183,184,189,190,187,188,189,190,191,192,193,194,195,196,197,198,199,200,201,202,203,204,205,206,207,208,209,210,211,212,213,214,215,220,217,218,219,220,253,222,223,224,161,226,227,228,229,230,231,232,233,234,235,236,239,238,239,240,241,242,243,252,245,246,255,248,249,250,251,252,253,254,255,0,1,3,3,4,5,6,7,8,9,10,11,12,13,30,15,16,17,18,19,20,21,22,23,24,25,30,31,28,29,30,31,32,33,38,35,36,37,46,39,40,41,42,39,12,45,44,47,48,49,50,115,52,53,38,55,56,57,58,59,60,61,62,63,64,73,66,67,68,1,70,71,72,73,78,75,76,77,78,79,80,80,82,83,84,85,86,87,88,89,90,91,92,93,94,95,96,97,98,99,100,101,102,103,104,105,106,107,108,109,126,111,112,113,114,115,116,117,124,119,120,120,126,123,124,125,126,127,128,129,130,131,132,133,134,135,136,137,138,139,136,141,142,143,144,145,146,147,148,133,150,151,152,153,154,155,156,157,158,159,160,161,162,163,164,165,166,163,168,169,234,171,188,173,174,175,176,177,178,179,180,181,54,183,184,185,186,187,188,189,186,63,192,193,194,195,196,205,198,199,200,201,202,203,204,207,206,207,208,209,208,215,220,221,214,215,248,219,218,219,220,221,222,223,224,225,226,227,224,229,230,231,232,233,234,235,236,237,238,239,240,241,240,243,244,245,246,247,248,241,250,251,252,253,254,255,0,1,2,2,4,5,6,7,8,9,10,11,12,13,14,143,16,33,18,19,20,21,22,23,24,25,26,27,60,29,30,95,32,33,2,35,36,101,38,39,40,41,58,43,44,45,62,47,48,113,50,51,52,53,62,55,56,57,58,59,60,61,62,55,64,65,66,67,196,68,71,70,72,73,74,75,76,77,78,79,80,81,86,115,84,84,86,119,88,89,88,123,92,95,94,95,112,97,98,227,100,101,102,103,104,105,78,107,108,109,102,127,96,113,114,115,116,117,118,119,120,121,122,123,124,125,126,127,128,129,130,131,132,133,134,7,8,137,138,139,140,157,142,143,144,145,146,147,148,149,150,151,152,153,218,155,156,157,30,159,160,161,162,167,164,165,38,231,169,169,170,171,172,141,190,175,240,177,186,243,180,181,182,183,184,185,186,179,185,189,190,191,192,193,194,195,196,197,198,207,200,201,206,203,204,205,206,207,208,211,214,211,220,245,214,223,216,155,218,219,220,221,222,159,224,227,226,227,228,229,231,231,232,233,234,235,234,237,239,239,240,241,242,243,244,245,246,247,248,251,254,251,252,253,254,255,0,1,2,3,4,5,6,7,8,9,10,27,12,13,12,15,16,17,22,51,20,21,22,23,24,25,30,27,28,61,30,31]
CFO=8612.415094716182,STO=1
EsN0dB=12.93,GRXdB=40,N0=0.0005011872272007167
packet_number=79,correct=False,payload=[143,55,192,0,64,128,193,1,65,193,195,2,64,193,193,3,67,195,196,4,0,196,199,67,65,192,198,6,71,7,199,7,199,135,204,8,8,0,200,9,193,201,196,10,10,138,201,7,75,143,206,12,78,134,205,15,77,205,206,14,78,142,207,7,7,143,216,0,80,208,201,17,89,145,242,18,50,8,193,19,81,147,208,16,64,148,241,5,4,148,194,23,86,150,215,23,71,147,200,24,92,152,201,25,121,153,218,26,74,154,207,27,91,155,220,28,92,156,207,13,93,157,222,30,94,158,223,15,95,143,224,32,32,224,225,33,97,225,226,2,98,162,227,35,99,179,230,36,100,160,229,37,100,133,246,39,102,38,231,7,167,167,232,40,108,136,245,41,105,169,250,42,106,43,105,41,45,139,252,14,108,180,236,47,45,165,238,46,110,175,239,47,111,143,240,16,112,176,113,49,113,177,242,50,114,242,243,51,49,177,240,52,52,180,253,49,116,181,242,54,118,150,247,55,119,187,248,56,120,56,253,61,121,185,250,58,122,187,251,59,119,155,252,28,124,60,125,189,125,157,254,62,126,191,254,31,63,255,224,0,64,128,193,1,65,129,195,2,98,128,227,1,99,131,196,4,68,196,228,0,9,133,198,6,66,134,199,7,103,135,200,8,72,136,201,9,73,137,202,14,74,138,203,207,75,141,204,4,76,134,205,141,77,141,206,14,78,7,207,7,71,143,208,16,80,16,81,16,81,145,210,18,17,146,67,19,83,147,196,20,84,132,245,21,68,145,210,30,22,158,119,31,71,151,248,24,88,152,221,25,89,153,218,25,90,218,219,27,123,153,220,28,92,156,221,29,29,220,222,30,74,158,221,31,79,159,224,32,96,160,225,161,97,129,226,2,98,162,227,35,35,227,230,36,36,164,228,37,101,181,230,50,38,162,231,39,103,135,232,40,104,168,105,41,104,169,234,42,42,138,235,11,111,169,230,44,100,174,237,45,100,205,238,38,126,174,239,143,111,143,240,56,112,176,241,49,113,177,242,50,114,178,243,51,113,243,244,36,116,180,245,52,113,189,247,54,126,183,247,55,119,183,248,56,120,184,249,57,121,185,250,58,122,188,251,123,123,187,252,60,124,188,253,183,125,189,254,62,126,158,255,63,127,159,192,0,64,128,193,1,65,129,194,0,66,130,193,3,67,129,198,4,68,132,69,3,68,133,198,6,70,134,199,135,71,135,200,8,104,136,192,129,73,137,194,10,74,138,203,11,75,139,204,12,100,140,207,5,68,204,142,14,78,142,207,15,79,143,208,16,80,144,209,1,88,145,210,26,82,130,211,19,67,147,208,20,68,148,221,21,84,149,198,22,86,146,215,23,119,151,208,24,56,152,217,25,89,153,218,26,26,154,219,15,75,155,220,28,78,156,221,29,93,219,222,30,78,158,223,159,95,159,224,32,96,160,225,33,97,177,226,34,96,162,227,35,97,161,228,36,100,164,229,39,101,165,230,38,102,182,231,23,103,133,232,48,104,168,249,41,105,169,226,11,106,170,227,59,43,171,236,44,108,172,237,61,109,167,238,38,46,238,239,47,111,175,240,48,48,176,241,49,113,177,242,50,114,178,251,51,115,179,244,62,116,180,247,53,117,181,242,54,54,182,247,55,55,215,248,56,120,184,249,57,121,185,250,58,122,190,251,59,251,187,252,60,60,188,253,60,125,189,254,63,126,190,255,63,63,191,192,0,64,128,193,1,65,129,66,2,66,134,195,1,67,131,196,4,64,132,197,5,101,133,198,6,70,134,199,7]
CFO=7406.9569053754,STO=6
EsN0dB=12.99,GRXdB=40,N0=0.0005011872272007167
packet_number=80,correct=False,payload=[0,17,2,6,4,0,14,6,8,25,30,79,28,11,30,31,48,16,18,55,20,13,15,15,16,57,26,25,28,31,62,30,64,97,34,6,0,45,110,15,112,41,58,99,12,58,12,110,96,112,118,119,104,117,62,63,56,113,58,119,124,61,62,127,64,3,196,6,72,5,198,71,88,10,0,203,88,76,14,158,240,176,82,179,16,94,214,214,80,218,146,222,220,94,158,159,96,98,230,227,228,109,102,70,240,72,238,79,124,237,254,95,112,243,116,115,124,109,236,119,120,250,126,123,248,125,126,127,129,129,129,3,12,143,142,143,136,19,10,155,136,159,142,15,144,179,34,131,161,7,134,183,184,59,154,179,29,63,61,191,32,9,192,199,164,175,100,15,161,43,206,251,237,139,172,191,49,51,179,163,172,177,229,239,176,187,63,51,189,189,255,255,192,129,131,195,136,203,204,143,136,201,139,207,205,205,204,223,192,209,179,215,253,149,247,239,177,241,253,147,220,217,173,159,224,225,227,195,224,193,70,207,216,235,226,211,205,235,205,223,240,227,226,243,253,237,246,255,248,249,241,255,252,253,252,255,0,3,6,6,4,12,4,15,8,9,14,18,24,31,14,31,16,0,22,38,20,41,60,39,24,24,26,31,28,26,60,62,0,65,98,6,32,73,4,39,56,32,62,22,40,12,92,110,48,49,100,119,112,57,46,102,56,51,48,118,120,124,62,63,0,1,64,3,140,75,198,15,208,9,212,211,220,27,206,207,176,192,84,22,92,212,28,238,48,114,124,187,56,191,124,191,96,195,64,71,64,197,228,238,64,105,90,243,76,253,238,111,240,242,244,231,112,100,124,118,112,121,240,127,124,251,252,255,17,3,5,3,132,131,143,135,8,153,1,15,136,15,158,31,177,49,176,183,17,15,135,63,24,185,187,187,61,29,30,63,65,35,167,167,129,111,206,111,0,201,33,203,9,79,254,159,176,241,102,99,53,97,254,39,184,123,55,251,189,63,63,255,129,129,132,199,197,201,196,135,216,129,136,159,216,157,204,159,209,147,196,211,141,253,213,199,208,217,243,251,252,187,191,255,193,225,194,195,233,229,228,231,201,201,206,203,232,223,206,255,240,243,243,243,253,247,237,247,248,241,249,255,253,253,255,255,0,3,0,6,4,10,14,7,16,25,0,19,29,28,30,31,16,19,36,22,24,22,6,39,16,50,30,18,56,30,60,62,32,97,68,99,44,107,110,71,120,34,122,126,60,108,60,78,32,32,36,118,120,63,36,55,57,48,62,63,56,125,62,63,64,66,64,7,192,12,142,71,144,18,14,86,220,14,222,207,80,81,196,118,196,209,174,215,120,137,54,251,152,62,158,94,96,224,102,246,224,226,236,206,234,192,126,107,76,108,254,206,112,224,230,230,236,233,254,231,248,248,114,123,252,252,254,255,129,129,135,3,8,11,141,143,144,11,131,11,137,9,157,31,161,49,129,147,173,147,140,191,48,59,159,31,185,189,157,63,193,225,67,99,224,105,239,111,185,57,113,75,93,219,252,71,161,115,32,103,123,165,188,39,120,179,254,187,120,191,126,187,193,129,134,135,136,207,142,143,129,209,219,135,136,155,142,159,240,211,198,247,244,219,190,143,177,187,242,215,253,249,207,255,225,227,224,231,233,207,207,239,233,235,207,255,253,239,238,239,225,227,247,247,228,249,237,255,249,243,250,243,249,255,254,255,0,1,0,7,8,10,14,14,0,27,26,22,24,25,12,31,16,1,52,55,32,34,46,63,56,51,52,55,60,24,60,62]
CFO=792.6873869488597,STO=1
EsN0dB=-7.27,GRXdB=40,N0=0.000630957365501672
packet_number=81,correct=False,payload=[147,170,167,240,88,216,155,237,201,243,180,1,180,108,25,16,22,91,129,251,189,66,184,89,225,131,156,8,101,159,87,168,194,107,0,20,15,29,29,88,176,38,53,68,132,80,116,123,17,127,227,40,175,216,186,179,1,56,228,89,153,25,33,212,22,219,227,161,60,97,8,221,228,97,169,195,120,113,235,253,56,141,160,144,105,17,121,224,76,143,67,100,167,15,137,10,37,178,106,26,123,68,103,227,67,72,125,99,143,153,86,80,240,129,236,138,253,190,62,59,12,153,39,133,194,194,242,22,53,244,32,99,66,50,68,247,165,103,131,158,94,105,4,76,155,42,199,222,190,187,158,171,2,170,84,37,233,253,59,21,6,97,110,251,195,177,168,116,234,88,120,152,88,122,246,191,243,221,190,162,113,171,114,220,184,179,80,135,158,200,115,169,176,152,202,57,36,12,57,235,81,23,18,152,152,2,179,249,61,245,147,148,76,5,84,9,145,233,126,146,224,108,87,243,107,72,188,93,231,235,36,65,238,164,93,134,4,92,72,48,245,205,205,104,240,134,172,57,127,205,62,130,77,179,198,89,77,244,89,18,253,21,44,166,35,90,51,45,254,147,95,185,172,4,213,5,227,142,154,27,120,85,41,142,227,164,101,8,72,49,112,69,195,139,61,89,220,193,177,161,206,101,67,132,245,50,24,146,195,43,107,124,76,84,53,247,133,245,130,255,194,168,231,223,208,138,100,225,96,163,57,76,147,32,173,4,47,166,252,111,129,175,178,227,28,147,27,21,154,183,218,199,65,248,70,155,218,158,180,179,97,62,121,252,160,74,212,109,153,196,179,169,79,35,5,27,146,164,9,48,31,188,59,143,121,233,255,225,131,29,62,142,78,140,143,152,8,54,245,205,144,206,61,139,81,96,137,130,209,8,86,181,215,23,15,48,40,171,54,160,255,91,89,22,160,10,98,70,186,123,216,125,243,91,197,82,159,201,134,113,159,129,12,161,63,78,246,137,219,38,206,131,230,180,47,105,144,93,203,227,242,153,12,85,247,189,26,131,14,135,79,167,207,138,226,65,254,42,101,191,105,176,56,145,41,18,135,138,136,206,122,226,253,162,108,58,167,177,227,43,118,253,104,54,125,193,146,156,228,125,72,110,100,66,149,28,148,32,145,209,203,119,140,252,189,234,148,147,62,216,46,43,12,169,206,247,24,21,83,174,214,240,74,208,168,175,149,159,163,132,184,137,121,153,101,47,71,155,247,112,82,116,222,45,139,178,8,47,110,233,105,180,248,179,203,61,229,112,132,250,208,64,107,77,232,145,76,217,122,97,40,3,3,40,152,43,38,0,118,79,143,108,65,98,56,70,165,189,7,22,255,160,135,47,25,19,104,88,1,229,242,168,48,44,216,18,85,30,192,194,30,248,227,197,197,221,56,122,176,208,18,186,244,103,35,214,115,11,239,3,158,168,242,151,176,44,25,227,164,134,71,149,132,247,141,67,123,32,176,9,70,137,201,175,111,226,16,69,214,214,213,158,143,65,252,251,77,173,189,186,97,147,137,49,133,42,169,32,83,194,247,96,102,237,100,41,162,199,149,68,23,62,79,8,43,141,39,169,163,173,249,74,206,116,75,149,62,239,111,161,208,78,153,49,175,114,205,2,175,149,100,206,60,100,240,88,194,245,158,46,111,15,253,29,195,224,26,9,212,226,157,171,130,227,185,52,43,235,250,55,21,156,28,38,87,219,127,178,36,176,159,21,120,151,100,241,125,152,94,176,47,103,12,117,12,46,110,37,31,68]
CFO=6693.3145506391575,STO=6
EsN0dB=12.02,GRXdB=40,N0=0.000630957365501672
packet_number=82,correct=False,payload=[0,3,2,23,4,5,6,15,8,25,14,11,24,13,14,29,0,49,18,19,20,23,46,31,24,27,26,31,28,31,30,31,96,33,38,35,44,47,102,39,104,49,38,43,60,60,46,47,48,113,50,51,189,37,38,55,56,125,58,119,60,61,62,61,192,81,194,67,64,79,6,71,72,67,194,75,92,93,92,207,16,240,82,83,84,93,6,87,88,216,82,155,88,95,30,95,96,225,98,227,100,100,230,103,104,233,74,107,108,109,110,127,112,113,118,115,116,117,102,119,248,121,126,115,124,125,124,127,0,129,130,131,132,133,140,135,136,153,139,31,140,157,158,143,144,145,146,151,148,151,183,23,153,153,154,155,156,157,191,159,224,225,162,227,164,161,230,175,40,153,163,139,172,45,174,175,240,49,178,179,245,245,182,135,57,249,58,63,188,189,188,159,193,193,193,195,204,133,198,207,217,203,202,203,207,205,222,207,176,195,210,151,244,215,215,223,217,217,246,251,253,221,222,223,224,193,226,227,229,197,239,231,232,201,235,239,236,237,238,255,240,241,246,231,244,253,246,247,248,249,250,243,252,253,254,254,32,1,2,3,12,1,6,15,24,8,10,15,12,13,30,31,0,16,6,7,28,23,54,23,24,27,26,31,28,57,30,30,32,96,228,35,108,45,38,47,40,41,2,43,40,47,126,15,48,49,50,51,52,52,62,62,56,59,58,115,60,61,126,127,192,195,194,71,140,199,6,71,72,65,76,75,92,76,76,79,80,115,80,83,68,85,52,95,120,122,58,59,24,28,30,95,96,67,102,107,224,101,238,231,248,121,104,111,108,95,108,111,240,241,118,103,116,109,246,119,248,115,122,123,124,253,124,255,133,131,130,7,136,1,134,135,152,169,130,11,172,15,142,143,129,19,151,177,176,55,150,23,153,147,186,159,29,157,190,191,160,163,166,135,157,205,167,47,248,169,42,35,233,237,159,143,176,243,240,183,225,245,246,39,184,249,123,251,188,189,126,255,196,195,130,195,196,199,134,207,200,217,206,131,220,207,140,207,208,241,231,247,152,149,246,199,217,211,250,223,220,189,222,223,196,225,226,227,228,229,230,199,200,201,238,235,253,235,236,239,225,243,246,243,252,245,246,255,249,251,255,251,252,253,255,255,0,1,0,3,12,5,14,7,24,9,14,15,12,29,28,31,16,145,16,51,16,19,4,15,24,49,30,31,60,60,30,63,32,33,98,35,36,39,100,7,56,9,2,127,108,47,124,63,40,97,54,51,44,55,54,55,176,56,122,51,120,57,62,63,0,68,70,195,76,69,70,207,8,73,90,79,72,223,206,31,208,129,82,82,116,23,116,55,88,89,218,127,124,95,126,31,96,67,114,231,76,77,70,231,104,89,94,119,236,110,110,126,120,97,114,115,116,117,246,127,120,249,118,114,126,121,252,127,129,131,2,131,132,129,140,7,152,129,14,23,140,143,142,159,144,163,144,155,153,149,167,151,153,153,178,155,152,157,159,191,225,97,162,231,228,164,174,167,160,121,168,143,184,239,174,175,177,177,35,243,37,245,245,63,184,185,114,251,185,185,191,191,193,199,198,195,197,135,198,207,202,211,200,207,156,205,204,207,177,149,146,183,148,219,230,247,216,251,250,251,252,221,255,159,225,195,194,195,237,229,229,239,232,233,74,239,232,237,238,207,224,225,227,243,237,245,246,231,240,251,254,255,249,253,255,255,0,1,22,7,12,10,4,7,24,11,12,11,28,28,14,31,16,18,4,3,52,4,30,55,16,17,30,27,60,60,30,31]
CFO=7718.2323417874995,STO=2
EsN0dB=11.98,GRXdB=40,N0=0.000630957365501672
packet_number=83,correct=False,payload=[0,1,2,3,4,5,6,7,8,9,10,11,12,13,14,15,16,1,19,19,20,21,22,23,24,25,26,27,28,29,30,31,32,97,34,35,36,37,46,39,40,41,42,43,44,45,46,15,48,49,50,51,52,53,54,55,48,57,58,59,60,61,62,63,64,65,66,67,68,69,70,71,76,73,74,75,76,77,78,79,80,81,82,83,68,85,86,87,88,89,90,91,92,93,94,95,96,97,98,99,100,101,102,103,104,109,106,107,104,109,110,111,112,113,114,115,116,113,118,119,120,121,126,123,124,53,126,127,128,145,130,131,132,133,134,135,136,136,138,139,140,141,142,139,144,145,146,147,148,149,150,151,152,153,154,187,156,157,158,159,160,161,162,163,164,165,166,167,168,169,170,171,172,141,166,175,176,177,178,179,180,177,182,183,184,185,187,187,188,189,190,191,192,193,194,199,196,197,198,199,200,201,202,203,204,205,206,207,208,209,210,211,212,212,214,215,152,217,219,219,220,221,222,223,224,225,226,227,228,229,230,103,232,233,234,235,236,237,239,239,240,241,240,243,244,245,246,247,248,249,250,251,252,253,254,255,0,1,2,3,4,5,6,7,8,9,10,11,12,13,14,15,16,17,22,19,20,29,22,23,24,25,26,27,28,29,30,31,160,33,34,35,36,33,38,39,40,41,42,43,44,45,46,47,48,49,18,51,52,53,54,55,184,57,56,59,60,61,62,63,64,65,66,67,68,69,70,71,72,73,74,75,76,77,78,79,80,81,82,83,84,85,86,71,88,89,122,91,92,93,94,95,96,97,98,97,100,101,102,103,120,41,234,107,108,109,110,111,112,113,114,115,116,117,118,119,120,121,122,123,125,125,126,63,128,129,130,131,132,133,134,7,136,137,138,131,140,141,142,143,144,145,146,147,148,145,150,151,152,153,154,27,156,157,158,159,160,161,162,163,164,165,166,167,168,169,170,171,172,173,175,175,176,177,178,179,180,181,182,183,184,185,186,187,188,189,190,191,192,193,194,193,196,197,198,199,200,201,202,203,204,205,206,207,208,209,210,211,212,213,214,215,216,217,218,219,220,221,222,223,224,225,226,225,228,229,230,231,232,233,234,235,232,237,238,239,240,241,242,243,244,245,242,247,248,249,250,251,252,237,254,255,0,1,2,3,36,21,7,7,8,9,10,11,12,13,14,15,16,17,18,19,20,21,22,23,24,25,26,27,28,29,30,31,32,33,34,35,164,37,38,39,40,41,42,43,44,45,46,47,48,51,50,51,52,37,54,55,24,57,58,58,60,61,62,63,64,65,66,66,68,69,70,71,72,73,74,75,76,77,94,79,80,81,82,83,84,85,86,87,88,89,90,91,92,93,94,95,96,97,98,99,100,101,102,103,104,105,106,107,108,109,110,111,112,113,114,115,116,117,118,119,120,121,122,123,124,125,126,127,128,129,130,131,132,133,6,135,136,137,138,139,140,141,134,143,144,145,146,147,148,149,150,151,152,153,154,155,156,149,158,159,160,161,162,163,164,165,166,167,168,233,170,171,188,173,174,175,176,177,178,179,180,181,182,183,184,152,186,191,188,189,190,191,193,193,194,195,192,197,198,199,200,201,202,203,220,77,206,207,208,209,210,211,212,213,214,215,216,217,218,219,220,221,222,223,224,225,226,227,228,229,230,199,232,232,234,235,236,237,238,239,240,241,242,242,244,245,246,247,248,249,250,251,252,255,254,191,0,1,2,3,4,5,6,7,8,9,10,11,12,13,14,7,16,145,18,19,148,21,22,23,24,25,26,27,28,29,30,31]
CFO=1479.4604771103436,STO=4
EsN0dB=-7.87,GRXdB=40,N0=0.000630957365501672
packet_number=84,correct=False,payload=[205,78,142,47,87,130,110,241,238,235,30,169,175,198,86,105,45,77,4,25,13,253,99,82,242,153,158,131,34,3,225,115,2,95,68,77,131,186,6,98,85,19,171,107,26,254,177,31,72,44,184,133,56,240,210,97,124,159,59,239,161,72,59,215,22,124,84,237,195,228,54,9,32,220,25,138,156,206,105,24,6,180,119,253,47,48,245,51,169,60,178,122,179,230,44,239,105,41,23,155,212,76,57,54,221,21,86,199,224,11,182,181,4,234,176,145,126,72,26,37,33,69,56,133,104,212,103,243,56,103,59,97,142,107,186,65,103,133,213,124,112,72,221,176,177,80,244,251,214,231,78,251,4,25,15,204,130,169,109,101,109,33,58,196,38,35,29,186,176,168,106,49,141,156,41,197,118,135,133,151,201,4,10,148,105,13,55,170,8,155,226,110,78,248,193,211,68,234,89,18,42,27,106,245,1,24,209,181,106,1,13,196,23,225,34,255,218,45,235,132,138,50,121,229,86,139,77,141,243,58,114,70,174,152,239,123,17,254,126,12,253,152,10,137,105,58,185,89,158,138,26,218,178,236,189,11,28,159,42,46,190,150,233,207,10,233,235,165,236,175,42,14,229,110,234,4,103,9,234,42,136,109,183,169,59,36,192,164,61,221,170,149,90,72,166,192,200,62,29,67,62,127,155,103,53,255,186,156,185,234,98,74,144,104,50,121,75,123,246,206,172,144,207,191,56,193,180,5,115,5,54,209,73,253,85,33,85,225,92,54,178,31,132,255,140,182,118,58,94,158,163,3,129,73,241,143,125,47,147,212,100,151,71,137,59,234,142,23,42,6,236,98,97,76,151,195,95,58,100,38,127,59,50,95,22,192,34,188,228,59,219,198,45,187,106,186,130,50,91,96,12,0,255,17,88,244,14,224,94,82,145,239,209,236,195,27,86,101,183,253,240,133,14,200,134,235,179,12,124,88,93,68,226,216,162,162,51,111,142,34,163,98,43,73,138,230,5,39,16,63,95,99,248,146,125,105,179,208,229,158,62,129,94,87,219,210,35,173,67,42,105,241,160,255,86,8,40,97,250,244,167,139,144,71,204,152,165,251,226,74,224,152,135,140,191,16,169,220,151,247,61,185,138,199,206,146,13,222,147,187,112,97,132,237,224,13,62,186,134,29,207,167,67,30,85,15,245,52,40,226,133,38,252,55,21,66,126,0,105,240,158,33,18,239,77,156,226,99,109,212,224,180,155,225,29,180,172,4,66,26,241,193,165,20,116,167,194,188,32,120,134,24,225,123,196,2,44,252,170,127,59,217,52,207,23,185,238,224,45,205,221,205,240,67,28,161,78,161,150,54,16,193,181,145,229,17,253,175,169,18,145,213,98,24,26,46,207,52,147,225,202,5,59,226,22,192,69,173,9,214,163,141,2,85,19,151,60,38,200,149,213,224,169,195,89,47,197,211,253,178,150,185,89,167,177,179,63,44,17,238,133,41,226,89,100,249,116,45,181,169,160,137,170,217,121,197,149,220,137,41,48,253,27,93,255,76,228,45,148,20,170,99,135,127,167,71,128,136,204,64,151,114,230,190,230,220,102,197,68,126,211,104,166,190,155,155,3,102,30,114,220,153,23,35,44,174,29,91,246,172,198,159,76,105,69,31,115,121,143,112,73,52,25,211,168,26,142,0,96,182,98,194,225,247,251,241,4,72,24,207,218,221,235,42,175,160,196,212,220,73,125,192,105,55,66,200,153,91,214,208,235,14,246,105,183,167,156,194,207,89,123,230,188,241,80,103,29,133,103,160]
CFO=5026.852743268366,STO=5
EsN0dB=-9.25,GRXdB=40,N0=0.000630957365501672
packet_number=85,correct=False,payload=[135,217,9,161,15,11,254,186,20,239,216,130,123,144,185,210,239,11,36,223,183,240,194,86,10,112,104,178,142,35,25,126,17,102,239,44,237,240,201,59,55,214,10,129,87,30,210,204,159,6,167,204,125,81,210,230,207,226,11,62,46,223,32,118,80,141,170,4,250,25,93,83,251,21,96,208,5,20,11,237,196,93,89,116,114,219,50,201,242,126,240,56,178,212,34,145,187,240,55,15,254,178,8,226,235,165,2,130,15,99,128,132,227,112,159,134,80,226,86,197,173,217,175,48,56,255,172,117,1,102,198,40,66,67,188,252,194,33,73,36,245,12,161,185,43,148,209,185,217,90,88,203,234,148,199,170,128,46,49,150,206,168,222,21,150,11,101,169,35,182,247,108,131,188,26,1,172,241,134,212,204,93,9,71,97,159,35,84,45,66,85,5,68,191,211,253,101,14,74,206,212,103,23,209,138,77,59,188,36,101,98,60,173,61,28,104,197,91,68,4,138,94,183,210,176,14,175,50,173,49,133,79,116,186,209,193,122,20,30,127,241,105,204,140,170,174,143,89,199,223,233,57,79,108,137,163,24,219,84,144,184,33,179,232,210,99,82,62,221,127,18,206,144,57,30,78,124,23,188,180,247,89,172,36,133,182,139,12,48,12,127,138,107,223,39,173,181,182,231,27,22,78,19,53,142,216,225,2,149,118,13,52,45,56,99,31,206,103,190,75,47,12,68,177,54,216,64,116,34,36,168,201,212,31,5,99,255,43,165,162,28,77,197,248,242,4,172,52,80,176,208,195,240,138,231,95,118,167,20,223,20,38,56,65,212,65,200,69,39,230,75,99,113,18,226,56,32,117,206,83,65,197,16,86,190,14,132,35,158,31,246,127,104,162,150,15,145,8,203,144,110,33,44,220,63,192,206,14,207,68,94,114,207,65,94,177,16,76,144,27,243,198,90,153,137,109,54,81,249,172,63,19,20,143,193,107,110,171,54,247,150,94,159,213,40,12,18,114,65,44,65,38,248,241,152,157,0,107,203,182,132,125,44,116,201,164,6,89,175,50,153,36,187,220,247,100,62,119,169,98,128,184,99,230,237,24,249,79,93,217,3,73,156,195,154,150,241,246,180,64,58,46,170,108,6,71,146,184,201,216,176,91,26,139,190,212,47,82,100,139,39,87,236,30,150,160,234,122,149,222,163,114,47,15,96,93,130,6,177,217,59,205,198,111,208,84,66,92,116,7,212,240,38,141,62,251,2,113,229,5,109,53,45,242,244,190,96,40,166,59,131,101,154,254,18,82,78,146,7,170,164,227,106,102,164,213,170,132,180,118,100,0,20,120,255,67,111,160,38,58,70,142,103,14,177,2,237,234,97,32,255,80,184,157,141,46,146,109,202,175,214,243,195,215,227,45,100,167,188,181,68,31,140,134,171,233,74,123,21,153,31,134,39,130,71,3,203,120,195,217,37,179,107,14,24,141,78,15,141,105,242,58,141,188,75,91,243,105,252,72,164,98,168,163,143,137,49,85,205,254,104,71,206,211,241,13,171,140,199,107,179,24,77,37,118,91,116,94,146,125,213,192,74,2,149,47,163,50,157,14,94,199,187,178,78,221,210,10,28,47,17,183,246,199,184,240,145,169,26,163,221,222,129,142,149,134,88,206,55,73,161,91,95,253,230,133,47,173,130,181,112,156,67,191,142,91,138,85,114,215,247,175,198,250,103,212,173,5,149,217,188,27,192,110,218,108,110,54,65,108,104,222,189,200,166,223,59,52,206,138,174,181,79,42,74,56,199,90,232,201]
CFO=125.29669278500616,STO=7
EsN0dB=-11.52,GRXdB=40,N0=0.000630957365501672
packet_number=86,correct=False,payload=[121,103,47,35,190,187,47,154,226,206,55,105,231,27,182,230,152,59,155,84,199,1,207,230,147,182,11,209,94,103,151,0,238,91,63,227,191,194,196,241,147,167,209,55,137,125,99,99,143,44,40,9,71,22,77,157,22,21,127,152,253,203,155,94,200,110,231,54,225,62,171,182,234,37,4,20,188,201,166,14,85,143,102,156,209,193,183,176,87,155,137,191,166,130,184,50,62,220,59,49,38,56,51,249,122,163,21,167,130,220,209,249,193,176,47,240,151,138,239,198,63,222,197,230,66,195,177,2,26,159,97,180,232,187,106,20,250,50,160,250,165,74,24,69,161,46,54,74,186,70,68,5,93,234,114,92,157,47,189,45,195,155,56,112,170,32,34,179,217,186,109,5,186,241,216,210,108,217,85,242,140,241,61,42,76,150,150,124,252,43,11,73,124,167,188,98,16,40,119,137,50,14,184,15,29,199,140,150,151,175,230,103,17,76,49,199,77,130,13,69,192,208,9,224,247,201,63,236,153,206,38,125,13,247,66,143,230,196,81,165,123,251,169,44,161,194,238,46,142,107,79,33,226,56,175,14,234,81,217,42,12,76,201,45,49,156,169,146,238,137,75,165,12,19,129,0,223,4,3,157,113,247,209,158,80,172,51,71,134,48,67,112,131,140,182,65,79,118,229,60,26,46,237,46,138,87,191,235,64,9,194,117,213,111,140,12,151,62,250,176,168,195,30,48,34,108,106,186,122,161,185,74,78,45,136,116,111,38,249,5,136,68,45,87,32,185,152,201,218,3,245,10,99,123,60,228,105,131,239,101,106,190,182,76,101,8,126,132,164,86,36,143,144,210,39,53,11,18,245,152,95,233,95,28,143,84,234,168,182,1,133,171,210,215,33,77,12,118,20,249,176,251,49,225,187,68,209,69,225,221,42,84,2,228,110,118,136,1,209,59,171,3,136,58,58,52,103,138,84,209,160,201,15,38,243,231,23,169,65,142,143,205,134,216,166,141,112,177,95,201,29,248,45,155,43,147,219,155,49,55,80,53,130,48,116,101,49,118,35,190,191,19,207,54,115,13,207,186,169,80,19,228,217,224,219,184,246,129,103,147,201,35,141,255,252,202,77,43,137,135,161,171,195,67,128,26,173,3,160,47,237,91,129,147,67,146,53,219,250,240,44,161,68,246,97,102,149,208,170,115,115,239,15,55,30,116,249,9,206,53,161,224,42,82,148,237,18,73,46,227,148,220,204,53,159,152,69,197,253,227,121,103,98,207,12,14,193,199,190,155,184,110,157,22,138,237,248,250,97,227,123,38,86,155,87,188,176,76,248,45,0,55,57,95,77,95,14,161,26,123,0,188,161,156,119,188,178,12,37,127,156,20,203,133,175,67,131,187,97,122,10,244,158,84,153,120,77,192,161,234,254,218,109,112,57,213,31,160,141,111,41,45,17,53,77,47,95,23,180,206,243,64,186,208,0,69,150,147,205,194,17,111,120,2,38,205,150,143,121,170,127,233,223,82,47,25,61,230,188,146,130,26,101,220,185,230,71,86,254,88,126,231,28,104,74,38,170,142,118,250,232,253,201,158,120,15,53,6,207,99,252,195,79,239,108,204,229,20,185,171,169,20,117,32,222,44,153,99,22,119,25,32,131,194,216,41,239,0,73,238,137,34,155,198,195,98,137,66,87,43,99,63,84,177,248,70,216,76,201,115,255,81,241,172,237,111,100,50,53,136,184,196,162,150,108,143,127,132,186,225,248,85,126,25,243,23,186,26,1,194,131,71,227,244,61,89,2,173,103,242]
CFO=-7878.387945538297,STO=5
EsN0dB=-7.46,GRXdB=40,N0=0.000630957365501672
packet_number=87,correct=False,payload=[107,153,235,216,27,40,145,123,254,1,170,97,189,233,55,73,140,92,53,231,70,12,43,75,40,21,17,148,183,47,252,31,53,76,163,198,22,188,82,156,16,71,91,75,89,5,143,229,159,14,42,185,38,250,225,74,30,203,59,49,121,224,204,93,196,186,250,89,230,3,225,31,51,35,31,154,109,113,112,130,40,130,217,80,182,247,81,104,243,252,79,88,8,122,130,38,36,185,101,21,44,173,55,21,211,200,94,51,203,106,2,63,220,234,176,3,133,15,4,102,246,194,182,202,241,14,220,184,30,80,67,128,231,100,84,183,226,108,122,77,38,163,21,86,32,187,174,238,60,81,56,199,13,36,233,232,188,247,94,122,57,128,79,0,122,252,95,191,13,245,156,234,150,88,98,154,194,179,232,62,186,137,158,246,180,227,187,212,59,245,217,165,198,58,66,129,129,170,238,54,223,240,77,122,78,228,42,120,161,73,201,215,88,92,104,243,48,132,55,36,74,249,17,255,49,156,86,107,225,202,113,91,29,134,53,207,169,131,222,105,17,114,210,103,248,154,5,105,128,57,185,226,106,153,242,209,147,114,15,194,66,157,31,191,241,226,98,109,174,91,12,5,162,70,25,124,162,236,139,152,86,168,115,173,240,237,164,180,155,237,49,250,48,47,217,136,203,165,10,148,168,112,227,206,129,43,38,66,215,210,155,106,83,111,179,236,25,21,211,142,198,88,35,12,110,105,255,62,109,186,51,58,134,201,185,28,92,226,222,136,225,61,151,227,63,64,213,126,221,36,183,133,7,53,226,70,1,198,244,253,128,73,160,113,222,141,119,85,250,123,181,103,194,147,102,116,244,45,12,198,199,121,176,233,95,229,223,143,84,55,58,253,232,101,207,221,214,13,152,244,140,98,192,186,186,78,96,167,75,183,102,119,133,157,42,89,93,245,110,21,217,32,105,216,10,28,199,214,128,29,158,6,233,153,48,167,9,249,0,92,168,252,215,85,1,249,157,214,3,200,157,249,45,29,45,4,14,107,140,148,115,48,127,169,22,26,179,208,18,86,188,73,19,205,98,84,195,181,28,66,27,106,97,217,208,24,168,0,111,196,75,192,1,112,29,63,195,12,49,90,182,76,206,180,4,78,150,181,216,140,58,156,136,172,111,239,82,22,25,95,166,116,108,82,67,61,254,26,233,12,194,144,210,108,221,190,102,210,99,172,118,151,200,69,9,117,197,52,87,196,31,22,219,17,5,91,32,215,194,206,201,25,203,215,216,26,150,243,245,181,235,114,2,24,174,103,137,68,146,237,200,245,33,145,211,21,51,54,49,80,237,14,9,86,99,165,190,141,64,12,191,240,166,224,9,129,238,84,154,3,236,202,228,114,51,222,102,2,38,182,183,233,10,20,21,142,147,74,206,179,36,57,121,165,125,103,122,153,238,97,246,113,162,101,137,177,112,37,93,83,188,253,206,20,221,201,109,73,164,166,179,107,195,164,204,194,114,123,192,14,46,191,60,38,35,139,223,211,148,16,236,224,7,208,183,210,117,15,190,22,193,252,163,41,217,79,32,19,60,162,29,60,32,192,39,229,14,79,5,117,189,10,125,99,181,53,61,215,223,42,253,224,123,163,229,106,89,49,57,223,59,72,188,179,87,71,112,179,79,230,39,180,4,185,235,157,231,129,50,195,254,41,129,214,190,93,181,251,254,166,129,251,23,192,254,69,230,8,226,69,66,253,101,62,194,177,27,245,246,243,145,202,66,63,171,104,192,144,179,127,220,157,48,109,33,234,181,3,45,91]
CFO=6109.871254000205,STO=2
EsN0dB=12.11,GRXdB=40,N0=0.000630957365501672
packet_number=88,correct=False,payload=[0,9,129,1,2,7,151,7,128,0,141,11,14,13,15,15,144,25,19,19,156,28,143,31,136,24,156,15,142,12,159,31,176,48,210,35,2,23,151,35,44,59,62,61,142,54,190,31,56,57,187,51,190,27,191,23,158,29,58,59,190,62,30,31,32,32,226,3,136,71,2,103,192,68,40,33,238,111,103,79,184,121,57,97,214,90,155,111,120,125,236,111,158,44,239,111,224,32,99,115,182,114,227,115,118,109,244,61,252,109,247,119,240,184,250,59,118,122,115,119,60,61,60,127,188,125,255,127,192,0,129,3,194,194,134,67,192,140,200,71,142,134,143,207,136,89,194,211,204,84,206,143,216,93,223,91,156,223,142,95,160,97,225,113,212,66,134,231,228,177,180,191,166,13,207,239,184,184,218,27,222,254,147,247,220,24,189,31,254,254,223,223,224,64,194,97,230,199,231,231,204,237,200,79,236,197,239,231,240,209,211,243,234,255,242,223,248,217,253,253,254,222,223,239,240,112,242,99,254,99,246,247,248,252,251,239,246,255,254,103,248,240,250,121,244,253,246,255,252,120,253,251,252,252,255,255,128,1,129,3,134,2,134,7,140,1,11,7,134,15,14,15,128,25,138,17,130,26,30,27,140,29,137,31,76,31,159,15,48,33,178,49,38,1,23,51,152,53,187,25,156,29,174,55,240,57,155,19,186,18,190,51,188,25,31,63,62,60,190,61,160,65,226,35,100,102,199,103,196,41,231,111,206,78,174,79,216,121,90,43,226,76,166,95,44,105,63,61,124,93,63,63,32,113,98,243,102,108,102,119,164,104,126,105,124,109,110,55,240,114,58,121,252,127,254,119,124,61,251,249,188,125,254,127,192,128,128,195,198,134,195,3,196,141,142,11,142,206,15,199,152,16,138,83,218,213,151,159,216,141,221,221,158,143,158,31,224,34,193,163,212,135,167,243,224,173,219,239,220,252,135,119,176,25,243,19,254,247,150,223,220,249,223,251,254,223,191,255,224,97,227,225,198,193,199,103,172,236,203,195,236,108,238,239,240,112,243,251,254,255,242,255,232,253,222,95,254,255,239,79,224,121,224,227,224,245,246,99,248,241,250,251,236,238,239,255,248,249,240,121,248,243,251,255,248,125,251,255,254,255,255,255,0,1,128,0,128,5,3,7,8,15,128,7,12,7,142,7,0,25,2,17,140,4,30,3,28,29,159,11,30,29,15,15,176,33,16,35,54,55,135,7,156,45,175,29,44,60,174,63,56,57,187,51,182,52,62,55,152,24,56,63,156,60,190,63,160,65,224,97,102,71,102,3,108,37,32,71,108,109,171,111,80,1,162,97,86,123,246,31,204,105,143,79,222,63,254,31,176,33,98,97,102,102,235,115,108,40,123,109,116,46,239,111,240,121,123,115,52,125,127,127,186,124,126,127,254,127,254,63,136,65,193,199,132,7,134,131,236,69,130,135,132,143,142,143,216,80,130,147,194,151,214,159,200,220,142,139,188,157,222,95,240,160,144,35,196,204,230,215,44,157,254,191,254,12,215,63,240,217,154,243,246,255,190,251,248,189,185,189,252,252,254,191,192,225,192,195,194,197,230,199,236,201,234,207,236,239,206,199,232,217,243,243,212,64,251,111,248,249,219,111,220,221,223,255,240,241,224,227,246,246,231,247,248,227,236,235,236,126,247,231,248,241,251,243,246,245,243,127,248,249,252,249,254,127,255,255,192,1,130,1,134,5,7,3,0,9,14,11,134,5,142,15,152,17,19,27,20,148,6,31,12,12,159,27,29,29,143,31]
CFO=1343.0348003790705,STO=0
EsN0dB=-11.39,GRXdB=40,N0=0.000630957365501672
packet_number=89,correct=False,payload=[29,119,120,201,64,97,216,9,81,146,24,86,94,212,135,122,12,175,45,72,227,191,252,141,177,252,223,67,10,87,208,122,107,202,75,123,138,189,190,151,176,179,62,155,137,141,184,81,47,17,140,109,176,92,243,207,192,57,177,92,214,241,210,89,185,37,76,230,124,171,3,56,221,211,208,180,40,11,13,223,17,167,22,5,155,128,27,183,246,85,191,86,38,241,8,131,34,36,194,111,91,217,124,20,237,29,239,13,199,178,248,116,19,226,61,104,149,106,184,45,253,48,139,88,156,162,155,119,46,87,53,76,239,239,195,159,103,166,148,127,211,225,191,206,45,160,8,221,18,68,6,243,243,153,38,192,68,22,87,108,229,169,122,183,60,215,243,37,13,39,248,167,11,5,209,174,118,252,147,244,23,19,208,29,143,223,183,187,14,241,161,175,189,114,132,28,150,63,61,72,56,174,224,247,247,76,15,173,1,217,46,143,179,53,210,167,45,43,150,6,68,155,186,98,153,14,196,221,187,156,45,71,87,223,29,248,122,170,204,65,216,62,7,70,144,159,232,103,110,96,86,26,163,200,105,207,32,56,182,246,133,28,163,69,132,142,133,22,82,53,231,95,40,8,77,93,3,81,97,126,76,39,96,123,222,99,122,133,144,94,144,210,101,199,122,179,235,242,151,216,24,102,240,155,169,122,72,131,7,4,101,174,74,52,43,194,56,49,5,25,181,22,38,168,207,204,226,83,161,16,101,88,128,25,195,181,153,24,114,182,31,132,143,36,103,108,162,18,94,249,188,203,211,9,36,98,189,128,61,8,245,194,9,239,104,183,149,175,104,217,16,160,109,184,235,198,35,196,215,50,252,172,10,188,48,238,221,210,235,140,178,94,200,76,220,180,48,242,28,75,62,4,104,221,3,130,150,187,54,234,97,59,66,181,140,144,41,11,156,202,228,200,102,69,28,70,116,176,157,238,179,153,59,179,40,78,254,3,196,250,168,64,74,40,154,197,82,120,123,127,181,33,16,228,53,210,188,102,136,213,32,33,47,204,167,66,74,105,29,120,187,159,150,137,13,57,62,21,129,17,71,251,70,39,46,160,242,202,54,2,17,246,167,131,71,141,11,69,85,46,251,35,202,9,53,241,157,117,218,236,194,104,39,82,113,52,176,45,50,33,8,146,117,251,146,252,240,130,38,182,111,15,146,213,189,224,6,53,201,54,255,54,79,80,33,210,140,151,113,45,171,15,232,142,12,114,42,96,78,19,106,152,105,72,230,37,30,220,207,58,240,18,30,101,254,243,36,74,108,14,172,56,62,183,130,96,23,196,248,215,93,237,9,27,254,13,105,32,107,97,73,81,208,85,32,34,22,94,21,80,54,78,19,90,44,211,189,150,81,211,236,245,143,133,175,17,219,206,78,45,111,247,157,242,170,0,254,39,164,129,215,6,15,18,92,217,7,141,221,157,76,217,222,144,180,31,63,218,81,247,150,79,134,218,54,42,196,146,107,42,43,31,179,126,137,140,224,152,13,17,249,91,202,234,11,163,68,57,240,66,80,2,62,64,83,252,91,238,24,207,31,96,52,137,170,63,201,199,40,193,5,103,221,15,105,35,111,22,108,48,175,170,45,95,35,5,159,234,75,139,162,47,47,191,3,3,153,135,164,98,6,79,130,51,146,231,111,189,167,141,248,20,70,160,7,152,246,25,156,50,203,113,44,131,89,124,201,85,248,2,190,155,217,16,178,192,51,29,91,62,125,82,147,1,0,47,6,12,238,220,118,219,241,59,125,82,251,220,251,186]
CFO=7150.371837148716,STO=7
EsN0dB=12.07,GRXdB=40,N0=0.000630957365501672
packet_number=90,correct=False,payload=[0,1,2,3,4,5,6,7,8,9,11,27,12,29,14,15,16,17,18,19,20,29,30,23,16,17,58,27,28,29,30,31,32,97,50,35,36,37,38,47,40,9,10,43,60,44,46,47,112,50,50,35,60,52,54,55,48,57,62,58,52,61,62,63,64,65,66,67,68,69,198,71,72,201,74,75,76,77,78,95,192,17,82,85,84,85,118,87,88,91,94,91,92,92,94,223,96,197,98,101,228,101,102,111,104,105,110,107,108,109,238,111,240,113,115,114,116,119,118,247,120,121,120,123,124,125,126,127,128,129,134,131,132,133,132,135,136,137,139,139,140,141,143,143,144,145,146,147,156,145,150,151,153,153,154,155,157,157,190,159,161,161,162,163,164,165,39,167,160,185,170,235,173,173,46,175,176,177,178,179,188,181,183,55,184,189,190,51,188,191,190,191,192,193,194,131,196,197,134,199,200,137,219,203,204,201,206,207,208,241,210,215,148,213,222,215,216,153,218,219,220,221,222,223,224,225,224,227,228,229,230,231,232,233,235,235,204,237,238,237,241,245,246,243,246,225,252,247,248,249,250,243,253,253,254,255,0,1,0,3,4,11,6,7,8,9,8,11,12,141,14,15,48,17,18,83,20,21,22,31,24,25,26,27,28,29,30,31,32,33,34,99,36,47,38,39,40,171,42,43,108,45,46,47,48,49,114,51,52,53,54,55,56,57,62,27,60,189,62,62,64,1,2,67,68,77,78,71,72,73,74,75,76,77,110,95,24,81,82,71,84,85,118,87,88,121,90,19,94,93,94,223,96,97,98,99,100,101,231,103,120,99,106,107,108,109,238,127,96,240,114,115,116,114,126,247,120,120,122,251,124,125,126,127,1,131,131,131,132,143,134,7,8,141,10,139,140,13,142,143,144,17,144,131,149,145,150,151,57,137,188,27,156,157,190,159,160,129,162,163,164,165,166,167,168,169,234,235,141,253,174,47,176,163,38,179,180,37,181,183,184,185,186,179,188,189,188,191,193,193,192,195,132,205,198,135,201,200,130,75,204,205,222,207,208,147,146,215,212,229,148,215,216,249,216,155,220,189,222,223,240,227,230,227,196,229,230,199,232,233,254,235,237,253,238,207,240,241,242,243,244,245,246,247,248,249,242,251,252,255,255,255,0,1,2,7,12,13,14,7,8,25,10,27,8,29,14,14,16,17,22,19,20,21,30,23,56,25,24,155,28,29,30,63,32,97,32,35,108,45,38,167,32,41,42,59,44,45,13,111,49,48,50,51,52,53,62,63,56,59,54,187,60,61,62,191,192,66,194,7,68,71,68,79,72,89,74,219,76,77,78,95,80,83,80,114,84,84,84,87,88,83,154,91,60,221,94,95,64,97,98,99,108,101,110,103,104,105,124,107,108,109,78,223,112,115,114,119,124,117,110,246,248,249,250,127,124,125,124,127,128,1,130,3,133,15,142,135,145,153,136,159,141,143,140,143,176,145,146,51,180,149,150,167,152,155,158,155,156,157,158,191,161,161,162,163,164,165,167,231,137,97,160,179,108,173,174,47,176,179,178,55,176,181,182,183,184,248,242,187,189,191,188,255,129,193,194,147,196,199,206,199,200,201,143,139,204,141,206,223,208,145,210,211,132,213,231,215,152,153,222,219,156,217,221,223,224,225,162,231,224,197,230,199,224,201,234,235,204,205,238,223,240,241,242,243,245,245,246,247,249,249,250,251,252,253,254,254,0,1,6,7,6,13,14,71,8,9,14,19,8,15,14,31,17,1,22,19,20,21,30,30,24,25,24,63,28,61,30,23]
CFO=8282.05592003559,STO=6
EsN0dB=12.03,GRXdB=40,N0=0.000630957365501672
packet_number=91,correct=False,payload=[0,5,130,3,4,5,6,7,8,9,10,11,12,13,14,15,16,17,18,19,20,21,22,23,24,25,58,27,28,29,30,31,32,33,34,35,36,37,38,35,40,105,42,43,44,45,46,47,48,49,50,51,52,53,54,55,56,57,58,43,60,61,62,63,64,65,66,67,196,69,70,71,72,73,74,75,76,77,78,79,80,81,86,83,84,85,86,87,88,89,90,91,92,93,94,95,64,97,98,99,100,101,102,103,104,105,106,107,108,237,110,111,112,112,114,115,116,117,118,119,120,121,122,123,124,125,126,127,160,129,130,131,132,133,134,143,136,137,138,139,140,141,142,143,144,145,146,146,148,149,150,151,144,153,154,155,156,141,158,159,160,161,162,163,164,165,166,167,168,169,170,171,172,173,174,175,176,177,178,179,180,181,182,183,184,185,186,187,188,189,190,191,192,193,194,195,196,197,198,199,200,201,202,203,204,205,206,207,208,209,210,211,212,213,214,215,216,217,218,219,220,221,222,223,224,225,226,227,228,229,230,227,200,233,234,235,236,237,238,239,240,241,242,243,244,245,246,247,248,249,250,251,252,253,254,255,0,1,2,3,4,5,6,7,8,9,10,11,12,13,14,15,16,17,18,19,20,21,22,23,24,25,26,27,28,29,30,31,32,33,34,35,36,37,38,39,40,41,42,43,44,45,46,47,48,49,50,51,52,53,54,55,56,57,58,59,60,61,62,63,64,65,66,67,68,69,70,71,72,73,74,75,76,77,76,79,80,81,82,83,84,85,86,87,88,89,90,91,92,93,94,95,96,97,98,99,100,101,102,103,104,105,106,75,108,109,106,111,112,113,114,115,116,117,118,119,120,121,122,123,124,125,126,127,128,129,130,131,132,133,134,135,136,137,138,139,140,141,142,143,144,145,178,147,148,149,150,151,152,153,154,155,156,157,158,159,160,161,162,179,164,165,166,167,168,169,170,171,172,173,174,175,176,177,186,179,180,181,182,183,184,185,186,187,188,189,190,191,192,193,194,195,196,197,198,199,216,193,202,203,204,205,206,207,208,209,210,211,212,213,214,215,216,217,218,217,220,157,222,223,224,225,226,227,228,229,230,231,232,233,234,107,236,237,174,239,240,241,242,243,244,245,246,247,248,249,250,255,252,253,254,255,0,1,2,3,4,5,6,3,8,9,10,11,12,9,14,15,16,17,18,19,20,21,22,23,24,17,90,27,28,29,62,31,32,33,35,35,36,37,38,103,40,41,42,43,44,45,46,47,48,49,50,51,52,53,54,55,56,57,58,59,60,61,62,63,64,65,66,67,68,69,70,71,72,73,74,75,76,77,78,79,80,81,90,83,84,85,86,95,88,89,90,91,92,93,94,95,96,97,98,99,100,101,102,103,104,105,106,107,108,109,110,111,112,113,114,115,118,117,118,119,121,121,122,123,124,125,126,127,128,129,130,131,132,133,134,135,136,137,138,139,140,141,142,143,144,145,146,147,148,149,150,151,152,153,154,155,156,157,158,159,160,161,160,163,164,165,166,167,168,169,170,171,172,173,174,175,176,177,178,179,180,181,182,247,184,185,186,187,188,189,190,191,192,193,194,195,196,197,198,199,200,201,202,203,204,205,206,207,208,209,210,211,212,213,214,215,216,217,218,211,220,213,222,223,224,225,226,227,228,229,230,231,232,233,234,235,236,237,238,239,240,241,242,243,244,245,118,247,248,249,250,251,252,253,254,255,0,3,2,3,4,5,6,7,8,9,10,11,12,13,14,15,16,17,18,19,20,21,22,23,24,25,26,27,28,29,30,159]
CFO=8806.45792312409,STO=3
EsN0dB=12.06,GRXdB=40,N0=0.000630957365501672
packet_number=92,correct=False,payload=[0,1,2,3,4,5,6,7,8,9,10,11,12,13,14,15,16,17,18,27,20,20,22,7,24,29,26,27,28,13,30,31,32,33,34,35,36,35,38,39,40,33,42,11,40,45,46,47,16,49,50,51,52,53,50,55,24,57,58,59,60,61,62,63,64,1,0,67,68,69,70,7,64,73,74,75,76,13,78,111,80,17,82,67,20,85,83,87,88,25,90,91,108,93,94,95,97,97,98,99,100,101,102,103,104,109,104,107,76,109,46,111,112,113,114,112,116,117,118,119,88,109,122,59,124,61,126,127,128,129,130,131,132,133,134,103,136,137,138,11,140,205,142,143,144,129,146,131,148,149,150,7,152,153,154,155,156,157,158,159,160,161,162,163,164,197,166,167,164,169,174,235,164,173,174,175,248,177,178,179,188,181,182,151,184,185,154,187,156,189,190,191,192,193,194,195,196,193,198,199,200,201,206,203,220,205,206,207,208,209,210,211,212,213,198,199,200,209,218,219,220,221,222,223,240,225,226,227,228,229,230,231,224,233,250,235,236,237,238,239,248,240,211,243,240,245,246,247,248,185,250,121,252,125,190,127,0,1,0,3,4,5,6,7,12,9,10,3,12,13,78,15,16,1,18,17,148,25,6,23,24,29,27,27,28,29,30,31,32,33,34,3,36,37,38,39,40,41,42,43,60,45,46,47,48,49,50,51,52,53,62,55,56,57,58,59,60,29,62,63,64,64,66,3,68,69,70,71,72,73,202,75,76,13,14,79,88,65,83,83,92,85,70,87,88,89,90,91,92,93,94,95,96,97,98,99,116,37,102,103,104,105,104,107,100,237,110,111,112,49,114,113,116,117,246,119,120,121,122,123,124,117,110,127,128,129,130,129,132,133,134,135,140,137,138,195,156,133,142,135,144,145,147,147,148,149,158,150,152,153,154,155,156,157,158,159,160,161,162,163,164,37,166,167,168,169,162,235,188,45,174,167,240,177,178,179,184,181,182,183,184,184,170,187,188,189,190,191,192,193,194,195,196,229,198,199,200,201,202,203,204,205,238,207,208,241,194,211,212,213,198,215,216,217,218,217,220,221,222,223,240,225,226,227,228,245,230,231,236,233,234,235,236,237,238,235,112,241,242,251,244,245,246,247,248,249,250,251,254,253,254,255,0,1,2,3,4,5,6,7,8,9,10,11,12,13,14,15,80,16,26,19,20,21,22,23,24,25,26,27,28,29,30,31,32,33,34,35,36,37,38,39,40,40,42,41,44,45,42,47,48,49,58,51,52,52,54,55,56,57,58,43,60,61,62,63,192,65,66,67,69,69,70,7,72,73,66,75,76,77,78,79,80,81,82,83,84,85,86,23,88,89,90,75,92,29,94,95,96,96,98,99,100,101,110,103,104,105,98,105,108,109,78,111,112,113,114,115,116,53,118,119,120,120,122,123,124,125,126,111,128,129,130,129,132,133,134,135,136,137,138,137,140,141,142,143,144,209,146,147,148,149,150,151,152,137,154,155,152,157,158,159,160,161,178,161,164,165,134,39,160,169,170,171,172,173,174,175,176,177,178,179,180,181,182,179,184,185,154,187,188,189,190,191,192,193,194,195,198,196,198,199,200,201,194,203,204,205,206,207,208,209,210,211,212,212,214,215,216,217,218,219,220,221,94,223,224,225,226,227,228,229,230,231,232,233,234,235,236,237,230,239,240,241,250,243,244,244,246,247,248,184,250,250,252,249,254,255,0,1,2,3,4,5,6,7,8,9,10,11,12,5,14,15,16,16,16,18,20,21,22,23,24,25,26,27,28,31,30,31]
CFO=8254.959041778333,STO=1
EsN0dB=11.99,GRXdB=40,N0=0.000630957365501672
packet_number=93,correct=False,payload=[60,118,136,54,0,2,2,2,8,14,12,15,16,24,16,22,24,10,28,30,16,2,2,38,0,36,52,36,50,51,22,54,56,57,62,62,64,65,6,2,72,66,4,102,64,11,68,119,88,75,94,47,32,34,100,114,124,108,108,102,120,113,114,119,88,123,124,62,128,2,132,134,0,71,0,142,176,146,132,207,216,158,76,78,160,163,148,166,248,234,14,111,208,144,144,86,56,91,252,62,64,98,192,226,232,79,196,206,208,80,192,78,232,218,220,223,240,96,102,118,232,107,236,239,248,242,244,246,248,242,252,255,1,3,6,7,13,137,13,15,17,19,129,151,25,11,31,31,33,1,23,167,5,15,45,39,16,147,49,147,57,191,60,31,97,67,7,66,104,15,78,7,0,83,82,95,24,73,77,95,225,35,101,243,100,99,237,47,240,115,252,127,121,121,61,63,128,129,135,135,137,129,141,207,153,145,140,131,169,137,205,159,160,131,177,167,177,163,172,191,177,147,148,155,249,157,191,191,225,195,197,231,201,237,198,207,217,211,215,215,217,201,221,207,225,225,241,247,233,169,239,239,241,241,244,243,253,249,253,255,0,3,0,7,72,2,4,14,24,19,6,19,24,8,12,30,16,18,32,38,40,42,44,43,16,16,48,54,24,46,28,62,64,1,68,38,72,50,44,14,16,83,84,82,88,90,92,74,96,112,96,102,40,122,44,126,48,122,112,122,120,58,124,122,128,130,144,198,136,171,140,143,144,147,80,214,156,154,12,158,128,32,4,178,184,172,204,135,152,243,188,182,188,120,190,222,192,227,228,98,192,234,238,230,208,98,132,214,248,94,76,222,96,226,228,242,104,104,236,238,248,243,240,246,124,254,124,255,0,3,4,7,9,169,12,5,17,147,5,23,153,31,29,31,32,1,5,7,41,171,44,15,177,51,49,55,24,63,157,63,193,195,197,67,9,111,13,13,113,19,87,91,217,91,89,79,224,99,97,103,105,59,109,231,49,115,117,247,249,127,125,62,131,129,133,199,136,203,133,135,145,147,148,151,153,137,157,159,129,161,164,231,165,237,189,175,153,177,149,211,248,189,252,191,224,131,197,199,204,195,207,199,241,211,212,207,217,251,220,223,225,227,229,231,232,251,229,239,241,251,247,247,248,251,253,254,0,0,6,7,8,3,12,14,24,0,28,6,24,26,28,30,32,33,4,54,32,34,36,46,56,50,22,54,56,26,60,62,64,67,4,6,72,72,76,78,80,82,84,38,92,90,76,94,112,115,36,102,120,99,109,110,112,114,116,126,120,122,124,126,128,195,128,134,200,142,132,14,200,18,148,223,152,88,142,158,128,130,164,167,168,178,172,15,176,242,180,151,152,186,188,158,64,194,224,230,192,201,76,206,208,211,200,246,216,202,220,222,241,98,198,230,232,234,236,255,240,251,124,255,252,126,252,127,9,1,7,3,129,11,5,15,17,19,24,23,25,27,28,31,129,33,167,55,169,43,45,47,57,51,21,55,57,59,189,31,96,65,7,167,69,105,68,71,93,67,196,87,137,11,63,95,97,99,229,183,113,97,101,111,113,51,245,119,249,123,61,191,129,131,129,135,137,131,142,15,145,147,157,149,153,155,157,159,9,163,164,183,169,171,133,167,145,155,177,179,185,123,189,191,193,203,197,199,201,199,205,207,217,211,245,222,249,207,221,207,225,227,229,231,217,235,237,239,241,241,245,247,249,251,253,255,0,2,4,6,0,12,4,142,0,18,22,6,24,26,28,14,32,2,36,38,44,43,36,14,48,18,52,62]
CFO=8342.313366713257,STO=4
EsN0dB=12.07,GRXdB=40,N0=0.000630957365501672
packet_number=94,correct=False,payload=[0,1,2,3,4,5,6,7,8,9,10,11,140,13,78,15,16,17,18,19,20,21,22,135,24,25,26,27,28,29,30,31,32,33,34,35,36,37,38,39,40,43,42,43,44,45,38,43,48,57,50,51,52,53,54,55,56,56,58,59,60,61,62,63,64,65,194,67,64,69,70,71,72,73,74,75,76,77,78,79,80,81,82,83,84,85,86,87,88,25,74,91,92,93,94,95,96,97,96,99,100,101,102,103,72,105,106,107,108,109,110,111,112,113,114,115,116,117,118,119,120,121,122,123,124,125,126,127,128,129,130,131,132,133,134,135,136,137,138,139,140,141,142,143,144,145,146,147,148,149,150,151,152,153,138,155,156,157,158,159,160,161,162,161,164,165,166,167,168,233,170,171,173,173,174,143,176,177,178,179,180,181,182,183,184,185,186,187,188,189,190,191,192,197,194,195,68,197,198,199,200,73,202,203,204,205,206,207,210,209,210,211,212,213,214,215,216,217,218,219,220,221,222,223,224,193,226,227,228,229,230,231,232,233,234,235,236,237,238,239,240,241,242,243,244,229,246,247,248,249,250,251,252,253,254,255,0,1,2,3,4,5,6,7,8,9,10,139,12,45,14,15,16,17,18,19,22,21,22,23,24,25,26,27,28,29,30,31,32,33,34,35,36,37,38,39,40,41,42,43,44,45,46,47,48,49,50,19,52,53,54,55,56,57,58,59,60,61,62,63,64,65,66,67,68,69,70,71,72,73,74,75,76,109,78,79,84,81,82,83,84,85,86,87,88,89,82,91,92,93,94,94,96,97,98,99,100,69,110,103,104,105,106,107,108,109,110,239,112,113,114,115,116,117,118,119,120,121,122,123,124,93,126,127,128,129,130,131,132,133,134,135,136,137,138,139,140,141,142,143,144,177,146,147,148,133,150,151,152,153,154,155,156,157,158,159,160,161,162,163,164,165,167,167,168,169,170,171,172,173,174,175,176,177,178,179,180,181,182,183,184,185,186,187,188,189,158,191,192,193,194,67,196,197,230,199,200,201,202,203,204,205,206,207,208,209,210,211,212,213,214,215,216,217,218,219,220,221,222,223,224,225,226,243,228,229,230,231,232,233,234,235,236,237,238,239,240,241,242,115,244,245,246,247,248,249,250,250,252,253,255,255,0,1,2,3,4,5,6,23,8,9,10,11,12,13,14,15,16,17,18,19,20,21,22,23,24,57,26,27,28,29,30,31,32,33,34,35,36,37,38,39,40,41,34,43,44,45,174,47,49,49,50,51,52,21,54,55,56,57,58,59,60,61,62,31,64,65,66,67,68,69,70,71,72,73,74,75,76,77,78,79,80,81,82,83,84,85,86,87,88,89,90,91,92,93,94,95,96,97,98,99,100,101,102,103,104,105,106,107,108,109,110,111,112,113,114,115,116,117,118,119,120,120,122,123,124,125,126,123,128,129,130,131,132,133,134,135,136,137,138,139,140,141,142,143,144,145,146,147,148,149,150,150,152,153,154,155,156,157,158,159,160,161,162,163,164,165,162,167,168,169,170,171,164,173,174,175,176,145,178,179,180,181,182,179,184,185,186,187,188,189,190,191,192,193,194,195,196,197,198,199,200,201,200,203,204,205,206,207,208,209,210,211,212,213,214,215,216,217,218,219,220,221,222,223,224,225,226,227,228,229,230,231,232,233,234,235,236,237,238,239,240,241,242,243,244,245,246,247,248,249,242,249,252,253,254,255,0,1,2,3,4,5,6,5,8,9,10,11,12,13,14,15,16,17,18,19,20,21,22,23,24,153,26,27,28,29,30,31]
CFO=8082.475895213047,STO=0
EsN0dB=11.10,GRXdB=40,N0=0.0007943282253108919
packet_number=95,correct=False,payload=[0,1,0,3,20,5,6,7,8,11,10,11,12,12,12,15,16,17,18,19,24,52,22,27,16,24,30,59,28,56,62,31,0,35,50,35,36,32,36,39,56,41,46,107,40,125,46,47,32,49,48,50,100,125,54,55,120,121,56,51,60,121,62,63,64,1,2,67,196,197,70,198,200,131,72,207,76,79,74,79,32,81,18,19,244,84,94,71,0,89,120,63,220,219,62,31,64,97,226,99,72,224,110,103,104,105,96,107,76,77,236,111,112,49,240,246,116,117,118,103,248,121,114,94,124,123,94,127,128,129,128,130,4,133,132,7,153,129,143,139,13,155,143,14,176,179,150,147,28,149,150,167,24,185,140,155,156,159,30,31,96,163,160,135,165,45,230,167,56,163,224,163,141,109,239,191,176,161,162,178,56,241,182,183,48,49,50,187,189,191,188,191,193,193,198,194,192,135,196,199,200,205,202,211,204,207,206,159,145,209,241,243,181,197,212,215,184,145,222,218,157,253,223,158,225,165,226,227,228,229,230,231,224,249,234,235,239,233,238,79,248,243,240,227,225,245,231,231,248,121,249,251,253,253,254,255,0,3,2,19,4,5,14,15,8,17,2,75,8,15,14,31,48,19,16,6,60,21,20,55,24,16,30,19,28,60,30,31,96,35,98,3,36,5,46,103,0,66,88,11,108,31,110,47,48,49,48,115,116,117,52,119,56,51,122,59,60,61,124,127,64,67,66,3,68,197,196,206,72,89,142,75,24,8,78,79,16,129,82,211,84,211,118,23,88,82,156,34,92,219,158,127,224,65,102,70,224,64,230,230,104,73,100,211,104,121,110,111,112,241,114,119,116,97,108,103,120,121,56,251,188,127,124,127,129,129,0,1,6,133,134,135,8,147,136,3,13,141,141,143,145,129,160,179,132,133,150,159,16,155,17,147,28,159,156,191,160,97,97,163,161,197,167,71,168,185,32,139,141,45,239,159,177,179,50,183,160,33,46,183,152,241,184,251,56,127,191,253,128,129,130,131,204,129,196,135,192,201,210,207,221,153,206,159,209,241,227,211,145,243,214,151,216,209,218,187,220,217,156,191,193,225,230,195,245,229,198,239,224,225,227,235,220,251,236,207,240,241,240,247,244,253,246,255,249,241,249,243,244,253,236,255,4,1,2,1,8,7,6,7,16,11,10,2,12,13,12,30,48,3,18,87,20,20,22,22,16,57,18,26,28,25,60,94,64,34,38,34,8,9,205,39,56,0,112,39,72,76,110,79,48,32,52,51,52,118,126,110,56,58,122,35,124,122,62,63,0,0,0,3,0,200,78,79,26,65,74,223,72,221,94,206,210,209,226,86,16,255,116,63,88,89,94,59,92,93,124,127,224,192,70,103,104,68,230,103,216,105,108,250,120,234,126,110,240,243,112,119,108,117,230,78,248,120,240,119,248,125,238,255,128,129,134,135,136,133,135,7,152,155,138,31,140,137,140,15,144,17,151,179,28,53,134,143,152,145,154,223,152,25,156,159,160,161,35,35,36,167,37,47,232,225,136,107,140,157,46,79,176,177,34,115,36,161,247,191,187,241,190,247,120,249,125,63,128,193,131,195,200,199,214,207,136,139,132,143,204,136,222,207,208,178,164,147,216,229,134,135,184,217,182,211,221,153,191,223,224,225,225,199,193,225,198,199,216,225,226,225,200,223,238,239,224,227,241,227,253,243,246,247,240,251,236,249,253,253,254,255,0,145,0,1,4,5,6,14,0,9,14,3,12,25,14,14,16,18,4,2,30,13,54,31,24,56,16,31,20,61,28,63]
CFO=8921.37490727217,STO=6
EsN0dB=11.06,GRXdB=40,N0=0.0007943282253108919
packet_number=96,correct=False,payload=[0,1,2,3,4,5,6,7,8,9,10,11,12,13,14,11,16,17,18,19,20,21,22,23,24,25,26,27,28,29,30,31,32,33,42,35,36,33,38,39,40,41,42,43,44,45,46,47,48,49,34,51,54,37,54,55,56,57,58,59,60,61,62,63,64,65,2,67,68,69,70,71,72,73,74,79,77,13,78,79,80,81,82,81,84,117,86,87,88,89,90,91,92,93,94,95,96,97,98,99,36,101,38,103,104,105,104,107,108,109,78,111,112,113,114,115,116,117,118,119,120,121,122,123,124,125,126,127,128,129,2,131,132,133,134,135,136,137,138,139,140,141,142,143,145,145,146,147,148,149,150,151,152,153,154,155,157,157,154,159,164,161,163,163,164,165,166,163,168,169,170,171,172,173,174,175,176,177,178,179,180,181,182,183,184,185,186,187,188,189,190,191,192,193,194,195,196,197,196,199,200,201,202,75,199,205,206,207,208,193,210,211,212,213,22,215,216,217,218,147,220,221,222,223,224,225,226,235,228,103,102,231,232,233,234,251,236,237,238,239,240,241,242,243,244,245,246,255,248,249,250,251,252,253,254,239,0,1,2,7,4,5,6,7,8,9,10,11,12,9,10,15,16,17,18,17,20,21,6,23,24,25,26,11,24,29,30,31,32,33,2,35,36,101,38,39,40,41,42,43,44,45,46,47,48,49,50,51,60,53,4,55,56,57,58,58,60,61,62,63,64,64,66,67,196,69,70,71,64,73,74,75,72,77,78,79,80,81,18,83,84,81,86,87,88,89,88,91,92,93,94,95,96,97,98,99,100,101,102,103,104,105,106,107,108,109,110,111,112,113,114,115,116,117,118,119,120,121,114,123,124,125,126,127,0,129,130,131,132,133,134,135,136,137,138,139,140,141,142,143,144,145,146,147,148,148,150,151,152,153,154,155,156,157,158,159,160,161,162,163,164,165,166,167,168,169,170,171,172,173,174,175,176,177,178,179,180,181,182,183,184,57,186,187,180,189,254,191,192,129,194,195,196,197,230,199,200,201,202,202,204,205,206,207,208,217,210,243,212,213,214,215,216,217,218,219,220,221,156,223,224,225,226,227,228,229,166,231,232,233,106,207,236,217,238,239,240,113,242,243,212,213,246,215,248,249,122,251,248,253,254,255,0,9,34,67,4,5,6,7,8,9,10,11,12,13,14,15,16,17,18,19,20,21,22,23,24,25,26,26,28,13,30,31,32,33,34,35,36,37,38,39,40,41,42,43,44,45,126,47,52,49,50,51,52,61,54,55,56,25,56,59,60,60,62,63,64,65,66,66,69,69,70,71,72,73,74,75,72,76,70,79,80,81,82,83,84,85,70,87,88,89,90,91,92,77,92,95,96,97,98,99,100,101,102,102,104,105,106,99,108,109,110,111,112,113,114,115,116,117,118,119,120,121,122,123,124,125,126,127,128,129,130,131,132,133,134,135,200,137,138,139,140,141,142,175,144,145,146,147,148,149,150,151,152,153,154,155,156,157,158,159,160,161,32,163,228,165,166,167,168,169,138,171,172,173,174,167,176,177,178,179,244,181,182,183,184,185,186,187,188,173,190,191,192,193,194,195,196,197,198,199,200,201,202,203,204,205,204,207,208,209,210,211,212,213,214,199,216,217,218,218,156,221,222,223,224,225,226,231,164,165,230,231,232,233,234,235,252,237,238,239,240,241,242,243,244,245,246,247,216,177,250,251,248,253,254,255,1,1,2,3,4,5,6,7,8,9,10,11,12,13,142,15,16,17,18,3,20,21,22,23,24,25,18,27,28,29,30,23]
CFO=8390.009905779794,STO=7
EsN0dB=11.02,GRXdB=40,N0=0.0007943282253108919
packet_number=97,correct=False,payload=[0,1,2,3,4,5,6,6,8,9,10,9,12,13,12,15,24,17,18,147,55,21,22,23,24,25,26,23,28,29,30,63,96,33,35,35,36,37,6,39,40,57,40,43,44,45,46,45,48,17,50,50,20,53,54,55,57,57,62,58,60,61,62,63,64,65,71,67,68,69,70,71,72,75,74,75,76,8,78,79,84,81,66,83,84,85,86,87,88,89,218,223,92,89,94,94,96,97,226,99,100,101,70,103,104,105,106,106,108,109,110,108,112,113,114,115,84,119,126,119,124,121,122,107,124,125,126,127,128,129,130,131,132,133,134,135,136,137,202,137,140,141,142,15,128,144,146,147,132,129,148,151,152,153,153,155,156,29,158,159,128,161,35,163,132,165,166,135,40,171,178,175,172,173,46,175,176,177,178,179,180,177,182,183,184,185,186,179,185,125,190,255,192,65,194,195,197,197,194,199,201,201,194,203,204,221,206,239,208,211,210,243,220,213,198,215,217,153,219,155,220,221,222,223,224,225,227,199,228,229,246,231,232,233,234,235,236,237,239,231,240,241,240,243,244,245,246,247,248,121,250,243,252,253,252,255,0,1,2,2,4,5,6,7,8,9,10,31,24,13,14,15,48,17,18,19,36,21,22,22,24,25,26,27,28,29,30,31,32,33,2,34,54,37,6,39,40,41,42,43,36,45,46,47,48,49,48,51,52,53,54,55,120,57,58,51,60,61,62,127,64,65,66,71,4,69,6,79,73,88,66,27,76,79,74,111,64,19,86,211,84,29,118,83,88,89,90,91,92,93,82,95,96,65,98,103,76,97,102,103,104,104,106,107,108,45,126,111,96,113,114,114,116,101,102,119,248,249,122,123,124,125,126,123,128,1,130,135,133,133,134,135,136,137,130,139,140,141,142,143,145,145,146,17,148,157,149,135,152,153,138,154,156,157,158,159,160,225,130,163,164,165,166,39,168,169,171,35,173,173,174,175,176,179,178,179,52,181,190,183,184,185,186,251,57,189,190,191,192,193,193,195,68,205,134,199,200,201,202,203,200,205,206,207,208,145,214,211,212,149,94,215,216,217,218,155,220,221,212,223,224,224,226,195,228,225,102,239,232,233,234,227,236,237,175,239,241,242,226,243,252,253,250,247,248,249,248,251,244,253,254,255,0,1,2,3,4,5,6,7,8,9,10,11,12,13,14,15,16,17,20,19,20,29,22,31,56,25,58,27,28,29,28,31,32,65,0,35,68,39,4,38,40,57,42,43,44,45,38,47,48,101,34,39,52,119,6,55,120,25,50,59,60,125,62,63,64,1,66,67,68,5,66,87,72,75,74,203,76,73,78,207,80,17,66,67,68,213,86,87,88,89,90,27,92,93,94,95,96,97,98,99,116,101,102,111,72,105,106,107,108,105,110,111,112,112,114,99,64,116,102,119,120,121,112,115,124,125,126,255,128,131,130,131,5,135,134,135,136,137,138,139,140,157,142,143,144,17,150,147,148,149,150,151,16,145,155,155,140,157,158,159,160,161,162,167,164,161,166,167,137,169,186,234,44,141,174,14,178,177,178,179,180,181,182,183,184,185,178,191,60,249,158,191,192,193,194,71,196,197,198,197,216,203,102,203,204,205,206,207,208,209,210,211,212,213,150,151,216,217,218,187,220,221,222,223,224,225,226,227,228,236,134,231,224,233,234,235,236,109,238,239,240,241,242,243,244,245,246,255,248,249,250,187,252,221,254,255,0,1,2,3,4,5,14,7,8,9,6,15,12,12,14,15,16,17,16,18,21,23,22,23,28,17,26,26,28,31,62,63]
CFO=-11572.138121845652,STO=0
EsN0dB=-20.04,GRXdB=40,N0=0.0007943282253108919
packet_number=98,correct=False,payload=[2,5,122,117,243,97,105,102,162,133,78,8,151,197,233,244,53,54,251,10,66,86,102,0,46,148,151,201,108,114,114,65,15,61,245,37,192,131,210,148,113,150,27,109,199,222,246,159,194,134,48,230,45,200,52,127,228,30,147,167,135,208,121,178,154,5,55,74,52,101,150,80,156,253,87,9,177,34,230,40,23,107,170,225,83,220,178,33,100,28,88,190,62,163,113,158,150,34,41,71,64,199,9,216,86,70,86,5,138,170,237,253,144,75,61,230,197,233,42,177,212,136,133,86,74,91,240,82,232,158,180,160,27,100,46,126,5,204,103,163,233,255,76,91,173,101,187,25,234,75,6,221,190,84,218,210,221,206,228,135,32,173,49,215,127,224,208,17,230,240,18,154,203,25,111,188,255,191,236,29,72,42,204,46,54,11,217,18,159,147,157,89,70,88,52,137,93,203,173,202,30,205,12,10,197,62,190,195,3,65,42,195,116,28,156,184,80,32,71,88,49,237,240,5,36,110,202,29,180,55,195,123,208,161,120,99,7,221,88,207,39,154,188,52,93,252,55,19,222,77,10,86,193,124,18,111,59,155,118,231,209,129,229,192,87,31,151,229,243,24,243,173,182,132,135,71,1,230,255,40,61,92,101,66,82,60,90,249,200,175,170,25,254,136,130,219,144,127,249,6,33,236,223,12,113,149,177,167,203,200,2,139,115,149,43,175,221,31,34,131,242,86,226,239,179,183,136,97,71,72,204,157,158,156,143,108,157,171,205,240,8,160,219,174,163,174,111,251,92,107,111,219,67,235,32,138,217,253,251,21,148,201,92,6,175,159,177,215,65,214,193,26,105,37,180,75,85,221,44,221,118,90,202,154,198,146,184,51,47,166,110,17,125,198,221,110,57,68,43,29,180,159,87,93,240,2,168,12,197,156,200,254,65,132,209,110,20,139,125,176,190,114,210,173,196,214,172,151,216,48,170,159,230,157,156,254,223,95,189,188,62,102,66,209,233,215,102,232,11,176,237,186,248,241,185,119,232,250,121,175,152,124,58,77,213,250,49,255,139,253,243,92,5,218,78,179,254,65,52,120,250,241,173,93,205,136,177,4,176,230,138,182,72,56,134,253,97,228,115,212,22,66,44,7,216,140,21,125,253,214,119,119,157,138,127,213,128,243,220,47,27,13,38,160,249,8,11,106,214,153,222,127,215,241,150,233,188,25,145,7,228,91,82,49,25,127,38,39,156,36,236,197,60,118,119,35,46,31,115,112,224,78,61,61,92,208,92,71,191,78,163,251,125,219,176,233,46,105,124,141,73,190,215,103,70,77,186,203,203,173,72,58,198,35,249,78,89,0,186,114,98,174,207,185,56,244,52,125,220,79,205,183,196,234,147,32,167,44,139,8,9,198,57,214,217,181,147,5,137,120,143,139,211,16,125,63,231,97,223,94,105,158,68,237,226,159,77,150,49,48,107,134,236,144,38,54,129,27,214,19,126,158,249,183,70,91,155,160,181,65,4,110,253,122,190,219,19,23,22,127,229,196,138,237,152,224,191,52,164,218,160,17,67,33,124,219,29,146,210,232,90,18,213,23,219,133,19,40,254,0,96,162,31,127,61,17,147,253,60,240,70,183,113,186,243,10,105,56,133,14,147,19,133,106,201,157,134,225,55,78,22,228,62,23,178,108,89,103,67,17,194,171,127,46,19,64,186,81,137,70,35,16,147,255,136,41,46,142,219,42,233,41,204,179,208,171,191,163,190,22,157,224,76,252,89,196,95,105,108,70,54,49,108,67,232,14,60,101,140,228]
CFO=5777.4426268648385,STO=4
EsN0dB=11.07,GRXdB=40,N0=0.0007943282253108919
packet_number=99,correct=False,payload=[32,1,10,3,4,5,134,7,8,9,10,10,12,13,46,15,16,17,18,19,148,29,22,23,24,25,26,90,156,13,30,31,32,33,34,35,36,37,38,39,40,41,42,59,44,45,46,111,52,49,50,51,60,53,54,55,56,57,50,59,61,61,62,63,64,73,66,67,68,71,70,71,74,73,106,79,76,77,78,79,80,81,82,83,84,85,86,87,88,89,90,91,94,93,94,95,96,97,98,99,100,101,102,103,104,105,106,107,108,109,110,239,112,113,114,115,116,245,118,247,120,121,115,123,124,125,126,127,128,129,130,131,132,133,150,143,140,137,138,171,12,141,142,143,177,145,146,147,148,149,150,151,152,153,155,155,156,29,158,159,160,161,162,163,172,165,166,167,170,169,170,171,172,175,175,175,176,185,178,179,180,183,182,183,186,185,186,187,188,189,190,191,192,209,194,195,196,197,198,199,232,201,202,131,204,205,206,207,208,81,210,210,212,221,150,215,216,217,219,219,220,221,222,255,224,225,226,227,228,229,230,231,232,233,234,227,236,236,238,239,240,241,210,243,246,245,230,247,248,249,122,251,255,253,222,255,0,1,2,3,4,5,6,15,8,9,42,11,12,13,14,15,16,17,22,19,52,21,22,23,24,25,26,27,30,29,30,31,32,33,34,35,36,5,38,39,40,43,42,43,44,45,46,175,48,49,50,51,52,53,54,55,56,57,62,59,60,61,126,63,64,65,66,83,76,69,70,71,76,72,75,75,76,77,78,79,80,81,82,83,84,93,86,87,88,89,222,91,92,93,95,95,96,97,98,99,100,101,102,103,104,105,107,107,124,109,110,239,112,113,114,115,116,117,118,119,121,121,122,123,125,125,126,127,128,129,130,135,132,197,135,135,9,136,138,139,140,141,174,143,144,153,147,147,148,149,150,151,153,217,154,155,156,157,158,159,160,161,162,163,164,165,166,167,168,169,170,171,236,173,174,175,176,177,178,179,180,181,182,183,184,187,187,187,188,189,62,191,192,193,210,195,196,197,198,199,200,201,202,203,204,205,206,207,208,209,210,211,212,213,214,247,216,217,218,219,220,221,222,223,224,225,226,227,228,229,230,231,232,233,234,235,252,253,238,239,244,241,242,211,244,245,246,247,248,249,250,255,252,252,254,255,0,9,2,3,36,5,6,39,8,9,10,27,12,13,14,15,16,17,18,147,148,53,22,23,24,17,26,27,28,25,30,31,32,33,34,35,36,101,38,39,40,41,42,43,108,45,46,39,48,53,50,59,52,53,54,55,56,61,58,59,60,61,62,63,64,81,66,83,68,69,70,71,72,73,74,107,76,205,78,79,81,81,82,83,84,85,86,87,88,89,94,91,92,93,94,95,96,97,98,99,100,101,102,103,104,233,234,107,108,109,110,111,112,113,114,115,116,119,246,119,124,123,122,107,124,125,110,127,136,129,130,135,132,133,135,135,136,137,138,139,156,141,142,143,144,145,146,147,148,149,151,183,152,155,154,155,28,157,158,159,160,161,162,163,164,165,166,167,168,169,170,171,172,173,174,175,176,161,178,179,180,181,180,183,184,185,186,187,188,189,190,191,128,193,226,227,196,199,198,135,200,200,202,203,204,205,206,207,210,209,210,211,212,213,214,215,216,217,218,219,212,221,223,223,224,229,242,227,228,229,230,231,232,233,106,235,236,237,238,239,240,241,250,243,244,245,246,247,184,249,250,251,252,253,255,255,128,1,2,3,4,37,14,7,8,9,10,11,12,77,6,15,16,21,18,19,84,21,22,23,152,25,26,27,28,31,30,31]
CFO=2212.4654695061877,STO=5
EsN0dB=nan,GRXdB=40,N0=0.0007943282253108919
packet_number=100,correct=False,payload=[218,122,19,22,210,133,243,72,2,70,11,217,71,22,201,85,161,35,77,122,181,220,54,37,32,112,85,46,143,38,253,250,104,177,132,211,253,155,110,6,189,121,227,228,157,89,33,41,231,151,54,59,32,198,218,112,52,227,237,42,59,113,152,220,93,184,15,74,113,120,193,189,59,9,208,146,41,2,155,218,131,227,209,239,30,139,78,253,240,45,199,46,19,91,88,71,239,18,254,78,147,69,120,146,29,59,94,123,165,121,180,139,233,250,150,222,133,75,51,244,244,129,229,135,94,44,138,126,162,184,21,46,32,214,140,186,213,60,131,65,253,229,132,166,155,184,173,92,199,250,148,167,8,34,234,115,248,233,122,255,103,88,25,110,190,43,92,116,153,83,205,170,5,46,255,45,23,160,163,17,252,18,180,164,59,26,46,197,45,66,107,112,126,176,233,116,169,128,141,213,225,180,10,249,133,144,194,200,52,36,254,73,113,123,102,62,114,173,76,142,10,6,135,212,101,155,168,143,12,31,24,158,85,211,27,188,132,220,179,242,85,231,43,29,121,91,73,187,26,100,154,162,209,93,156,226,104,64,69,203,72,103,149,178,92,19,221,17,36,7,130,191,53,131,31,67,33,63,146,66,206,145,148,33,231,49,9,133,110,241,215,93,19,232,94,106,118,117,179,34,11,226,145,68,111,205,55,156,231,8,125,138,205,96,61,21,213,227,100,21,191,90,216,230,16,155,140,73,15,161,208,189,30,232,48,79,47,58,54,211,8,27,208,206,142,173,181,2,250,43,202,26,75,238,227,190,22,7,241,161,64,54,116,33,65,102,194,20,21,130,1,35,214,197,199,194,175,178,67,197,7,113,111,173,38,109,4,66,31,93,151,180,250,57,247,27,173,242,178,44,199,75,236,73,23,230,187,79,10,29,145,158,82,42,2,148,217,194,223,160,34,253,19,113,143,1,176,242,107,178,168,209,25,214,140,244,52,89,249,241,151,162,116,18,230,39,91,42,97,180,247,216,58,245,193,85,43,90,127,229,90,205,235,61,118,90,131,40,89,175,34,94,4,224,153,137,70,218,105,251,50,133,93,189,202,79,85,192,41,49,12,55,188,49,83,123,109,96,208,4,47,150,48,91,202,242,213,51,250,111,189,222,103,140,30,11,244,29,222,245,221,182,149,169,93,206,16,154,88,51,107,198,57,173,154,252,162,15,241,33,171,250,100,18,193,205,185,254,113,27,182,78,74,80,111,213,247,179,163,71,197,225,31,78,134,37,36,36,215,41,172,87,246,124,123,221,189,142,190,66,144,148,252,117,86,33,88,112,108,193,242,95,82,215,45,183,205,45,135,156,119,18,194,218,222,78,125,104,116,103,66,225,201,88,118,153,131,157,107,24,150,76,228,44,181,201,222,101,56,195,37,61,125,181,18,177,51,2,4,250,207,252,212,2,17,117,122,177,86,247,224,70,46,81,145,143,88,203,12,90,156,149,80,143,2,125,172,211,229,204,19,61,202,140,148,71,196,114,48,12,42,248,89,33,154,79,224,68,64,191,55,202,90,108,71,64,166,108,189,186,206,124,150,165,113,121,219,194,185,76,164,33,170,2,62,189,98,171,52,107,94,204,249,223,104,199,228,2,76,40,158,131,142,79,98,48,88,201,28,174,153,219,225,250,47,15,34,37,79,136,38,62,69,175,142,195,183,142,88,185,200,245,9,45,92,222,65,120,42,154,114,53,31,54,29,221,142,209,200,164,164,25,198,177,157,68,17,232,13,45,110,223,3,120,226,152,247,246,40,176]
CFO=9665.958493267262,STO=2
EsN0dB=11.11,GRXdB=40,N0=0.0007943282253108919
packet_number=101,correct=False,payload=[4,1,2,3,134,0,134,3,0,1,136,15,4,4,7,15,0,1,144,19,2,7,2,3,24,24,24,25,156,29,142,31,160,0,176,35,32,38,151,55,168,92,162,33,52,22,166,55,184,49,26,26,56,28,50,18,28,56,185,27,156,60,62,31,64,65,65,67,34,5,199,67,98,45,2,7,4,101,110,47,40,80,113,25,98,31,27,70,24,73,10,65,92,30,78,15,160,32,50,37,112,48,38,51,40,105,97,125,108,55,230,119,184,113,113,113,102,125,246,51,124,104,121,57,164,127,126,127,128,128,136,131,130,5,130,135,132,137,130,31,140,4,134,143,160,209,128,139,208,5,134,131,136,24,218,9,158,140,221,159,160,129,160,81,132,33,162,163,192,144,166,203,132,77,207,31,176,177,154,179,196,212,243,183,184,221,254,19,156,60,254,63,192,193,194,227,196,66,194,65,192,0,202,67,206,68,198,111,216,192,194,91,208,80,246,5,188,73,218,91,220,204,222,79,224,97,227,113,228,225,242,227,248,229,242,227,236,125,230,39,248,240,240,255,244,255,243,119,248,249,252,123,244,124,254,255,128,17,2,1,0,5,3,3,8,1,10,5,4,15,6,15,16,1,18,3,132,44,19,3,8,24,30,31,140,14,30,15,32,1,130,49,2,5,34,35,36,1,164,19,12,63,46,7,24,56,18,49,52,20,51,7,28,190,30,59,28,60,23,31,64,3,0,67,64,68,6,103,4,1,58,11,12,13,70,15,144,16,49,121,120,53,58,87,136,29,13,29,124,61,15,55,160,96,96,35,116,34,226,115,72,41,42,41,172,37,102,39,116,113,48,113,116,57,122,119,124,61,120,59,124,61,62,127,192,0,3,195,196,135,134,131,128,76,200,139,196,133,199,79,144,1,146,0,196,1,130,3,152,156,139,159,140,142,158,223,128,240,160,129,164,0,166,227,168,4,142,11,172,37,174,231,176,17,178,83,148,247,182,51,184,217,190,27,156,60,191,189,192,0,194,194,196,37,226,227,136,1,202,207,236,197,238,79,216,209,218,67,84,84,247,223,220,88,216,219,206,77,254,223,224,240,226,231,230,229,134,99,224,236,236,85,236,252,238,103,240,113,248,115,252,244,242,115,248,249,250,249,188,127,254,127,16,1,0,3,134,0,64,3,128,8,1,9,134,5,15,7,0,18,16,17,0,4,18,19,152,28,156,25,12,13,30,15,32,32,2,17,54,37,166,131,24,40,8,11,168,13,39,47,48,48,49,17,22,53,50,51,56,56,57,59,60,62,158,63,192,0,34,71,4,5,66,71,72,72,194,43,76,15,166,13,80,80,192,114,194,85,86,79,88,9,24,11,20,78,62,15,32,32,225,49,98,97,102,35,32,41,56,103,44,101,166,103,112,121,115,99,228,118,18,55,56,121,48,121,252,61,62,119,128,193,131,129,192,132,135,199,136,8,203,11,132,197,194,135,192,25,147,145,148,1,214,151,152,29,223,153,156,141,159,159,160,145,162,179,160,37,171,211,240,185,138,187,182,46,174,135,152,240,178,187,252,149,182,183,184,152,250,187,220,252,190,191,200,193,194,193,196,69,226,71,200,65,238,72,206,77,206,199,208,89,234,91,84,69,214,219,248,73,204,219,252,205,222,207,240,33,243,243,244,228,247,102,232,105,224,97,228,228,230,239,184,241,226,115,244,119,246,247,248,89,190,249,252,253,254,255,0,0,2,1,0,4,2,7,128,9,2,9,12,15,14,7,156,16,18,27,4,0,22,19,8,17,28,25,13,29,30,31]
CFO=9862.73244870579,STO=3
EsN0dB=11.12,GRXdB=40,N0=0.0007943282253108919
packet_number=102,correct=False,payload=[0,179,0,0,2,3,0,4,6,7,8,9,138,11,12,9,14,15,16,48,130,17,20,20,150,1,8,9,152,27,14,29,30,31,128,32,34,3,32,5,34,7,32,57,42,41,60,5,54,47,48,49,18,51,48,48,150,63,56,56,57,59,28,60,63,63,128,33,96,67,68,66,3,7,8,65,98,73,76,77,6,15,144,81,69,91,92,53,22,91,72,105,26,91,28,76,31,95,96,33,162,99,98,100,98,103,104,105,106,107,100,44,110,111,112,113,115,115,124,55,118,119,120,57,122,121,116,60,127,63,128,1,129,3,0,133,128,7,136,129,139,201,142,165,140,15,208,153,146,147,148,5,150,211,156,152,136,155,140,220,150,159,184,129,160,163,160,180,182,163,184,9,163,171,164,191,166,95,176,129,178,50,176,85,210,182,152,153,185,187,158,61,223,191,192,161,194,195,198,69,214,199,200,73,202,199,192,77,206,207,200,240,193,209,208,194,198,199,216,152,248,216,220,220,222,223,224,224,224,115,224,101,231,231,232,233,160,235,236,44,238,199,240,120,242,211,116,112,242,247,248,249,250,185,252,125,126,255,0,1,2,2,4,4,22,7,0,8,10,3,142,12,14,15,0,17,2,16,16,21,22,23,152,24,10,27,24,28,30,15,0,32,34,3,2,38,6,39,4,41,176,43,12,45,14,39,0,49,18,51,22,53,54,23,24,57,56,59,60,61,30,31,64,1,3,67,68,69,70,70,74,77,79,107,68,13,78,79,64,81,64,81,20,85,16,55,72,89,89,91,92,92,94,79,96,32,96,97,100,33,98,51,108,109,98,107,236,101,38,47,32,48,50,51,116,55,126,119,80,121,122,59,124,127,126,127,128,129,130,139,4,129,130,135,136,9,136,136,140,197,142,199,144,144,146,3,132,133,150,135,156,200,136,219,148,29,158,31,160,161,130,131,164,135,164,131,40,161,170,171,164,141,190,47,176,17,186,179,156,182,182,183,200,25,170,187,188,253,158,191,192,193,194,67,198,69,198,199,200,205,202,235,196,205,207,207,208,209,192,147,212,208,214,95,217,217,250,91,220,253,206,223,224,225,226,243,230,165,230,103,232,224,234,233,236,237,238,239,240,241,242,243,252,245,242,255,248,249,248,187,252,253,254,255,0,0,2,3,4,5,6,3,8,12,8,11,12,5,14,15,16,17,2,3,4,21,20,23,24,17,26,25,12,29,30,7,32,33,66,35,36,4,38,39,32,33,40,46,12,45,6,63,176,49,48,17,52,55,54,59,56,56,24,59,60,60,30,63,64,65,2,67,68,71,70,69,72,76,10,3,204,5,78,71,80,65,80,51,68,85,86,87,88,73,88,90,28,93,94,95,32,97,98,99,32,97,38,103,104,105,170,105,44,101,110,111,120,112,114,115,244,53,118,115,60,121,58,123,252,125,126,127,130,193,130,131,132,5,132,135,136,136,138,11,140,132,14,207,144,129,208,49,148,149,150,135,152,153,154,219,156,157,158,159,160,161,160,3,164,165,166,135,232,169,168,139,140,141,174,141,176,177,176,163,148,53,182,55,152,185,186,251,156,188,190,191,192,193,194,195,196,199,194,195,200,201,202,195,230,205,198,239,208,209,210,211,212,213,214,215,216,201,220,223,220,93,222,223,224,225,227,99,228,229,230,231,232,249,242,107,236,237,238,239,240,241,242,115,244,245,246,243,248,248,250,251,252,253,254,255,0,1,2,3,0,5,6,2,72,9,8,3,12,13,142,15,16,18,18,3,20,21,18,23,16,25,18,11,28,13]
CFO=6435.282810400769,STO=1
EsN0dB=11.02,GRXdB=40,N0=0.0007943282253108919
packet_number=103,correct=False,payload=[128,1,2,1,132,5,134,7,136,9,14,9,13,13,142,15,16,49,18,131,22,17,159,23,152,24,159,27,156,31,23,31,240,33,50,35,20,21,146,35,32,173,174,47,172,53,143,55,48,49,50,51,176,53,54,63,152,57,187,63,62,63,31,31,64,65,80,65,132,4,103,67,8,36,47,9,238,108,70,111,64,4,74,91,78,81,146,91,152,92,59,59,220,29,223,127,96,113,34,115,36,109,118,35,168,37,118,123,188,237,46,119,48,120,178,91,52,118,186,115,184,57,186,123,252,125,190,127,194,131,147,131,2,134,195,231,140,137,201,11,140,76,135,207,152,25,138,145,152,159,214,21,216,153,138,153,148,29,142,159,160,33,130,241,180,165,163,199,228,133,164,159,172,173,230,175,248,57,218,115,184,183,178,251,184,185,159,91,254,188,255,191,192,193,195,193,214,229,198,231,204,77,200,203,238,111,239,207,216,227,216,235,210,245,223,215,220,221,234,207,220,255,222,223,224,241,226,243,230,245,230,231,248,239,235,227,254,237,238,239,240,241,250,243,244,255,242,115,184,121,250,255,254,127,254,255,0,1,3,3,4,6,7,7,13,13,26,11,140,15,7,15,144,17,0,19,29,31,15,19,24,29,94,25,30,29,142,31,0,3,50,35,180,53,165,23,40,45,162,59,140,59,46,47,156,57,18,59,60,62,54,55,56,57,63,63,190,63,62,63,0,64,195,67,68,37,2,71,136,73,74,107,108,5,110,111,72,121,211,19,84,75,94,95,88,109,74,107,94,93,127,79,224,97,97,99,124,115,119,119,32,109,118,111,78,117,239,111,112,121,113,57,120,126,126,55,124,121,250,127,126,124,127,127,196,64,192,129,196,132,166,135,204,196,67,141,204,13,255,143,216,217,144,155,134,144,151,6,220,221,142,153,158,221,142,159,160,161,147,227,148,167,166,167,168,189,210,35,236,221,175,191,144,185,186,179,182,191,215,159,188,155,190,187,190,253,222,191,224,193,226,67,196,229,198,199,194,233,196,195,204,73,206,207,224,217,210,83,212,209,211,223,92,251,203,91,220,93,223,255,240,241,227,225,224,241,230,247,232,233,234,251,252,101,111,255,248,243,242,243,254,112,254,254,248,249,249,249,252,255,254,127,0,0,2,67,4,7,7,7,8,13,170,11,12,12,15,15,16,17,11,3,24,85,150,31,28,25,153,11,158,28,158,31,160,33,163,35,20,5,102,35,44,41,170,15,44,45,38,47,176,48,178,59,56,148,51,63,184,61,59,59,126,63,62,63,96,65,98,67,102,1,198,71,72,73,7,107,100,79,79,79,112,83,82,91,118,21,210,127,120,92,94,59,28,125,223,79,112,97,98,99,100,101,55,39,104,105,191,105,252,189,174,119,112,56,251,115,112,119,118,115,248,125,62,123,252,45,190,127,192,128,194,131,132,161,134,135,136,137,142,141,140,205,142,79,208,217,211,147,150,149,215,127,136,153,190,153,188,158,190,159,160,193,226,163,180,165,230,231,200,137,154,233,172,237,238,191,176,145,179,179,180,241,190,247,184,176,251,187,252,29,190,127,192,192,193,193,196,198,230,199,200,201,203,201,206,205,206,239,208,217,250,91,244,93,206,215,220,221,216,219,220,205,206,95,224,225,227,243,228,226,226,103,104,233,248,239,254,229,238,110,248,248,240,251,244,241,246,247,248,249,242,251,252,253,254,255,0,1,162,3,130,5,6,7,140,11,30,11,132,12,138,15,16,17,18,19,28,21,6,23,24,73,26,15,28,29,158,31]
CFO=6972.166984197467,STO=0
EsN0dB=11.09,GRXdB=40,N0=0.0007943282253108919
packet_number=104,correct=False,payload=[0,3,6,10,4,4,6,7,40,9,37,27,8,13,14,15,16,19,22,51,16,21,22,55,24,56,26,27,25,29,30,30,32,35,34,39,44,45,102,39,40,41,42,235,44,61,110,31,32,48,116,55,52,53,52,191,120,121,59,59,125,61,62,63,192,65,194,67,200,69,198,71,72,75,202,27,76,95,30,207,208,19,210,211,32,212,150,86,216,89,22,91,92,127,94,95,224,99,226,227,100,105,230,231,96,120,238,110,44,72,110,207,112,225,242,115,124,126,228,119,120,121,118,250,124,121,126,127,196,129,132,131,5,5,135,207,144,137,158,143,8,157,143,47,144,147,147,135,132,155,30,151,153,153,155,159,28,61,158,159,160,197,162,243,164,161,198,167,168,137,173,179,236,137,174,167,240,177,179,55,52,53,246,183,112,185,246,183,188,189,190,255,192,193,195,195,199,133,198,199,216,201,206,195,157,207,222,207,129,209,208,211,145,133,246,223,152,209,250,155,220,153,254,223,225,227,195,227,224,229,230,231,192,217,238,203,236,253,206,239,64,225,240,243,245,241,247,119,248,249,242,251,252,253,254,247,0,1,4,3,8,13,14,6,0,27,18,31,28,12,14,15,16,1,16,11,4,52,38,22,24,48,10,6,24,29,158,31,0,37,36,50,44,37,38,39,56,136,34,35,60,172,110,15,48,49,32,51,52,123,38,62,56,59,56,59,60,52,60,127,64,65,68,66,76,205,78,71,73,65,6,27,28,77,78,223,144,17,82,211,84,56,20,87,120,123,92,95,92,125,222,127,96,201,104,111,236,105,238,103,248,105,110,123,108,109,222,111,240,241,98,224,252,245,118,119,120,121,122,251,252,120,126,251,128,193,130,135,148,143,142,143,136,155,154,139,24,141,143,143,49,17,30,183,148,189,150,55,185,185,186,187,156,155,158,159,233,225,39,231,205,143,175,231,233,9,226,171,188,173,124,239,248,163,42,183,188,165,230,119,185,177,50,187,248,189,188,191,193,193,194,195,204,205,206,135,200,201,219,139,220,221,202,207,209,243,226,243,213,149,239,213,216,177,218,155,156,221,223,223,196,225,225,199,228,237,239,231,232,235,238,235,253,237,238,223,240,240,254,247,244,253,255,255,121,249,251,251,252,249,254,255,4,1,6,6,4,5,6,6,8,1,10,27,28,13,76,31,16,16,18,6,16,11,20,22,56,25,58,19,24,61,62,31,96,3,98,39,44,35,44,47,40,49,46,62,12,31,14,63,48,49,48,50,44,109,126,63,56,56,126,55,60,59,126,63,80,65,66,66,76,69,206,7,8,89,72,219,88,93,206,31,160,81,82,51,80,6,198,215,120,61,240,63,60,120,254,223,64,227,226,67,108,96,109,70,248,249,74,99,108,253,254,207,112,96,230,238,108,241,244,247,120,249,126,242,124,125,124,127,128,129,4,147,141,129,6,143,153,153,3,143,44,153,15,31,145,145,147,51,133,149,150,151,152,59,155,27,29,63,158,191,160,161,196,227,168,165,163,167,185,203,186,11,188,171,174,111,177,49,119,183,181,179,245,255,248,249,246,59,189,183,191,255,200,195,198,195,204,205,198,135,137,217,223,159,205,137,158,207,240,145,210,231,212,149,215,135,217,217,190,219,252,249,205,159,225,163,71,227,229,231,230,231,233,193,234,251,253,253,252,255,225,225,224,243,236,229,247,167,248,243,255,251,252,249,254,126,0,0,2,2,5,11,4,6,8,9,0,26,12,13,14,15,32,1,0,147,20,39,62,19,24,57,58,27,28,61,62,30]
CFO=6753.944811809022,STO=7
EsN0dB=11.09,GRXdB=40,N0=0.0007943282253108919
packet_number=105,correct=False,payload=[0,1,2,3,4,5,6,7,8,13,10,11,12,5,14,15,80,145,18,26,20,20,22,23,24,25,26,31,28,31,30,31,32,35,34,51,36,37,102,55,104,41,10,43,110,45,46,47,49,49,50,115,20,53,54,63,184,57,26,59,60,125,62,63,64,65,66,71,68,69,70,71,72,73,75,75,76,77,94,79,208,89,114,83,84,213,94,87,24,91,90,75,92,95,94,95,96,97,99,227,100,229,102,102,72,105,106,235,108,237,126,111,112,113,114,114,116,117,118,55,120,121,122,123,124,125,126,127,132,129,130,135,132,133,135,135,136,137,142,138,140,141,142,143,145,161,146,179,148,189,150,151,152,153,154,155,188,157,158,159,129,161,163,163,164,165,166,167,168,169,134,171,172,45,174,175,176,241,178,179,180,181,150,247,184,185,186,187,188,189,190,191,193,193,198,211,196,197,198,199,200,201,200,203,204,205,206,223,208,209,210,211,212,213,214,151,216,217,218,219,220,253,222,223,224,193,226,227,228,229,230,231,236,169,234,239,232,237,238,239,240,241,242,243,244,245,246,247,248,249,250,251,244,253,254,255,0,1,2,35,4,5,6,7,0,27,42,11,12,13,14,15,88,17,18,19,20,21,158,23,24,25,26,27,28,29,30,63,96,97,34,35,36,37,38,39,56,33,43,43,44,45,46,47,48,49,50,35,52,53,54,55,56,121,56,59,60,61,62,63,64,65,66,67,108,101,70,71,72,73,74,203,77,109,78,79,80,81,82,83,84,85,86,86,88,217,90,27,28,93,94,95,96,97,98,99,100,101,102,103,104,105,106,99,108,77,110,239,112,113,114,115,116,119,126,119,120,121,122,123,124,125,126,127,128,128,130,130,132,133,134,135,136,137,138,131,140,141,142,143,144,145,146,147,140,149,214,151,152,153,154,155,156,157,158,159,160,161,38,163,166,165,166,167,168,185,170,171,200,173,142,175,176,179,178,183,180,253,182,166,184,185,122,187,188,191,159,191,192,197,194,195,196,197,199,199,136,217,138,203,204,205,206,207,208,209,210,211,212,213,214,247,216,217,219,187,201,221,254,223,225,225,230,227,228,229,231,231,232,233,234,235,237,237,206,239,240,241,178,243,180,245,247,255,248,249,250,251,252,255,254,255,0,3,2,3,4,5,6,14,8,9,10,11,12,77,14,15,48,17,18,19,20,21,22,23,56,27,30,59,28,29,30,31,32,33,34,35,38,37,38,39,40,41,42,107,44,45,46,63,48,49,50,51,52,53,54,55,56,57,58,59,56,61,62,63,64,65,66,71,196,77,70,71,72,73,202,75,76,77,142,79,80,81,18,83,84,85,86,215,126,89,222,91,92,93,30,95,96,65,98,99,100,101,102,103,104,105,106,107,236,109,110,111,48,113,98,119,244,117,118,103,248,121,122,127,124,127,126,127,129,133,130,131,133,133,134,135,136,137,186,155,140,157,143,15,128,147,18,147,145,21,150,151,152,145,154,155,157,157,158,159,164,161,226,163,132,167,167,167,168,169,170,139,164,173,238,175,48,241,178,51,180,189,182,183,184,187,186,187,189,61,190,191,213,193,198,193,196,197,199,215,152,137,202,203,204,207,206,207,208,209,210,179,240,245,214,215,252,249,218,219,222,221,222,223,224,225,226,227,228,37,230,231,232,233,226,235,238,237,254,239,240,241,250,243,244,245,246,247,248,249,250,243,252,255,254,255,0,1,6,3,4,5,14,7,8,9,10,11,28,13,14,15,50,17,18,23,52,25,22,23,24,27,26,27,28,25,30,31]
CFO=6888.579223998589,STO=6
EsN0dB=10.05,GRXdB=40,N0=0.0010000000474974513
packet_number=106,correct=False,payload=[0,5,34,3,4,5,6,7,8,9,138,11,12,13,10,15,16,17,18,19,20,21,22,51,24,57,18,27,28,29,158,31,32,35,34,35,36,45,38,39,40,41,42,43,44,45,46,47,48,177,50,51,52,53,54,55,56,57,58,59,124,61,62,127,64,1,66,67,68,69,78,71,72,73,74,75,76,109,78,79,80,81,210,83,84,85,118,87,88,89,90,91,92,77,94,95,96,97,106,99,100,101,102,103,72,105,106,107,108,109,106,111,112,113,114,115,116,117,119,119,248,249,250,123,124,117,126,255,128,129,162,131,132,133,6,133,168,139,138,139,140,141,143,143,144,145,146,147,148,157,150,151,152,153,154,219,156,157,158,155,161,161,170,163,172,173,166,167,168,169,170,171,172,175,174,175,160,177,178,115,180,181,182,183,184,185,186,187,188,189,190,187,224,193,198,195,196,197,6,199,200,201,202,195,220,205,206,207,208,209,130,219,212,215,222,215,216,217,218,223,216,221,222,223,224,97,234,227,164,229,230,231,232,233,234,227,228,237,238,255,240,241,242,251,230,241,246,247,120,249,250,251,252,253,254,191,32,5,2,3,4,21,22,7,8,11,10,11,12,5,14,15,16,17,19,19,20,21,23,55,24,25,26,19,28,29,30,31,32,33,34,33,36,37,38,38,40,41,42,123,12,61,46,47,56,49,62,49,52,181,62,55,56,59,58,59,61,61,62,63,72,65,82,67,68,69,70,71,72,73,10,75,76,77,78,203,80,81,82,115,84,85,94,87,88,89,90,90,92,93,94,95,96,105,34,51,116,101,102,103,200,105,106,107,124,109,110,111,112,113,114,243,100,125,118,119,120,121,250,123,124,125,126,63,128,129,163,147,132,133,134,135,136,169,138,139,140,141,142,175,144,145,146,147,148,149,151,151,144,155,154,223,156,157,158,153,160,161,178,163,164,165,166,231,168,169,170,235,173,173,174,175,176,181,246,179,188,165,182,247,184,185,250,187,188,189,190,191,192,193,194,195,198,197,198,199,192,217,218,219,204,205,204,207,208,209,243,211,220,213,214,215,216,217,219,219,220,221,254,223,224,225,226,227,228,237,231,231,232,225,234,235,252,237,238,207,241,241,242,251,244,245,246,247,248,249,250,251,252,253,254,255,0,1,2,3,4,5,14,71,8,8,10,27,28,77,14,15,24,25,18,19,20,21,22,31,24,24,26,27,28,29,30,31,40,38,34,35,36,45,38,7,40,41,42,43,44,109,46,191,52,49,50,50,52,39,52,55,56,57,58,59,61,61,62,63,64,65,66,195,196,69,68,71,232,72,74,75,68,77,78,15,80,85,80,83,244,221,70,87,88,89,218,123,92,93,94,95,96,97,98,107,100,101,102,231,104,105,96,107,108,109,110,111,113,112,114,115,116,85,116,119,121,121,122,123,124,125,126,127,128,129,130,131,132,135,134,135,140,137,138,139,172,137,175,139,144,209,146,147,148,149,158,151,144,153,190,155,156,157,156,159,224,161,162,167,228,165,166,167,136,169,170,171,172,173,168,175,240,177,182,179,180,185,182,191,248,185,184,187,252,189,190,191,192,193,195,193,198,193,70,195,200,201,202,195,204,205,206,223,209,193,195,219,244,213,215,215,216,217,216,219,222,221,254,223,224,97,234,227,228,229,230,231,232,233,234,255,108,237,238,239,240,243,114,243,244,245,246,247,248,249,250,251,252,253,252,255,0,1,2,3,132,5,38,135,8,9,10,11,12,12,14,15,24,17,26,19,52,21,38,29,24,25,27,27,28,61,62,31]
CFO=8025.24080724311,STO=5
EsN0dB=10.24,GRXdB=40,N0=0.0010000000474974513
packet_number=107,correct=False,payload=[64,1,2,7,4,1,14,71,8,12,74,11,12,13,14,15,16,17,18,19,52,20,150,95,24,25,26,26,28,29,28,31,32,1,2,35,36,37,70,38,56,33,122,106,44,44,62,47,48,49,50,35,52,53,54,55,61,57,122,63,60,61,62,63,64,65,66,66,76,69,68,7,8,73,74,75,76,9,14,77,208,80,18,87,84,85,214,79,208,17,75,95,92,93,92,95,96,73,98,99,96,101,110,71,232,203,106,239,108,125,108,127,112,113,115,115,116,101,118,119,120,123,248,127,124,125,126,111,0,129,132,131,4,133,135,135,200,1,14,131,204,141,14,159,1,145,146,147,149,149,150,151,24,25,154,155,156,29,159,159,224,97,162,162,164,37,174,167,152,233,185,163,140,173,238,175,176,241,163,183,180,181,182,183,184,57,178,187,60,189,190,191,192,193,196,195,224,197,198,205,200,201,202,139,204,207,222,143,240,217,214,211,196,149,214,215,152,217,222,155,212,221,222,215,224,225,202,199,236,231,230,199,232,249,202,226,204,237,238,239,224,241,234,241,246,229,246,247,249,251,250,251,221,253,254,250,0,1,2,11,4,5,7,7,8,9,18,11,12,13,14,15,16,17,18,3,28,37,14,23,24,25,26,31,28,29,20,31,34,33,34,35,36,101,38,39,40,8,42,11,44,57,12,47,48,115,50,35,56,53,54,63,56,57,58,59,60,61,62,63,64,65,66,66,64,65,78,71,72,80,206,75,216,77,94,31,112,81,16,82,212,69,126,87,80,88,90,19,124,93,94,95,96,97,98,99,100,37,110,110,96,121,202,107,108,77,110,174,240,113,118,115,244,117,116,247,248,123,122,123,252,253,126,95,128,129,130,131,140,133,135,135,128,5,154,139,136,141,140,143,16,145,146,147,148,157,150,151,168,147,154,187,156,153,190,159,160,177,160,39,164,165,166,167,160,41,138,139,60,173,46,235,176,241,34,162,180,49,182,183,40,59,186,63,188,253,60,191,193,193,194,139,192,201,198,199,200,203,234,219,220,221,206,207,196,209,214,211,212,193,94,215,217,216,214,219,220,217,222,223,224,161,106,227,228,233,100,231,200,169,235,203,168,237,110,239,240,241,242,243,244,245,166,255,240,251,250,115,252,249,246,255,0,1,2,3,4,5,2,7,142,11,8,15,12,14,14,14,16,17,80,23,20,55,22,30,56,25,30,62,24,25,30,31,32,97,32,34,4,38,70,39,104,57,10,2,124,44,46,111,16,33,48,51,36,45,54,183,56,121,58,58,60,53,126,61,64,65,66,67,68,68,198,71,200,9,202,75,204,93,78,207,80,65,83,211,84,197,86,215,88,112,90,91,220,157,94,94,96,99,66,67,100,69,70,71,64,193,104,243,76,121,110,111,112,241,246,243,240,117,118,247,120,121,124,123,120,255,126,127,0,129,130,131,133,7,135,167,129,137,138,7,140,143,142,143,146,145,133,147,148,141,148,135,152,153,219,155,152,157,158,159,160,163,162,225,164,5,167,167,248,169,250,135,188,173,126,167,176,179,179,179,52,249,246,151,176,185,62,59,252,253,60,191,128,193,194,131,196,141,196,199,200,201,194,203,204,205,206,207,144,209,243,247,212,211,154,215,209,219,221,151,220,217,255,159,192,225,226,227,228,229,205,231,232,233,206,235,204,253,238,239,248,113,242,247,237,241,245,247,248,251,248,235,252,253,238,254,0,0,14,3,4,15,6,6,16,24,12,11,12,13,14,31,16,17,18,18,20,5,22,23,24,40,58,26,28,31,30,31]
CFO=8552.200336720825,STO=0
EsN0dB=9.89,GRXdB=40,N0=0.0010000000474974513
packet_number=108,correct=False,payload=[0,1,2,2,0,0,2,7,8,5,8,9,12,5,134,135,144,1,19,19,6,29,7,23,12,28,26,31,28,29,158,15,32,33,32,35,52,21,38,35,8,9,166,41,44,5,14,47,48,49,58,51,52,37,22,55,56,57,58,63,188,29,30,63,64,33,66,67,70,66,210,71,104,96,79,75,204,13,198,15,88,25,210,65,92,93,82,23,136,25,218,89,28,127,86,79,96,97,225,97,36,103,38,96,236,109,234,123,108,108,238,101,112,48,114,51,52,117,246,119,112,57,57,123,60,127,62,127,128,129,130,145,132,133,134,135,136,233,202,137,134,141,135,143,210,208,210,145,148,146,134,151,216,153,10,155,156,139,142,159,160,164,131,227,164,101,162,130,168,32,170,171,140,45,238,47,176,177,112,163,181,157,118,155,184,168,170,255,188,189,158,255,192,193,194,195,228,229,198,103,200,209,202,203,204,236,206,143,208,225,90,115,208,181,222,95,152,104,202,223,252,93,126,213,224,225,225,225,228,245,230,119,104,237,246,235,103,44,239,239,248,241,240,243,222,244,246,211,248,248,218,123,254,254,238,63,0,1,2,3,0,5,6,7,136,8,6,15,12,133,10,15,16,81,24,51,30,21,2,15,16,25,152,27,30,29,30,31,32,32,50,35,36,39,34,39,34,45,42,11,60,45,46,15,48,49,50,51,20,157,178,47,252,56,186,51,60,60,190,63,64,65,64,67,6,101,198,71,72,105,10,75,12,109,134,71,80,113,211,81,84,67,82,71,120,73,90,95,76,93,79,95,224,96,98,115,0,37,230,107,104,105,107,123,100,69,126,46,240,121,58,51,52,101,118,127,120,121,126,59,124,125,126,127,132,193,130,131,140,132,199,135,152,200,136,139,140,140,142,143,144,145,194,147,148,21,151,215,152,137,155,155,156,156,158,159,160,129,162,35,128,33,162,163,168,173,168,187,172,172,142,79,176,129,178,147,180,221,182,51,184,181,218,187,188,253,158,191,194,64,198,199,196,197,198,227,200,200,203,203,200,205,239,207,208,209,211,211,212,212,214,197,232,89,250,251,196,220,222,223,224,224,224,227,228,225,226,231,232,197,226,233,236,237,238,111,241,240,250,227,244,241,214,247,248,185,248,59,252,253,254,255,0,1,2,3,2,4,6,5,24,9,8,3,12,13,14,15,16,17,18,19,20,0,31,15,24,29,24,27,156,92,14,95,0,1,33,35,44,53,38,39,41,1,42,10,12,45,111,47,56,48,50,51,182,53,182,55,120,57,56,31,60,29,63,63,64,65,64,202,68,1,102,71,76,72,76,0,76,77,110,71,80,81,2,83,84,85,127,87,104,89,90,91,92,93,158,95,112,33,98,99,116,4,118,103,104,41,104,43,108,100,110,111,112,113,50,115,244,61,118,103,252,57,58,123,124,125,110,127,130,129,131,131,132,133,134,135,136,1,138,129,142,13,206,15,128,129,146,147,132,23,150,19,136,185,28,27,156,157,191,223,160,161,160,163,162,164,167,167,152,169,170,139,204,173,174,175,176,177,210,179,188,49,182,183,184,153,186,57,252,253,190,63,192,193,194,195,196,197,198,195,204,201,202,193,206,205,206,203,192,208,242,211,212,209,246,113,216,233,216,219,218,221,222,221,241,241,226,163,100,244,230,226,232,232,234,235,236,229,238,239,240,241,251,249,242,247,247,247,248,213,234,123,252,253,252,127,0,1,7,3,4,129,134,7,14,9,30,11,12,13,14,11,80,17,16,17,4,21,6,31,8,13,24,27,30,31,30,31]
CFO=7444.8312529605055,STO=6
EsN0dB=10.05,GRXdB=40,N0=0.0010000000474974513
packet_number=109,correct=False,payload=[16,1,2,1,4,5,6,46,8,25,26,11,12,15,28,15,17,19,19,23,28,21,54,30,20,25,24,27,28,61,30,31,32,33,34,35,4,37,39,46,64,41,42,43,60,61,46,47,48,179,54,59,36,53,54,55,56,57,62,59,60,61,126,63,65,193,64,211,68,69,102,71,72,75,218,11,76,77,204,79,80,81,82,215,29,113,86,87,88,25,218,219,92,126,94,159,96,65,98,99,236,101,230,103,96,107,226,75,248,237,122,111,96,113,114,115,116,117,118,118,120,113,250,122,252,127,110,127,128,129,130,135,164,133,130,135,137,133,138,139,140,29,142,143,145,145,146,147,182,149,147,151,152,189,142,155,156,253,190,191,0,161,162,163,229,37,166,39,8,234,170,170,188,189,174,175,176,177,178,147,180,183,182,191,248,57,158,187,252,181,190,191,192,225,196,195,197,197,207,199,200,137,202,195,204,141,206,223,240,193,22,211,197,149,215,151,248,249,218,211,220,221,223,223,232,225,227,227,224,229,227,239,168,249,234,235,252,237,239,239,240,243,240,243,252,243,230,247,248,249,250,243,253,253,254,255,0,133,14,3,4,5,6,7,136,1,6,11,8,8,14,15,16,17,50,23,20,23,30,7,24,27,27,26,28,61,30,31,96,33,34,34,100,39,102,39,48,24,42,47,44,45,46,47,48,49,178,51,44,53,54,63,120,57,62,59,60,127,62,63,64,65,72,67,68,76,70,78,88,9,94,195,76,205,78,86,82,65,86,85,82,212,118,70,208,121,90,31,88,89,94,127,96,99,96,99,228,103,102,103,232,233,218,107,236,108,46,111,112,113,98,115,100,121,118,119,248,112,122,123,56,127,124,127,0,129,131,3,136,133,164,7,136,129,14,131,140,13,140,143,128,145,150,151,180,149,182,151,24,153,26,219,28,153,158,159,129,161,182,163,164,167,175,39,168,169,42,171,168,175,46,173,176,183,226,179,180,177,54,183,184,249,178,187,56,189,254,255,128,195,194,195,236,205,198,199,136,201,218,203,213,223,222,207,64,209,242,211,181,93,222,215,248,217,222,251,220,221,222,223,196,227,194,195,237,244,227,231,200,249,234,201,220,233,238,239,241,213,240,243,240,253,247,247,240,251,248,251,252,255,252,255,0,1,2,3,196,1,6,6,24,1,10,15,12,13,46,14,96,17,2,19,5,22,22,23,24,159,58,27,56,29,30,63,32,163,38,35,36,33,46,39,40,41,42,43,44,45,44,62,16,49,34,51,52,55,54,55,40,177,186,57,56,61,42,63,64,67,78,70,197,95,78,70,10,73,78,75,77,93,78,79,208,81,84,83,213,85,6,38,88,113,121,19,92,220,126,254,96,101,98,98,100,233,78,103,248,106,104,107,76,105,110,111,240,97,114,114,116,124,246,118,120,123,250,113,124,125,124,251,0,1,3,131,5,135,70,135,153,137,186,143,136,141,140,143,144,49,158,151,149,181,150,135,24,145,186,155,189,29,62,159,160,227,160,227,161,172,39,199,177,233,171,163,205,141,62,175,176,176,176,183,164,55,180,63,57,185,170,59,189,189,190,191,192,193,196,195,197,199,231,199,137,137,206,139,236,207,206,175,240,211,211,35,212,221,182,215,185,217,218,219,156,217,222,223,196,227,226,227,224,197,198,231,232,233,219,251,254,205,223,231,244,251,242,243,244,253,246,247,241,251,242,235,252,253,254,255,0,0,4,3,4,13,12,7,26,11,11,11,12,14,10,10,16,16,18,55,20,31,54,55,56,27,26,26,28,189,30,31]
CFO=9063.559524406755,STO=4
EsN0dB=10.04,GRXdB=40,N0=0.0010000000474974513
packet_number=110,correct=False,payload=[64,65,2,3,4,133,6,7,8,9,10,11,12,13,14,15,16,145,18,19,4,21,22,23,24,27,30,27,12,13,30,23,32,163,2,35,36,37,38,35,40,41,42,42,44,45,110,47,48,33,2,50,52,53,38,55,56,57,58,59,60,45,62,59,81,65,194,195,68,4,78,71,88,73,74,74,76,93,78,78,80,81,18,83,84,85,86,87,120,120,90,75,92,29,214,95,96,65,98,98,100,101,70,103,104,105,66,107,108,109,110,103,112,241,114,99,116,117,116,103,56,121,122,123,124,121,252,127,192,137,130,131,132,133,134,135,8,137,139,203,12,129,142,143,144,145,146,19,148,145,22,151,152,153,154,27,156,157,222,159,160,129,162,35,164,161,167,167,169,9,138,168,172,173,172,175,240,177,178,183,180,53,166,183,184,57,186,187,188,173,190,183,192,193,194,195,196,197,214,199,200,201,138,201,200,205,206,207,144,208,210,211,212,213,254,214,216,217,218,219,220,221,206,219,224,161,226,227,164,229,229,167,233,203,234,235,236,205,238,239,240,241,242,243,244,247,246,119,233,113,250,251,232,253,254,255,0,1,2,3,4,1,6,7,8,9,10,11,12,12,12,7,16,17,18,23,20,53,22,23,8,17,26,27,28,31,30,31,32,33,34,35,36,36,102,47,40,41,42,43,108,61,46,111,48,49,50,51,52,53,118,55,56,57,58,59,60,61,62,63,64,65,64,67,68,4,4,71,72,73,98,75,76,77,78,15,80,145,80,83,20,85,86,211,88,25,218,91,92,125,92,95,96,97,98,99,101,101,102,103,104,105,106,107,44,109,110,111,240,113,98,35,116,117,118,247,121,209,122,243,124,113,126,127,128,129,128,131,4,133,134,135,169,129,10,11,140,141,142,175,144,145,146,147,148,145,150,151,152,153,154,153,148,157,158,159,160,161,130,163,166,165,230,167,168,173,170,171,172,173,174,175,176,49,178,163,188,181,174,183,184,185,251,187,189,61,190,191,208,193,194,195,133,197,198,199,152,201,202,207,76,221,206,207,144,209,210,211,196,213,86,215,216,217,218,219,220,221,158,95,224,225,226,227,228,232,230,231,232,233,234,249,236,253,236,239,240,53,242,243,244,253,244,246,248,249,186,187,252,237,254,254,64,1,2,3,4,4,6,7,8,41,10,11,14,13,14,15,48,17,146,83,20,17,22,23,24,24,26,31,84,29,30,31,0,33,34,35,36,53,38,39,32,41,42,43,44,45,46,47,48,33,54,35,52,53,54,55,56,25,58,59,60,124,62,63,64,65,210,99,68,69,71,71,72,73,66,67,72,77,78,95,80,1,82,19,84,69,214,87,24,89,26,83,92,91,30,91,97,97,98,3,64,101,98,99,120,105,106,167,108,109,110,111,112,115,114,115,116,117,118,119,120,113,120,91,124,125,124,119,128,1,130,131,132,5,135,135,136,136,174,139,152,141,142,143,52,144,18,147,180,245,22,129,8,153,138,155,157,157,30,159,160,3,163,163,36,165,166,167,168,173,170,151,172,173,174,175,136,177,178,179,180,53,182,183,184,185,186,179,188,249,191,191,192,193,202,195,196,197,198,199,136,201,218,203,205,193,206,207,208,193,210,211,212,213,196,215,216,217,250,211,220,221,222,215,228,225,234,227,228,229,228,231,168,233,250,107,233,237,238,239,240,241,246,187,244,245,254,103,233,177,250,251,252,249,254,253,0,0,6,3,20,4,6,6,40,8,10,11,12,13,10,15,16,17,18,7,28,22,22,7,56,25,26,19,60,29,28,31]
CFO=9616.29922345173,STO=1
EsN0dB=10.06,GRXdB=40,N0=0.0010000000474974513
packet_number=111,correct=False,payload=[0,0,32,48,32,0,112,56,192,224,0,112,192,152,192,120,33,16,0,57,193,64,240,113,1,193,161,153,96,192,241,227,3,18,1,50,64,90,99,112,72,146,195,18,194,98,225,243,131,130,1,51,131,97,99,59,129,153,193,211,193,193,225,244,2,14,40,24,4,70,100,48,6,208,160,16,96,206,244,116,163,4,0,183,5,61,241,115,192,192,165,241,224,192,244,254,130,5,54,54,134,50,102,114,66,22,3,210,198,218,226,243,7,3,7,59,39,53,195,178,143,151,179,251,195,251,231,188,2,28,16,56,76,24,48,40,72,12,152,56,68,252,252,236,0,157,17,152,2,165,160,152,132,152,128,156,200,233,228,248,0,29,57,8,38,30,32,121,136,14,146,188,202,67,244,251,11,139,51,61,75,59,119,57,193,157,171,29,225,219,203,254,4,12,28,46,70,92,102,124,206,28,140,60,76,214,228,126,4,140,44,61,237,253,37,61,173,142,197,222,207,222,229,255,15,12,42,62,103,62,54,63,135,158,246,95,204,62,231,127,15,31,143,191,47,239,45,127,199,158,253,223,195,253,229,240,0,18,0,52,0,0,96,112,0,144,48,16,64,80,224,113,1,1,16,176,1,49,32,176,129,192,128,241,64,193,225,114,0,2,64,49,2,2,33,50,1,64,210,240,99,96,160,243,131,19,3,179,131,49,99,243,193,137,129,146,193,194,227,244,4,8,4,52,34,20,32,112,196,16,146,176,238,132,228,116,4,132,4,16,99,76,96,48,129,147,197,176,230,248,225,242,2,18,3,58,103,66,38,51,134,159,19,146,195,226,102,209,7,19,167,43,103,87,35,119,147,3,147,119,227,215,227,248,8,20,12,28,76,8,40,124,194,12,184,28,200,88,105,125,1,29,24,25,65,73,77,56,197,152,184,157,193,157,232,250,11,10,57,42,78,65,44,122,8,154,10,121,207,222,106,249,37,31,175,181,71,139,123,63,193,152,137,189,203,231,251,188,14,12,44,62,108,94,126,124,4,28,28,28,196,14,100,95,4,140,236,61,207,93,253,252,134,156,157,220,77,223,196,254,7,14,22,46,14,94,62,126,143,12,14,190,103,206,102,47,15,31,7,190,79,95,103,255,143,217,135,223,207,207,239,240,0,0,0,184,0,48,32,56,0,144,128,176,64,64,100,225,1,16,129,25,32,48,32,97,129,144,129,176,192,193,241,242,0,27,16,25,3,74,114,112,194,154,66,26,65,210,226,243,3,19,163,145,195,249,115,115,195,3,145,17,195,209,225,210,4,20,38,22,68,84,100,120,192,132,182,148,64,117,96,245,129,21,4,24,1,32,224,53,128,151,164,153,193,240,230,242,6,6,6,31,67,30,38,62,67,211,34,119,66,194,246,231,135,135,39,55,35,19,119,55,195,134,167,147,199,194,101,248,76,0,0,184,0,57,234,56,8,152,128,248,192,216,236,120,12,153,157,17,9,144,233,120,137,153,41,189,204,221,224,202,2,15,40,24,2,27,41,62,66,92,8,154,203,234,104,249,15,25,1,27,79,207,99,63,131,203,169,153,195,233,235,252,5,28,108,60,76,12,108,124,142,220,172,252,204,70,244,254,148,13,39,60,198,141,45,110,141,221,189,125,197,205,165,126,14,14,14,62,15,30,111,254,78,142,46,54,68,222,239,127,15,143,7,63,103,95,63,63,135,159,239,239,199,223,175,176,0,16,32,48,64,88,96,32,128,144,0,144,192,192,96,240,1,17,176,144,0,33,96,48,129,145,161,147,193,209,96,241]
CFO=2011.9944370200435,STO=2
EsN0dB=nan,GRXdB=40,N0=0.0010000000474974513
packet_number=112,correct=False,payload=[104,114,179,25,5,27,3,36,215,163,26,23,60,4,38,67,47,37,117,142,243,8,30,231,57,91,216,116,105,124,141,120,162,148,180,224,188,155,213,15,90,51,118,245,36,121,227,167,41,113,85,71,28,229,89,68,208,232,22,111,162,55,126,65,238,51,39,153,181,79,42,66,15,233,62,125,25,41,162,25,52,63,41,72,73,254,33,111,123,165,73,76,83,195,233,47,25,192,67,206,15,247,151,82,59,77,93,123,202,190,24,29,107,15,219,232,238,191,182,72,105,35,101,166,85,103,68,97,225,160,142,181,163,45,242,176,164,169,218,241,11,26,31,144,44,236,137,45,25,9,85,98,144,61,94,97,68,241,196,23,237,5,13,226,177,221,54,148,16,68,58,131,58,25,44,136,67,175,175,60,116,207,119,221,101,120,179,255,124,199,152,240,184,45,162,169,111,139,52,136,70,193,87,36,200,251,157,100,28,154,5,122,54,132,171,197,165,39,86,222,246,120,146,87,6,77,129,195,64,128,240,27,80,247,200,238,166,55,89,133,152,237,134,96,237,32,171,86,131,25,252,146,100,251,64,87,40,207,94,33,71,49,243,35,125,108,250,200,90,137,247,9,52,185,182,135,70,147,177,42,28,42,207,84,179,194,35,105,166,98,161,126,87,217,165,137,145,34,0,111,68,151,90,168,234,33,26,60,136,215,231,246,116,120,19,89,185,79,155,92,118,190,146,114,175,29,58,94,188,198,155,112,223,183,235,239,166,122,119,138,62,114,47,136,75,59,107,35,195,98,175,117,18,155,210,203,143,80,209,202,115,220,16,248,41,66,37,104,40,51,119,211,14,168,58,54,143,217,190,226,199,64,108,217,66,92,147,59,70,0,12,123,32,224,249,30,151,187,163,36,211,8,192,239,67,122,253,102,183,246,130,88,243,191,107,82,78,175,68,117,107,42,2,36,85,159,35,55,222,39,31,109,70,155,174,252,194,120,59,243,118,253,139,107,149,208,101,94,208,201,253,2,31,244,57,27,4,183,251,7,44,208,212,194,82,188,101,231,235,180,106,181,123,201,82,61,27,96,176,0,196,95,47,108,178,241,200,190,59,184,232,190,25,218,250,35,176,7,235,157,49,193,182,246,142,96,133,226,102,111,65,186,198,14,242,198,189,187,181,63,202,90,236,203,115,44,83,41,249,151,226,101,34,150,97,30,243,214,24,143,89,238,104,61,15,161,3,171,126,173,211,139,167,159,195,31,123,251,47,47,74,35,24,143,217,177,251,54,143,17,59,152,9,80,179,235,109,246,215,83,66,73,92,17,118,64,33,167,36,41,143,151,250,182,65,118,6,250,37,66,7,154,114,81,136,9,25,178,8,89,10,104,196,107,211,76,147,184,157,189,209,85,107,156,98,10,237,193,195,201,159,224,237,159,113,185,113,168,41,25,202,123,154,164,187,184,189,59,180,36,78,90,5,182,98,56,16,236,0,229,28,166,180,185,51,109,159,247,199,130,215,246,233,110,149,142,17,89,37,107,175,91,251,195,24,147,242,95,33,41,152,111,238,127,46,209,104,69,153,240,46,6,8,109,235,211,152,146,129,185,168,80,27,214,59,69,222,167,29,126,220,59,92,3,153,28,71,156,68,213,223,44,180,186,97,82,104,250,239,95,183,40,161,224,69,254,230,25,181,71,212,212,87,9,27,53,122,151,8,128,1,113,166,115,55,121,83,220,194,249,64,173,164,223,150,109,209,186,150,116,103,67,242,193,133,125,69,214,155,211,203,201,170,11,217,30,199,78,25,247]
CFO=8145.0195579879,STO=6
EsN0dB=10.03,GRXdB=40,N0=0.0010000000474974513
packet_number=113,correct=False,payload=[244,105,122,252,0,4,8,28,16,20,25,28,32,36,40,44,56,52,57,60,68,68,200,77,80,86,88,88,96,228,104,108,114,116,120,124,128,132,128,140,144,148,152,157,184,164,168,172,178,180,186,188,192,196,200,204,208,212,216,220,224,228,232,236,240,252,248,253,65,5,9,53,17,5,25,13,33,37,41,45,49,53,57,61,97,69,201,69,81,21,89,93,113,109,97,45,113,117,121,125,129,133,137,141,145,21,153,157,161,165,169,173,179,181,249,188,193,197,201,77,81,213,217,220,225,229,233,236,241,245,249,254,2,14,10,14,3,22,26,30,34,38,42,46,50,54,56,62,70,70,74,78,82,22,90,94,98,102,106,108,98,114,122,110,130,134,154,142,152,150,154,158,162,166,170,174,178,180,170,190,130,206,200,206,210,214,218,222,226,166,234,110,242,245,250,191,67,7,11,15,19,55,27,31,35,38,43,39,59,55,43,63,195,71,75,77,83,23,91,94,99,103,105,102,115,119,123,119,131,143,139,143,147,151,155,159,167,39,171,175,179,183,187,63,195,199,203,207,211,215,219,223,225,231,251,239,243,247,219,252,0,4,8,12,16,20,24,20,32,36,40,44,48,52,56,108,64,68,72,76,80,84,88,92,96,100,104,100,112,116,120,124,128,132,136,140,144,148,152,20,160,164,232,172,176,180,184,188,192,196,200,204,216,212,216,220,192,228,232,236,224,244,248,253,1,5,9,13,25,21,25,29,33,37,105,45,113,49,57,61,1,69,201,77,80,85,89,93,97,101,105,109,225,101,121,125,129,133,129,141,145,149,153,156,161,164,233,173,177,181,185,191,193,199,201,205,209,213,89,221,225,229,233,237,241,244,249,254,2,6,10,14,18,22,26,30,2,38,42,46,50,54,58,62,66,70,72,78,82,86,90,94,98,102,106,110,118,118,122,126,135,6,138,142,146,182,154,154,162,166,170,174,178,178,154,188,194,198,202,206,210,198,218,222,226,230,170,238,242,254,250,255,3,7,11,15,18,23,27,31,35,39,35,47,51,53,59,63,67,199,91,79,65,199,91,91,67,103,107,110,115,119,123,127,135,135,10,143,147,151,155,159,163,167,171,175,179,55,187,189,195,199,203,207,211,215,219,223,227,231,239,239,243,247,251,252,0,4,56,76,16,4,24,30,160,100,40,188,48,48,56,60,64,68,72,76,80,84,88,93,64,228,72,108,112,116,120,108,128,133,136,140,144,148,157,28,160,164,168,172,176,149,184,190,200,196,232,204,240,212,216,220,224,228,232,236,240,244,248,249,1,5,9,13,17,49,25,29,33,37,41,45,49,53,56,61,65,69,73,77,81,85,81,93,65,117,105,109,113,117,125,125,129,133,137,141,145,149,153,157,161,167,169,173,177,181,185,189,193,197,201,205,209,213,217,221,201,229,233,237,241,245,249,254,2,6,8,14,18,30,26,30,34,166,10,46,50,54,58,62,66,79,74,78,82,70,90,94,106,102,106,106,48,118,122,126,130,130,138,142,146,214,154,158,162,167,170,174,178,182,178,190,194,198,202,206,210,212,218,222,226,228,234,238,242,228,250,247,3,7,43,15,19,23,27,31,35,39,43,175,51,55,59,63,195,7,75,79,83,87,91,223,97,103,107,111,115,119,219,127,131,151,139,143,147,151,155,159,163,167,171,175,179,183,179,190,195,199,79,207,211,247,219,223,227,103,235,239,243,247,255,252,64,4,8,13,16,20,24,92,32,44,40,44,48,36,56,60,96,70,73,76,80,116,88,92,96,100,88,108]
CFO=3260.183048718332,STO=2
EsN0dB=-13.38,GRXdB=40,N0=0.0010000000474974513
packet_number=114,correct=False,payload=[120,223,14,23,57,24,83,201,249,118,9,22,51,18,57,139,247,120,53,128,59,69,0,170,133,124,231,200,49,180,110,34,249,142,150,146,76,47,66,131,71,173,167,62,62,151,141,212,139,112,15,13,112,43,214,151,57,197,93,83,34,27,94,208,34,103,237,226,224,132,207,160,195,162,62,218,44,117,242,102,228,47,178,220,32,7,252,204,242,182,52,82,235,26,246,77,123,62,239,19,76,162,129,249,170,77,50,143,147,2,67,5,234,153,35,187,8,158,166,174,189,78,119,143,56,170,167,136,19,207,178,148,182,22,117,130,136,167,30,216,229,24,195,183,138,254,212,76,60,81,153,200,115,187,218,4,165,185,6,138,52,95,166,40,12,108,179,83,251,7,146,147,111,99,208,241,149,135,93,32,159,172,151,53,203,129,178,96,199,101,130,102,204,58,194,118,81,243,58,220,160,91,138,174,254,240,99,170,244,107,167,49,28,231,135,12,128,161,25,231,242,227,133,74,229,130,160,72,50,189,114,184,173,74,63,222,45,215,16,103,111,113,126,148,197,153,10,248,251,29,247,129,67,155,38,49,101,236,108,223,171,83,70,25,50,179,149,247,213,188,50,120,126,179,108,106,184,72,119,109,200,18,25,32,157,40,76,250,99,179,146,233,25,71,99,197,107,55,245,151,103,54,186,179,186,153,147,82,63,172,177,142,55,255,62,74,176,244,190,204,241,137,100,147,190,192,252,213,159,175,39,213,248,175,29,241,255,201,67,204,72,50,198,155,127,122,106,36,19,10,44,52,16,102,38,84,49,136,30,182,157,191,242,187,87,27,46,164,60,241,233,215,207,7,56,41,153,117,96,94,103,195,248,144,147,94,116,166,48,240,150,19,0,132,204,54,43,80,224,162,114,215,157,164,228,60,126,255,61,69,236,117,124,90,29,163,16,218,157,140,152,39,192,229,229,135,126,172,33,109,127,27,41,101,13,69,173,13,14,132,163,212,105,81,153,107,21,65,221,166,250,106,124,27,195,10,180,13,138,170,205,95,133,151,148,165,123,54,50,74,73,195,69,224,229,75,12,52,43,85,130,156,31,69,5,24,183,2,27,236,175,147,248,113,227,248,115,36,186,173,39,75,147,139,145,224,57,175,57,195,96,80,253,213,209,122,253,170,64,108,124,59,247,183,249,194,197,255,169,71,49,14,130,243,74,1,3,211,175,115,227,62,177,109,125,52,63,222,91,165,184,26,173,149,148,152,132,229,151,254,174,255,125,206,196,114,39,210,206,3,153,6,247,233,149,0,36,118,61,167,158,156,237,119,235,132,200,186,54,230,250,193,21,26,89,186,161,229,234,216,32,50,109,88,149,170,47,148,204,139,187,33,174,139,51,225,250,9,88,209,202,209,161,174,114,24,164,182,220,197,250,199,139,134,34,166,242,46,51,29,148,177,119,200,7,10,135,85,122,165,23,60,22,179,38,23,102,163,189,83,114,217,128,45,84,46,217,250,160,25,193,199,210,182,152,101,231,175,94,116,16,114,193,133,139,169,171,103,160,241,200,149,240,206,227,145,83,184,197,173,151,198,207,160,58,207,85,190,162,182,41,92,170,39,149,74,50,41,174,134,13,48,9,183,118,63,160,129,205,24,26,24,89,82,145,175,7,60,224,70,2,46,94,53,150,169,71,7,72,93,198,87,114,122,250,5,106,192,83,239,195,108,237,251,150,109,127,176,140,204,241,203,251,253,33,83,119,245,242,146,223,115,127,206,53,67,234,157,180,185,84,45,189,163,237,101,19,73,109,146]
CFO=452.4670377193073,STO=5
EsN0dB=nan,GRXdB=40,N0=0.0010000000474974513
packet_number=115,correct=False,payload=[52,15,48,108,93,192,234,140,114,208,145,38,126,141,64,35,48,231,95,108,158,129,51,94,71,8,210,98,98,169,17,71,213,77,138,104,58,227,21,191,153,93,84,136,225,91,177,195,238,210,83,206,169,145,241,162,86,62,92,106,78,171,186,43,24,82,191,131,3,157,119,207,96,81,57,224,103,212,8,228,228,74,144,108,227,5,124,135,147,47,62,102,90,36,245,139,39,47,198,224,254,189,167,73,248,38,235,51,145,59,80,177,201,5,180,101,41,32,77,203,207,74,58,98,203,246,53,194,137,119,85,125,212,24,52,135,223,57,91,179,86,47,12,224,26,57,14,79,198,178,197,139,44,88,60,89,67,245,5,220,44,111,36,123,164,100,231,194,122,154,37,92,148,169,10,228,145,77,255,232,253,236,79,58,165,49,234,171,124,182,176,55,38,69,62,212,189,49,203,247,49,125,4,54,63,141,134,244,232,3,149,9,135,13,152,145,234,251,123,16,127,125,21,105,137,19,12,223,127,188,40,144,57,74,214,50,242,115,241,0,201,42,39,50,71,63,243,6,138,11,75,166,210,154,18,107,232,81,34,226,183,115,94,113,83,228,161,223,233,54,83,237,123,182,6,27,20,43,217,14,185,47,27,247,27,169,37,231,193,142,77,115,81,178,249,71,160,29,0,87,155,209,250,116,184,40,187,239,91,127,253,20,46,80,41,61,85,94,16,29,149,228,214,198,142,131,179,31,190,57,207,144,136,86,104,144,238,136,229,103,253,81,17,145,89,182,147,99,69,148,91,164,182,157,122,195,152,33,141,22,221,137,110,70,102,33,228,94,249,188,130,117,103,186,242,167,223,81,49,71,86,65,39,134,185,96,41,76,128,178,248,41,164,157,213,101,120,147,238,112,36,185,72,77,241,8,242,218,157,104,118,198,191,14,178,239,150,182,71,90,40,218,217,132,130,102,66,84,167,8,102,189,210,154,149,89,11,110,255,2,139,125,78,243,106,227,234,230,43,244,144,254,65,226,189,52,23,63,61,33,200,206,239,34,171,147,192,89,227,49,249,118,79,153,212,202,149,120,26,12,38,84,223,10,175,13,228,28,20,222,161,241,191,40,243,5,3,159,21,203,45,74,245,236,82,153,205,85,63,89,169,180,45,128,69,144,172,68,249,43,23,152,161,171,141,243,132,34,27,25,18,78,108,45,172,190,239,79,51,226,188,102,146,75,164,80,142,202,59,114,25,234,205,211,104,86,99,168,232,247,251,162,245,68,36,9,108,64,155,12,57,213,189,167,183,195,227,111,181,110,17,78,58,206,108,208,138,253,144,40,150,64,234,74,101,119,253,200,12,252,227,63,63,194,121,82,26,216,223,95,255,177,188,149,107,92,147,54,12,81,61,25,155,222,186,75,188,254,223,44,25,87,117,206,133,197,130,194,158,220,137,239,96,109,188,29,63,165,29,46,39,121,16,238,94,128,234,119,15,145,12,48,226,15,130,80,42,108,46,43,186,224,245,146,43,195,137,121,10,94,55,2,37,32,142,248,16,153,94,103,236,132,6,79,198,250,104,86,138,13,131,175,147,136,53,29,248,17,253,92,108,215,183,3,8,147,176,104,80,175,155,151,203,231,145,213,105,128,210,35,154,202,129,41,122,151,33,133,21,244,167,30,69,200,227,45,75,151,65,51,241,28,188,144,17,221,140,5,115,117,172,41,180,191,93,50,185,175,94,0,172,202,203,134,238,3,49,224,70,8,120,48,254,142,162,111,217,205,50,60,90,1,47,88,146,86,65,107,8,103]
CFO=9943.801102329533,STO=1
EsN0dB=9.04,GRXdB=40,N0=0.001258925418369472
packet_number=116,correct=False,payload=[3,240,32,0,0,32,128,160,224,97,2,144,129,224,192,180,225,224,2,48,227,32,0,2,80,225,128,19,67,243,67,161,195,226,2,0,100,32,0,32,64,103,7,21,4,36,133,240,196,246,22,38,2,66,66,99,70,67,6,51,231,167,131,139,195,224,0,32,4,0,196,128,192,236,4,188,40,101,137,165,232,255,13,23,36,52,64,134,68,235,3,181,169,101,135,169,131,236,12,14,12,38,14,32,206,124,13,46,133,86,134,204,140,246,6,39,102,39,135,214,236,175,135,15,142,167,207,239,239,240,24,16,16,96,128,24,192,241,137,49,0,113,137,184,228,176,16,98,40,42,83,49,117,113,147,25,17,121,145,179,225,115,10,34,52,60,0,186,244,127,129,17,185,116,192,152,198,247,10,59,119,114,214,26,235,83,19,55,131,19,131,219,145,248,8,8,44,124,72,152,248,104,8,184,61,56,88,249,233,121,12,122,73,112,205,24,92,123,157,59,26,57,139,219,205,252,30,58,140,60,29,158,220,254,140,181,108,191,212,159,223,255,14,30,62,62,14,159,254,125,15,159,31,255,159,255,207,240,0,0,0,48,192,32,224,96,1,0,129,49,192,130,193,193,0,49,64,32,4,98,194,227,139,1,99,225,1,241,193,224,68,4,2,230,0,68,194,226,2,151,164,181,133,128,230,114,22,2,65,54,194,215,194,231,135,147,35,163,131,195,195,176,1,6,160,44,8,168,68,101,12,57,40,160,5,128,228,237,12,24,0,58,5,134,202,225,137,164,9,163,139,153,201,228,12,6,12,101,38,248,198,237,0,48,6,191,205,228,229,246,14,14,6,110,75,231,66,239,143,151,175,163,139,205,199,240,8,16,0,96,64,80,192,112,153,17,160,48,24,161,192,248,16,57,113,49,155,120,130,51,10,49,33,115,243,241,201,250,8,6,70,48,80,144,68,116,5,72,65,49,133,241,193,250,14,48,43,18,70,115,230,87,131,58,75,61,159,211,67,252,24,24,88,28,136,120,125,113,25,29,72,124,136,216,204,248,16,42,59,82,139,188,108,123,9,171,91,56,233,139,203,252,28,157,14,28,44,236,124,220,175,29,78,125,13,221,206,254,30,30,31,126,142,190,239,127,14,31,239,127,94,158,223,226,0,48,0,48,128,16,96,225,0,49,0,52,129,128,232,97,2,1,32,32,130,144,98,97,1,1,195,227,193,225,193,228,2,6,68,64,21,98,64,245,7,49,80,176,197,164,192,227,6,7,34,34,210,131,230,227,3,5,163,103,135,227,199,228,0,48,108,36,156,112,0,249,32,36,104,161,136,133,205,226,68,11,11,96,140,185,198,97,130,1,35,65,195,131,65,244,4,38,44,62,132,148,68,236,15,61,192,113,76,151,202,246,4,142,14,45,207,39,66,199,3,7,15,47,207,174,204,192,8,100,64,48,24,32,64,113,208,48,33,241,145,248,208,248,16,26,80,49,144,19,208,241,1,17,83,115,25,185,195,240,0,60,13,244,212,88,98,245,28,33,67,52,147,176,209,247,18,22,26,51,154,63,94,95,23,191,69,215,211,247,247,252,8,56,72,56,152,60,208,104,13,24,9,57,156,153,217,248,26,26,74,59,26,186,90,235,159,25,43,59,153,245,137,252,12,60,76,124,94,156,220,125,30,24,28,176,133,156,200,254,14,63,62,127,142,31,206,111,29,63,110,63,215,255,223,192,0,0,32,96,64,160,64,225,128,1,32,224,129,241,193,224,0,1,2,96,128,98,195,243,131,179,67,35,129,161]
CFO=10404.003121769452,STO=4
EsN0dB=9.07,GRXdB=40,N0=0.001258925418369472
packet_number=117,correct=False,payload=[0,0,2,3,4,5,6,7,8,40,138,72,12,5,14,15,0,1,18,27,20,81,20,31,26,24,26,27,156,29,62,30,32,33,35,35,36,33,46,39,8,41,10,43,44,45,46,47,48,17,50,51,48,52,50,54,24,57,58,27,60,61,58,63,64,65,66,67,70,69,86,67,72,73,74,75,93,77,78,79,80,81,82,83,84,81,86,86,88,88,82,91,92,89,30,95,96,101,98,99,100,101,70,103,104,105,106,111,76,109,108,111,112,113,98,115,100,117,102,119,120,113,58,123,124,125,108,119,128,129,130,131,132,133,134,135,128,137,10,139,140,13,142,207,152,145,146,147,148,149,150,151,8,137,26,155,157,152,158,159,176,161,162,226,44,165,134,165,168,169,142,171,172,173,172,175,48,129,242,177,176,177,166,167,184,152,186,187,184,172,158,159,64,193,194,195,228,133,198,199,136,137,130,203,204,205,206,207,80,209,210,243,212,213,94,213,216,217,90,203,204,133,206,223,224,225,194,231,224,197,226,231,200,233,186,235,236,237,238,239,224,241,242,243,244,245,182,179,248,121,218,177,188,245,255,255,0,1,2,3,68,5,6,7,8,8,10,1,12,5,10,15,16,17,18,19,4,21,18,23,24,25,30,3,28,29,30,29,32,33,34,35,4,165,38,166,40,9,42,42,44,45,14,47,48,49,50,59,52,53,30,39,0,25,186,59,60,29,62,63,112,65,66,83,68,69,66,71,8,73,74,75,76,77,66,79,80,145,82,83,84,85,86,83,248,65,90,91,92,93,94,95,96,97,34,99,100,69,102,103,100,121,106,107,108,109,110,111,112,48,114,115,116,81,118,115,96,121,106,123,61,125,126,127,128,129,130,130,132,5,134,134,136,137,138,139,140,141,174,143,144,145,130,145,148,149,150,135,152,152,154,155,148,149,158,159,48,33,160,163,164,37,134,167,168,137,170,167,168,141,170,175,180,177,50,179,180,180,166,183,176,185,26,187,188,181,190,143,192,193,192,195,196,197,198,197,200,201,202,203,204,205,76,207,208,208,210,19,212,213,196,215,216,217,202,219,221,221,222,223,224,227,234,225,228,165,230,231,104,201,234,235,236,237,230,239,240,241,210,115,244,245,242,135,240,249,250,243,252,221,254,255,0,1,2,0,4,5,6,5,8,9,10,11,12,45,12,7,16,145,18,19,20,20,86,23,24,24,18,27,24,28,26,27,32,32,34,34,36,37,38,133,40,40,42,43,172,169,46,47,48,48,50,50,52,53,54,55,56,57,58,57,56,57,62,31,66,65,66,67,68,69,70,71,72,65,74,73,108,77,206,7,80,81,82,83,84,85,28,83,24,89,90,89,92,93,94,95,96,65,98,67,116,101,102,103,104,105,66,107,108,109,110,111,113,113,114,83,244,117,118,119,48,121,122,107,124,109,254,127,128,128,128,163,196,133,134,135,156,73,138,139,12,152,142,135,128,145,146,147,148,149,150,85,136,153,154,154,156,157,158,155,160,33,170,163,164,165,166,39,168,169,170,171,172,172,174,167,176,177,178,179,180,181,182,181,145,25,152,187,188,156,178,191,192,193,194,195,196,197,134,199,200,73,202,201,204,200,204,207,144,209,210,195,84,208,210,215,152,219,218,211,220,205,156,223,224,241,226,227,228,225,198,231,232,169,234,235,236,237,238,237,240,241,242,243,100,244,182,119,232,249,242,211,124,253,254,223,0,1,2,9,4,5,6,7,12,9,10,11,4,13,46,15,16,17,18,3,22,21,22,23,24,25,26,145,28,29,30,31]
CFO=8363.974552756044,STO=3
EsN0dB=9.05,GRXdB=40,N0=0.001258925418369472
packet_number=118,correct=False,payload=[0,1,2,3,4,5,38,7,12,41,8,47,140,13,14,15,80,153,18,18,20,21,22,23,25,25,10,27,60,28,30,31,32,33,34,35,101,37,38,39,40,41,58,43,8,45,46,47,48,49,50,179,52,53,54,39,56,57,58,57,61,53,63,63,64,65,66,75,100,69,70,71,73,9,66,75,78,77,70,79,96,113,80,83,84,81,86,87,113,89,90,147,92,93,94,95,104,97,98,96,100,101,100,103,105,105,106,107,110,109,110,47,120,225,114,115,116,117,118,119,56,121,122,123,124,125,110,125,128,129,130,128,132,133,150,135,140,137,138,139,136,141,142,143,144,145,130,147,144,213,134,151,24,185,154,155,156,189,158,155,160,161,170,163,164,165,38,167,168,171,170,171,172,165,174,175,176,177,178,179,180,181,182,183,184,185,186,187,188,189,190,239,224,193,226,195,196,197,134,71,200,137,202,203,200,205,206,207,208,209,210,210,214,213,148,199,216,216,218,216,156,141,222,223,224,225,230,227,196,229,230,231,236,161,42,171,236,237,238,111,240,240,242,227,244,247,246,231,184,249,250,251,252,253,254,255,0,1,2,35,4,5,6,13,9,9,10,11,76,77,14,15,16,17,18,19,20,21,20,29,24,9,26,27,28,21,142,31,32,33,34,35,32,33,38,39,40,43,42,35,36,45,79,45,16,49,50,51,52,53,55,55,56,57,26,59,60,63,62,63,64,81,66,66,68,65,70,70,72,73,10,75,76,77,74,71,80,81,18,83,84,85,86,87,88,89,90,75,92,93,30,95,96,97,98,99,100,101,102,98,104,105,106,107,104,100,78,110,112,113,114,115,116,117,118,115,120,113,106,250,124,125,126,127,128,129,130,131,198,133,134,135,136,137,152,139,141,141,142,174,146,145,146,147,132,149,150,147,152,145,154,187,140,141,158,159,160,225,162,163,164,165,166,167,168,169,170,171,173,173,166,175,176,161,178,243,164,181,182,182,184,153,58,155,188,189,174,135,192,201,194,193,196,193,198,199,216,201,204,203,200,205,206,207,208,209,210,211,212,212,215,215,88,217,90,219,220,221,214,159,224,129,226,225,230,229,230,231,236,233,202,234,236,233,238,239,112,241,178,243,244,245,246,245,248,249,242,251,252,221,254,255,0,1,2,9,4,5,6,7,8,1,10,11,132,9,4,15,16,81,18,19,20,21,22,23,24,25,90,27,28,31,30,30,32,97,34,35,36,33,166,39,32,169,42,43,172,45,46,47,48,113,50,51,52,117,54,55,120,49,58,59,60,173,62,127,64,65,66,67,84,69,70,70,72,73,74,75,76,77,78,79,80,81,82,83,84,85,86,95,88,89,90,91,92,93,78,85,96,97,98,97,100,101,102,103,232,105,106,99,108,108,110,239,112,117,114,113,116,117,118,103,120,125,122,251,60,125,110,127,128,129,128,135,148,133,134,199,136,137,154,139,141,142,142,175,144,145,146,147,148,149,150,151,152,153,154,211,132,157,156,159,160,161,162,163,164,165,164,167,168,185,168,171,172,173,174,175,160,145,178,179,180,53,182,182,184,185,154,187,252,189,190,191,192,193,67,195,196,197,198,206,200,201,202,206,204,205,206,215,208,209,210,215,212,213,215,212,152,217,218,219,220,221,94,223,224,225,226,226,100,245,230,231,224,225,234,235,236,173,238,239,240,225,226,243,240,241,246,247,232,249,186,251,252,252,254,255,2,0,2,3,4,5,6,7,8,9,10,11,12,13,142,15,16,137,18,27,20,21,22,23,24,25,26,27,28,29,30,31]
CFO=8234.550057083381,STO=3
EsN0dB=nan,GRXdB=40,N0=0.001258925418369472
packet_number=119,correct=False,payload=[218,69,214,244,155,91,58,67,48,230,97,102,222,246,185,220,129,186,107,148,153,3,68,42,107,196,9,194,249,198,82,35,0,134,179,125,211,107,67,239,3,222,158,133,171,244,244,0,238,221,85,152,205,20,23,198,46,167,252,104,33,134,104,71,183,228,35,158,237,51,33,222,241,48,66,6,20,73,181,60,30,52,92,213,231,182,140,17,77,202,235,13,244,48,58,19,153,102,97,204,223,208,98,125,178,156,220,248,126,220,60,6,176,134,126,68,73,42,124,57,143,6,147,31,74,238,135,107,201,177,62,175,215,68,176,34,17,26,146,144,169,122,201,143,63,116,240,71,246,128,170,218,60,228,14,14,133,171,29,100,177,126,66,13,53,97,219,194,108,217,102,143,224,37,160,147,241,149,135,240,151,207,176,128,202,35,154,244,88,144,120,126,126,7,255,92,123,164,31,38,110,58,202,29,57,217,139,244,189,186,149,5,227,248,158,137,204,69,124,47,38,48,72,141,212,134,151,138,35,138,201,64,113,119,229,132,23,153,236,174,6,123,53,5,106,45,159,165,30,45,183,15,68,162,204,13,11,73,41,212,255,14,123,140,254,106,211,120,130,20,167,111,84,241,21,141,247,68,164,200,78,157,223,43,247,195,59,73,192,201,191,37,31,154,108,81,206,47,149,176,73,131,60,194,168,225,78,120,71,180,51,171,130,236,240,249,210,210,71,190,141,204,140,107,34,77,116,157,236,52,148,245,185,160,36,228,21,254,5,43,157,5,216,91,182,9,222,232,254,190,224,193,163,23,234,243,183,33,66,212,161,32,250,21,217,186,185,200,108,226,28,187,66,97,3,208,216,205,139,131,176,201,202,176,134,88,77,63,74,0,13,37,236,23,10,162,30,35,194,71,249,10,70,24,10,252,165,128,249,13,40,219,169,174,185,92,83,162,207,152,129,14,101,140,249,159,44,98,160,127,177,64,29,131,14,206,122,139,55,92,176,182,11,205,179,178,180,124,117,104,213,166,221,138,247,9,95,49,187,129,190,173,69,179,124,22,55,0,193,100,96,106,206,88,66,216,197,53,19,210,94,195,132,7,50,131,172,6,82,186,91,62,16,31,66,84,18,250,147,105,48,188,23,92,48,92,252,95,226,220,46,189,231,59,124,43,2,73,100,167,29,69,251,68,57,133,189,202,130,37,141,83,180,119,130,170,11,0,34,94,19,203,137,62,157,84,126,191,76,185,55,135,83,224,201,50,215,82,103,30,218,205,185,172,39,130,200,202,28,203,19,19,24,139,78,214,163,183,203,92,252,63,10,102,129,39,122,144,246,254,72,104,174,45,174,115,36,61,120,38,112,214,107,54,179,128,220,140,118,13,103,69,5,34,241,43,203,30,72,128,136,67,183,109,160,57,30,114,98,187,215,196,123,39,201,66,201,207,253,74,6,130,0,247,165,35,104,32,1,173,11,187,217,157,166,26,22,115,70,38,186,190,17,224,159,2,176,54,164,208,250,225,50,41,163,72,76,81,176,126,236,230,149,219,114,90,197,111,238,22,199,95,7,190,244,184,45,9,251,201,71,90,55,97,187,55,250,147,228,90,187,51,16,248,193,7,84,9,193,17,186,77,70,6,55,22,118,181,208,91,247,61,158,90,1,79,226,215,154,210,169,3,115,13,31,155,161,228,55,125,17,156,170,219,100,72,108,30,8,6,145,111,92,136,80,169,26,150,164,179,132,80,52,231,220,212,82,153,184,155,140,15,185,139,8,61,25,95,89,151,136,112,34,30,175,234,16,231,248,236]
CFO=8079.446896043623,STO=1
EsN0dB=9.23,GRXdB=40,N0=0.001258925418369472
packet_number=120,correct=False,payload=[0,1,2,66,4,5,6,3,8,137,10,11,12,15,14,47,16,1,18,83,20,21,22,7,8,25,154,27,28,25,30,31,32,32,34,35,36,35,54,37,40,41,34,42,12,109,14,47,48,33,50,35,181,165,54,55,24,185,58,59,188,61,62,63,64,195,194,67,68,69,102,71,24,105,74,74,68,93,198,79,80,80,82,83,84,85,22,87,88,89,74,59,92,93,222,91,96,99,102,107,100,101,99,102,104,105,106,107,108,109,110,107,112,113,122,115,240,117,118,103,120,59,122,123,124,59,126,127,128,129,130,135,132,197,135,135,184,137,142,139,140,133,142,143,196,145,147,147,80,149,150,151,152,153,26,147,156,157,158,223,160,161,162,161,164,165,130,135,168,169,170,41,172,133,190,173,144,177,179,179,180,181,246,183,188,185,186,187,188,157,189,191,16,193,194,199,196,197,206,197,232,201,204,139,204,79,198,199,212,209,240,243,212,213,198,223,216,217,218,211,220,221,158,223,224,33,242,195,164,247,166,103,232,253,238,227,252,205,238,239,240,241,242,247,244,245,246,247,250,249,250,251,252,253,126,255,12,1,2,19,4,5,14,7,72,9,10,11,12,15,14,15,144,81,18,19,148,21,22,23,24,27,24,27,25,93,30,29,16,96,38,35,36,37,38,39,40,41,42,42,44,111,62,45,48,49,50,179,52,49,54,55,56,57,58,59,60,61,62,126,64,64,66,67,68,85,66,71,72,73,70,11,72,79,78,79,80,81,114,82,92,85,66,95,88,89,26,91,92,157,94,95,96,97,34,35,100,100,102,101,104,105,106,107,44,109,94,103,112,113,114,123,118,117,54,119,120,120,106,123,60,125,126,95,128,193,134,163,132,133,134,135,160,129,138,139,140,141,142,15,144,144,154,147,148,149,150,151,152,153,154,155,156,157,140,159,168,160,162,163,164,165,160,167,168,169,170,171,188,173,173,171,176,145,34,179,180,148,54,147,184,185,154,187,188,253,190,187,196,193,195,195,212,133,194,70,204,201,202,203,196,205,206,207,208,211,210,211,192,213,214,151,216,217,222,219,220,217,254,255,228,97,162,161,228,101,230,239,232,233,234,232,236,237,238,239,240,240,246,243,244,245,246,247,225,249,250,115,244,253,254,255,0,1,2,3,4,4,14,7,8,41,14,11,12,13,14,15,16,17,18,19,20,145,22,23,25,25,90,27,24,28,30,29,32,97,2,35,38,37,38,37,40,41,42,43,40,45,46,47,48,17,50,51,54,53,54,55,56,185,58,63,60,61,62,63,0,65,66,67,100,69,6,71,72,73,78,75,76,77,78,71,80,81,82,147,84,85,86,87,88,91,84,91,92,93,30,79,96,97,98,99,100,113,100,39,104,105,104,235,68,109,46,103,112,81,114,115,118,117,118,119,248,105,122,123,124,117,126,127,128,129,194,131,132,133,130,135,136,129,142,139,140,141,142,143,144,153,146,155,148,149,150,135,185,153,154,155,156,157,158,31,128,161,162,163,164,165,166,167,168,185,168,139,173,189,174,163,176,49,178,179,180,177,178,183,176,185,186,187,188,189,190,171,192,193,194,195,198,213,70,199,200,9,90,75,204,77,78,207,210,193,243,211,148,213,230,215,216,217,154,219,212,205,222,215,224,241,226,227,228,229,198,199,234,225,234,235,204,239,238,239,114,240,242,251,244,245,246,247,240,248,250,251,254,253,254,255,0,0,3,3,198,37,70,7,8,9,138,11,12,9,14,43,148,17,18,19,20,21,2,87,25,25,26,31,30,29,30,31]
CFO=7173.943104565646,STO=3
EsN0dB=9.07,GRXdB=40,N0=0.001258925418369472
packet_number=121,correct=False,payload=[0,33,2,3,4,5,6,7,9,9,74,11,76,13,30,11,16,21,50,19,16,213,22,23,24,153,58,27,28,29,30,31,32,33,34,35,37,165,38,39,56,47,2,111,44,45,46,47,54,17,18,51,52,53,54,55,56,57,58,59,60,61,46,191,64,65,194,67,68,101,68,71,72,75,78,75,76,93,94,79,80,89,114,83,86,21,86,87,88,93,122,123,76,221,127,127,96,97,98,115,100,231,38,103,104,105,42,107,108,237,110,110,81,113,98,115,116,117,118,85,112,121,122,123,124,127,126,119,160,129,162,131,134,133,134,131,136,137,138,139,140,237,142,143,144,145,146,147,148,149,150,215,137,153,26,155,156,157,158,159,160,33,162,163,180,165,174,167,168,169,170,171,172,173,175,239,184,177,178,154,180,244,54,183,184,185,186,187,252,189,190,63,200,193,194,193,196,197,198,199,192,203,202,207,205,141,206,238,208,209,210,147,212,213,214,215,212,89,218,219,220,221,222,221,224,225,234,227,228,229,230,231,232,233,234,207,237,229,238,239,240,241,242,243,244,215,246,247,248,255,254,219,252,253,254,239,16,1,2,67,4,5,6,43,136,1,10,11,12,77,30,15,20,17,18,18,20,21,23,23,24,25,27,27,92,29,30,31,33,33,98,39,36,37,39,38,40,41,42,43,45,45,42,47,52,49,118,51,52,53,52,55,60,57,26,43,60,61,62,63,66,65,194,67,68,69,70,71,8,73,74,75,72,77,78,79,18,17,82,83,20,85,71,85,88,89,90,91,93,93,94,95,96,225,98,67,100,103,102,103,105,105,106,106,108,109,110,111,48,113,114,115,116,117,116,103,120,121,123,123,92,127,126,127,192,129,194,135,132,133,134,135,152,137,138,139,140,157,142,143,129,145,18,145,148,149,151,151,154,57,154,219,220,157,158,159,160,161,162,163,164,165,166,166,168,169,170,171,236,175,174,175,144,177,178,179,180,181,246,183,184,169,186,186,252,189,190,191,192,193,194,195,193,133,198,199,200,201,202,235,204,237,206,207,212,209,146,215,208,213,214,215,24,217,202,251,204,221,222,223,224,169,226,227,228,193,238,231,232,105,234,235,108,237,238,239,240,241,242,211,252,245,246,183,248,249,250,251,252,253,254,255,0,1,2,3,68,37,6,7,8,9,10,43,12,13,14,142,80,17,50,19,148,21,150,23,88,24,26,27,60,29,30,31,32,35,34,35,44,101,38,39,40,43,42,235,44,45,46,47,112,49,50,19,52,53,54,55,60,63,58,59,124,61,190,63,64,65,66,67,68,69,86,67,72,73,234,75,76,109,78,79,16,85,82,83,84,85,86,95,88,89,90,91,220,93,94,95,96,33,98,103,101,101,103,103,104,45,106,75,108,109,110,110,112,113,114,51,116,125,118,119,116,105,114,122,124,125,254,127,128,129,146,131,132,133,134,135,136,137,10,139,140,141,143,143,144,209,146,147,148,149,150,151,152,137,156,155,156,157,158,159,160,97,162,163,166,165,166,239,168,169,170,171,172,173,174,175,176,177,178,179,180,181,182,191,56,249,190,155,188,60,190,191,192,192,194,195,196,199,198,135,201,201,202,203,204,205,206,207,208,209,210,215,196,213,214,215,216,217,218,219,220,220,222,223,192,97,230,227,228,165,246,231,224,233,107,235,204,237,46,239,114,243,178,243,244,245,246,247,248,249,242,251,252,253,254,255,0,37,2,3,0,5,6,39,24,25,10,11,44,13,14,15,16,21,146,19,20,21,22,55,16,25,26,27,84,61,30,31]
CFO=6974.702217608143,STO=2
EsN0dB=9.30,GRXdB=40,N0=0.001258925418369472
packet_number=122,correct=False,payload=[128,1,2,7,12,5,6,5,8,9,10,27,13,13,14,15,16,17,18,51,16,21,22,23,56,25,27,155,28,29,62,31,32,33,34,98,100,37,38,47,40,41,42,43,44,45,46,47,48,49,50,51,52,63,54,55,184,57,50,59,124,61,62,63,80,65,66,67,68,69,84,69,72,73,74,75,76,77,78,79,80,81,81,19,86,117,86,83,88,121,218,94,92,93,94,93,98,224,34,115,101,101,118,71,96,233,106,107,108,111,108,111,177,241,115,243,116,113,126,119,120,113,122,123,124,125,124,127,132,129,130,131,132,135,138,199,137,137,142,139,140,141,174,143,149,145,146,147,148,145,150,183,152,153,170,155,158,157,158,159,224,165,162,163,228,181,172,167,168,169,170,137,172,173,174,167,176,241,242,179,180,181,182,182,56,249,154,187,189,253,60,191,192,193,194,67,212,197,198,198,200,201,202,203,204,205,238,207,112,209,211,211,212,213,230,215,216,89,216,219,253,253,222,91,224,225,226,163,224,229,230,231,233,233,234,235,236,236,238,239,242,241,242,243,244,181,242,119,248,185,250,251,254,253,254,191,0,1,2,3,4,5,70,11,8,9,10,11,136,13,30,15,16,17,18,19,20,21,23,23,24,25,26,27,28,29,14,31,48,33,35,35,32,37,38,39,56,41,42,43,44,109,46,43,48,33,58,51,52,61,54,55,56,57,58,59,188,61,62,63,64,65,66,67,100,69,70,199,8,73,94,203,77,77,78,79,80,81,82,83,68,87,86,85,88,89,90,91,72,93,94,95,96,33,98,99,100,101,102,103,120,105,106,107,108,109,110,111,112,113,122,115,116,117,118,119,122,123,122,123,126,253,126,127,128,129,130,131,134,133,134,135,132,137,10,139,204,141,142,143,144,145,178,131,148,149,150,151,216,153,154,159,156,157,254,31,160,162,162,163,164,161,166,167,158,137,234,175,174,173,172,175,184,177,178,179,180,113,150,151,184,249,186,187,220,189,190,63,192,193,194,227,196,196,198,199,136,201,202,203,204,207,206,207,208,209,210,211,212,245,215,215,216,217,218,219,220,221,222,223,224,229,230,235,228,229,230,247,232,193,234,239,236,237,238,235,232,241,242,243,248,245,246,183,248,249,250,251,254,253,254,255,16,0,3,65,4,5,6,7,8,9,10,11,12,9,14,47,2,17,18,147,20,21,22,87,28,25,26,27,28,157,30,31,32,33,106,39,36,37,38,47,168,57,42,43,44,45,174,63,56,49,50,115,116,49,54,55,184,57,58,59,60,121,62,63,80,65,66,75,68,69,70,71,200,73,74,75,78,78,78,79,80,113,90,83,20,84,86,85,88,89,218,219,92,93,94,95,64,96,98,99,100,101,103,103,232,201,106,107,108,109,108,111,112,113,114,114,116,117,118,103,120,121,106,251,125,127,126,127,128,129,130,131,164,133,134,207,136,137,138,139,140,141,142,143,144,177,178,147,148,148,150,151,184,153,154,155,28,157,158,159,160,161,162,131,165,165,166,167,168,153,170,171,140,173,174,167,176,161,178,179,244,181,182,183,185,169,186,187,188,189,190,182,196,201,227,193,196,196,134,195,232,201,202,207,204,197,222,207,216,209,210,211,213,85,246,215,216,249,218,219,204,221,210,223,226,160,230,99,228,228,231,230,232,237,234,235,236,233,174,239,240,241,242,243,244,229,242,245,240,249,250,251,252,221,122,239,0,1,2,3,4,29,6,23,138,9,10,10,4,21,78,15,16,17,16,27,6,21,22,23,24,25,26,155,28,29,30,31]
CFO=7591.074615145633,STO=0
EsN0dB=9.02,GRXdB=40,N0=0.001258925418369472
packet_number=123,correct=False,payload=[0,3,6,3,4,45,12,6,0,1,26,31,29,8,60,15,16,48,20,7,20,172,22,47,56,30,54,54,56,25,30,127,0,98,107,67,44,99,134,6,120,88,96,86,168,26,24,30,112,50,98,99,56,62,118,23,120,49,122,126,62,126,44,62,64,66,194,75,204,11,70,67,88,153,138,151,9,94,156,95,244,34,34,211,104,113,2,31,82,20,146,62,184,249,126,62,96,227,102,111,108,239,236,103,224,88,102,111,108,238,206,254,240,209,228,247,252,96,238,107,120,121,190,219,252,123,254,127,128,133,17,135,129,157,134,15,136,147,144,15,189,137,205,159,176,129,34,179,140,177,20,63,152,49,156,159,92,63,12,63,65,163,193,55,136,103,230,111,25,153,206,39,44,63,60,159,240,99,246,179,233,120,164,255,184,51,51,247,56,121,189,189,129,129,133,195,192,131,135,206,192,203,202,223,205,205,220,207,241,227,164,227,93,93,222,215,145,247,185,191,252,159,221,191,129,227,224,231,201,203,197,239,200,233,198,235,201,219,249,143,176,243,208,247,228,241,255,238,241,251,241,243,253,231,254,255,0,2,38,6,9,11,12,7,0,8,2,30,28,25,28,15,16,2,6,6,44,45,58,47,24,63,55,31,120,60,31,63,64,32,34,7,8,17,70,102,56,89,40,119,24,76,190,95,32,49,52,50,60,44,124,119,112,122,48,94,124,30,60,126,208,128,70,151,134,77,14,135,208,18,30,146,76,201,28,142,80,160,132,54,100,167,174,94,56,50,124,254,25,17,28,190,64,64,96,67,204,99,70,234,196,224,218,247,88,237,252,126,224,112,112,99,120,226,124,255,248,121,242,119,248,248,110,127,1,5,135,195,1,13,4,7,24,17,139,159,5,157,7,31,177,161,165,19,153,209,61,135,145,179,55,23,24,63,190,30,224,195,129,71,201,41,70,135,57,81,123,83,125,123,63,207,227,49,243,54,101,234,111,38,120,59,60,247,188,189,126,239,128,131,198,147,193,201,206,215,201,201,144,23,208,141,204,143,241,147,198,219,157,227,213,175,216,251,49,95,185,57,157,191,225,192,225,199,225,197,230,239,248,227,194,207,221,207,204,255,241,227,246,232,225,245,253,231,249,243,221,243,252,251,252,238,0,2,38,6,9,2,76,7,24,2,16,30,8,24,14,31,0,49,18,50,60,54,12,38,50,59,50,59,24,59,126,62,96,227,66,98,40,40,100,71,104,123,148,42,88,95,46,46,120,98,54,126,172,38,54,111,48,122,126,122,60,122,62,126,192,131,0,206,24,139,76,198,216,211,28,83,220,88,28,15,176,98,100,215,44,234,196,207,240,251,182,115,120,24,92,94,64,67,192,195,68,96,68,207,72,240,212,215,216,233,126,222,240,227,96,231,116,120,236,126,248,123,145,242,117,122,124,255,9,3,132,167,5,137,7,143,8,17,63,135,45,11,158,159,1,163,183,3,141,171,188,143,1,153,20,31,185,153,188,63,0,99,100,7,0,67,77,135,73,1,32,123,249,25,78,143,178,177,179,247,104,171,238,239,184,49,181,187,93,95,127,127,192,193,130,130,137,129,205,207,210,131,232,135,141,223,157,223,241,209,162,167,225,181,253,175,219,179,157,159,155,253,189,191,194,195,199,195,205,193,205,207,200,227,249,247,205,203,204,79,224,241,231,231,241,227,101,239,240,243,109,251,248,217,254,251,0,1,6,10,9,6,30,12,16,5,7,23,88,26,12,63,64,34,38,6,16,42,52,44,62,48,48,50,56,62,62,62]
CFO=10031.90674807316,STO=1
EsN0dB=9.04,GRXdB=40,N0=0.001258925418369472
packet_number=124,correct=False,payload=[0,0,0,2,0,6,12,4,0,1,18,74,0,13,12,18,0,1,22,19,20,38,38,7,0,40,16,59,24,60,30,254,0,1,0,99,0,37,38,38,0,51,2,2,92,58,9,63,32,49,34,114,40,38,38,55,120,50,112,59,60,60,28,61,64,64,2,67,132,201,24,7,8,2,16,203,204,0,76,206,64,209,130,115,24,14,106,134,208,49,18,146,61,222,28,62,224,193,198,34,96,100,102,74,16,97,154,225,40,233,204,110,97,112,112,115,112,108,102,103,56,240,114,81,124,250,94,127,1,129,4,3,4,11,134,141,0,1,21,135,9,141,28,14,176,19,146,135,148,149,52,63,176,177,4,27,28,185,30,191,0,33,129,1,36,171,168,7,128,65,44,75,173,185,158,61,96,49,244,54,228,43,39,103,57,250,187,251,120,189,125,63,192,131,197,129,128,128,198,143,129,195,147,223,0,155,142,159,160,51,128,131,128,65,134,135,176,243,186,211,28,157,222,159,200,193,227,231,65,227,132,199,232,243,204,195,104,104,235,223,192,227,96,227,224,235,245,247,240,251,242,226,249,249,253,254,2,1,4,7,4,11,8,39,10,26,8,18,8,14,12,31,32,2,16,7,56,18,36,14,88,27,58,83,28,60,60,22,36,66,8,70,8,0,108,102,8,40,34,96,124,89,14,14,176,35,50,11,32,33,44,47,48,123,59,55,60,61,126,90,12,132,198,68,192,195,78,6,92,8,0,131,136,88,204,95,84,66,20,130,40,28,148,255,56,210,82,154,88,27,30,159,96,102,198,82,228,98,102,231,64,66,66,90,72,223,126,15,240,96,102,98,228,118,102,119,120,51,112,114,120,248,94,255,64,11,0,131,12,133,135,7,2,9,194,147,156,31,15,15,16,129,19,131,37,1,156,31,180,57,56,31,57,31,60,63,33,193,3,131,128,64,197,101,56,161,184,91,45,203,236,43,160,169,32,227,41,49,181,55,48,56,58,115,249,153,126,47,128,128,208,131,137,135,207,135,208,211,28,90,142,219,13,79,128,81,132,131,216,155,158,217,177,211,216,227,216,241,244,253,97,195,227,195,228,253,206,199,216,17,225,203,249,203,248,207,240,241,65,227,224,255,239,235,248,249,251,243,252,253,246,254,64,0,4,3,12,46,6,6,8,9,40,15,4,24,28,31,0,3,50,51,4,12,37,23,48,24,16,23,24,30,28,63,0,66,4,79,64,1,68,134,16,89,44,19,24,41,36,79,96,34,102,35,32,106,44,86,112,120,116,18,120,62,52,30,128,2,0,194,132,137,94,31,152,8,68,7,152,3,14,30,16,1,116,134,172,138,132,118,120,72,92,18,152,191,158,251,224,226,224,195,168,66,68,205,64,66,70,118,244,78,222,126,112,99,102,102,112,114,108,102,120,122,120,43,168,221,228,47,129,129,6,3,1,143,9,22,144,154,29,19,29,13,140,27,16,19,176,151,145,135,47,111,17,153,144,177,248,191,157,159,65,1,101,162,1,3,135,207,232,3,139,71,141,25,173,159,225,161,228,103,248,227,132,35,176,49,122,191,251,29,190,189,192,131,65,195,129,193,140,199,128,129,85,135,141,159,156,175,192,145,130,195,132,165,180,7,145,129,217,143,240,59,63,159,192,195,197,199,224,207,197,231,209,210,208,227,200,203,206,207,240,225,242,227,201,225,238,239,240,185,252,243,248,249,252,62,18,0,6,131,0,13,12,15,0,2,82,31,16,2,14,30,48,2,16,3,44,48,46,14,24,26,16,54,56,112,60,30]
CFO=8153.002341580353,STO=4
EsN0dB=9.07,GRXdB=40,N0=0.001258925418369472
packet_number=125,correct=False,payload=[0,1,2,1,4,69,6,7,2,137,8,11,29,13,14,15,16,17,146,19,20,21,20,19,24,9,26,27,30,25,30,31,32,33,42,43,37,37,38,39,40,9,42,43,45,47,14,47,48,49,50,51,52,181,102,55,56,61,56,59,60,189,46,63,0,65,66,75,68,69,78,199,72,89,72,203,76,77,222,79,80,17,91,83,84,244,86,87,88,89,90,91,92,93,92,94,242,101,98,33,64,69,100,103,120,121,106,75,108,109,110,111,112,113,112,115,116,117,118,119,124,120,122,123,124,117,110,127,128,129,130,67,132,133,134,131,8,137,130,139,140,141,142,142,146,149,146,147,148,149,6,149,152,25,186,155,156,17,222,159,160,161,162,227,172,165,166,39,184,169,170,171,44,173,42,175,184,177,178,49,180,177,182,183,120,185,186,179,188,189,190,191,192,193,195,195,196,205,198,199,200,203,203,203,204,135,78,95,210,209,210,211,212,213,214,215,216,217,218,211,220,93,218,223,224,241,230,227,228,229,230,231,232,225,234,235,236,232,206,239,240,241,240,121,244,253,246,87,248,249,250,251,252,253,254,255,0,1,34,3,4,5,6,7,8,9,14,11,12,13,14,15,49,17,18,19,20,149,30,23,24,24,58,27,28,13,30,91,32,33,34,35,228,37,38,47,42,57,42,43,46,45,174,47,48,49,50,51,28,53,54,55,56,41,58,59,60,61,62,63,68,64,66,67,68,69,70,71,72,73,74,75,76,77,78,111,80,85,82,83,84,85,86,7,88,89,90,91,92,109,122,95,96,97,98,99,100,100,102,231,104,121,106,107,44,109,110,127,112,115,114,115,112,117,118,119,40,121,250,123,124,125,126,127,128,129,128,195,132,133,134,135,136,137,138,11,140,143,14,15,144,144,130,211,148,20,151,149,152,153,154,155,156,157,190,159,160,161,130,163,164,165,38,167,168,168,170,170,172,173,174,175,176,177,178,163,180,181,183,183,186,185,186,187,188,189,178,191,192,195,194,199,196,199,198,199,232,201,202,75,204,205,78,207,240,209,210,211,244,213,214,151,216,217,210,155,218,221,222,222,224,225,226,227,236,229,230,247,168,233,226,235,236,201,238,237,240,241,243,243,244,245,246,183,248,233,250,243,252,253,254,223,16,1,10,3,4,21,2,7,8,9,10,11,12,13,14,15,48,17,146,3,52,21,22,23,24,153,26,11,30,29,14,159,32,33,34,131,164,37,38,39,40,41,58,43,44,45,46,47,48,49,50,179,116,53,54,54,48,57,58,59,60,61,62,63,192,65,66,65,68,69,66,70,72,77,74,75,92,79,70,79,80,65,82,211,84,85,86,87,90,25,18,88,88,93,94,87,96,97,98,99,102,101,102,103,77,105,107,107,108,109,110,127,112,113,122,115,116,117,118,103,248,121,114,123,124,125,126,119,128,129,138,131,132,165,150,167,136,153,138,139,12,141,15,143,144,145,146,147,148,21,150,151,153,153,24,153,156,157,158,155,161,129,160,179,164,167,167,167,136,201,42,171,164,175,174,47,177,241,182,186,180,181,182,183,185,249,186,187,188,189,190,191,192,193,226,195,196,197,198,195,200,217,202,202,204,141,78,207,80,209,210,211,84,85,198,215,216,217,154,219,220,93,222,219,160,193,194,227,228,229,166,231,232,225,234,234,236,237,238,255,240,245,226,243,244,213,246,247,248,121,250,251,252,253,254,255,0,1,2,7,4,1,14,7,8,9,10,11,92,29,14,15,48,17,18,19,20,21,54,23,28,9,154,27,16,29,30,13]
CFO=7070.852782692919,STO=6
EsN0dB=9.17,GRXdB=40,N0=0.001258925418369472
packet_number=126,correct=False,payload=[0,1,2,65,68,5,4,7,8,77,10,11,8,5,14,15,16,17,50,19,21,21,22,23,24,24,154,11,28,29,158,31,32,33,98,35,36,37,38,167,40,41,110,41,44,45,46,15,48,113,50,51,52,53,54,55,56,57,58,187,60,61,62,47,64,65,67,71,68,69,70,66,64,73,74,75,76,76,76,79,80,81,210,83,84,69,86,119,88,89,90,91,92,93,95,95,96,105,98,99,100,228,102,99,104,104,106,107,108,109,238,239,112,113,114,123,116,117,118,119,114,121,251,122,126,125,126,111,129,129,130,131,132,133,6,135,136,137,130,139,140,140,143,143,144,144,146,179,148,149,150,23,152,153,154,155,156,159,222,157,176,161,34,163,96,133,166,165,172,169,42,185,172,175,142,175,176,176,178,178,176,181,182,167,184,185,250,187,188,187,190,187,194,193,242,211,196,197,198,199,200,201,194,219,140,205,206,207,208,209,146,211,212,213,214,199,216,217,218,219,220,221,222,223,224,225,226,227,224,229,230,231,232,104,234,171,236,237,238,239,240,243,242,243,244,245,246,247,248,249,250,251,252,237,222,191,70,1,2,3,4,5,6,39,8,43,10,11,8,13,142,15,48,49,26,23,20,23,22,23,24,25,30,27,28,29,30,31,32,33,35,171,36,109,38,39,41,9,42,43,44,44,46,47,48,49,50,55,52,53,62,55,56,49,58,59,60,61,62,63,64,65,66,67,84,69,70,223,72,73,74,107,76,205,78,79,81,81,90,115,84,85,86,215,72,25,90,91,92,93,94,95,96,97,114,99,100,101,102,103,44,105,106,107,108,109,110,111,242,113,114,123,116,117,118,247,120,105,122,123,124,125,126,127,128,161,130,131,132,133,134,135,200,9,138,139,141,140,142,175,152,145,146,131,148,149,154,131,152,153,154,155,221,157,158,159,160,161,162,163,132,165,182,167,168,172,170,171,238,173,46,175,242,49,178,179,144,181,182,182,176,184,178,187,56,189,190,191,144,193,130,195,196,205,198,199,200,201,202,203,204,205,206,206,208,209,210,211,244,213,214,215,216,249,219,155,220,221,222,223,229,224,226,227,100,229,230,231,168,233,234,203,252,233,238,239,240,241,246,243,244,247,246,247,248,249,250,219,252,253,254,127,8,1,34,35,12,7,6,7,72,9,10,11,12,13,6,13,18,19,22,19,20,21,22,21,28,25,26,26,62,29,30,95,96,33,34,35,36,37,54,39,8,41,42,43,108,173,46,47,48,49,50,55,52,53,54,55,56,57,186,57,60,125,62,47,0,65,66,67,68,85,198,103,72,73,74,79,76,77,14,79,88,113,82,81,84,85,214,87,88,91,90,91,94,93,94,94,98,97,104,99,32,103,102,103,104,105,106,107,76,109,110,111,96,113,115,115,116,117,119,119,120,121,122,123,124,121,126,127,128,129,194,131,132,133,134,135,136,137,138,11,140,141,142,143,144,145,146,211,213,149,158,135,152,153,154,155,222,157,154,23,144,163,131,227,37,165,166,167,168,169,138,171,172,239,142,175,177,241,186,179,180,185,182,181,184,185,186,187,188,185,190,191,194,193,194,67,228,205,206,207,200,201,234,195,204,205,206,207,208,209,214,211,208,213,214,215,218,217,218,219,220,221,222,255,226,233,226,227,230,229,230,231,248,237,234,235,228,237,236,237,240,241,242,243,244,245,246,247,248,249,122,251,252,253,254,239,2,1,2,3,4,5,87,7,8,57,11,75,12,13,79,15,24,17,18,27,20,21,18,23,152,25,26,91,92,29,12,63]
CFO=5987.860833807852,STO=5
EsN0dB=8.27,GRXdB=40,N0=0.0015848932089284062
packet_number=127,correct=False,payload=[0,11,2,67,5,69,102,71,8,9,10,3,142,13,6,15,16,25,22,19,20,23,54,183,28,56,26,19,12,156,30,31,42,49,42,35,38,37,46,103,40,41,106,171,60,45,46,46,48,53,56,55,23,53,54,55,24,185,58,171,124,45,126,63,64,80,3,75,68,205,70,211,72,201,75,75,92,77,78,75,80,81,74,83,84,85,86,151,88,89,90,127,124,29,30,255,100,65,238,99,100,101,103,103,104,105,107,79,124,125,110,239,112,117,114,123,116,117,118,119,88,121,122,123,126,93,90,127,192,1,130,131,164,133,142,135,138,139,138,139,204,29,207,157,144,147,147,83,148,149,215,151,152,217,154,154,156,157,180,135,170,225,162,163,160,109,134,167,40,169,170,47,172,165,174,175,208,181,226,183,188,183,166,183,184,185,190,187,248,189,186,191,193,193,194,203,204,199,166,231,200,201,202,75,204,173,222,207,208,209,210,195,213,213,214,247,216,217,90,219,152,223,222,223,176,230,224,235,220,229,230,239,235,105,234,235,236,229,202,237,224,241,250,211,116,247,246,247,248,249,122,187,252,253,254,255,8,161,194,27,142,149,6,15,8,11,139,31,12,15,14,31,0,129,18,19,20,5,22,183,24,57,26,59,60,29,94,13,48,161,38,59,36,37,38,39,40,105,238,43,44,45,46,47,48,57,51,115,188,101,55,55,60,185,58,123,178,61,60,63,72,193,66,111,196,69,70,103,72,73,78,75,120,77,110,79,208,81,82,83,212,69,86,87,88,93,91,95,28,221,222,95,96,117,120,99,228,101,102,103,104,105,106,107,108,237,70,127,113,113,114,103,228,53,108,119,120,121,126,255,124,125,254,55,129,193,130,147,128,135,134,134,136,137,238,138,140,141,174,175,152,213,146,211,144,212,158,151,156,145,158,187,156,189,158,159,32,161,162,179,164,237,182,167,168,184,170,170,172,173,174,175,176,241,50,179,166,183,182,191,184,187,184,187,252,189,190,191,112,64,192,195,204,205,198,199,200,201,202,193,222,205,206,207,208,209,242,195,148,213,214,223,216,217,218,219,220,221,222,223,241,225,226,227,236,197,234,239,232,233,202,235,236,237,239,207,243,241,243,243,244,247,118,247,248,251,242,251,124,253,254,255,0,69,2,7,12,7,6,15,8,8,170,11,13,109,14,46,16,17,18,27,24,21,22,23,30,27,42,31,28,29,62,31,65,225,38,51,36,37,38,47,41,41,34,43,42,45,14,47,112,49,50,55,52,53,54,55,120,53,58,123,124,61,63,63,96,65,66,99,68,85,70,79,72,73,78,79,76,79,78,79,24,209,82,81,85,117,118,115,88,123,72,91,86,95,94,95,96,65,90,99,101,225,246,103,104,105,234,107,232,109,106,111,101,249,114,115,116,117,118,119,122,121,106,123,124,125,126,127,132,145,130,11,152,133,6,199,136,137,138,139,156,143,142,143,144,145,144,147,180,213,150,151,136,153,158,219,152,221,158,159,171,161,166,163,132,165,166,39,169,171,42,167,45,173,174,175,160,177,145,51,133,181,182,183,184,217,184,59,180,237,158,191,192,225,195,195,212,197,196,199,200,139,202,203,204,200,202,239,208,145,212,211,212,213,214,199,216,217,222,219,216,221,222,255,224,225,226,227,228,229,228,231,232,233,226,235,236,237,238,239,240,241,114,243,244,245,182,247,184,249,250,255,252,253,254,255,1,1,18,19,5,135,6,7,8,25,3,11,13,13,10,79,144,25,18,51,20,21,14,22,153,25,90,155,28,29,30,87]
CFO=7603.095748084856,STO=5
EsN0dB=5.32,GRXdB=40,N0=0.0015848932089284062
packet_number=128,correct=False,payload=[128,4,128,135,45,0,0,135,138,139,12,9,148,13,77,47,17,129,145,149,18,20,151,30,20,30,62,78,88,188,14,31,48,8,242,35,20,135,114,31,44,80,36,29,172,158,138,79,203,5,29,55,48,181,186,113,253,57,51,123,60,29,188,23,64,65,50,97,64,107,54,80,92,107,9,192,74,215,135,95,100,80,182,25,20,81,70,231,92,49,106,31,221,13,94,94,100,100,66,67,80,99,230,6,40,105,122,46,108,127,102,47,122,115,114,123,113,116,6,119,116,217,122,59,92,125,122,63,243,144,0,163,128,198,134,130,201,65,131,149,216,129,110,159,148,145,19,25,221,85,190,159,145,141,159,77,152,77,94,93,180,161,164,32,173,165,142,103,189,3,96,234,228,38,162,154,176,157,147,187,183,52,183,55,168,153,160,249,190,189,28,255,200,233,214,35,199,75,71,181,128,65,200,19,230,244,135,203,208,209,242,171,182,213,222,76,90,254,219,143,212,245,199,223,166,229,192,195,239,215,224,225,237,200,251,248,245,189,206,110,216,89,58,251,116,81,246,122,120,241,186,50,254,253,218,119,0,65,10,35,2,13,4,3,136,31,79,10,13,173,214,15,18,81,146,83,12,71,28,22,153,129,25,123,213,31,190,31,92,1,2,129,38,37,178,51,40,161,42,207,42,44,174,85,34,43,146,50,54,38,166,53,56,105,63,48,30,17,63,127,64,16,160,67,68,227,227,111,64,13,66,79,68,165,14,175,82,81,146,19,214,124,182,95,252,29,126,67,30,68,78,125,104,81,130,17,204,100,47,151,104,109,22,123,222,37,111,47,122,241,76,114,112,53,126,82,51,245,122,187,237,119,127,127,0,133,130,131,142,149,197,131,128,142,206,201,204,13,142,15,148,133,186,19,140,51,172,21,154,153,150,187,158,141,156,143,164,100,2,181,182,32,132,231,28,233,171,219,148,237,174,175,152,144,146,51,149,20,166,82,186,141,58,50,252,248,254,63,0,193,179,234,108,109,196,199,204,233,106,203,198,206,207,205,144,227,242,135,194,192,142,151,152,217,192,203,93,204,186,207,195,245,34,227,244,236,226,181,104,232,233,239,38,41,239,233,200,249,246,241,84,253,99,243,248,251,243,211,205,125,190,127,10,25,20,131,68,15,86,6,160,1,1,139,13,5,147,47,82,145,18,81,20,83,26,63,13,92,158,21,62,4,15,11,36,32,166,97,12,161,39,117,160,4,43,11,44,61,46,103,48,177,48,53,112,61,116,125,180,185,174,91,124,61,154,63,64,113,194,17,225,69,139,67,12,73,78,2,76,74,47,31,32,91,75,19,80,71,94,86,14,105,56,95,29,125,254,220,112,96,42,207,246,20,195,102,108,107,51,99,238,111,98,39,176,241,118,241,248,81,123,118,68,121,186,221,44,189,124,127,136,1,131,11,132,197,142,183,140,137,202,173,198,209,138,205,132,209,6,1,145,153,147,134,8,186,216,159,137,173,204,223,164,0,163,39,196,162,150,165,168,201,170,170,162,237,166,142,186,80,178,237,252,181,246,163,173,27,186,61,221,125,220,151,224,209,196,3,192,199,199,214,200,89,192,67,236,146,234,203,212,195,179,211,206,216,199,87,152,217,208,91,158,216,254,223,224,241,170,217,244,132,166,235,232,233,251,237,206,105,238,255,240,241,211,243,176,253,242,119,248,249,114,155,244,221,203,254,220,69,6,145,4,5,198,7,132,41,203,73,12,143,235,79,20,145,159,23,208,181,156,55,56,89,19,153,220,31,158,95]
CFO=7327.501883943072,STO=1
EsN0dB=8.29,GRXdB=40,N0=0.0015848932089284062
packet_number=129,correct=False,payload=[4,65,131,3,5,5,6,23,8,73,130,11,14,6,15,15,56,17,18,1,22,7,2,7,60,28,154,143,30,21,158,95,35,49,12,43,164,53,46,39,4,41,3,15,180,45,58,15,48,49,16,51,180,5,182,55,48,57,90,185,56,63,182,59,64,224,122,5,108,69,66,65,8,105,74,75,76,69,206,111,112,81,222,82,84,85,94,119,245,89,218,95,28,77,78,95,96,97,114,102,192,96,98,102,40,108,104,75,108,44,47,191,177,112,112,81,20,51,118,123,216,120,122,121,126,108,110,127,128,1,194,131,132,133,134,135,136,205,138,202,206,13,203,143,208,145,147,147,148,157,150,147,137,153,154,27,215,157,156,143,224,161,160,163,224,165,166,167,164,187,155,163,236,140,166,207,176,181,176,51,180,181,180,183,152,57,250,155,156,213,159,191,192,229,210,195,228,199,198,195,200,73,202,195,204,237,238,79,192,209,210,243,244,65,86,89,216,217,202,201,220,205,254,223,96,225,225,99,228,225,229,199,244,249,238,235,236,253,227,238,240,209,242,251,229,255,246,231,249,216,242,123,254,173,254,255,0,3,10,3,36,71,6,6,8,9,2,11,140,12,14,79,16,17,16,11,148,29,22,55,56,153,30,27,30,29,30,31,96,57,34,35,34,103,34,5,110,184,138,43,60,109,46,175,48,49,50,19,20,61,182,63,28,60,62,59,188,61,190,63,32,64,226,75,85,72,198,87,72,93,74,91,15,205,78,71,192,89,0,83,116,89,54,71,24,89,90,27,84,93,92,95,224,105,240,97,100,101,102,118,40,109,110,105,121,79,46,111,80,113,114,113,102,53,126,119,116,121,251,123,124,124,126,127,0,205,130,195,132,135,135,199,200,137,143,11,142,77,14,143,144,211,138,155,148,133,158,151,142,153,27,143,188,156,159,159,128,192,162,163,166,165,162,199,168,137,138,163,164,191,142,175,244,145,176,177,180,181,181,182,184,185,184,189,254,189,158,191,195,129,194,227,196,193,198,207,200,200,203,207,142,237,215,207,208,145,210,91,212,212,254,215,220,201,216,155,220,213,218,77,208,229,163,227,228,245,230,231,232,233,234,227,236,173,230,95,248,240,242,243,246,253,230,118,250,249,250,187,252,239,254,255,0,1,2,3,6,5,6,6,1,8,14,11,12,37,142,13,128,1,51,50,16,20,22,23,92,29,24,25,156,27,22,31,40,33,2,163,164,53,38,39,0,40,34,43,36,37,46,47,48,49,50,51,60,117,146,51,56,61,59,27,188,62,31,63,64,69,16,67,73,68,70,69,9,73,66,15,76,77,78,199,80,89,82,91,120,85,70,23,121,91,78,89,94,93,94,93,224,49,98,98,100,101,100,47,112,105,110,99,36,108,110,111,80,112,112,97,95,53,119,231,120,121,122,121,125,125,126,127,192,129,160,11,196,165,134,139,136,203,200,137,206,13,14,143,208,145,146,51,148,149,150,151,136,153,156,155,156,149,255,157,176,241,162,165,180,165,166,199,136,33,170,171,174,165,172,175,160,245,178,179,246,181,54,183,184,185,186,187,188,191,190,189,224,229,194,193,196,197,198,199,232,205,218,139,204,252,198,207,208,241,208,83,212,215,86,215,90,217,216,219,220,221,214,95,168,224,99,227,248,229,230,103,236,233,226,243,236,239,230,239,241,241,242,115,228,253,183,231,248,217,218,250,236,255,246,127,16,1,2,3,132,133,6,3,9,9,10,31,12,13,22,71,16,17,18,19,20,21,18,23,24,25,26,27,28,12,63,7]
CFO=6232.452753898163,STO=5
EsN0dB=8.07,GRXdB=40,N0=0.0015848932089284062
packet_number=130,correct=False,payload=[0,19,3,2,1,13,6,7,12,9,14,43,78,15,76,47,18,17,18,22,20,149,22,23,17,25,26,27,56,93,156,31,32,163,50,35,36,37,110,99,41,169,42,43,12,45,46,63,16,179,50,59,52,53,54,119,40,59,58,59,60,60,62,55,65,69,2,67,4,196,70,103,72,77,74,79,76,77,78,79,82,65,22,87,85,84,86,87,88,89,90,91,92,95,78,95,112,100,226,102,100,229,70,103,104,73,90,74,108,109,110,111,113,113,210,115,116,117,86,247,248,105,122,123,124,125,126,127,133,137,162,131,132,133,134,131,104,140,154,139,140,141,190,206,128,145,146,147,149,151,182,151,152,152,176,187,158,157,158,159,160,129,163,161,244,173,39,166,169,161,234,187,204,173,174,191,177,179,144,247,180,181,182,167,184,185,190,187,189,181,190,159,224,193,210,207,198,197,198,195,200,193,202,203,223,205,206,207,144,209,223,211,212,213,246,215,220,241,74,211,220,221,223,223,228,225,98,225,230,165,230,231,232,233,234,235,232,237,238,239,240,241,250,115,252,241,246,246,218,249,251,251,254,189,249,191,128,65,42,3,4,23,6,7,136,9,15,11,13,15,14,15,20,17,150,83,20,21,63,23,28,25,10,59,28,29,94,31,152,33,34,34,172,101,162,3,168,41,42,235,46,45,46,191,50,49,122,51,48,53,54,63,56,49,58,63,60,61,30,63,64,197,66,107,64,69,71,71,72,9,78,74,76,93,79,77,80,84,68,83,84,93,118,119,72,91,90,91,220,93,126,95,96,97,98,99,100,229,102,103,105,105,98,107,104,109,46,111,120,117,114,51,52,117,100,127,96,121,107,119,124,124,126,123,136,131,2,195,132,135,6,143,136,137,136,139,12,141,158,143,146,145,150,147,149,149,158,159,152,145,136,255,188,157,159,187,160,33,166,167,164,172,178,167,200,233,168,239,172,237,46,175,176,163,178,185,244,165,179,183,168,185,186,251,188,141,190,255,200,201,194,199,204,197,198,207,204,201,218,207,204,205,206,79,208,209,210,243,196,213,214,215,216,249,218,219,220,223,222,223,226,241,230,231,228,231,254,231,202,233,234,171,236,237,238,239,208,113,242,227,244,241,242,247,248,249,250,203,252,253,175,127,18,129,0,35,4,4,6,7,24,9,26,3,12,141,6,15,50,17,18,19,148,21,150,55,9,51,24,59,52,157,31,7,33,33,98,35,100,165,36,39,56,105,42,107,172,60,108,47,16,177,114,179,53,61,54,54,56,185,62,123,60,61,63,63,80,65,98,79,70,69,79,103,72,73,250,75,12,77,78,239,80,81,82,83,213,245,214,127,156,209,218,91,12,93,94,95,97,97,66,67,228,101,102,231,40,105,106,107,104,108,74,111,112,113,123,113,116,253,114,119,123,123,122,251,124,126,126,127,128,2,130,131,166,165,134,167,136,201,204,139,4,141,159,15,146,145,146,147,148,149,150,151,152,153,155,155,156,159,138,151,161,161,163,167,160,141,166,199,184,175,32,235,236,173,47,175,48,53,242,179,52,181,55,183,248,185,187,186,184,189,190,251,194,200,10,81,196,197,198,197,200,203,195,203,204,141,215,239,209,209,242,211,214,197,222,213,217,218,218,217,221,221,223,223,196,225,224,227,174,229,230,231,236,249,234,235,238,237,110,235,242,241,242,247,244,253,242,231,248,253,250,250,253,253,252,255,4,1,130,37,132,7,6,7,0,1,14,11,76,77,14,15,4,1,18,19,148,85,23,31,24,31,26,27,28,31,30,63]
CFO=8791.984562545354,STO=1
EsN0dB=8.74,GRXdB=40,N0=0.0015848932089284062
packet_number=131,correct=False,payload=[100,183,4,0,2,2,16,13,134,6,0,139,2,24,8,44,78,15,16,1,2,19,28,29,54,55,24,24,18,27,60,28,30,55,128,49,2,39,36,35,47,46,40,40,34,42,40,28,46,46,16,96,51,51,116,57,62,38,56,57,122,59,60,57,62,53,82,65,66,2,72,199,4,199,72,79,126,73,76,157,78,79,112,112,70,210,84,151,84,95,152,216,58,87,124,93,28,92,224,97,96,2,96,71,102,71,104,104,98,107,252,196,110,107,48,114,114,119,252,100,58,119,112,113,122,123,124,45,60,127,128,129,145,129,128,133,166,130,205,137,11,155,156,153,156,143,48,17,17,150,181,93,55,159,170,155,147,147,152,217,156,151,176,163,226,161,165,161,36,167,120,104,58,219,236,9,174,143,176,49,180,243,176,187,36,167,48,249,184,178,190,189,188,175,192,192,130,131,128,197,132,195,142,137,206,203,140,143,206,223,152,209,250,211,196,245,242,198,241,153,219,219,208,157,255,175,224,225,130,227,196,193,230,227,72,235,226,227,72,209,238,255,240,241,244,209,240,241,230,183,248,241,224,251,244,255,234,254,128,2,2,3,0,31,4,7,10,137,68,11,8,9,12,143,48,16,54,22,28,85,30,31,56,18,24,26,56,31,28,30,32,65,96,3,36,37,38,39,56,28,10,51,64,109,126,47,48,49,116,114,56,50,124,119,56,25,58,43,60,116,126,60,0,64,66,66,196,72,70,6,136,73,8,115,92,12,128,74,144,80,64,118,6,33,148,239,88,25,90,190,188,29,190,79,96,69,118,103,100,228,70,79,104,107,126,90,216,79,110,111,112,113,114,243,100,101,102,254,112,249,250,95,124,123,124,127,129,129,6,131,128,105,4,135,8,129,8,15,4,15,12,31,16,145,18,23,21,21,140,191,176,49,157,27,156,31,190,159,144,129,130,131,164,161,133,103,41,57,8,35,184,93,142,15,161,163,2,163,60,185,55,183,184,185,190,123,184,61,60,191,128,195,196,131,196,195,198,175,130,129,194,203,200,207,220,187,240,195,130,215,252,243,198,215,208,251,146,147,216,223,253,223,196,225,168,247,224,193,206,239,236,233,234,195,237,253,239,205,241,179,148,247,248,253,228,231,241,251,242,219,253,253,253,255,40,33,2,7,4,4,66,14,16,25,7,8,24,72,12,11,48,33,18,1,124,25,52,87,56,25,20,11,28,60,92,30,32,3,32,35,37,31,36,3,176,88,0,43,108,13,175,15,58,112,36,164,184,37,84,39,104,49,56,251,60,20,124,63,64,0,128,2,192,193,4,6,80,9,204,74,56,88,94,78,81,209,150,242,20,64,218,198,72,112,28,83,92,29,14,125,64,96,98,103,108,100,46,71,208,105,224,107,76,109,204,45,96,96,210,231,116,85,230,118,112,123,250,123,124,116,254,255,129,131,130,133,4,1,135,135,28,3,130,136,132,141,142,15,32,17,34,147,217,21,164,151,144,145,10,159,152,177,62,158,160,129,32,131,161,231,134,207,152,169,238,195,224,105,172,159,180,163,162,227,20,48,166,182,168,121,218,155,253,61,254,63,129,193,128,193,197,197,132,207,216,193,152,223,216,137,158,223,226,161,209,215,4,215,134,207,216,213,246,177,220,159,207,159,96,163,194,227,229,193,230,231,233,227,107,251,221,249,220,239,224,243,176,243,252,179,247,255,113,253,253,255,236,251,255,255,8,3,6,1,4,13,4,39,40,9,24,15,8,13,4,14,0,17,4,55,16,61,28,23,26,24,52,58,120,53]
CFO=6839.417040172653,STO=6
EsN0dB=8.83,GRXdB=40,N0=0.0015848932089284062
packet_number=132,correct=False,payload=[66,1,2,3,4,5,2,3,8,9,10,11,12,109,142,87,16,21,18,19,20,149,22,23,81,25,91,27,28,29,30,31,34,1,42,35,36,101,38,39,42,41,42,107,44,45,46,47,50,49,50,51,52,37,54,54,56,57,26,59,60,29,62,191,64,65,66,99,64,69,71,71,72,73,74,75,76,93,78,77,80,81,82,83,76,85,214,87,88,89,218,91,93,93,222,95,96,225,102,99,96,101,119,103,104,105,74,235,108,105,110,107,112,113,114,115,125,85,116,119,88,123,122,123,126,125,126,255,128,129,130,131,132,197,134,135,136,137,138,139,140,137,140,143,16,145,146,147,148,183,214,151,136,153,158,159,156,188,158,95,176,161,162,163,164,165,175,167,168,169,170,171,172,173,174,175,144,177,178,163,164,181,182,182,186,185,186,187,252,189,187,191,192,193,250,195,236,197,198,231,200,201,202,203,204,205,206,207,208,81,218,203,212,213,214,215,216,217,218,219,252,221,222,223,224,225,162,99,236,229,230,231,232,233,251,235,204,236,238,110,248,241,242,227,244,245,246,247,248,233,254,251,253,253,234,255,4,129,2,39,196,69,6,15,40,11,42,11,12,13,10,159,16,17,18,19,92,21,22,23,24,25,154,91,140,29,90,31,32,33,34,34,172,37,38,39,168,41,42,171,44,45,46,47,50,49,50,179,52,52,54,183,56,57,62,59,61,45,126,63,65,193,66,67,68,69,70,215,72,73,75,75,76,109,78,79,80,81,83,83,84,117,86,87,88,89,90,91,92,95,94,79,96,101,98,103,100,101,102,115,76,73,106,107,76,237,110,111,112,113,114,115,116,245,118,247,120,125,250,123,252,125,126,127,128,129,2,131,36,197,150,199,140,137,138,139,172,141,142,143,144,145,146,151,148,149,150,151,144,153,152,155,28,157,190,159,160,161,162,227,172,165,166,167,168,169,170,43,172,173,174,175,176,145,178,179,181,179,166,183,56,185,186,187,188,187,190,191,192,193,194,195,196,193,198,198,200,201,139,203,204,205,204,207,144,209,210,83,213,21,150,247,216,217,218,219,220,221,222,207,232,225,98,163,230,229,126,231,236,233,234,235,228,237,239,239,240,225,246,249,180,245,246,247,250,249,250,243,180,253,255,255,0,1,2,3,196,13,6,119,8,9,10,11,141,13,10,31,48,17,22,19,148,21,22,119,24,25,31,27,28,29,30,31,32,41,98,35,165,37,38,39,44,41,10,42,44,45,110,47,48,177,50,51,52,53,178,183,56,57,58,99,60,61,124,63,64,96,66,11,68,69,102,71,8,73,74,75,76,76,206,79,80,81,118,83,92,85,86,87,88,89,90,91,92,93,94,95,96,97,96,51,100,101,236,103,104,41,106,107,108,108,110,111,112,113,114,119,112,116,114,119,120,89,122,123,120,125,126,123,134,129,130,131,140,132,134,167,160,137,138,139,140,141,142,143,144,145,146,155,208,149,150,223,144,185,154,155,156,157,158,159,160,161,162,163,164,164,230,167,168,168,170,171,172,141,154,175,176,241,242,179,180,39,54,183,250,57,186,187,29,191,254,191,192,193,194,195,68,197,198,199,200,221,216,203,204,141,206,223,208,245,210,211,212,213,214,195,248,217,202,223,222,220,222,159,96,97,226,227,228,101,246,231,232,233,250,235,236,237,238,239,240,249,242,243,244,245,246,247,248,249,250,251,252,253,254,255,8,1,6,3,20,7,14,71,8,9,10,11,12,13,14,15,16,17,18,19,20,21,22,23,24,24,18,27,20,29,30,31]
CFO=8860.911606282016,STO=0
EsN0dB=9.63,GRXdB=40,N0=0.0015848932089284062
packet_number=133,correct=False,payload=[1,128,2,3,4,4,14,71,8,9,18,3,24,12,14,14,16,18,22,3,20,21,22,7,24,25,26,19,28,31,62,31,0,97,38,35,52,35,38,55,56,97,42,43,44,45,46,15,32,33,50,51,48,53,54,55,56,57,58,58,60,63,62,59,192,65,66,83,0,68,70,199,88,72,10,75,12,73,143,75,80,112,80,83,212,85,54,86,24,88,82,91,88,92,30,89,97,161,66,99,100,68,100,199,104,233,110,107,76,105,110,79,100,34,114,115,116,125,100,119,240,59,122,123,252,61,254,125,0,129,2,131,132,133,134,135,136,0,142,147,140,29,142,15,144,209,146,19,144,145,150,135,152,145,154,154,153,157,158,159,161,225,162,131,60,165,6,135,130,169,226,171,172,173,174,30,160,177,161,51,180,177,182,167,184,25,42,187,156,189,62,191,192,193,194,195,196,213,198,207,200,201,206,203,76,137,159,207,208,209,194,209,220,223,212,151,248,153,218,218,220,223,222,223,224,225,226,227,164,103,230,199,232,229,240,235,236,205,254,238,240,241,242,243,231,253,246,247,248,251,184,251,252,253,254,255,0,0,2,3,132,5,4,7,8,9,42,11,10,13,14,95,16,33,18,18,52,20,22,23,24,152,24,27,28,29,28,27,32,33,38,13,108,37,38,39,32,41,58,3,44,13,46,47,48,48,50,51,52,52,52,55,56,121,52,58,60,53,62,55,64,80,66,195,196,69,70,79,104,65,10,75,12,77,78,79,208,144,66,23,86,149,92,86,216,27,94,91,92,93,222,95,100,101,98,99,100,64,70,7,40,233,106,107,100,101,78,255,96,113,114,115,124,117,118,118,120,121,120,83,116,121,126,126,0,1,130,3,128,137,140,135,137,137,9,131,157,141,141,135,16,145,146,51,132,148,23,167,152,153,154,159,152,157,159,159,0,161,3,163,180,167,174,167,168,233,168,171,172,237,132,63,176,176,160,163,184,189,247,191,176,187,186,187,188,191,190,191,192,193,194,195,133,133,206,199,201,201,130,203,204,221,206,223,208,145,210,211,245,209,150,199,216,249,202,211,156,221,219,215,96,161,227,227,228,197,102,231,232,219,200,107,124,237,238,239,240,209,230,243,244,249,246,255,232,217,250,251,248,253,254,127,0,1,0,7,4,5,46,3,8,8,8,2,28,9,12,14,16,16,62,49,20,21,52,22,25,152,26,27,24,31,26,31,32,41,34,99,4,32,14,103,40,41,24,43,44,37,60,47,48,50,50,51,52,39,38,55,58,57,20,59,60,41,62,63,192,192,64,66,64,68,70,71,192,73,218,195,76,12,78,79,80,65,83,55,84,85,86,199,216,249,88,27,92,93,94,93,64,97,98,98,100,100,102,103,112,105,104,107,72,79,78,111,112,97,224,112,108,119,118,246,120,121,114,123,124,125,94,127,128,129,130,129,4,5,4,135,137,139,130,139,28,141,158,143,144,145,162,131,180,49,174,135,16,153,138,53,156,157,156,223,128,161,34,167,172,111,166,15,184,169,40,171,40,61,174,63,48,177,240,178,180,189,54,183,48,187,184,127,184,253,189,255,192,194,130,135,213,197,207,199,136,201,194,203,204,201,159,206,228,147,97,215,212,213,70,199,216,217,218,251,216,221,158,159,224,193,224,227,196,229,198,239,104,237,200,235,204,233,238,239,240,225,224,243,228,231,255,191,248,249,250,235,252,253,254,255,0,1,2,1,20,4,4,14,8,1,10,10,12,13,14,14,16,16,16,17,20,21,22,23,24,16,48,53,20,29,158,30]
CFO=7446.341009358293,STO=7
EsN0dB=8.18,GRXdB=40,N0=0.0015848932089284062
packet_number=134,correct=False,payload=[130,27,56,72,105,207,18,0,0,12,0,10,12,12,0,6,20,47,52,62,24,10,32,48,4,102,104,32,44,46,48,114,36,62,112,124,56,60,65,70,196,71,128,206,108,92,0,84,118,212,88,18,92,92,240,64,228,124,72,74,104,140,240,116,112,86,248,112,124,127,128,1,13,14,136,25,141,156,16,179,148,174,56,241,188,190,96,102,0,43,169,250,204,44,244,242,164,230,48,61,253,189,129,197,132,198,200,195,219,95,240,176,220,247,216,151,248,220,226,197,228,239,248,230,237,239,240,228,253,231,96,255,248,255,67,0,72,13,9,15,60,23,1,34,21,22,184,26,24,30,33,34,75,7,40,26,107,46,34,54,34,62,59,127,30,127,1,143,212,175,91,10,76,31,147,215,251,22,154,243,95,94,1,106,90,231,240,139,253,111,120,231,120,102,113,127,255,255,135,7,13,143,128,143,157,143,17,35,39,15,153,24,159,59,33,198,39,231,105,215,205,175,163,183,247,167,49,243,253,63,141,231,141,207,219,142,203,207,113,199,165,191,217,147,249,159,195,199,239,255,193,239,245,239,211,211,181,231,241,247,254,252,32,66,12,12,16,86,188,12,16,32,4,158,154,24,88,62,32,34,105,6,40,50,62,14,112,122,52,230,56,52,60,62,216,134,52,8,72,86,198,86,112,2,84,76,218,82,154,116,224,71,96,118,104,230,84,110,112,114,240,246,48,114,106,255,129,168,140,132,129,139,157,221,2,176,180,157,216,146,184,31,162,2,228,167,185,233,184,62,241,50,176,166,184,57,60,63,132,68,196,206,200,211,205,195,195,194,180,254,208,221,252,220,192,227,245,229,220,207,252,252,224,240,248,70,248,219,252,254,0,15,9,15,9,78,14,39,18,18,50,46,153,23,120,59,99,35,44,47,0,113,15,111,51,101,12,63,81,114,61,111,2,67,164,214,138,57,83,95,33,214,19,38,217,218,159,94,225,99,69,198,105,251,201,111,80,246,45,119,241,123,248,127,129,67,44,199,57,151,24,15,185,151,169,191,155,27,191,31,97,170,161,102,107,187,61,187,160,87,111,181,241,183,61,249,211,231,13,214,211,143,207,223,201,178,221,175,209,147,249,255,97,227,199,239,241,75,222,223,233,243,249,247,249,251,253,254,64,128,12,64,24,28,28,140,29,32,4,50,24,58,28,22,0,2,12,79,1,2,108,44,116,54,96,98,112,58,124,61,194,130,132,12,88,142,77,78,224,192,208,62,154,112,92,30,224,226,52,100,236,242,76,104,48,117,116,92,240,122,125,249,128,2,128,4,161,135,140,10,129,177,49,45,185,30,187,30,32,167,192,197,17,238,154,141,184,106,45,117,177,240,252,60,193,197,148,15,129,212,204,155,242,54,20,247,129,216,156,191,224,239,192,244,241,212,253,204,225,245,196,252,253,245,253,254,1,35,5,207,3,11,74,56,10,54,5,38,61,27,2,23,11,47,2,7,234,239,12,46,50,103,91,44,123,59,124,125,200,70,147,143,19,207,72,78,96,199,15,224,80,155,220,223,226,134,235,71,200,102,168,254,227,226,240,63,240,238,254,127,9,131,13,143,145,47,31,31,51,139,187,55,25,19,61,55,229,99,87,165,154,187,125,175,241,167,247,231,50,51,93,183,241,135,199,133,201,139,139,223,193,177,215,223,217,215,157,207,225,231,205,231,203,251,77,207,177,247,243,191,185,233,255,253,1,132,12,13,0,2,8,76,48,162,136,52,32,22,24,30,96,102,32,109,56,92,72,31,112,242]
CFO=3693.1985436681384,STO=2
EsN0dB=-19.23,GRXdB=40,N0=0.0015848932089284062
packet_number=135,correct=False,payload=[103,125,46,118,126,6,23,173,177,172,76,58,0,117,214,220,202,80,48,47,42,206,19,11,2,165,200,69,209,191,244,64,185,212,91,51,251,41,149,57,164,166,127,89,101,23,17,211,57,65,105,62,97,129,93,90,77,171,153,27,216,150,163,192,97,115,117,76,40,68,94,111,39,51,57,199,90,39,152,139,122,84,86,77,178,202,118,149,102,192,98,135,186,53,92,5,208,9,195,164,11,131,172,12,126,251,117,177,51,145,149,120,94,134,180,79,137,211,117,16,130,230,62,44,236,148,159,88,161,63,151,131,121,73,114,150,96,96,10,156,132,152,230,171,68,220,116,161,13,254,182,19,151,70,28,137,213,73,11,23,77,108,192,194,43,191,71,147,204,138,133,126,63,123,247,189,186,74,176,254,133,8,197,87,108,162,71,154,213,244,101,109,200,222,167,68,159,157,211,63,58,209,88,1,99,85,247,127,114,246,79,126,36,151,106,150,179,77,79,14,25,110,140,122,78,154,147,101,196,108,93,38,124,91,133,154,220,74,75,216,126,13,94,137,189,16,104,225,120,33,96,61,247,153,116,142,153,166,242,56,21,38,118,11,249,116,165,28,124,243,157,112,242,46,85,36,72,222,84,116,9,185,51,241,56,70,102,218,13,184,172,69,106,248,39,74,216,141,26,175,187,184,162,220,175,38,253,168,197,32,159,5,63,145,64,136,1,16,95,101,145,237,137,58,140,168,62,15,9,238,182,101,25,8,116,177,208,77,104,17,110,207,53,70,162,230,55,2,129,115,144,193,246,239,212,128,237,192,39,42,229,109,44,192,27,250,109,60,105,104,186,116,165,167,155,36,206,42,105,59,209,130,197,197,23,159,139,84,7,35,105,19,172,221,215,26,240,136,161,8,181,98,147,24,206,147,169,234,99,166,10,183,16,159,15,207,251,115,123,103,105,35,163,139,5,13,96,80,93,208,120,94,245,135,18,136,23,154,14,18,85,174,245,252,47,106,187,218,8,207,106,11,252,120,31,108,201,144,104,102,162,254,76,238,64,26,70,183,138,253,179,72,102,238,33,212,118,27,236,139,233,238,181,173,43,223,31,166,98,154,182,12,141,66,55,31,133,185,129,239,35,22,98,42,193,106,88,73,149,107,174,179,54,201,212,96,179,124,169,240,187,228,135,64,150,84,108,93,231,85,167,41,137,244,241,90,203,219,4,22,196,17,208,30,109,225,44,108,135,34,238,48,229,234,27,161,196,124,95,143,166,158,215,66,120,43,167,227,218,126,119,19,182,106,119,25,174,121,128,23,90,243,28,6,241,73,196,232,39,175,245,221,198,98,3,150,71,96,51,244,146,189,55,185,44,175,178,56,247,62,118,207,40,116,98,92,213,79,11,180,166,144,174,16,0,206,93,52,87,74,55,131,243,216,228,177,236,227,200,68,7,37,171,225,137,135,81,141,35,220,129,252,21,51,86,47,238,49,223,48,113,158,160,73,93,58,96,96,153,181,184,122,0,114,114,168,150,25,124,100,202,225,249,167,251,195,244,35,149,177,181,76,69,225,211,145,159,211,35,111,24,48,252,187,55,238,138,146,246,235,224,126,73,71,131,10,190,91,134,94,33,107,114,170,111,91,11,191,129,119,225,225,137,221,214,177,223,52,221,47,9,184,163,2,38,192,107,87,182,89,18,247,215,168,171,129,15,99,122,5,247,198,216,43,228,143,37,133,157,222,190,95,142,224,69,63,7,59,51,193,92,133,49,87,244,64,253,232,228,13,86,21,213,136,19,174,235,51,166,89]
CFO=9145.440211631822,STO=6
EsN0dB=7.38,GRXdB=40,N0=0.0015848932089284062
packet_number=136,correct=False,payload=[0,17,0,3,36,13,68,4,26,1,10,11,72,13,30,14,32,24,18,19,20,51,116,7,24,49,18,59,148,85,152,31,97,34,98,34,32,129,6,166,8,25,10,11,44,24,47,110,17,49,118,48,54,109,146,55,40,33,63,27,60,57,58,63,64,193,102,75,212,69,29,78,104,75,2,75,140,13,78,79,0,51,64,198,156,118,86,111,112,25,154,67,126,93,90,223,96,225,64,98,172,69,100,226,98,64,98,107,76,89,126,125,97,65,224,227,48,245,254,119,248,112,118,115,180,29,108,127,132,161,18,131,196,181,133,135,132,137,10,171,152,152,142,15,16,49,146,147,52,165,4,151,216,25,146,19,152,172,151,159,128,161,32,39,164,133,70,5,168,105,74,171,140,191,14,142,240,176,178,149,180,61,182,167,184,185,175,187,252,189,188,187,192,193,131,199,192,197,196,199,137,203,134,195,140,207,206,141,145,25,130,211,212,233,150,210,220,219,126,155,216,157,222,223,224,193,226,195,68,211,198,231,232,97,90,171,105,204,142,221,240,253,242,247,224,229,178,231,123,219,226,235,189,237,246,110,0,129,132,0,8,21,12,6,24,9,16,43,8,13,30,15,8,17,16,19,20,29,6,83,16,24,30,123,60,24,52,31,96,67,34,67,8,5,38,5,104,40,124,18,45,47,7,47,48,49,34,51,34,165,54,55,32,122,59,107,60,52,62,63,64,192,6,67,88,69,202,196,72,76,139,203,28,77,14,14,80,81,18,83,68,81,70,82,144,124,74,90,90,221,223,94,224,33,98,43,36,36,78,71,224,241,98,66,236,107,126,222,224,113,242,115,112,118,230,127,248,56,120,119,121,253,124,117,128,193,128,134,66,1,142,135,176,129,158,18,141,5,135,143,32,161,152,83,52,129,180,183,184,217,182,31,156,145,60,159,225,129,36,5,164,129,228,135,160,41,130,138,172,173,206,111,160,51,50,123,125,101,191,110,152,183,252,171,61,177,63,63,193,128,130,195,128,133,68,135,217,193,200,203,207,201,79,207,73,209,145,147,144,237,215,148,152,210,222,219,224,221,214,223,224,65,192,195,245,196,228,231,160,232,206,219,109,189,202,239,113,41,227,243,212,248,238,239,245,241,211,255,232,253,254,239,0,0,2,19,12,4,12,19,24,19,168,1,28,29,14,7,16,16,24,30,36,21,154,6,25,217,26,19,25,185,30,63,32,64,2,2,36,5,4,79,40,41,186,10,12,25,126,31,100,48,34,99,116,116,54,119,48,56,54,120,56,61,30,47,64,0,68,71,196,11,196,2,68,72,154,91,72,93,138,15,128,118,148,67,196,86,86,15,58,89,58,89,92,121,30,93,224,196,242,131,96,101,78,110,64,107,40,75,232,79,108,239,114,98,112,163,112,125,126,231,120,112,112,123,124,125,127,124,128,135,130,3,132,133,3,7,144,9,146,159,12,141,142,181,1,19,160,162,152,5,150,151,50,145,141,51,152,25,158,191,160,225,102,128,164,5,166,7,8,143,234,43,189,173,126,171,48,32,52,243,244,181,150,167,162,153,60,191,188,249,62,151,193,195,230,139,246,165,2,198,216,209,202,129,204,141,197,235,209,209,210,247,205,133,148,183,216,155,240,210,220,217,221,191,226,225,228,227,80,197,247,199,232,225,235,238,168,221,236,255,228,209,227,231,228,241,221,204,249,250,250,215,248,185,239,127,16,128,2,7,0,5,38,70,0,13,2,64,77,28,14,14,160,243,0,55,50,21,20,52,24,11,54,31,60,25,28,191]
CFO=-471.6604621854086,STO=2
EsN0dB=6.24,GRXdB=40,N0=0.00199526222422719
packet_number=137,correct=False,payload=[206,89,3,83,45,183,94,135,13,205,186,43,63,77,154,15,114,17,19,47,189,29,150,87,186,27,62,139,111,93,127,63,32,165,167,35,88,181,46,167,109,168,234,111,110,79,166,255,120,59,54,99,62,119,55,55,60,57,250,251,188,253,182,191,73,113,66,209,204,105,71,71,120,109,122,107,72,95,206,255,119,89,114,215,222,68,199,223,24,89,95,95,254,92,14,95,230,227,103,103,100,228,230,119,120,112,106,107,245,255,126,239,248,247,255,231,126,229,82,247,56,123,122,123,253,111,127,253,129,135,150,139,83,235,150,67,143,155,218,219,140,189,207,159,171,144,186,215,144,190,210,147,251,153,250,223,157,221,159,158,174,163,178,163,164,167,182,239,236,169,171,171,110,171,174,254,190,251,182,245,180,182,182,183,249,255,254,187,250,189,254,191,192,229,203,199,221,199,199,239,203,235,236,249,237,205,222,205,216,241,214,211,255,247,247,55,216,249,219,219,252,223,238,215,218,227,231,239,229,229,254,239,233,121,234,251,238,239,238,255,228,247,243,247,246,243,254,244,219,249,126,251,254,253,254,239,192,141,2,19,132,111,6,15,76,233,6,30,143,175,95,149,210,187,18,209,21,157,182,151,154,115,59,155,94,89,94,221,39,189,231,11,164,5,38,39,173,113,91,163,190,173,190,47,241,49,50,183,54,61,182,127,61,123,62,185,60,157,174,63,198,105,98,66,208,69,69,127,73,205,207,79,94,77,102,111,221,83,250,115,86,125,222,157,90,95,251,219,124,117,86,127,115,99,107,115,228,231,110,127,121,89,126,239,124,125,255,111,120,113,83,231,93,119,119,247,125,127,250,121,124,95,255,110,146,161,202,139,133,149,142,183,40,141,159,31,140,237,206,143,129,149,147,145,221,151,54,183,153,185,138,251,157,255,158,187,156,177,162,191,175,167,230,239,43,229,174,175,189,189,170,191,182,183,186,251,150,61,246,174,186,255,191,255,191,255,186,159,192,229,162,195,196,219,207,215,233,201,238,79,238,221,254,239,220,193,242,81,212,117,214,215,155,219,203,235,221,124,222,255,232,249,250,239,237,215,239,231,218,237,234,231,252,236,239,239,117,125,242,255,252,253,246,255,250,251,254,251,191,255,230,255,66,103,115,5,102,149,94,133,106,25,46,41,44,78,239,127,190,17,243,19,55,77,118,119,27,25,158,219,127,157,25,215,48,161,34,106,100,37,118,103,43,109,126,57,111,105,46,174,249,181,178,55,119,61,190,191,123,123,90,63,244,127,118,127,220,102,31,115,76,215,79,125,127,123,110,77,207,77,46,79,85,117,114,223,23,213,86,21,123,121,95,217,93,93,127,255,104,103,107,231,100,233,166,127,204,107,234,115,236,109,106,99,116,119,114,115,125,117,126,63,252,121,63,121,92,249,254,255,224,167,134,131,180,167,214,135,140,169,139,139,205,159,206,159,242,159,242,219,149,245,158,212,219,253,159,219,188,157,223,255,178,169,162,171,180,229,174,183,173,171,174,171,168,189,190,255,174,180,177,171,228,189,182,247,253,253,186,255,188,181,254,255,248,197,211,231,213,239,207,194,200,233,202,251,222,253,222,79,208,201,210,239,212,247,222,213,96,249,223,219,220,253,126,223,240,243,98,231,239,239,231,247,233,251,234,235,252,252,237,255,180,253,254,183,247,245,246,247,220,253,214,243,239,253,255,239,129,1,66,115,69,161,6,39,106,73,202,219,159,141,78,135,82,59,87,211,20,21,22,19,184,189,27,11,30,157,150,95]
CFO=10457.803193769303,STO=3
EsN0dB=6.22,GRXdB=40,N0=0.00199526222422719
packet_number=138,correct=False,payload=[136,1,3,3,4,5,10,15,8,41,6,147,12,13,46,108,16,129,16,27,28,5,22,150,24,41,30,27,21,13,28,23,34,33,58,33,38,53,38,39,1,41,106,43,44,45,238,111,56,48,50,49,16,45,23,55,184,3,58,11,60,57,62,61,66,69,66,3,4,1,70,71,137,9,36,75,76,105,78,75,68,113,80,83,84,113,82,87,80,25,24,90,76,93,220,91,96,121,226,99,228,48,38,102,104,105,72,123,104,111,110,111,48,209,114,114,118,101,118,246,113,121,90,171,118,121,254,62,128,129,138,33,132,5,166,135,138,141,74,139,140,156,78,111,16,145,144,147,148,181,186,151,152,189,152,146,220,25,14,157,224,41,162,225,164,33,132,167,186,169,170,163,172,37,130,171,188,161,178,147,165,181,180,55,248,177,186,185,236,165,62,146,192,199,192,194,228,197,198,133,192,77,128,223,128,237,239,129,216,209,211,209,212,149,22,211,216,219,250,219,221,21,222,159,160,225,98,243,132,105,228,231,168,216,170,235,236,233,206,239,144,243,242,208,244,245,180,165,184,243,248,251,236,245,254,251,8,41,130,67,4,69,66,7,0,9,10,11,140,9,14,30,20,49,18,81,6,149,6,19,152,56,26,25,20,29,26,29,32,225,34,37,4,53,32,166,40,185,46,42,44,13,42,15,208,112,114,34,52,49,54,53,112,25,122,63,60,61,116,39,65,96,98,75,69,69,194,70,40,73,90,75,72,77,70,79,64,80,114,102,68,87,94,85,90,89,90,91,92,93,92,95,240,97,34,115,112,36,34,102,96,64,106,59,108,101,110,111,82,112,122,115,116,243,112,119,88,121,98,123,125,249,110,255,132,33,2,130,132,132,166,131,2,137,138,9,159,140,14,143,144,145,18,146,164,213,20,178,128,136,186,154,30,157,158,155,176,128,1,128,228,165,230,167,170,161,169,171,40,37,238,132,180,177,50,50,212,213,166,55,160,137,56,187,182,177,62,159,192,137,202,195,212,197,134,199,64,217,202,75,140,205,132,203,145,209,16,81,213,213,212,199,216,49,216,249,140,149,94,222,224,233,227,115,230,237,230,135,226,233,174,139,44,96,174,207,240,241,178,243,252,159,244,247,248,201,122,231,252,108,254,255,0,1,72,2,36,5,6,71,0,17,10,11,12,9,78,13,48,1,170,16,53,212,30,21,82,25,25,27,212,29,31,14,33,161,34,163,48,13,38,7,32,41,46,75,32,45,14,59,48,115,50,51,52,53,54,5,48,57,24,163,44,21,46,63,66,65,82,43,84,68,12,159,72,25,74,203,76,76,94,69,64,65,82,19,21,85,22,87,91,89,106,74,220,89,28,83,96,41,104,3,101,101,47,103,105,59,234,120,40,109,230,238,112,59,226,114,96,113,198,119,8,120,122,115,125,61,60,126,136,48,10,3,4,149,134,135,64,161,131,139,140,141,142,137,18,145,146,147,212,213,150,197,24,185,186,159,60,157,158,159,184,160,166,160,160,129,162,133,168,169,34,35,174,47,170,43,176,169,144,53,144,181,182,243,184,57,27,187,62,191,186,183,226,17,194,130,196,229,198,199,8,65,202,219,138,205,206,143,220,213,210,81,212,197,90,215,200,217,218,219,204,205,214,223,224,225,226,226,236,229,198,247,168,235,226,1,232,236,234,111,248,245,114,251,228,245,182,231,240,232,242,251,252,188,254,189,4,97,11,2,133,133,14,5,8,1,138,27,13,13,6,15,144,33,18,18,20,17,22,150,24,33,26,155,28,29,30,31]
CFO=7835.322179865289,STO=1
EsN0dB=6.11,GRXdB=40,N0=0.00199526222422719
packet_number=139,correct=False,payload=[27,242,1,0,34,36,194,80,33,112,224,190,217,217,73,229,112,89,9,17,1,184,224,17,230,185,194,201,226,113,193,233,241,170,3,34,50,114,194,18,36,112,194,72,98,158,226,59,115,184,7,91,241,146,1,75,99,115,131,201,179,243,65,217,241,254,4,5,34,28,42,68,170,124,228,126,180,148,160,215,208,252,71,16,1,178,14,27,69,61,229,149,101,164,228,244,240,242,7,94,54,94,38,70,231,59,6,140,39,183,247,131,246,83,67,191,39,147,73,79,79,254,139,223,215,159,195,247,227,248,0,16,36,56,41,60,116,122,196,24,228,188,248,224,236,236,128,12,37,29,169,248,101,252,204,88,221,16,249,215,237,248,12,27,14,61,110,27,121,122,151,158,138,200,106,248,248,251,15,137,180,57,11,67,195,57,143,219,227,187,201,201,239,220,14,44,62,60,108,92,173,126,172,12,44,252,76,77,102,126,141,151,173,44,95,189,109,189,196,254,213,157,79,194,236,183,78,30,44,93,70,110,78,122,15,159,125,188,206,95,99,255,3,6,127,125,75,95,95,63,143,159,171,159,231,219,47,184,2,72,32,33,0,16,40,116,112,152,128,249,128,208,224,251,133,208,37,17,193,81,97,49,201,129,171,89,161,200,240,226,130,16,48,56,98,194,66,114,70,163,162,179,96,249,97,98,129,19,1,147,3,99,27,187,134,147,131,187,229,196,39,244,2,22,102,52,164,116,50,122,196,17,196,148,102,88,248,231,2,22,3,181,0,31,103,188,4,146,175,153,197,209,90,210,2,30,23,22,207,83,230,123,68,155,118,30,134,23,231,231,131,147,183,51,39,87,103,255,165,215,231,211,215,213,167,248,41,152,128,25,0,8,108,116,192,28,170,165,78,253,236,56,133,184,41,25,72,61,185,104,9,185,168,211,157,219,232,219,90,11,9,122,40,214,40,58,224,74,202,90,240,222,202,251,135,25,106,234,137,91,51,123,203,219,199,189,205,203,251,255,172,30,4,14,77,30,100,120,44,206,244,188,78,223,229,213,12,158,44,60,68,31,12,60,137,253,173,191,236,207,229,254,14,15,70,135,79,14,126,127,162,110,186,94,207,220,254,247,15,31,191,110,63,79,111,127,196,135,167,223,207,215,238,240,0,60,24,180,76,208,97,252,1,136,240,240,96,208,240,113,89,25,33,57,17,80,245,113,161,17,32,249,213,243,225,250,0,26,7,19,98,2,39,91,143,216,226,186,209,211,103,249,163,154,67,41,66,49,80,113,185,179,179,113,225,210,177,244,12,16,34,162,71,214,96,100,70,154,162,156,130,184,224,182,5,8,176,21,85,22,46,243,229,29,218,189,199,28,100,123,23,36,50,94,198,83,69,50,135,154,118,87,207,195,102,114,1,83,55,81,3,87,110,119,151,207,35,179,207,119,227,252,10,28,52,48,124,72,40,56,12,24,164,152,200,216,248,125,172,24,59,167,96,221,39,94,141,152,113,185,200,205,124,186,42,16,40,24,91,122,104,26,138,148,52,242,203,254,250,251,13,27,63,62,107,203,127,123,205,209,185,157,11,219,115,254,8,28,44,28,76,92,62,110,12,76,142,254,204,252,238,249,197,205,93,63,140,255,45,93,199,222,37,157,232,205,252,244,14,30,5,27,79,77,95,254,143,158,231,63,206,109,190,252,14,25,47,127,78,63,47,215,147,243,175,159,207,207,255,144,0,58,32,24,112,113,44,32,224,216,40,48,192,208,225,176,1,129,48,107,176,129,99,241,129,129,249,163,225,241]
CFO=11070.621995663618,STO=5
EsN0dB=6.11,GRXdB=40,N0=0.00199526222422719
packet_number=140,correct=False,payload=[12,9,34,1,4,5,78,5,72,1,26,75,12,12,168,13,200,17,19,3,20,20,22,7,24,152,8,25,28,25,18,31,32,32,34,33,4,33,39,35,42,40,42,10,44,41,38,47,80,49,178,51,52,53,18,164,43,56,42,59,124,29,42,63,104,65,2,67,68,69,2,7,128,73,74,67,88,76,10,207,80,81,16,19,20,85,30,87,88,25,88,91,88,89,126,93,96,33,162,99,36,13,38,71,100,93,106,99,104,97,68,91,228,113,243,115,84,119,38,53,168,249,106,115,60,61,122,127,128,129,2,151,140,204,135,133,140,201,130,171,136,5,142,222,144,145,134,147,148,29,150,18,184,184,27,153,28,173,18,223,150,161,170,167,160,160,134,39,172,168,170,161,126,185,158,31,176,144,178,163,180,61,166,183,174,57,152,11,188,189,190,191,192,193,82,131,230,204,198,135,200,140,203,74,200,213,142,140,65,210,208,211,212,37,214,149,200,217,154,75,220,93,222,221,194,225,106,233,228,227,226,231,224,233,232,171,254,173,206,239,240,249,242,123,180,229,174,247,58,121,250,217,252,108,218,127,0,65,22,131,12,39,4,7,72,9,10,10,12,24,14,31,18,17,16,51,6,21,6,87,152,17,26,27,124,29,159,159,96,161,34,49,32,37,6,35,40,41,51,43,44,101,46,15,112,53,20,51,36,36,22,23,56,24,26,59,112,60,62,61,64,193,66,161,20,109,70,70,216,64,74,75,72,77,74,79,240,80,82,83,20,213,86,95,94,89,74,83,92,29,84,86,33,97,68,105,68,37,98,70,68,105,98,107,108,110,170,110,116,193,242,91,84,49,117,85,58,56,106,91,108,41,126,118,192,130,194,131,132,133,134,165,212,207,138,139,140,155,142,135,144,145,211,147,148,181,214,151,24,152,158,25,190,156,150,63,160,161,162,163,228,225,166,33,168,169,58,235,236,172,14,47,184,176,162,176,166,53,150,181,57,185,138,186,184,189,182,63,208,193,198,3,132,129,150,197,200,137,106,203,204,205,206,207,209,209,210,193,156,213,214,144,88,137,218,75,205,209,204,205,232,33,230,130,164,165,134,183,232,249,234,227,236,237,238,238,224,209,240,210,212,36,252,117,48,249,250,123,124,253,214,223,0,1,6,1,4,5,0,7,128,9,10,9,76,13,14,47,16,17,26,17,20,20,22,23,8,12,26,26,28,93,26,159,48,38,42,38,40,37,34,37,40,24,42,172,38,45,46,47,56,49,50,17,52,53,54,23,58,41,58,43,44,9,62,63,72,65,64,75,4,69,102,71,72,9,74,86,68,77,11,143,80,17,203,90,52,149,66,23,92,89,90,91,92,29,94,13,96,33,98,96,101,101,38,103,64,121,98,107,104,140,78,39,112,113,114,33,68,84,20,119,57,56,120,235,112,41,246,254,128,131,194,131,4,3,5,135,136,9,136,27,44,137,142,158,149,176,144,128,144,9,150,147,25,153,138,159,156,153,20,159,160,161,42,131,164,165,150,39,160,168,170,171,164,173,174,78,154,249,190,179,36,53,183,182,184,121,162,186,180,61,159,213,20,201,194,195,192,64,70,206,192,72,202,78,196,200,198,79,84,209,210,195,149,197,210,87,216,88,216,203,140,221,158,222,96,229,82,235,102,101,6,231,232,249,250,201,168,109,230,235,116,240,240,177,135,117,212,241,217,185,123,251,174,189,126,255,128,1,2,2,0,13,38,7,136,9,11,11,68,13,47,7,20,1,18,11,20,6,20,4,52,25,58,243,24,29,14,23]
CFO=4884.078547999174,STO=7
EsN0dB=6.05,GRXdB=40,N0=0.00199526222422719
packet_number=141,correct=False,payload=[70,227,130,1,66,199,36,181,6,7,136,221,74,238,36,91,46,39,49,53,25,51,149,29,38,182,28,57,58,26,44,24,12,207,98,33,34,35,37,227,46,55,44,48,46,63,46,167,30,191,49,53,50,51,112,53,38,119,104,57,26,179,38,44,52,239,197,27,203,199,68,69,198,79,88,153,94,93,92,93,78,71,80,249,50,219,85,214,22,167,82,121,90,83,252,93,30,23,240,225,230,235,114,37,126,103,248,107,251,111,92,109,126,127,101,117,122,119,116,231,247,126,122,123,56,117,254,95,254,123,161,129,216,227,68,135,138,135,136,137,168,3,140,161,198,143,16,147,50,149,164,221,130,159,153,185,182,219,15,173,143,215,36,225,39,235,245,165,44,103,186,136,202,191,238,221,175,239,248,177,242,247,180,191,119,157,190,57,190,251,188,237,190,185,210,193,194,210,12,197,204,207,130,205,211,206,76,251,222,207,144,147,214,179,222,213,254,150,217,217,250,153,221,223,250,92,208,225,250,211,196,231,223,227,232,225,234,233,207,249,247,255,226,251,242,211,245,253,238,231,216,191,250,251,253,253,254,255,8,41,64,3,69,73,18,21,16,72,42,195,44,37,14,31,242,81,148,179,148,165,54,87,57,52,136,75,13,29,31,191,11,56,111,7,7,32,39,134,40,185,58,163,124,103,174,251,112,185,22,55,52,53,55,183,56,57,250,115,50,127,62,62,68,193,65,71,204,70,70,87,126,153,90,79,92,13,126,206,216,246,114,255,124,222,2,223,92,249,126,255,252,127,125,95,192,97,114,67,66,237,69,231,248,90,254,123,234,125,126,111,122,112,114,247,124,127,118,62,115,88,86,123,120,191,126,255,136,165,2,135,148,129,134,135,157,10,139,138,212,153,154,213,129,69,178,179,149,156,182,159,221,185,11,147,156,189,158,140,237,173,230,242,229,253,183,194,228,203,185,171,189,189,254,59,177,176,242,179,147,183,46,183,56,173,187,109,188,185,182,31,193,211,96,166,204,197,199,199,193,72,220,137,157,238,138,223,241,211,208,243,116,255,222,183,211,27,214,219,216,247,253,223,229,96,254,231,233,207,246,231,187,249,182,227,205,251,239,239,249,243,86,255,245,246,246,215,248,233,250,171,248,255,190,255,40,13,200,146,5,47,135,19,224,185,12,25,76,29,10,79,132,214,20,115,52,49,94,7,152,25,30,59,28,85,31,47,228,32,172,51,116,182,108,55,241,35,58,187,116,60,62,142,224,49,178,243,100,61,170,150,18,125,126,114,120,253,127,23,193,225,98,223,204,68,76,79,120,83,71,203,76,101,206,28,210,25,82,23,93,85,94,71,154,213,156,123,222,31,222,126,170,80,234,99,100,108,102,126,173,105,122,250,236,239,238,127,248,97,102,115,54,117,246,167,248,112,114,127,124,109,252,127,138,1,150,137,6,143,132,207,184,3,9,147,157,193,204,143,210,179,130,215,184,245,154,30,152,27,155,223,60,155,174,159,224,241,230,235,175,163,165,207,169,201,115,47,124,181,159,173,184,243,179,19,172,182,190,63,57,251,163,247,181,253,55,61,209,193,130,199,204,227,199,135,206,201,236,223,252,143,204,206,240,208,227,139,241,213,159,87,204,219,154,255,148,159,252,255,225,225,99,234,164,167,180,202,220,233,145,203,252,207,237,68,254,249,114,243,252,245,119,239,218,249,220,250,188,253,222,255,146,1,34,133,6,11,30,199,42,26,75,9,8,7,94,15,48,67,22,114,29,5,255,31,25,61,24,10,61,180]
CFO=943.2218510539501,STO=0
EsN0dB=4.47,GRXdB=40,N0=0.00199526222422719
packet_number=142,correct=False,payload=[77,163,180,4,41,75,45,229,127,183,255,157,139,88,174,133,0,50,27,62,108,0,20,137,56,220,19,124,66,10,99,158,141,43,199,50,179,97,141,152,230,174,85,164,27,41,203,168,42,21,60,33,133,254,1,16,136,217,6,137,242,226,160,28,6,154,195,4,193,184,10,31,30,118,120,215,163,178,8,188,191,104,210,68,179,24,232,38,160,60,248,151,224,161,84,240,34,39,79,77,111,208,34,233,153,26,152,78,138,207,165,184,15,210,177,37,171,98,80,67,52,225,71,184,153,122,88,123,97,80,128,108,230,118,44,99,56,167,73,254,221,42,42,0,45,251,113,246,94,52,88,59,236,153,220,218,162,247,239,251,80,79,142,207,104,166,78,137,170,192,255,65,86,136,210,35,122,108,191,85,192,25,58,198,55,62,152,82,181,124,119,80,36,9,141,89,242,15,55,224,106,65,224,61,5,233,191,86,162,88,208,32,207,176,101,153,190,231,69,59,248,101,189,183,35,143,213,134,145,162,225,153,159,222,202,202,109,52,41,245,245,117,118,248,233,90,222,128,46,90,157,117,156,92,221,192,238,120,191,54,52,185,189,232,221,252,126,112,244,248,95,96,118,124,217,100,52,248,253,206,196,238,14,177,206,159,252,236,245,185,190,114,254,185,187,192,167,222,254,222,221,252,254,229,222,232,254,249,252,255,253,10,209,72,13,211,156,25,125,43,103,249,46,185,53,251,189,114,101,77,223,119,85,31,125,233,117,232,111,251,245,113,125,81,245,173,169,177,199,219,223,177,245,251,189,240,247,153,235,217,205,221,205,199,155,217,223,226,247,249,237,240,253,249,251,3,7,15,6,14,23,126,30,191,39,46,174,182,183,59,79,234,247,82,38,241,87,122,95,127,102,115,119,110,178,91,51,211,167,94,158,145,182,190,142,230,215,235,166,251,190,178,223,70,231,194,244,218,206,255,220,231,247,170,239,106,245,216,253,163,119,94,15,121,23,27,183,179,55,27,159,63,55,187,63,35,69,75,239,91,215,91,127,105,255,115,47,210,255,191,127,159,55,173,159,191,215,219,93,187,183,127,223,242,199,191,253,203,247,203,255,251,223,219,239,235,231,249,239,243,213,255,182,8,47,89,142,154,58,28,63,165,119,126,111,248,20,124,124,194,94,68,106,114,22,124,78,120,100,168,220,120,52,251,124,23,180,140,138,253,207,153,28,165,172,172,172,181,180,184,188,253,213,220,173,208,208,188,220,130,245,252,236,246,247,254,252,131,127,128,189,49,31,189,157,247,61,169,127,113,255,185,63,97,117,91,205,210,85,93,127,117,199,79,111,121,167,253,127,229,175,200,205,219,159,207,157,145,189,184,228,177,255,251,191,233,239,201,253,249,229,216,191,231,237,251,110,251,251,249,246,94,150,47,142,112,150,94,30,187,182,58,62,42,182,59,46,103,86,122,227,211,117,106,94,102,102,111,239,123,63,126,60,138,231,218,14,146,215,155,218,242,174,170,30,254,179,254,190,195,254,251,222,190,218,213,250,238,247,255,188,255,246,250,255,35,47,219,31,179,127,27,91,243,39,107,254,179,127,123,31,103,215,239,203,91,255,155,93,99,165,123,123,243,223,249,127,139,223,187,207,155,215,219,191,227,183,187,251,183,247,171,191,71,199,143,239,219,215,255,159,249,247,235,207,255,245,251,252,128,68,108,43,16,94,92,254,48,38,56,44,50,246,250,60,72,196,40,12,88,111,251,222,103,109,232,252,114,118,248,125,193,152,136,14,241,148,189,22,108]
CFO=-2096.2770741032314,STO=3
EsN0dB=-13.72,GRXdB=40,N0=0.00199526222422719
packet_number=143,correct=False,payload=[141,129,197,197,234,24,174,50,176,198,198,133,133,230,194,240,28,101,204,180,119,11,132,8,240,166,241,194,162,65,61,18,29,237,173,142,54,35,242,52,50,40,136,43,222,93,91,4,60,29,76,124,216,18,199,199,211,109,118,176,233,241,174,38,17,138,150,88,200,116,221,223,182,213,193,236,193,152,82,41,95,175,231,54,143,19,172,92,192,121,173,69,121,49,61,15,186,29,142,159,204,37,106,133,48,99,126,5,220,30,98,83,92,136,102,222,194,150,77,179,3,114,243,21,46,94,166,166,82,210,198,58,146,110,24,174,225,89,9,245,103,182,61,0,128,152,238,11,157,207,163,90,26,87,169,228,20,42,100,30,1,28,76,172,111,41,66,173,216,35,63,198,81,177,160,153,235,138,159,110,202,39,111,229,50,253,142,255,131,121,154,139,188,224,170,96,171,48,77,86,44,88,80,234,13,67,48,182,60,54,27,121,12,148,165,148,186,150,48,40,189,131,123,250,218,55,249,159,84,64,215,152,230,99,54,151,99,219,173,169,146,47,114,15,169,253,111,143,133,125,210,9,125,36,126,111,217,127,250,217,251,141,144,136,83,203,109,198,131,37,163,200,188,119,93,61,41,171,79,227,11,205,149,96,223,245,73,29,113,152,78,133,220,163,104,178,138,2,3,204,68,163,240,237,50,104,236,88,120,200,54,165,18,63,212,135,69,205,248,214,38,149,65,176,147,170,203,147,85,84,115,57,132,118,252,136,153,214,94,145,246,66,11,97,73,46,177,16,20,175,222,77,87,58,161,44,11,182,141,67,55,87,171,145,63,227,143,136,35,134,23,255,31,216,183,9,132,81,253,249,42,246,37,131,170,127,6,29,116,225,63,230,221,189,140,151,86,31,116,81,38,219,127,162,255,177,249,95,254,18,180,127,173,73,192,133,238,94,119,84,119,248,157,25,191,36,11,188,58,10,189,45,140,34,232,198,45,246,19,194,82,171,102,66,153,5,25,142,8,164,190,98,185,49,74,143,134,228,22,81,167,22,159,120,119,136,20,1,69,198,108,151,23,57,160,104,19,163,218,119,35,188,142,222,148,141,192,21,248,193,238,171,88,213,155,181,244,64,248,66,45,215,233,28,189,98,90,90,172,201,191,125,34,146,174,126,41,71,127,66,207,240,234,181,196,69,43,221,28,173,94,204,233,224,50,219,10,169,136,123,144,69,72,165,172,198,240,161,209,93,176,241,189,154,70,236,255,173,53,83,100,127,150,252,62,168,118,170,149,130,67,17,187,193,27,20,164,142,87,235,89,76,221,29,79,37,112,172,74,206,148,186,21,46,44,199,14,248,155,7,31,123,145,66,110,11,65,60,176,77,10,74,253,199,205,6,253,230,165,7,164,136,158,254,98,182,25,49,66,168,198,233,129,117,123,52,80,38,21,194,68,112,135,122,44,116,122,5,135,114,234,224,113,66,162,189,101,49,174,93,55,86,250,233,201,13,185,24,174,185,225,5,226,162,54,173,33,86,198,74,143,148,173,124,95,37,185,32,141,26,60,120,28,95,122,54,213,88,249,78,120,10,171,243,28,8,124,237,227,67,186,191,93,224,228,94,90,222,143,152,28,182,160,122,35,140,76,36,85,23,192,160,159,12,184,240,103,37,82,103,25,10,44,115,38,86,133,23,182,91,59,82,204,84,245,17,96,254,252,88,39,10,237,161,98,30,183,242,3,6,214,245,135,41,7,219,24,220,234,201,4,206,237,132,182,89,133,172,17,188,237,25,73,42,125,238,206,196,153,23]
CFO=-3675.551279559464,STO=2
EsN0dB=nan,GRXdB=40,N0=0.00199526222422719
packet_number=144,correct=False,payload=[21,31,6,159,146,28,119,208,217,247,125,70,56,55,51,146,113,32,214,90,253,137,240,117,106,69,123,115,215,196,55,176,81,244,51,54,170,23,130,229,237,245,33,55,177,155,186,196,225,222,254,216,101,190,148,243,255,3,63,88,234,17,95,235,136,146,51,117,6,91,168,66,200,99,234,3,61,141,108,187,208,236,201,154,204,76,230,119,8,188,236,251,205,188,153,24,64,83,74,118,130,0,183,169,28,102,226,135,72,4,29,93,86,191,28,150,96,45,17,74,134,165,6,16,164,43,191,104,58,4,147,5,11,218,133,217,31,240,40,51,74,174,184,60,107,101,201,241,23,35,168,142,106,240,231,160,88,229,75,214,193,168,31,222,150,103,60,113,40,31,103,117,30,108,189,132,235,51,172,41,140,253,134,49,84,40,83,4,201,12,173,191,63,13,246,115,236,43,119,17,214,133,238,223,123,115,243,227,156,160,68,232,111,240,194,56,63,170,165,213,14,30,212,67,242,122,98,233,15,172,154,2,100,38,158,65,216,185,123,112,237,189,208,6,194,131,20,145,65,59,154,14,47,80,170,71,141,83,249,111,232,6,248,80,57,200,120,46,15,180,106,185,234,157,197,130,67,119,208,125,163,69,27,200,39,58,136,44,40,76,209,129,21,198,96,12,19,47,145,199,224,149,33,239,65,37,163,18,88,65,29,253,63,86,67,211,17,37,56,164,65,141,47,78,125,253,139,245,173,99,84,86,135,162,148,99,106,235,236,117,91,234,20,45,108,10,250,57,99,190,122,62,113,162,21,43,22,68,146,81,206,106,249,11,81,253,22,41,75,19,82,26,124,104,130,255,186,238,39,55,20,200,136,19,148,158,44,152,102,29,197,55,169,48,53,171,198,194,3,26,185,199,120,17,22,104,231,0,58,135,55,104,195,134,14,4,220,140,61,140,98,116,118,222,167,141,235,171,64,49,45,149,205,135,188,254,224,241,99,241,1,215,148,51,219,160,213,136,3,5,49,77,106,212,53,234,162,53,8,22,178,244,150,207,199,7,62,17,76,37,9,11,248,54,45,96,50,93,10,249,76,172,36,96,141,48,131,99,132,135,79,191,176,186,136,220,67,52,77,221,117,79,26,70,169,95,214,163,44,50,205,240,191,197,22,157,20,217,62,135,108,239,190,21,97,66,229,152,41,174,221,81,152,178,160,170,108,122,250,202,148,185,105,89,35,150,122,141,38,87,128,55,230,190,71,150,249,221,96,208,211,195,91,115,109,94,138,235,76,98,199,40,192,24,84,167,89,138,46,3,87,167,122,77,181,130,116,203,12,162,36,61,126,89,150,63,246,183,117,46,80,175,126,147,165,17,61,32,45,84,2,30,60,107,50,55,76,62,255,38,160,179,17,164,246,12,86,154,195,102,49,232,149,136,83,187,237,221,24,203,177,125,173,134,236,208,58,33,179,146,17,245,216,118,111,162,207,57,104,102,143,184,17,126,34,245,52,43,71,34,243,170,74,107,209,67,104,2,175,197,53,237,169,126,116,140,108,102,245,137,132,149,155,143,242,88,236,198,242,113,232,211,112,193,59,228,219,148,212,30,221,8,48,102,121,182,140,216,164,110,149,14,123,202,177,84,26,237,65,37,201,171,75,1,140,203,165,83,28,178,215,70,74,126,115,107,144,239,99,248,231,129,224,32,79,176,85,80,142,201,197,131,169,208,190,131,140,208,21,235,59,173,25,78,186,21,250,82,206,134,41,167,178,197,116,197,145,15,60,121,59,241,45,154,239,26,227,225,211,7]
CFO=2759.893984993439,STO=3
EsN0dB=-16.57,GRXdB=40,N0=0.00199526222422719
packet_number=145,correct=False,payload=[119,40,9,96,10,46,177,93,60,22,84,151,112,113,224,229,27,170,209,221,253,248,47,84,50,201,119,227,144,233,253,140,222,154,36,32,33,163,48,186,215,201,110,50,29,220,223,131,215,203,78,143,233,247,229,173,242,81,112,147,200,209,230,254,143,174,144,216,67,9,141,163,26,162,60,78,97,195,125,190,93,211,171,139,88,217,64,219,40,42,56,8,103,174,254,211,18,247,16,172,24,192,210,207,110,63,45,79,27,160,108,197,200,84,191,118,164,169,235,206,75,208,120,43,220,232,151,246,58,204,33,76,237,105,75,193,205,214,136,113,246,194,77,165,89,200,5,188,137,0,231,153,30,83,100,145,191,177,223,182,239,46,83,138,38,193,157,228,139,207,137,94,219,198,81,246,80,84,217,222,230,47,107,250,233,214,184,253,42,71,143,175,137,247,240,60,248,83,122,14,235,242,204,115,82,78,225,119,160,82,90,65,154,218,229,68,33,78,200,143,147,139,170,236,74,6,119,53,10,115,129,251,171,66,85,208,232,221,239,185,220,182,112,98,225,35,37,242,136,79,162,183,26,49,86,144,123,122,55,210,53,205,77,37,144,64,62,63,136,21,219,84,150,73,229,67,249,28,191,137,104,182,142,54,109,214,64,193,207,139,19,83,83,246,75,132,161,181,250,209,89,34,47,213,9,96,88,234,63,105,22,57,61,140,217,198,98,88,63,107,18,69,224,219,189,203,155,161,139,128,57,34,175,73,128,199,65,160,45,81,130,51,34,185,191,50,143,119,49,138,238,10,195,212,166,170,219,60,127,192,147,214,199,77,61,81,8,229,49,31,77,4,193,237,7,16,11,93,136,219,105,105,35,91,54,253,19,165,221,69,104,253,1,204,255,85,113,222,195,4,112,2,202,204,168,37,165,5,246,139,150,10,68,233,193,200,64,169,132,161,165,170,41,192,200,246,179,15,89,118,147,112,164,174,8,225,243,6,52,214,214,142,250,155,101,63,178,64,148,152,189,234,191,111,41,136,91,161,91,239,132,172,247,180,72,115,120,155,3,229,34,80,196,19,248,195,185,156,168,168,204,83,2,5,184,231,51,203,175,88,153,175,155,201,102,13,228,202,157,8,225,30,42,67,91,41,136,217,186,117,209,32,92,1,96,59,5,28,190,77,68,55,189,139,133,98,26,60,139,17,126,119,168,138,194,21,135,139,71,196,92,81,7,34,124,30,208,147,82,153,135,63,236,22,101,173,216,111,152,11,242,36,124,150,249,157,210,134,250,59,135,90,181,141,95,28,255,245,201,205,55,84,32,204,80,38,207,232,224,216,88,251,220,51,58,157,130,29,54,83,50,55,210,121,246,112,9,130,245,81,122,17,84,105,81,27,75,34,168,107,237,213,244,79,150,47,148,174,239,165,150,138,151,15,252,202,148,115,226,31,150,198,205,175,193,254,10,202,183,211,146,80,252,37,158,93,129,15,241,153,108,108,131,46,168,98,147,145,209,58,100,196,93,230,129,212,76,44,28,177,103,146,106,68,196,64,230,119,43,87,199,125,233,131,49,71,231,63,15,230,2,223,90,117,60,190,14,235,201,101,216,157,94,17,252,53,47,160,185,241,201,52,56,16,78,207,195,0,71,167,146,6,84,174,246,49,103,194,208,178,170,116,50,59,215,197,112,62,144,245,210,151,91,114,169,74,193,1,220,94,60,2,133,209,27,147,128,19,124,228,113,164,132,70,49,91,49,4,84,134,32,215,110,19,8,171,58,195,139,93,48,113,204,65,56,243,190,38,108,118]
CFO=813.8369017022619,STO=5
EsN0dB=5.42,GRXdB=40,N0=0.00199526222422719
packet_number=146,correct=False,payload=[242,120,95,146,42,212,201,117,58,249,69,193,182,22,156,199,89,232,186,33,172,198,0,93,169,125,215,25,253,178,63,80,131,41,25,232,81,90,169,197,58,36,52,133,253,118,10,41,77,186,246,47,50,78,150,150,126,217,83,35,174,224,157,192,253,114,102,134,235,198,242,194,141,94,51,92,0,216,127,68,126,208,238,69,16,231,79,174,150,226,102,151,106,219,86,73,153,155,177,115,234,234,166,170,191,245,234,91,145,10,15,49,235,8,175,35,132,5,229,29,198,30,207,103,201,184,233,25,107,30,203,7,143,28,77,41,206,14,207,79,158,93,181,226,146,126,71,31,156,92,149,21,146,158,151,23,248,117,209,27,186,94,159,123,220,20,156,125,24,95,223,15,163,32,177,105,167,34,163,227,236,240,213,97,174,194,183,167,185,41,137,173,138,226,171,35,172,63,143,45,239,47,182,239,185,48,53,123,250,51,191,51,244,124,255,63,54,242,183,63,190,190,157,57,187,190,187,123,222,158,157,108,254,126,191,157,194,230,193,77,214,106,239,207,223,230,244,101,222,230,199,69,236,216,221,105,250,122,223,75,205,13,253,221,206,76,207,207,209,123,81,81,210,250,91,121,246,116,215,85,222,86,215,213,218,250,217,89,250,88,255,91,254,124,221,95,222,83,223,95,57,99,228,121,106,114,231,43,230,100,205,229,230,74,167,110,232,232,233,105,250,106,187,235,174,109,173,101,238,254,63,109,242,51,241,119,246,82,241,119,239,117,213,117,246,118,183,118,184,122,255,121,254,250,253,127,126,252,253,41,254,254,127,110,132,28,165,0,162,11,106,47,141,164,197,5,150,142,223,23,207,0,201,85,202,172,139,139,156,4,141,63,190,14,191,76,148,20,145,89,170,98,147,31,156,84,213,149,183,254,151,23,136,24,185,153,154,123,250,25,255,14,157,29,158,62,159,189,232,177,189,33,162,242,139,227,45,172,229,181,174,38,167,119,172,40,173,41,234,186,249,11,69,61,253,29,170,170,111,175,176,180,147,49,183,114,183,63,180,55,189,189,183,55,255,246,185,58,185,57,187,250,251,127,190,63,191,189,255,126,175,191,206,209,245,89,218,103,131,67,212,94,199,85,182,86,217,79,239,92,217,107,143,91,223,202,238,204,213,125,142,94,207,223,208,82,83,219,199,82,195,91,237,85,214,87,215,221,215,215,124,88,223,219,90,94,223,90,221,124,253,89,158,94,85,87,244,105,229,99,130,74,235,123,238,100,197,237,254,111,231,71,106,248,249,125,106,106,123,111,236,252,253,105,238,120,238,79,184,98,247,117,242,114,243,91,246,116,245,253,215,103,231,231,232,57,217,120,190,106,255,123,254,116,251,125,254,95,255,127,200,34,161,3,146,35,131,67,134,100,7,39,143,38,135,190,72,133,203,171,162,14,75,123,204,142,29,141,239,158,159,30,182,90,131,19,34,155,147,131,86,22,149,253,182,23,151,29,248,88,153,26,242,107,187,91,222,156,91,191,158,126,159,15,233,160,41,1,170,43,162,51,190,38,47,39,167,182,231,45,232,40,45,41,142,42,139,63,13,176,174,44,164,46,191,111,49,50,245,157,162,50,251,115,190,118,181,37,182,102,183,191,186,58,189,61,186,45,251,187,185,61,253,125,186,58,191,250,234,92,195,73,200,88,195,130,228,76,207,237,210,70,207,103,201,99,201,201,202,14,143,75,220,110,109,77,78,79,207,111,196,114,155,115,218,86,243,91,246,116,221,213,95,87,246,87,221,94,217,88]
CFO=4887.196719082761,STO=6
EsN0dB=nan,GRXdB=40,N0=0.00199526222422719
packet_number=147,correct=False,payload=[148,71,72,177,213,101,162,195,48,245,181,72,108,124,46,122,130,70,88,47,54,143,135,55,33,182,156,74,236,144,14,19,215,160,131,25,248,229,106,185,49,157,193,11,7,225,214,108,59,51,244,87,91,138,21,35,239,22,202,101,74,8,181,183,44,122,16,236,201,161,168,244,99,35,89,180,227,187,82,35,196,38,145,169,81,69,76,119,146,150,2,243,150,91,9,65,64,248,250,36,230,133,65,128,155,179,8,129,27,181,216,222,188,138,17,134,232,228,7,109,97,89,43,243,26,96,62,121,250,106,162,176,39,186,59,153,180,120,54,163,210,189,239,73,71,84,45,106,45,240,112,242,177,86,104,29,104,78,203,103,15,181,106,164,54,27,243,158,193,39,106,23,167,190,76,100,164,191,65,33,83,94,165,179,207,190,44,37,213,134,73,236,69,68,146,87,9,117,92,134,238,52,5,82,184,101,75,147,136,179,114,208,187,234,83,153,174,73,29,192,137,120,208,87,189,150,86,186,189,165,122,24,215,168,249,28,76,143,9,155,14,208,12,115,185,10,240,149,142,190,203,162,171,13,119,103,121,56,122,77,235,129,45,166,88,219,80,92,84,140,96,219,231,12,46,89,176,250,158,180,34,184,203,73,122,226,182,56,12,54,246,83,151,137,144,108,105,236,242,41,70,145,222,39,191,42,104,68,25,169,198,98,146,130,228,119,213,248,30,117,24,133,70,243,171,228,61,240,17,230,141,162,191,172,23,2,78,200,235,91,158,185,187,22,170,136,76,74,82,186,121,140,240,230,65,116,253,84,232,252,204,123,71,22,8,206,177,138,119,106,41,46,137,194,22,226,18,120,165,247,50,70,171,141,58,235,115,38,152,251,216,108,132,71,222,119,19,2,47,225,136,124,75,73,79,2,211,204,8,70,177,127,136,186,24,184,35,227,237,15,53,20,41,31,110,20,107,168,213,189,116,65,7,84,111,171,80,130,109,215,207,176,163,95,4,240,215,98,205,131,218,43,169,119,228,106,200,111,134,8,139,128,66,151,210,4,55,41,31,55,230,63,122,32,124,24,58,71,89,246,71,228,154,146,81,99,231,8,160,213,248,20,60,244,14,187,225,163,152,201,88,215,82,149,235,18,216,91,36,115,67,97,156,14,64,180,142,35,180,231,135,130,54,71,246,211,66,229,144,5,169,80,244,85,134,158,97,119,35,223,187,202,213,153,252,75,117,29,44,152,216,147,107,179,111,6,76,163,51,174,22,41,118,217,116,30,56,21,56,227,199,149,104,210,109,186,109,144,16,151,150,20,72,170,169,12,239,8,128,22,132,118,231,200,160,170,255,45,254,127,212,243,23,206,62,57,32,193,117,75,222,201,49,39,7,151,17,248,114,63,140,178,167,9,14,122,107,255,229,12,241,15,115,110,103,211,59,102,37,9,90,247,86,178,21,88,52,218,89,139,243,164,151,101,58,66,7,91,238,251,247,217,80,200,108,55,213,87,29,112,63,211,181,53,38,103,10,88,122,223,31,96,157,248,63,188,127,52,124,251,181,152,30,127,255,53,77,49,192,211,163,127,35,202,70,71,183,215,193,159,230,49,37,235,187,174,217,31,89,126,145,190,53,145,50,200,16,212,215,151,210,248,136,101,14,110,78,196,125,57,249,9,129,58,177,78,182,19,238,58,52,165,103,89,158,120,107,245,86,171,71,149,163,194,68,218,99,47,120,208,70,238,43,186,102,209,39,24,71,220,213,184,169,14,23,147,39,76,167,208,87,60,71,42,30,227,42,32,173,86]
CFO=10093.45813614359,STO=6
EsN0dB=nan,GRXdB=40,N0=0.00199526222422719
packet_number=148,correct=False,payload=[90,201,218,116,16,96,171,226,219,138,107,134,154,194,24,190,123,124,110,10,89,161,191,98,26,121,195,60,1,240,213,85,86,160,217,141,205,229,199,58,4,100,197,80,210,37,1,156,46,229,109,200,29,202,39,149,227,76,246,42,14,75,79,103,129,22,51,24,131,21,190,23,88,29,11,147,173,122,34,123,225,9,242,198,6,67,157,39,45,82,219,227,142,243,197,229,42,100,186,227,20,136,190,105,93,26,18,149,145,198,182,211,49,81,158,234,119,120,212,31,230,90,165,38,241,84,13,216,88,124,198,79,202,190,163,41,180,195,236,104,67,162,24,244,158,102,34,7,251,59,133,9,214,3,251,58,69,26,129,47,161,25,216,254,180,187,178,68,116,251,111,72,109,61,4,193,217,86,185,150,88,143,86,133,8,35,123,74,13,123,78,129,11,103,146,161,126,27,11,90,53,190,46,57,79,66,246,78,10,40,125,207,107,158,54,56,163,171,145,41,46,15,55,143,142,14,135,125,132,154,166,109,170,99,197,58,104,185,119,99,75,82,196,230,39,254,248,186,196,34,95,147,50,172,242,254,72,229,88,93,239,66,172,166,3,106,201,150,80,223,239,182,217,217,152,19,233,115,94,139,204,94,165,47,107,158,126,205,192,50,82,244,103,134,55,23,18,239,116,2,205,71,73,125,81,35,141,243,243,232,1,117,99,30,199,80,186,211,45,108,63,20,149,93,34,244,119,69,128,121,252,46,120,139,88,86,249,61,231,19,70,255,228,99,4,253,23,191,190,85,62,50,110,10,244,206,178,223,124,51,242,175,88,242,60,201,112,42,146,88,1,43,11,162,41,155,33,170,201,219,58,222,87,158,63,192,25,13,180,66,234,25,192,176,227,105,181,95,126,58,190,127,82,73,56,49,146,30,207,238,71,105,252,10,20,243,192,250,21,173,79,200,225,43,144,241,124,242,134,202,205,180,204,90,45,236,15,227,8,32,228,204,94,5,239,233,12,230,249,87,155,153,142,248,144,38,207,191,248,110,5,89,174,148,145,127,67,79,42,18,163,81,167,54,175,190,179,28,17,122,146,223,253,48,243,170,92,48,223,227,188,151,204,214,150,28,20,242,80,201,28,20,74,59,170,105,137,138,118,130,109,17,217,169,44,213,202,183,78,178,198,14,249,170,206,194,57,224,133,9,69,146,115,91,79,128,173,99,129,21,11,166,86,243,235,21,247,221,144,247,155,83,203,31,175,23,69,95,215,188,21,102,188,236,255,236,251,70,25,97,215,65,242,171,219,148,53,53,234,247,14,11,253,48,118,237,130,212,224,108,206,217,43,206,64,87,98,232,34,151,137,42,11,174,168,250,205,118,79,244,125,16,227,135,4,127,241,100,30,56,9,145,194,224,231,229,20,25,155,172,12,188,98,188,97,59,105,167,237,231,224,45,58,160,225,75,21,143,202,105,118,91,93,170,197,71,81,204,103,32,41,214,45,116,28,11,152,203,55,103,7,149,7,202,200,38,85,211,96,86,126,99,91,148,84,169,78,50,229,3,14,126,228,33,239,218,25,100,30,221,174,14,95,163,139,135,186,113,37,32,165,194,154,40,238,36,225,128,175,166,178,220,63,34,149,151,215,69,225,191,115,168,218,229,35,51,143,142,236,176,74,4,201,7,1,217,49,51,43,232,45,135,40,36,142,16,251,101,135,215,232,106,27,18,212,10,117,49,5,227,127,220,125,34,5,3,41,231,2,185,59,145,28,20,98,7,72,66,190,160,117,146,119,28,196,141,255,199,102,182]
CFO=7675.3710074709,STO=6
EsN0dB=5.97,GRXdB=40,N0=0.00199526222422719
packet_number=149,correct=False,payload=[143,66,64,191,64,17,0,134,4,96,76,237,140,35,78,2,28,140,110,158,16,185,3,22,112,77,28,22,24,57,140,154,28,52,46,31,224,109,22,98,100,69,6,39,104,43,78,58,78,29,38,93,16,179,50,35,32,54,44,113,112,59,52,62,125,122,30,63,128,33,117,231,4,69,228,231,28,65,127,2,220,140,94,206,80,82,66,191,28,116,92,23,248,145,78,223,253,95,222,223,96,97,194,99,44,109,102,111,169,67,227,75,44,108,206,79,112,226,107,244,99,118,215,253,123,115,122,59,56,191,100,116,160,169,135,1,4,237,2,135,139,136,122,187,168,85,31,142,48,145,51,179,6,5,30,183,187,153,90,179,153,186,189,151,51,128,229,162,145,165,164,174,40,155,239,139,61,157,15,143,176,169,146,167,164,48,246,183,33,177,62,25,252,113,121,63,129,193,7,194,76,164,196,207,131,141,142,131,204,205,142,223,24,81,75,227,237,243,212,206,216,217,126,219,252,185,94,151,225,203,179,199,236,73,238,231,194,249,105,239,173,251,203,195,243,225,240,115,228,243,242,218,251,155,250,253,217,127,246,205,25,33,14,7,128,81,39,6,8,73,18,27,12,27,13,79,17,19,20,131,144,61,90,38,24,26,14,62,60,30,30,63,96,108,2,34,68,189,38,174,57,91,10,2,28,36,44,12,0,65,18,114,61,101,102,116,182,56,115,47,120,121,124,127,72,9,79,71,128,1,66,6,13,65,66,215,72,11,138,30,16,81,130,103,192,23,150,85,88,123,90,123,252,145,126,94,96,227,196,213,104,225,68,103,112,72,74,227,76,125,90,47,240,98,125,98,244,210,200,111,180,120,116,99,124,121,126,255,16,203,2,131,203,12,156,5,74,149,158,14,140,27,149,141,60,17,184,147,86,47,229,133,145,144,16,55,185,61,159,190,2,37,187,135,100,253,230,163,40,160,141,57,41,167,14,230,176,163,48,63,171,183,51,183,57,179,144,63,97,249,60,255,192,212,131,227,202,150,199,199,216,131,142,199,12,233,158,79,128,144,209,195,144,197,94,214,148,193,219,155,216,215,216,223,224,131,226,83,201,225,238,119,153,249,218,219,124,125,239,255,160,115,230,215,112,247,228,231,241,115,187,99,244,187,236,255,6,9,130,131,1,5,23,39,88,8,22,15,12,15,10,47,25,22,23,23,144,52,14,21,24,145,186,31,24,24,24,42,112,59,102,35,250,14,6,111,32,126,147,105,44,44,132,111,48,43,48,33,94,32,46,59,25,57,122,27,113,125,60,54,192,1,98,11,12,212,34,71,40,201,194,3,220,110,76,94,48,1,68,100,74,66,54,19,88,58,218,147,124,219,148,90,32,73,64,110,105,100,86,108,248,109,107,110,4,253,126,90,116,97,180,35,125,109,36,117,56,121,210,246,116,118,114,95,128,161,4,193,129,139,166,134,136,25,152,154,133,205,22,7,145,187,150,163,5,56,156,205,54,144,156,17,188,191,191,63,192,161,5,163,99,229,100,71,41,184,112,39,124,43,141,239,241,177,243,242,177,177,252,191,56,121,182,255,41,233,58,255,200,97,203,203,129,69,227,30,24,129,202,207,223,223,204,143,248,227,98,163,149,146,214,151,184,213,249,51,152,155,255,155,241,195,168,236,229,193,196,197,232,235,92,107,236,250,174,223,233,242,179,247,117,217,246,191,186,233,222,248,252,253,170,122,128,1,0,143,69,78,28,103,72,16,95,7,40,74,156,93,32,57,1,55,28,55,7,15,16,48,26,62]
CFO=12442.236868850961,STO=1
EsN0dB=5.96,GRXdB=40,N0=0.00199526222422719
packet_number=150,correct=False,payload=[0,32,14,135,20,5,6,98,8,9,8,10,4,45,6,10,8,1,16,3,18,5,22,20,24,73,26,2,8,25,158,154,48,33,34,35,133,38,39,35,16,40,34,42,44,46,34,45,52,17,50,17,52,180,49,182,24,99,54,59,4,45,50,14,64,69,66,67,68,4,194,197,72,89,80,75,76,193,110,13,80,65,66,151,84,77,80,71,88,80,82,91,52,125,94,95,32,32,6,35,52,1,98,230,104,40,104,123,110,45,46,43,145,49,98,35,36,113,98,118,120,56,122,121,28,37,126,66,128,128,3,3,196,5,6,197,136,27,10,155,172,197,14,199,144,128,38,150,25,153,22,22,168,129,154,9,28,156,222,147,161,73,146,163,164,164,160,135,42,9,160,187,165,172,166,174,180,49,179,177,180,181,54,53,185,179,186,186,188,157,254,62,192,69,32,193,4,69,70,197,192,105,74,207,205,216,206,71,128,1,210,209,212,212,222,147,216,217,152,216,84,213,124,155,224,225,18,227,100,228,230,255,232,169,234,235,240,237,196,175,208,65,246,83,148,188,92,87,224,241,122,235,188,57,254,191,0,65,0,3,4,68,86,6,14,88,10,10,4,79,8,5,16,209,18,130,30,149,22,19,24,24,19,27,20,21,22,13,32,32,34,3,36,169,38,33,32,105,60,41,12,45,42,5,16,16,48,59,54,33,114,51,40,41,8,59,60,11,58,55,64,1,2,1,64,70,70,71,72,97,42,75,76,77,78,78,98,81,18,81,24,93,21,21,8,73,90,91,92,29,124,94,96,97,66,98,96,100,68,71,76,73,234,235,40,109,226,111,114,113,176,49,230,101,98,55,120,230,122,122,84,85,126,99,202,129,130,139,18,5,134,135,136,137,10,139,140,143,14,15,148,24,146,149,148,145,148,147,152,29,142,155,204,153,10,158,0,160,166,163,144,165,166,39,40,168,162,2,184,185,124,229,48,48,162,131,148,181,174,181,168,48,54,234,56,172,38,158,195,228,83,193,68,197,198,230,200,129,202,11,84,141,67,199,208,81,209,211,220,212,151,215,216,72,2,91,92,208,221,13,226,224,226,99,228,228,162,231,233,225,170,104,228,229,102,239,16,244,242,243,213,229,6,180,60,249,234,243,124,253,234,167,0,5,0,19,0,6,34,6,0,129,140,9,8,15,134,10,16,17,18,18,48,28,22,6,92,1,18,27,12,28,30,25,37,32,34,6,32,41,38,39,0,97,74,58,36,45,14,75,16,51,34,35,52,52,166,55,40,104,90,50,56,37,54,23,0,69,106,67,68,1,46,3,64,66,72,3,76,87,76,127,80,32,80,67,6,89,22,20,24,91,90,15,20,29,28,207,96,96,42,39,32,37,71,103,72,73,0,107,108,36,98,111,96,59,112,82,116,55,116,115,56,91,250,107,124,61,111,119,128,65,146,162,133,133,198,21,136,169,192,138,198,9,142,139,129,144,27,129,20,85,150,149,24,136,154,31,140,141,28,157,96,1,130,135,36,161,6,39,44,237,130,161,140,165,134,38,48,145,50,50,144,148,138,151,184,27,186,10,148,13,54,191,224,193,192,194,196,196,134,195,203,193,194,203,213,205,78,218,192,153,210,131,212,149,214,211,240,74,66,219,92,8,222,223,32,225,194,227,196,169,196,131,104,107,98,123,200,233,238,235,240,144,226,241,240,69,183,253,200,113,114,187,245,153,220,251,0,65,34,3,4,5,4,7,12,17,10,75,0,45,12,15,152,17,10,19,84,20,20,2,152,17,26,82,28,93,78,31]
CFO=4254.944606043683,STO=2
EsN0dB=nan,GRXdB=40,N0=0.00199526222422719
packet_number=151,correct=False,payload=[127,214,206,115,107,132,123,91,149,140,193,78,84,58,158,90,122,237,141,38,68,72,150,33,161,250,56,254,162,40,185,171,109,252,126,179,106,72,221,252,173,35,4,137,255,169,145,49,13,86,70,145,83,202,251,211,218,132,229,15,208,144,224,190,206,165,122,243,187,46,205,59,253,69,174,80,171,105,248,63,148,163,80,52,241,140,176,145,106,76,44,5,27,30,170,84,84,27,245,91,160,67,238,151,155,119,34,32,38,242,9,37,72,67,196,1,153,52,216,28,144,243,141,4,143,130,0,95,210,125,47,48,34,202,245,81,42,191,177,179,54,192,12,164,160,195,212,54,145,55,132,66,70,182,65,78,233,255,169,216,114,6,139,249,146,42,114,9,128,3,156,198,42,188,165,102,167,185,75,52,94,151,129,26,170,131,60,70,253,115,161,4,41,2,58,94,66,8,139,22,100,34,117,220,248,200,210,230,160,124,235,239,98,229,171,96,229,111,37,6,159,81,157,176,188,122,184,23,128,239,63,223,21,227,248,200,90,57,82,54,73,85,54,158,47,187,250,6,237,91,204,27,244,88,176,36,182,204,204,150,13,209,70,219,124,136,134,115,48,118,1,195,82,248,194,70,36,37,29,147,219,45,196,100,183,199,190,245,189,121,191,207,174,172,43,117,220,113,217,32,9,98,223,117,85,206,50,151,214,103,209,171,255,106,33,214,7,237,103,179,89,195,123,30,125,234,202,76,205,151,227,79,52,134,91,104,192,157,215,140,222,206,19,140,109,100,214,95,79,254,140,142,218,193,254,65,24,178,40,71,71,57,60,99,118,76,239,234,135,16,81,156,182,195,112,20,74,15,132,58,254,124,22,149,88,111,35,76,20,190,255,195,204,223,2,21,182,156,165,245,132,108,62,163,24,38,62,106,141,168,39,220,241,215,172,236,216,237,122,73,151,199,131,243,157,211,26,107,49,127,62,37,142,129,241,103,139,218,83,135,75,158,156,25,253,109,255,65,157,98,179,19,86,168,96,214,17,80,107,155,201,139,152,61,103,219,131,66,92,93,205,111,188,194,154,250,123,250,13,179,13,139,129,29,207,117,186,171,127,88,6,47,116,212,252,74,165,9,134,86,255,112,3,200,166,28,186,54,165,97,153,18,31,116,221,94,69,255,14,34,3,7,178,38,13,40,214,53,188,65,62,52,92,28,165,179,123,66,232,101,101,128,243,192,215,207,1,107,142,219,31,43,190,123,56,21,204,241,51,226,151,47,149,243,72,163,251,144,32,99,224,38,179,235,246,150,140,118,40,55,207,127,35,235,101,185,8,104,123,109,241,12,86,178,99,63,116,24,145,65,33,70,191,168,245,155,117,135,51,51,78,251,39,58,252,221,40,103,39,58,221,161,69,121,207,138,163,58,178,72,30,181,188,162,185,230,110,2,79,123,33,183,19,217,208,160,76,214,155,54,210,172,145,174,25,138,6,11,89,10,197,255,116,134,241,77,46,173,78,241,71,68,185,231,84,197,34,170,179,212,26,119,68,96,69,107,203,54,240,126,142,103,47,91,42,61,158,124,253,169,165,78,19,97,15,209,41,140,214,112,109,178,0,227,5,233,2,26,46,6,251,253,119,3,75,169,189,31,27,110,90,89,167,180,56,158,39,26,172,18,93,61,195,151,12,153,234,104,101,211,247,41,68,184,251,66,128,140,134,99,164,30,185,244,108,93,141,211,93,246,191,132,1,35,243,224,202,79,141,138,74,182,51,180,7,88,144,166,58,124,242,177,186,173,158,3,24,168,114,4]
CFO=5837.826242314674,STO=5
EsN0dB=-19.67,GRXdB=40,N0=0.00199526222422719
packet_number=152,correct=False,payload=[70,72,239,225,78,253,37,43,229,87,245,73,64,143,75,156,189,102,200,197,41,150,169,76,44,37,101,59,141,217,129,175,249,104,60,139,221,94,251,48,73,17,168,116,51,65,122,179,255,169,20,231,12,34,49,76,44,101,236,8,252,0,188,54,27,30,27,70,84,146,221,26,31,206,175,89,41,253,227,82,76,205,84,179,1,126,122,145,221,158,114,219,142,31,241,90,96,138,24,47,129,225,49,91,147,51,1,239,114,247,140,144,231,236,124,17,23,76,234,183,204,105,113,103,159,216,123,117,79,242,117,148,50,229,80,52,43,40,161,155,157,64,73,138,94,106,219,175,193,50,151,254,92,229,190,9,184,53,152,52,255,3,29,59,21,35,184,209,175,133,82,163,54,98,166,169,84,186,92,7,9,57,198,133,250,101,64,218,221,38,211,161,52,90,135,156,134,88,81,185,163,94,178,220,165,215,32,127,184,133,134,240,39,47,214,214,80,144,112,43,190,236,213,65,30,113,107,205,8,195,187,251,197,224,169,90,170,73,220,253,50,55,67,41,49,159,88,49,85,95,53,236,70,13,225,172,115,183,232,200,126,110,45,28,106,3,138,203,149,44,127,77,109,84,248,2,130,97,225,107,90,224,143,11,59,240,105,97,254,201,233,51,218,222,219,71,103,158,102,136,169,248,167,66,220,37,119,174,75,233,226,255,121,208,232,241,41,120,13,57,238,241,129,246,35,150,72,76,165,186,77,150,253,150,138,30,91,250,127,131,189,78,99,144,67,181,227,180,116,87,65,226,178,66,198,222,43,11,155,43,44,123,191,131,215,223,131,188,125,8,180,115,136,227,247,34,151,142,88,30,240,241,13,47,224,139,66,220,237,23,9,23,43,211,11,63,73,154,132,156,47,141,79,55,155,76,224,10,72,133,95,213,35,85,127,86,15,58,69,37,119,39,67,36,82,181,160,8,124,19,203,239,34,171,99,119,195,8,195,146,5,207,106,134,57,157,149,20,52,136,10,218,226,227,159,129,193,208,249,163,6,161,250,139,149,181,231,206,12,233,47,22,2,178,96,81,8,202,33,62,74,108,48,154,45,190,93,190,90,170,12,231,35,127,12,174,163,61,85,133,123,255,6,91,189,136,210,115,148,120,178,104,180,119,138,252,72,197,4,56,189,215,80,44,225,1,86,56,9,206,148,41,183,81,139,88,199,255,175,229,101,161,221,227,92,99,25,67,163,187,214,23,166,35,67,47,79,180,10,16,91,220,88,182,226,65,224,71,110,98,225,117,224,56,67,184,145,221,151,159,145,93,209,61,248,252,190,198,37,24,253,42,112,160,57,212,41,131,177,236,49,76,116,94,83,253,21,144,47,186,1,250,201,1,61,124,136,138,40,120,124,90,16,57,219,56,25,5,47,34,5,61,6,33,154,40,89,178,100,89,46,2,239,182,68,180,191,224,163,29,19,119,71,158,247,35,247,137,219,243,232,0,187,81,29,85,63,168,215,161,5,135,68,174,105,125,141,69,53,183,196,111,15,46,73,254,248,193,194,144,40,198,151,226,106,248,12,171,252,192,136,101,249,183,242,12,44,108,169,51,71,174,129,138,63,151,116,17,171,243,197,87,249,120,2,192,152,214,42,163,65,200,224,101,22,77,73,228,30,41,222,112,17,64,237,189,222,26,175,140,245,94,145,21,39,104,137,42,83,22,122,60,59,232,178,138,112,76,101,169,120,69,98,216,186,109,89,39,51,17,59,219,128,59,38,158,94,106,17,148,103,215,144,131,149,44,59,129,46,253]
CFO=-6614.881211670177,STO=6
EsN0dB=-15.78,GRXdB=40,N0=0.00199526222422719
packet_number=153,correct=False,payload=[139,159,24,86,138,180,29,160,227,158,33,54,142,193,223,149,56,237,70,218,146,229,19,189,235,92,94,147,126,147,45,3,209,164,234,78,84,124,55,83,39,27,36,145,153,253,11,21,207,124,34,17,61,232,120,235,147,11,59,19,120,212,200,193,147,44,248,221,254,119,236,172,189,226,9,83,236,224,186,52,152,45,203,195,125,228,124,25,20,184,78,140,104,193,112,3,117,196,161,111,120,242,95,57,41,115,181,193,33,243,52,179,9,153,14,115,248,221,60,119,16,112,204,120,5,223,100,179,47,7,102,165,184,8,40,33,184,209,52,130,56,239,59,201,30,207,85,240,153,155,102,165,123,4,57,157,83,222,189,108,240,53,38,213,242,150,149,31,118,212,70,60,28,104,249,147,77,131,255,80,49,25,96,220,173,91,194,59,7,223,83,246,68,18,23,80,251,243,86,189,221,242,109,139,130,138,0,144,27,141,148,96,124,162,29,229,155,19,23,113,13,2,178,238,255,144,56,123,27,82,168,119,230,31,10,253,214,109,53,27,186,22,51,107,6,184,241,106,211,179,242,165,114,28,233,130,48,67,154,145,254,219,132,38,221,42,39,26,235,6,27,122,107,154,167,10,130,109,184,112,33,85,29,181,252,239,55,58,217,92,4,199,228,101,90,218,120,105,31,136,49,220,171,174,221,127,83,239,212,15,63,236,159,124,236,105,119,57,117,254,217,102,189,59,137,30,223,34,209,2,140,81,250,178,186,99,70,56,208,241,11,238,194,141,174,194,73,210,35,40,138,108,65,10,58,75,161,98,129,22,5,208,96,98,223,229,223,103,237,200,149,123,6,175,199,142,70,245,114,149,192,181,198,226,179,120,60,154,221,217,195,166,96,112,196,9,105,255,101,163,14,154,222,250,178,127,169,185,205,119,186,251,75,206,57,95,40,52,195,0,130,86,71,136,24,210,160,7,115,230,201,63,9,115,210,166,87,27,145,169,207,225,23,205,131,168,238,17,101,168,238,239,239,149,3,236,76,65,95,122,149,87,195,242,4,234,78,145,10,100,169,3,245,111,72,75,10,190,210,45,36,233,130,151,127,17,237,160,55,18,67,223,33,37,29,27,173,3,33,227,143,149,196,148,31,160,13,63,232,252,246,79,150,106,220,92,213,92,40,21,48,3,138,148,195,103,148,11,57,129,103,55,212,81,235,175,29,154,204,54,32,3,101,45,83,156,148,153,133,4,243,205,113,48,65,247,219,52,54,31,105,249,145,189,78,48,29,231,102,38,10,233,127,212,133,160,69,124,58,57,43,26,117,35,16,240,193,9,140,190,67,230,117,195,206,250,180,233,100,203,155,3,167,253,195,145,172,53,108,177,121,6,25,62,150,151,156,85,69,224,54,198,150,137,97,72,135,149,77,220,241,124,156,119,186,152,114,230,217,62,154,238,117,239,37,47,165,83,39,246,208,182,4,213,129,93,198,109,58,16,232,227,174,177,46,225,215,87,111,191,88,50,11,196,182,253,112,79,81,252,160,20,143,243,170,134,168,227,67,134,158,171,175,253,115,156,133,120,157,218,3,196,11,55,206,167,21,7,183,229,215,0,236,136,251,151,80,81,131,88,199,25,231,234,26,217,150,25,172,121,149,95,109,201,221,88,229,183,172,105,246,11,231,165,89,29,215,198,162,111,13,155,100,61,98,241,37,121,232,152,88,240,112,48,41,190,227,206,99,99,70,11,67,179,0,47,184,221,190,23,221,191,223,189,78,65,52,251,206,204,89,43,181,32,19,67,255,254,174,7]
CFO=7231.528714049238,STO=0
EsN0dB=5.77,GRXdB=40,N0=0.00199526222422719
packet_number=154,correct=False,payload=[171,190,224,168,80,36,240,130,224,144,64,153,66,195,131,1,99,193,226,134,100,4,229,5,227,199,67,6,114,130,99,135,39,165,208,48,204,202,234,3,225,195,238,151,60,143,219,141,237,227,88,76,4,78,68,140,235,132,234,75,94,207,111,7,103,206,243,136,32,200,140,145,204,115,224,40,90,75,145,27,115,211,238,19,224,52,187,254,119,203,74,19,66,94,77,31,11,31,121,28,40,92,31,21,221,157,194,104,156,213,75,27,239,221,108,13,94,220,196,140,126,156,127,31,94,118,78,27,239,222,240,56,112,224,96,49,81,145,102,48,35,67,81,163,243,17,224,44,64,150,203,30,118,165,234,10,39,69,115,149,99,234,232,8,56,102,252,37,233,225,229,44,43,10,103,19,171,225,102,29,63,188,252,228,111,143,207,191,43,22,111,143,51,150,122,12,252,176,241,48,112,248,243,24,27,176,237,23,61,51,240,62,84,120,93,150,249,223,254,66,238,210,247,245,179,155,232,248,92,96,253,221,113,248,214,56,251,190,127,191,27,43,254,61,254,188,243,58,61,247,95,62,121,255,127,190,255,207,38,50,81,224,113,8,48,145,248,2,33,34,113,1,99,137,196,4,70,70,105,135,6,128,198,66,3,131,227,175,36,227,232,1,108,196,45,200,200,204,232,23,102,1,235,139,133,201,141,68,44,135,126,142,101,133,79,142,79,111,39,142,191,142,240,24,72,152,241,13,32,88,216,4,30,151,219,25,27,153,87,23,2,158,79,19,136,191,217,22,30,50,195,155,3,211,201,10,60,144,204,205,61,156,209,15,126,155,251,59,127,223,234,78,76,78,159,15,117,188,200,10,14,253,63,46,253,155,224,32,48,52,171,49,99,233,211,17,26,213,226,49,165,147,166,38,54,57,148,165,237,71,228,71,39,2,103,175,47,238,226,187,124,12,105,136,233,125,186,98,104,213,246,1,251,175,225,34,126,180,231,155,126,182,231,23,102,119,175,23,179,191,96,50,58,240,235,56,244,249,123,151,27,48,127,91,112,163,254,126,124,18,251,30,173,148,150,118,58,142,179,63,251,183,112,60,52,224,124,29,125,84,234,61,121,223,73,184,125,191,254,12,60,170,108,191,239,189,254,14,30,222,127,25,251,159,34,1,72,0,36,64,69,73,226,17,67,192,193,131,35,145,196,2,108,138,4,16,160,141,210,143,19,211,135,135,19,135,234,72,88,166,41,56,66,193,199,4,72,128,199,155,77,139,239,6,12,137,204,69,13,238,238,11,102,166,111,165,206,166,80,0,80,92,41,25,208,145,210,129,96,11,123,129,121,121,236,6,93,145,215,23,197,153,176,81,22,139,78,3,183,195,205,26,58,189,62,153,45,157,136,19,74,129,123,123,186,159,191,30,124,204,94,237,101,253,220,11,126,254,207,23,254,254,225,96,112,65,33,49,96,145,194,2,50,83,115,161,243,221,240,166,16,196,242,83,161,166,228,38,102,199,118,23,185,199,149,25,188,40,58,136,245,248,242,51,106,105,239,135,251,199,246,72,228,188,68,167,47,188,210,62,103,103,239,39,38,239,240,112,112,24,113,48,27,177,250,21,186,147,113,245,43,147,224,20,28,248,253,49,215,181,110,62,48,190,244,211,191,255,232,48,56,249,243,171,125,252,250,61,127,154,191,191,127,27,254,223,62,186,254,61,189,159,252,63,110,190,243,118,63,191,208,0,96,136,160,5,129,192,202,3,2,194,241,3,155,141,99,112,204,198,231,1,38,198,194,6,238,143,71,71]
CFO=-6708.918686980483,STO=2
EsN0dB=-17.98,GRXdB=40,N0=0.00199526222422719
packet_number=155,correct=False,payload=[156,20,154,161,111,157,212,230,21,100,140,123,138,134,65,73,13,228,171,46,249,225,220,77,5,38,99,118,69,88,174,173,214,59,59,115,1,224,80,96,26,47,68,97,184,27,105,121,233,79,12,119,69,134,191,215,166,42,201,196,48,252,157,218,241,114,185,31,234,112,86,128,38,183,190,170,130,183,142,4,112,196,131,10,21,229,111,20,47,143,131,202,15,97,198,216,60,105,172,28,182,77,114,67,143,198,51,139,206,1,3,251,77,104,154,142,243,86,58,157,158,91,244,103,241,17,170,147,103,142,130,102,122,236,163,152,4,225,81,137,127,158,20,198,66,89,23,239,192,41,209,13,20,98,152,224,50,166,220,64,191,20,200,47,234,16,114,45,10,226,64,177,110,150,211,142,121,180,226,184,162,226,129,139,82,236,109,142,249,105,155,201,42,15,62,92,194,175,230,30,10,166,74,205,83,11,240,121,104,77,55,151,40,27,20,25,241,189,180,1,129,38,26,163,232,143,111,111,74,42,4,36,101,105,49,174,77,212,214,165,66,225,223,250,214,95,224,78,217,192,92,164,80,76,3,67,148,21,176,247,113,119,77,169,196,89,17,151,213,116,1,154,139,226,37,119,232,228,89,239,59,176,167,146,241,59,92,106,221,212,179,202,255,168,21,99,96,59,1,182,240,70,58,12,200,61,216,66,54,184,6,167,143,248,59,72,37,140,81,159,133,50,78,56,196,235,122,142,58,82,73,169,154,8,19,105,151,166,134,241,83,14,177,106,48,31,28,98,5,40,223,234,1,240,74,191,187,7,195,110,18,63,99,121,8,213,43,238,135,211,38,187,86,115,104,77,99,29,32,225,217,8,148,93,147,26,92,184,175,37,11,194,146,129,43,20,232,180,66,158,159,81,242,148,172,27,117,86,17,35,176,65,206,81,17,44,156,174,253,241,132,37,171,216,49,37,30,181,58,149,39,131,164,243,1,255,135,192,30,124,128,44,29,75,61,116,250,115,172,106,238,51,130,239,81,131,126,167,117,176,161,198,17,199,187,83,183,156,0,201,252,169,132,70,184,185,223,199,148,13,12,161,62,8,70,9,43,29,88,171,142,153,124,54,197,173,227,123,127,187,6,208,116,127,54,89,174,179,206,120,47,99,39,206,250,45,38,110,108,119,200,3,16,57,136,96,176,175,123,46,28,173,18,106,37,167,17,117,213,76,139,88,238,153,225,150,27,89,30,227,144,81,0,165,206,214,40,57,189,241,63,77,114,220,194,146,38,161,73,168,127,49,208,145,48,14,129,25,217,248,72,86,55,82,112,209,168,16,237,109,113,144,237,41,137,212,71,36,118,11,245,54,104,139,243,119,13,178,9,143,41,245,117,1,200,136,87,62,205,191,32,40,132,91,185,199,186,122,85,19,145,16,26,22,129,91,176,21,151,243,16,57,144,5,153,19,31,42,45,48,176,8,236,84,78,227,220,94,77,199,184,113,31,82,129,61,126,226,254,109,218,80,107,92,157,254,70,198,216,43,120,5,180,189,144,124,229,238,3,179,111,234,16,252,76,143,50,75,85,219,22,140,192,14,9,21,215,116,130,30,246,72,194,67,226,58,207,251,149,93,49,135,129,154,56,168,121,84,78,4,164,184,165,185,167,218,202,27,67,247,83,39,32,213,147,13,252,154,186,202,237,83,44,34,171,3,189,185,123,153,127,81,10,206,75,130,93,180,201,150,95,105,46,236,208,35,223,116,198,18,125,61,158,45,109,240,144,44,247,75,48,133,141,61,68,29,99,141,9,45]
CFO=-9873.584860387033,STO=1
EsN0dB=nan,GRXdB=40,N0=0.00199526222422719
packet_number=156,correct=False,payload=[90,7,216,1,123,138,51,72,186,231,195,83,56,136,187,234,98,124,127,36,13,105,146,127,182,28,107,135,161,207,250,19,32,113,44,209,125,252,122,201,99,25,127,239,164,73,6,40,79,24,99,201,238,49,124,127,219,217,122,19,186,141,89,43,90,185,27,1,185,169,29,68,247,96,195,109,151,155,103,137,164,217,109,77,103,221,75,246,65,128,76,173,109,158,112,175,55,118,124,46,104,110,139,54,255,36,68,30,135,177,124,61,101,124,25,45,6,154,78,156,86,233,174,219,143,44,147,6,76,240,140,122,246,115,117,167,206,155,28,244,66,242,83,138,35,245,179,3,24,213,194,170,15,107,87,94,234,96,215,228,170,136,196,147,216,33,42,35,22,220,15,163,188,222,249,72,120,169,91,162,194,20,141,221,225,228,162,15,104,239,145,131,221,222,111,223,87,66,181,126,252,119,167,24,237,217,135,35,0,139,146,253,197,198,42,153,211,111,76,251,61,194,25,50,223,127,78,173,231,29,67,67,18,18,90,61,34,40,232,218,231,26,220,167,34,7,103,155,20,125,190,67,194,174,66,246,142,127,193,113,4,70,4,2,189,136,151,130,205,59,185,129,237,191,198,236,217,193,229,55,174,187,203,222,105,221,98,62,245,7,149,161,87,98,33,157,204,251,50,130,194,166,188,244,169,65,239,166,25,195,70,17,87,207,36,180,13,69,74,195,237,86,250,35,225,55,115,1,60,107,26,229,125,232,74,116,33,143,25,196,30,243,184,143,190,151,95,180,117,51,177,87,231,24,197,235,146,25,72,130,43,208,252,49,14,243,106,179,206,195,153,141,219,4,134,204,103,239,184,100,211,104,109,47,99,10,223,196,144,85,14,204,145,101,82,250,42,12,53,132,92,175,69,28,43,79,155,233,143,223,72,162,162,153,65,236,53,180,137,250,71,144,253,71,184,8,169,183,142,32,174,124,174,197,28,103,77,132,12,27,85,249,45,193,108,239,120,176,49,33,174,100,48,172,171,10,81,71,254,20,1,178,212,38,122,94,229,238,68,10,152,117,63,249,129,11,168,212,130,247,103,64,250,232,30,140,188,150,88,253,57,63,59,13,130,243,247,68,238,148,6,18,81,133,63,181,183,74,86,77,201,0,99,25,241,218,136,53,203,123,112,250,46,38,224,249,172,12,1,220,206,44,33,147,34,54,219,155,56,199,156,81,211,9,135,30,249,173,139,187,3,121,130,9,35,130,167,251,36,16,162,52,223,160,223,138,207,241,177,23,100,27,55,143,160,227,138,54,103,229,186,173,16,84,136,247,228,189,110,204,168,116,154,176,114,124,9,109,47,199,71,101,57,140,38,79,35,23,87,82,216,186,30,87,202,94,17,87,152,80,226,81,238,110,65,44,164,58,165,66,203,81,117,68,133,124,61,19,6,129,49,226,75,223,158,137,245,192,165,221,45,34,27,229,205,86,241,231,68,65,12,133,11,127,236,234,130,11,128,53,77,30,75,83,249,23,16,121,194,241,222,73,235,183,2,54,66,148,121,26,36,81,152,164,133,115,117,109,227,207,245,161,59,244,156,207,113,59,35,222,234,250,140,27,121,209,52,154,77,181,60,57,2,77,121,101,195,35,87,167,11,204,194,69,204,216,45,162,36,139,234,147,19,231,203,8,86,71,27,41,129,31,16,111,206,131,177,225,148,167,182,199,230,3,119,18,117,159,206,216,112,18,246,21,156,57,228,37,20,135,124,214,127,71,249,39,138,137,21,203,172,186,34,43,255,241,84,203,140,98]
CFO=-625.4718459114366,STO=3
EsN0dB=-19.02,GRXdB=40,N0=0.00199526222422719
packet_number=157,correct=False,payload=[38,238,12,94,239,204,8,173,184,177,81,228,60,86,4,28,194,146,145,177,212,10,153,61,187,117,109,95,205,255,103,202,124,78,162,188,203,188,149,214,77,75,12,166,236,73,2,77,251,107,136,30,17,41,56,191,87,226,240,56,28,242,224,147,72,6,149,134,52,169,205,196,78,82,183,131,38,39,66,134,231,13,97,93,101,235,4,93,219,151,197,185,92,183,26,208,76,215,135,248,255,38,193,106,67,26,132,183,250,69,199,118,161,77,252,44,33,70,223,209,40,141,10,65,4,2,216,41,83,186,228,177,74,245,191,175,77,77,156,228,167,34,127,213,171,91,40,105,27,254,59,6,143,184,84,225,191,88,160,223,46,83,53,107,93,122,188,174,69,173,7,46,176,50,115,211,175,8,10,11,216,235,160,110,202,95,121,93,145,169,200,45,221,178,164,78,235,36,11,240,143,31,75,2,122,154,148,53,174,215,4,246,126,129,253,208,64,238,120,157,78,25,104,129,172,254,209,66,28,160,85,249,118,254,67,164,64,97,140,61,93,237,133,101,172,156,127,226,102,174,191,174,102,127,166,95,164,91,74,30,221,135,25,250,254,126,188,12,7,110,207,198,189,239,187,119,226,203,10,202,204,102,22,66,71,181,253,81,107,219,236,130,236,65,254,218,149,232,148,162,254,186,245,30,154,227,29,213,109,71,177,167,154,35,224,85,1,113,176,40,114,235,93,89,205,66,30,115,12,184,32,141,107,226,119,114,4,172,77,168,156,78,189,84,229,233,55,235,184,65,209,108,250,147,117,6,109,245,56,116,161,203,0,127,50,173,195,21,201,72,233,67,191,8,30,207,167,64,23,76,172,157,157,224,118,237,15,198,21,115,60,188,211,120,175,155,37,245,32,226,130,12,244,170,146,165,239,21,25,146,171,139,218,226,113,18,233,206,103,121,192,145,217,53,244,22,161,78,99,15,82,34,31,227,125,58,229,54,216,103,134,79,191,207,255,39,84,246,73,193,136,86,113,238,203,91,54,153,33,68,25,48,180,242,184,187,175,184,120,88,118,168,236,43,121,174,73,132,136,195,227,242,78,82,92,7,160,106,26,11,236,87,11,171,54,178,220,244,251,168,41,208,88,86,234,17,70,107,12,81,47,102,248,214,89,158,248,43,243,9,214,225,124,225,81,59,150,190,58,47,115,110,30,136,178,80,30,253,65,203,64,25,91,114,179,175,179,224,23,100,238,16,46,216,168,8,229,8,134,65,138,11,157,6,157,232,136,115,182,152,83,81,151,123,96,118,219,175,112,4,36,187,25,175,26,77,214,37,177,90,239,5,242,172,90,41,127,190,149,246,12,97,38,227,192,200,49,64,7,94,156,36,187,130,199,210,222,47,187,115,188,169,94,152,137,236,136,89,139,193,49,143,51,190,237,102,118,65,117,113,154,234,174,49,188,155,148,118,242,127,34,36,26,207,139,193,29,170,9,170,108,237,102,181,228,114,240,20,70,204,239,245,206,202,2,141,240,42,134,106,222,41,34,62,8,69,217,132,105,8,170,38,195,68,234,37,159,143,205,213,86,248,218,43,138,180,53,70,168,188,3,23,62,17,55,2,154,235,225,23,67,137,145,216,206,128,10,86,210,13,49,202,25,12,109,204,76,61,25,49,48,20,70,85,105,119,33,29,195,168,117,73,213,125,139,224,193,70,187,4,105,165,6,71,42,173,55,176,47,198,131,110,203,124,172,97,252,199,77,30,175,135,253,62,88,87,68,65,61,3,250,215,98,175,41,131,26,219,10,141]
CFO=-11154.895146372959,STO=4
EsN0dB=-13.70,GRXdB=40,N0=0.00199526222422719
packet_number=158,correct=False,payload=[159,138,10,73,19,88,40,80,165,110,24,131,183,144,81,92,71,220,184,183,53,148,27,135,128,105,122,83,15,201,65,32,191,8,105,21,63,124,157,76,253,196,61,242,58,139,104,200,233,21,255,35,113,57,217,24,166,10,68,209,50,194,26,192,178,190,119,78,252,47,101,84,58,62,2,164,169,126,166,180,102,183,67,116,200,213,217,102,187,243,83,56,153,68,181,51,213,177,101,232,142,211,90,163,150,203,63,30,192,116,232,197,67,123,231,25,75,208,46,87,119,93,214,168,126,255,137,20,228,117,184,136,171,156,155,245,122,7,103,129,214,37,46,135,55,154,115,178,1,122,6,104,79,231,235,205,14,184,206,227,42,45,55,19,240,234,240,106,47,149,175,47,51,35,110,82,199,125,8,55,70,38,56,77,218,158,249,175,40,46,70,186,38,77,129,74,209,101,220,112,16,255,102,168,246,144,245,220,108,225,77,237,97,192,127,134,136,71,49,150,140,157,131,69,153,232,103,180,151,129,221,87,180,7,23,24,170,55,125,222,219,19,135,196,3,99,139,112,38,230,79,90,239,247,253,204,67,238,144,20,96,85,9,141,33,193,163,233,48,80,7,247,6,89,193,23,42,118,253,121,229,46,25,223,205,8,204,65,153,232,81,194,3,83,122,35,133,78,152,220,239,67,141,88,213,81,105,177,36,117,164,10,94,82,21,160,139,94,98,167,253,112,152,189,35,168,31,25,92,65,99,100,225,78,111,140,17,26,135,16,226,102,100,14,176,156,182,81,114,100,88,132,28,39,208,36,226,147,144,166,182,55,199,95,163,155,190,68,152,234,147,195,8,21,134,119,24,235,151,202,202,98,1,243,200,57,162,80,212,205,211,128,2,42,10,213,103,66,111,251,19,80,143,128,142,167,224,162,37,250,163,83,204,246,177,203,247,117,67,50,108,184,20,131,210,93,0,19,224,165,150,12,93,68,104,32,86,169,239,147,132,56,230,253,94,214,107,122,70,145,28,74,170,35,51,210,40,161,33,0,232,217,78,215,99,227,68,50,240,238,150,248,249,155,13,123,228,30,232,161,212,19,97,134,27,173,108,125,45,37,161,58,188,213,49,3,203,57,53,140,213,227,82,214,125,101,170,22,183,47,76,21,87,73,3,38,209,120,7,147,116,81,169,17,202,57,64,163,246,71,97,166,157,111,57,199,68,39,137,114,116,50,169,227,130,26,57,30,72,210,156,106,83,160,189,205,143,199,198,132,117,62,246,154,186,227,218,105,122,230,106,21,210,56,239,150,95,88,56,243,42,14,250,25,207,214,201,45,145,151,201,19,63,107,194,231,206,148,96,128,25,138,252,17,235,227,101,223,158,37,107,137,141,142,74,163,65,196,9,135,148,43,163,122,231,177,173,205,27,0,234,160,233,210,249,225,41,161,218,41,236,238,237,155,75,71,4,88,148,236,88,126,11,164,221,96,134,106,3,56,63,229,242,244,159,190,74,196,172,29,96,76,75,41,25,22,236,51,248,192,144,196,29,75,121,119,198,174,147,52,2,111,42,221,254,171,186,116,9,238,150,145,232,147,191,231,145,222,184,13,12,186,39,46,164,204,97,78,42,55,40,91,86,251,222,194,224,102,108,192,111,19,221,236,89,146,247,22,249,29,49,234,10,134,58,16,25,91,46,79,109,222,32,173,106,155,14,189,239,174,57,187,75,21,99,8,84,18,253,85,101,214,60,202,141,200,135,92,183,188,234,15,199,103,1,245,116,1,254,10,38,160,18,48,255,133,218,6,58,70]
CFO=-7339.255501139803,STO=4
EsN0dB=nan,GRXdB=40,N0=0.00199526222422719
packet_number=159,correct=False,payload=[59,130,21,125,184,85,152,115,193,67,31,43,34,165,31,176,211,8,121,124,47,8,155,30,23,120,72,48,78,230,237,198,63,137,109,30,156,153,148,95,73,111,236,163,200,61,119,32,149,191,237,240,22,12,179,233,42,202,117,48,134,149,121,137,95,158,84,140,166,64,124,83,255,183,137,129,27,76,202,135,32,28,91,191,228,170,4,226,31,163,118,127,105,124,83,225,34,80,53,13,130,25,7,119,8,39,208,226,253,184,187,192,186,200,227,94,191,144,0,184,22,25,219,138,31,210,19,58,169,103,233,191,142,100,78,204,85,32,161,16,197,207,138,210,26,5,93,11,79,71,42,144,93,86,22,129,47,81,29,0,245,66,5,72,73,240,112,240,150,237,128,240,43,61,178,243,148,91,205,215,133,107,101,111,79,148,122,31,69,31,126,215,170,12,126,9,93,75,244,213,165,94,11,21,172,177,3,181,99,141,40,144,183,113,161,145,22,113,20,64,35,66,63,50,158,253,131,113,192,248,33,2,94,74,128,29,30,67,90,107,162,156,98,42,108,166,174,229,107,112,191,155,139,163,159,156,186,190,19,161,139,188,86,215,247,250,137,172,113,175,218,87,95,252,54,150,246,237,48,123,153,200,248,50,165,74,21,223,63,129,103,88,230,140,100,100,14,67,11,238,139,76,142,127,100,182,110,32,65,83,77,31,88,3,105,126,215,184,2,167,239,173,63,163,31,131,233,201,39,37,50,222,139,218,135,70,183,166,110,137,68,233,52,108,229,156,192,218,136,122,60,206,76,209,186,49,1,168,121,111,119,133,107,20,175,206,159,248,226,60,65,185,30,246,158,218,64,80,233,221,225,142,64,149,166,7,11,177,223,149,56,220,183,193,23,212,157,233,28,214,113,123,245,49,216,129,13,25,50,74,63,76,83,57,136,110,191,167,237,52,64,36,164,84,154,199,85,227,160,185,187,9,115,50,191,20,152,18,98,77,238,216,5,191,186,27,122,250,137,78,20,47,166,169,130,13,147,99,103,122,234,117,241,78,74,62,111,220,205,85,248,67,33,70,5,91,21,135,36,224,37,21,3,50,222,52,18,10,179,37,187,174,215,135,68,123,58,130,49,104,105,111,129,130,239,174,141,55,228,155,227,231,37,255,103,108,108,137,24,246,134,171,179,34,196,37,144,52,52,174,227,163,207,105,247,213,17,90,204,70,145,167,29,229,253,140,49,146,3,183,202,180,61,91,21,180,88,159,124,236,131,237,229,45,194,155,201,221,28,74,216,189,167,63,41,115,180,140,20,176,136,236,9,32,116,242,195,203,191,137,81,72,79,250,184,118,235,22,120,244,91,221,74,254,15,54,20,56,220,255,74,54,22,129,59,255,233,59,25,129,20,14,170,177,43,164,103,229,172,223,103,172,243,251,219,165,54,96,96,152,157,209,243,91,57,86,245,165,232,150,75,100,221,65,47,153,147,202,233,11,127,241,7,145,251,1,34,91,135,74,2,79,5,104,125,25,9,127,82,135,124,93,205,108,34,180,31,219,34,27,222,159,169,214,110,123,91,235,102,214,150,1,177,119,236,227,199,35,225,105,62,145,224,89,98,19,218,238,65,38,127,206,216,69,243,69,255,233,39,148,240,231,252,187,17,158,207,26,159,226,38,208,231,227,247,235,210,111,194,124,112,130,188,15,16,129,189,109,86,228,60,142,133,180,228,134,203,179,191,21,245,87,106,194,248,238,243,189,152,188,246,19,243,38,176,188,217,75,41,243,21,166,59,170,197,89,209,247,251,2]
CFO=-8409.476893551717,STO=4
EsN0dB=-11.24,GRXdB=40,N0=0.00199526222422719
packet_number=160,correct=False,payload=[143,237,191,154,96,126,111,222,216,200,42,97,104,232,208,242,225,165,180,110,143,186,207,241,248,158,152,16,45,97,137,157,103,223,117,3,14,110,89,34,75,25,192,186,156,145,170,107,81,126,192,47,55,241,233,204,36,252,60,9,233,44,163,130,71,65,112,7,130,99,175,200,134,81,138,232,28,75,253,41,223,143,179,167,46,190,35,49,119,175,158,104,243,171,212,231,215,157,48,174,47,146,208,42,240,10,148,82,10,90,178,11,57,240,201,35,200,203,143,35,77,7,228,85,55,185,129,25,180,203,78,77,88,238,221,128,202,170,114,34,149,143,54,111,68,92,148,169,214,37,113,23,210,183,202,149,80,55,22,63,0,173,231,52,168,204,26,190,186,159,163,198,224,39,134,173,113,148,57,229,4,154,117,143,25,135,203,51,20,129,133,178,126,148,94,59,236,165,51,176,16,129,225,12,157,211,143,14,95,243,16,137,42,171,69,142,15,226,9,150,47,155,77,23,32,97,89,192,195,163,244,216,55,245,79,173,181,224,155,159,74,18,192,202,21,217,13,248,152,235,230,222,57,165,104,246,82,229,125,91,251,112,183,148,142,155,61,151,40,243,15,9,149,7,255,105,116,84,96,57,66,193,240,41,215,209,56,71,173,89,12,193,211,16,253,147,224,82,211,30,13,135,204,26,21,10,141,50,23,82,228,223,205,102,228,181,247,192,186,183,141,53,210,216,206,78,100,253,114,148,82,15,198,41,76,87,221,144,13,205,43,1,50,137,207,119,219,50,181,96,81,121,220,131,25,24,185,15,89,97,174,70,35,111,48,121,32,122,35,233,42,66,78,77,102,255,236,146,228,234,242,33,11,112,190,30,249,69,196,67,211,74,89,129,113,80,244,200,83,230,123,40,141,163,198,192,78,129,255,249,54,116,125,1,241,23,192,216,168,35,94,5,123,136,63,149,128,147,142,225,57,44,209,20,142,185,109,218,229,64,11,187,82,29,131,251,8,192,44,139,253,126,52,236,189,21,204,153,202,220,127,209,246,104,89,208,67,181,67,99,156,67,140,153,205,224,78,121,156,34,21,245,165,215,150,122,249,165,138,81,106,139,114,221,23,58,120,124,197,58,91,250,163,230,145,151,63,105,156,95,195,100,215,58,170,219,28,47,101,136,162,76,48,175,113,30,162,190,10,138,101,215,220,187,152,175,91,240,152,11,166,8,19,83,153,98,202,193,223,83,145,197,59,63,91,147,166,148,247,188,203,40,245,159,214,249,56,232,22,92,205,239,0,105,132,177,134,23,87,136,215,196,241,109,188,203,47,109,233,54,144,47,184,36,145,215,156,253,178,107,156,78,245,186,30,24,204,170,227,66,33,28,200,56,58,160,81,132,244,76,140,32,11,130,12,248,192,181,187,228,192,100,121,7,171,89,11,28,42,14,253,244,219,48,201,102,40,232,17,242,177,249,48,193,194,78,115,140,254,119,164,162,84,10,214,183,187,77,157,155,234,247,90,197,142,87,137,156,14,72,73,247,202,76,129,61,15,36,233,193,8,4,189,7,62,28,132,179,26,131,247,26,135,244,36,59,168,221,8,101,175,192,58,194,236,99,41,60,148,94,166,180,61,81,161,109,49,202,230,39,29,181,188,183,89,167,182,108,218,174,124,155,60,19,23,239,6,59,255,64,148,111,49,143,230,239,55,52,91,3,146,197,83,5,240,197,107,105,147,60,109,209,72,173,29,11,43,144,99,200,79,64,155,11,145,139,11,79,24,74,245,199,195,25,78,158,19,217,45,31]
CFO=-1642.2867322584855,STO=7
EsN0dB=-25.25,GRXdB=40,N0=0.00199526222422719
packet_number=161,correct=False,payload=[217,197,180,150,183,20,207,177,16,31,46,56,149,72,69,9,255,195,172,26,56,80,53,49,242,214,194,114,59,13,117,11,200,212,232,25,141,138,54,171,172,131,253,192,46,13,121,77,69,87,42,228,45,121,158,113,7,187,29,211,145,148,160,213,138,8,90,110,114,166,189,147,181,150,13,210,66,70,254,240,239,29,198,182,53,70,7,101,3,82,127,138,99,54,75,160,122,178,7,117,161,247,27,33,207,131,22,79,107,64,185,74,75,103,205,26,221,181,27,159,62,98,63,66,96,106,47,142,56,6,185,241,193,244,255,173,191,226,20,108,81,43,123,194,220,138,137,172,26,248,138,102,129,203,59,16,246,180,17,99,130,175,182,254,35,113,68,6,182,221,121,33,80,35,243,66,198,59,133,83,218,173,58,205,90,78,221,63,3,241,51,53,135,11,212,64,211,38,103,68,68,147,58,99,104,179,186,75,155,199,21,27,3,38,75,215,29,36,255,99,190,201,10,82,27,34,250,183,30,182,210,86,233,76,147,218,73,111,40,146,107,201,171,186,68,72,131,63,234,239,191,33,125,230,254,24,139,116,0,27,135,236,157,72,218,17,170,27,181,24,136,54,184,174,233,97,216,74,38,227,244,114,97,157,155,110,115,122,245,164,91,21,16,150,126,151,3,43,22,161,212,47,39,81,2,62,71,165,75,49,197,51,143,159,56,228,31,159,213,95,11,124,89,56,88,92,186,139,202,228,246,117,221,181,190,45,121,210,18,252,91,147,144,42,146,65,43,250,87,104,198,85,13,27,117,211,105,53,192,239,134,181,192,72,70,19,152,249,104,10,131,159,90,38,22,107,218,152,203,190,46,252,118,101,225,195,106,0,124,23,58,66,80,90,151,140,78,247,164,251,16,135,97,221,71,139,220,195,4,221,170,118,233,160,98,15,118,210,248,76,141,231,151,181,115,41,221,224,180,96,65,198,190,211,52,197,158,104,30,117,79,227,82,4,230,157,228,152,119,160,140,91,157,5,249,50,191,150,246,191,11,219,134,148,156,86,43,228,200,90,194,28,16,252,121,242,230,180,54,242,107,147,50,224,120,90,136,75,255,143,10,215,204,8,108,240,77,14,238,107,32,70,166,105,202,124,194,37,255,212,16,246,3,51,226,18,89,189,22,31,13,69,177,130,57,155,136,64,196,5,67,35,170,24,229,29,21,23,78,182,122,50,179,145,104,197,76,140,130,41,94,103,58,83,128,244,94,247,207,170,148,89,192,74,105,194,200,83,106,165,163,86,49,173,175,175,202,243,48,251,134,126,253,222,222,128,76,31,134,241,23,153,94,186,47,59,24,42,17,151,123,210,148,60,238,110,171,67,81,64,17,220,121,190,231,41,225,78,80,223,78,31,93,245,206,23,184,170,72,88,144,192,183,77,27,84,139,229,181,24,40,70,156,121,137,247,147,8,211,12,223,229,74,161,241,253,148,114,185,234,65,242,26,236,233,120,181,188,139,19,253,118,96,201,210,52,216,183,101,254,214,80,224,212,89,254,29,254,15,219,243,68,135,89,185,178,172,124,159,118,39,151,14,209,223,51,139,36,178,127,117,188,248,110,80,161,78,4,113,237,232,135,190,74,65,82,103,248,59,171,85,150,179,114,67,245,188,66,4,10,111,31,11,109,182,152,145,202,50,91,24,95,31,52,237,96,59,195,188,251,205,88,135,203,55,118,202,249,147,141,213,176,224,101,60,17,225,56,94,65,96,129,123,68,92,251,190,198,31,94,81,19,24,15,164,111,88,83,93,149]
CFO=-12106.502714748523,STO=2
EsN0dB=-16.31,GRXdB=40,N0=0.00199526222422719
packet_number=162,correct=False,payload=[139,138,138,8,131,203,239,6,216,54,185,158,211,136,198,225,174,140,2,65,89,231,93,38,223,102,165,100,216,216,244,84,37,24,190,130,162,57,160,158,226,68,160,207,179,150,174,94,255,225,176,17,202,125,33,222,236,65,240,179,252,121,40,157,143,48,69,224,117,22,91,145,170,66,18,68,205,14,28,90,58,213,52,80,112,232,93,100,28,93,171,239,63,175,51,248,121,154,226,92,227,211,58,172,25,46,245,210,224,59,165,209,192,120,29,243,150,99,83,181,184,33,148,236,240,218,254,33,154,45,212,197,133,195,230,207,197,99,141,85,9,240,64,249,24,5,183,46,69,186,237,194,240,193,143,103,188,131,119,48,160,221,28,130,76,86,96,204,229,114,117,189,233,10,208,99,93,38,134,65,96,236,35,77,193,0,128,196,47,83,93,108,77,176,154,48,228,244,238,132,170,156,179,146,103,206,137,230,168,116,131,96,107,0,17,108,17,48,106,83,60,108,107,238,37,177,130,166,119,16,140,109,74,205,240,215,118,167,203,219,102,182,233,99,162,110,68,31,149,218,177,219,148,6,246,54,81,179,245,156,236,231,62,155,41,95,229,53,171,8,4,34,62,188,149,157,10,155,148,135,153,154,167,165,14,247,150,31,117,84,7,119,188,56,199,71,182,133,35,74,194,218,44,161,77,117,100,147,126,91,133,11,3,139,64,225,110,102,31,251,247,72,79,102,232,6,160,138,157,94,1,188,146,119,73,92,137,108,88,143,199,221,53,140,5,19,107,26,161,73,147,18,53,50,61,5,93,15,69,0,44,56,179,73,51,154,210,136,179,237,158,141,92,140,100,92,68,35,86,8,93,250,237,248,144,182,242,219,53,119,19,52,136,125,99,114,210,187,0,203,227,220,107,163,109,226,109,225,100,184,28,138,134,30,219,92,118,115,227,153,141,186,244,1,248,144,214,220,138,130,238,105,229,12,8,44,68,53,141,15,47,150,49,213,95,208,139,1,82,186,94,158,238,39,83,89,100,63,245,78,147,92,181,239,66,215,85,111,129,223,117,81,66,18,184,93,123,82,121,241,150,35,28,240,92,34,212,89,169,42,161,209,47,134,207,218,146,45,37,191,72,229,132,251,84,32,84,224,196,195,66,222,182,95,160,118,178,228,241,99,100,238,172,130,95,136,130,117,208,149,162,38,163,198,185,183,52,170,3,41,230,164,119,174,10,226,205,187,253,151,105,45,119,75,46,20,96,68,166,247,232,211,39,141,4,218,232,124,155,76,222,54,130,234,97,233,160,229,192,177,232,88,1,216,213,24,152,75,132,69,9,115,96,76,182,106,103,205,24,190,147,178,147,91,14,69,28,199,26,155,2,48,168,157,63,143,71,108,57,203,190,253,3,33,243,241,156,190,4,118,11,33,170,18,81,240,221,33,214,201,198,107,141,162,186,224,112,164,39,217,222,249,248,65,206,70,142,150,226,110,104,255,3,132,76,28,198,214,198,194,112,203,232,165,167,73,52,110,2,124,142,106,99,182,84,115,128,105,49,173,129,134,202,174,255,2,134,131,189,48,234,76,177,50,38,224,87,130,181,135,211,62,214,208,178,238,25,154,208,160,174,22,193,212,37,168,179,101,170,177,7,80,79,82,229,21,230,88,223,10,36,183,185,171,253,40,191,74,98,86,182,99,240,220,29,168,120,64,124,78,38,28,125,224,153,50,217,217,133,129,32,147,158,157,130,77,176,132,58,33,234,4,112,47,77,162,85,68,106,87,52,252,249,248,25,156,82,53,96,170]
CFO=9700.961315488808,STO=2
EsN0dB=5.98,GRXdB=40,N0=0.00199526222422719
packet_number=163,correct=False,payload=[12,5,66,3,52,5,69,3,140,8,10,2,44,44,14,75,20,9,18,27,24,20,22,20,136,57,24,27,238,13,28,27,168,33,2,35,164,5,38,39,44,121,72,48,44,45,46,31,112,0,22,91,52,57,54,117,36,43,10,59,60,41,62,31,96,0,94,67,102,101,108,15,86,104,79,79,78,109,94,31,144,17,56,91,84,87,82,82,72,145,20,75,220,29,76,95,96,9,64,67,52,101,98,71,104,172,46,107,100,44,102,79,100,48,82,115,116,119,35,117,120,124,126,88,105,61,126,26,128,0,130,139,197,165,135,70,128,145,131,129,4,165,142,134,153,16,147,155,156,181,135,16,138,144,187,203,148,156,156,123,176,167,240,227,36,33,38,165,49,173,174,171,168,164,172,47,136,177,178,19,182,49,246,151,168,185,184,169,158,157,254,183,192,233,130,75,197,197,198,231,108,72,195,171,196,92,222,207,80,209,195,201,212,164,130,67,200,217,214,221,21,245,254,93,240,241,226,81,165,213,230,198,42,249,170,109,221,236,166,103,240,241,112,243,246,124,247,117,254,216,251,251,252,241,250,255,16,34,128,19,4,94,2,14,152,157,143,3,136,14,4,31,16,25,24,3,23,21,16,87,136,25,90,11,28,12,30,31,32,97,34,3,36,96,134,71,39,57,14,11,40,13,46,14,16,33,82,35,116,29,83,86,57,57,222,46,54,29,62,59,32,73,64,82,192,199,66,70,72,192,76,114,76,69,78,7,80,23,211,19,112,215,87,215,120,107,82,89,214,169,105,31,216,49,34,39,64,101,70,71,20,99,106,99,65,37,46,103,243,80,97,99,52,113,118,55,124,20,62,63,125,189,246,255,129,161,176,129,200,141,194,39,8,91,142,137,142,136,10,23,144,129,209,215,22,65,23,156,248,153,214,27,156,30,174,143,144,49,232,167,182,165,162,35,44,33,99,187,162,175,190,135,180,176,146,51,180,244,180,179,178,25,250,89,156,189,182,191,192,193,194,193,212,203,198,197,216,200,138,201,94,206,206,175,200,112,194,195,248,213,214,247,208,81,251,155,204,85,255,90,192,161,160,195,196,101,165,227,232,171,226,65,252,253,242,239,242,48,242,242,132,213,148,227,176,219,241,255,236,255,254,203,96,0,0,67,4,5,70,135,11,73,14,41,44,77,78,15,0,216,18,87,20,20,22,148,60,17,26,18,30,29,2,62,130,33,98,35,0,36,102,38,41,225,48,59,44,44,48,47,36,97,178,75,24,52,182,19,154,56,62,27,60,55,30,109,65,80,66,67,64,97,82,67,200,233,14,99,68,197,72,75,80,81,90,19,84,81,31,199,88,89,88,75,12,189,205,95,128,105,106,75,251,101,96,103,104,69,75,96,120,105,102,107,48,81,112,247,116,57,104,87,112,97,102,153,62,55,126,254,136,137,160,65,132,31,142,6,8,141,146,155,132,141,206,139,208,184,0,179,156,147,130,183,136,145,155,155,232,149,222,223,129,161,162,163,100,37,198,167,170,164,42,174,172,141,174,47,176,49,178,243,189,48,190,183,56,220,216,179,108,61,190,190,192,199,34,163,198,229,206,143,216,193,202,195,94,75,75,79,208,193,116,177,148,165,94,215,216,89,217,215,220,125,222,93,160,161,98,99,228,225,230,231,232,233,233,238,240,233,238,175,240,249,242,242,176,241,240,255,248,58,219,251,252,109,236,255,36,1,2,1,68,36,6,15,4,72,50,9,140,133,15,47,0,20,24,3,17,17,198,23,8,17,87,43,44,25,22,158]
CFO=4869.788748754384,STO=0
EsN0dB=-13.61,GRXdB=40,N0=0.002511886414140463
packet_number=164,correct=False,payload=[169,214,248,236,196,55,136,118,217,247,88,18,128,151,232,203,62,216,98,154,56,62,158,194,242,158,105,137,223,111,77,205,177,165,255,183,54,2,24,199,173,188,130,93,205,83,237,7,45,167,255,243,10,220,8,9,176,82,0,149,143,108,88,48,30,220,5,131,212,234,211,18,131,193,55,108,7,206,113,38,23,136,212,193,125,232,27,7,153,251,166,217,63,253,133,15,244,113,139,50,184,107,113,30,202,137,193,98,88,225,55,28,203,174,106,165,0,233,217,184,12,61,24,15,33,214,29,228,178,107,228,146,154,203,134,241,11,62,129,55,57,237,245,250,233,11,78,15,130,142,2,135,143,161,69,21,56,248,146,255,194,94,81,57,33,224,226,169,147,186,25,100,34,95,228,85,21,132,122,151,2,225,114,247,32,109,1,234,123,49,170,90,20,236,198,161,62,229,144,90,222,223,130,182,65,83,106,52,66,174,84,235,70,4,85,233,193,169,109,169,163,212,162,172,24,43,182,138,212,10,243,40,24,153,90,58,86,153,179,159,182,104,22,11,238,44,1,238,162,5,25,250,62,38,179,37,165,39,13,144,19,98,147,195,178,23,225,223,254,24,153,29,136,197,17,122,19,113,74,120,134,181,60,142,117,76,249,35,27,149,142,53,85,201,237,155,135,160,62,23,156,23,220,71,136,3,193,223,139,150,155,165,251,227,231,117,7,63,229,170,59,241,23,51,245,230,213,136,58,104,215,188,129,11,219,245,50,75,181,255,159,156,24,244,100,169,161,209,4,90,151,237,10,116,250,176,248,161,4,198,169,199,16,58,55,2,109,103,74,88,72,151,254,201,187,175,64,222,110,61,179,174,232,253,58,173,38,107,235,161,213,221,213,35,49,65,235,138,114,246,20,222,32,193,134,28,171,253,121,96,231,106,8,126,45,58,178,193,99,8,48,130,240,248,160,171,135,57,81,120,32,49,230,200,76,168,176,136,10,40,226,72,178,18,191,205,92,166,119,68,232,28,22,200,239,18,205,185,41,153,253,213,97,17,152,20,173,230,167,39,35,122,184,153,124,220,229,229,76,237,6,102,149,114,200,27,95,114,55,33,205,143,92,156,219,161,111,170,217,39,250,160,14,128,58,175,98,104,132,167,198,123,52,134,9,43,112,121,176,179,107,0,27,127,7,63,111,188,7,243,178,88,132,44,179,175,149,195,81,24,183,125,73,112,138,213,238,249,8,251,24,62,197,87,188,186,132,127,198,16,107,201,116,75,239,254,217,224,249,62,100,159,73,48,238,106,204,164,89,122,149,182,13,236,124,0,115,64,87,153,157,37,53,82,97,243,235,56,197,252,132,245,143,90,245,9,175,95,25,68,35,49,189,52,135,182,157,138,93,116,233,224,110,153,4,105,255,194,223,56,63,243,213,220,134,109,234,159,87,28,28,192,253,179,217,10,69,41,141,144,79,37,250,211,35,175,228,125,19,56,73,44,8,247,160,118,140,243,56,145,189,184,63,193,140,66,2,90,188,90,69,156,103,191,207,118,214,160,242,207,61,25,198,69,179,219,181,13,167,207,124,241,150,17,64,93,148,100,188,215,72,187,88,71,60,2,206,253,87,165,68,140,44,136,108,81,159,200,86,181,146,13,159,38,254,241,36,234,99,104,65,207,100,237,238,61,230,145,162,192,187,3,111,166,218,166,240,91,86,33,89,177,23,57,231,199,164,99,50,83,7,220,38,164,198,216,254,34,211,50,148,178,255,178,86,228,8,75,68,194,206,139,38,179,90,176,146,207,144,219]
CFO=6779.87534040176,STO=5
EsN0dB=-11.90,GRXdB=40,N0=0.002511886414140463
packet_number=165,correct=False,payload=[254,157,177,143,50,171,85,124,21,30,102,130,175,189,79,102,240,84,233,12,66,226,152,190,242,51,78,91,97,37,142,145,129,44,119,93,147,161,88,15,136,95,147,51,36,24,76,146,126,206,180,24,74,150,158,217,230,108,163,179,122,185,156,248,122,166,143,134,162,67,125,203,81,34,46,118,183,18,77,27,157,74,20,170,63,228,197,128,12,219,254,76,202,32,38,57,46,239,236,90,6,180,22,207,221,164,252,167,111,198,38,205,71,81,99,40,217,22,28,113,249,109,166,164,207,127,140,216,55,21,47,71,130,6,215,216,198,180,136,0,174,183,125,107,80,234,170,169,217,186,80,1,150,27,153,105,28,112,172,123,144,108,76,14,249,56,75,4,172,74,173,83,133,78,114,212,117,106,178,53,13,25,100,12,50,204,56,161,61,69,123,202,83,5,252,243,80,167,100,83,140,96,100,87,40,172,48,176,72,56,89,46,243,155,162,250,91,4,233,244,184,2,16,154,213,170,186,239,6,74,241,168,157,92,122,154,79,235,233,125,174,173,2,234,143,1,246,224,157,9,102,245,228,164,42,63,163,227,241,209,168,168,177,158,204,99,231,151,113,159,93,93,80,25,159,200,252,17,244,186,223,122,225,121,228,228,78,129,97,205,29,50,223,210,67,141,148,56,175,99,81,74,108,93,47,184,234,67,32,46,215,197,72,160,164,188,105,2,208,40,70,203,204,239,234,128,93,22,229,116,120,245,180,36,201,133,145,49,144,13,151,166,155,181,149,224,120,109,70,238,46,17,219,250,162,109,222,63,146,207,110,202,238,144,135,13,3,207,229,69,206,19,230,245,197,154,93,19,67,61,43,55,111,88,249,13,120,5,86,46,116,144,187,11,145,39,217,145,115,19,246,1,200,30,128,131,210,116,55,178,191,131,173,92,170,234,186,119,233,170,195,209,118,91,243,113,12,80,127,136,34,86,128,196,15,125,121,80,41,63,210,175,3,57,122,154,6,62,158,250,192,252,172,82,249,31,18,42,239,179,164,194,60,201,30,128,228,172,98,58,80,142,87,29,187,55,104,148,206,18,48,240,61,235,170,47,202,201,196,27,255,155,121,116,142,101,0,16,185,33,188,34,252,146,179,2,89,194,63,102,89,173,15,61,110,140,187,195,78,100,111,8,170,208,20,185,139,149,106,68,184,0,29,181,239,215,243,164,30,58,237,210,52,187,45,180,37,139,139,165,225,249,250,21,71,102,112,63,23,240,189,172,71,147,105,26,6,120,155,238,87,49,125,14,241,123,105,67,109,49,120,168,55,111,37,94,108,199,1,89,32,9,35,60,134,191,16,133,30,155,134,18,73,150,12,235,30,252,148,60,237,15,159,169,102,190,94,73,139,254,127,67,111,232,162,4,110,83,211,241,181,106,121,250,104,255,174,23,36,59,6,35,22,146,169,195,116,115,124,106,171,127,102,41,99,251,93,89,244,149,172,222,97,144,7,152,238,246,193,89,3,133,90,140,253,129,114,131,125,255,207,151,124,39,199,51,111,203,70,210,161,85,165,140,158,245,244,151,48,48,213,74,80,43,9,29,41,5,119,119,70,129,205,30,208,168,234,22,241,147,246,248,26,32,247,64,174,103,214,184,54,204,54,51,31,139,173,136,190,117,105,227,123,36,55,91,202,54,15,26,194,56,151,94,129,137,240,139,77,153,53,148,99,178,202,4,34,42,61,221,174,176,9,122,84,183,63,248,40,189,23,142,104,127,148,59,113,141,1,173,211,48,140,219,10,141,43,239,30,202]
CFO=10263.233871612874,STO=4
EsN0dB=-22.27,GRXdB=40,N0=0.002511886414140463
packet_number=166,correct=False,payload=[35,223,66,8,151,131,43,134,39,5,159,130,237,103,82,207,67,199,20,218,130,173,9,41,112,72,151,110,218,196,250,30,36,48,94,114,219,252,243,26,30,19,207,237,208,93,230,7,91,221,8,42,133,94,198,237,4,137,10,197,94,59,64,57,70,2,175,217,210,147,247,151,57,235,140,56,64,51,150,29,13,37,188,118,59,21,49,104,223,238,133,179,81,52,22,142,124,160,232,189,225,126,147,195,182,249,180,239,233,239,98,17,105,9,87,161,165,207,245,115,142,128,253,127,64,11,101,104,43,53,227,191,201,219,168,232,251,209,229,240,75,33,10,18,6,253,86,225,57,152,212,182,223,191,45,62,181,85,98,81,216,39,238,253,102,179,150,44,90,74,199,220,16,154,175,13,219,82,161,10,136,228,188,63,7,109,110,228,112,92,149,101,197,133,176,42,185,56,33,213,145,88,50,149,214,47,185,21,54,37,232,111,82,90,41,54,67,0,153,30,50,144,178,146,244,111,212,165,14,93,45,231,107,13,129,90,140,34,233,154,15,217,40,235,248,146,136,185,176,71,98,125,180,199,85,146,97,139,166,163,82,2,49,195,43,180,4,183,204,32,86,50,131,172,169,127,77,87,123,62,63,22,197,85,157,17,50,219,76,74,105,32,159,98,190,164,226,122,249,230,232,125,86,0,102,85,173,229,242,110,9,218,235,197,248,16,138,100,29,21,160,253,168,16,171,133,197,16,199,44,204,137,230,88,228,174,149,31,44,230,17,95,118,248,114,66,240,228,103,227,219,88,51,167,104,170,161,167,83,245,124,33,119,45,112,252,121,255,92,69,120,90,230,4,0,207,250,169,154,47,250,125,113,72,188,45,59,246,131,131,166,52,89,7,166,40,48,214,105,93,14,128,231,222,162,95,238,97,132,203,255,66,211,155,67,252,225,68,15,145,188,171,170,27,132,219,118,227,210,175,116,87,50,59,94,93,89,226,233,229,35,87,31,217,100,190,38,236,11,76,50,86,140,150,168,145,189,156,36,14,124,206,5,30,42,147,138,156,239,85,8,141,60,101,117,90,251,87,193,32,57,194,192,147,105,201,227,27,135,105,171,128,100,199,192,19,153,25,25,127,206,30,59,145,200,171,10,33,15,111,252,216,104,23,184,243,233,198,113,149,246,50,28,71,232,60,30,44,245,195,245,36,115,65,179,51,192,93,86,163,58,30,249,117,74,68,204,50,134,125,8,174,227,253,185,29,134,242,202,47,233,193,148,241,29,32,102,191,20,102,98,251,148,123,58,131,202,254,218,225,20,60,255,171,165,45,201,68,56,221,99,202,12,106,209,150,183,205,150,147,65,35,33,51,17,140,162,211,158,254,129,62,25,34,218,45,210,25,5,88,118,106,121,203,24,207,149,119,123,130,105,177,50,180,228,162,250,122,78,238,82,75,15,28,84,173,226,254,233,32,223,198,180,15,227,43,22,213,101,143,110,125,170,163,219,59,185,238,102,101,108,132,27,198,24,42,150,142,24,175,175,63,178,193,250,252,104,66,24,67,42,59,201,15,26,8,214,34,184,100,239,142,249,141,255,23,227,153,139,112,1,171,86,198,245,121,76,234,24,84,54,215,0,162,128,81,185,149,227,192,255,133,37,143,116,192,220,63,136,226,107,239,241,116,22,231,193,108,135,25,58,60,132,130,229,76,245,84,146,45,7,232,186,50,115,85,185,65,189,64,133,103,199,70,131,240,207,243,138,214,108,53,153,213,224,179,8,104,248,27,11,236,79,167,238,148,51,19,71,205]
CFO=-9115.963202176294,STO=5
EsN0dB=-2.14,GRXdB=40,N0=0.002511886414140463
packet_number=167,correct=False,payload=[53,131,53,204,97,3,52,6,38,130,47,234,179,126,188,93,223,202,220,53,195,103,179,239,72,39,157,65,187,176,125,87,226,49,189,91,151,216,98,111,157,78,24,209,171,123,245,109,128,149,86,247,123,53,7,151,177,123,33,150,33,212,187,208,132,68,1,179,115,100,70,87,129,211,42,21,88,224,22,233,25,150,67,48,245,193,19,250,228,160,240,101,243,22,21,12,216,238,141,33,249,148,141,149,201,21,96,166,26,49,87,106,135,184,132,207,237,117,231,200,157,159,2,152,91,116,150,67,17,223,111,47,209,215,228,98,69,11,144,155,93,225,157,190,221,218,73,223,223,49,151,160,134,6,100,51,84,45,193,233,123,86,87,79,12,116,214,21,206,177,171,232,141,13,55,215,220,190,46,4,29,179,86,184,231,137,171,42,1,162,190,233,42,139,59,188,204,155,56,179,206,12,249,156,34,138,242,193,90,214,225,81,255,72,95,103,124,34,8,98,193,7,79,80,172,0,24,172,197,240,37,210,113,63,57,70,102,133,15,11,242,180,72,37,84,178,44,189,174,103,149,205,157,190,35,225,201,231,80,183,143,70,101,111,71,253,0,172,79,116,247,67,68,153,214,72,189,224,224,224,113,121,59,29,128,7,154,148,231,222,138,34,9,243,154,104,170,156,138,46,41,125,81,147,3,101,179,179,109,27,137,113,94,22,143,231,201,104,154,44,66,219,181,67,23,39,82,186,250,207,165,206,213,180,27,65,46,175,195,207,173,102,58,203,139,201,67,145,85,174,200,75,82,12,230,7,150,43,159,125,151,106,136,21,52,88,21,140,225,207,212,156,70,0,247,36,82,119,114,7,157,47,85,43,138,82,77,243,230,125,59,146,185,81,90,65,92,138,247,63,92,187,56,214,120,234,222,9,203,187,195,182,217,13,74,124,173,213,112,204,145,6,196,152,2,90,115,185,242,230,223,160,142,128,192,30,28,158,101,178,194,142,175,238,212,0,248,214,101,73,224,24,24,98,31,59,82,6,47,213,22,131,76,128,120,109,80,83,184,3,147,173,250,245,250,99,26,88,148,86,179,116,151,224,223,229,19,217,202,106,56,241,76,44,236,14,114,133,196,168,156,248,77,136,92,77,54,99,180,209,80,122,61,150,4,152,61,153,25,86,208,233,164,211,200,253,247,80,241,61,182,48,1,224,75,114,60,141,153,30,15,114,159,4,249,67,169,103,251,113,219,10,226,70,119,73,89,85,157,89,67,8,93,37,237,19,225,29,148,247,207,62,32,126,17,222,113,70,160,182,184,221,149,54,135,186,166,142,61,96,58,63,58,3,112,91,29,125,91,110,67,253,133,48,243,93,226,3,99,35,189,148,115,192,222,187,11,117,126,206,134,204,234,37,8,75,114,68,159,179,157,44,223,56,69,123,239,127,223,213,227,150,95,239,240,232,79,251,246,111,49,229,183,235,222,175,231,187,225,147,211,119,199,108,247,77,123,149,94,46,231,231,199,251,183,251,249,222,254,59,255,253,245,127,223,26,234,254,189,239,95,201,238,167,238,156,236,253,255,251,250,143,203,171,219,255,235,221,222,249,95,248,234,79,253,247,222,127,210,255,247,125,85,182,213,156,126,58,249,191,245,220,215,255,255,145,255,159,124,223,255,93,254,177,250,125,75,175,187,121,117,183,127,155,255,183,93,191,216,253,255,219,239,187,223,183,190,127,253,255,255,159,173,245,106,251,55,57,251,255,250,191,181,238,243,91,91,151,239,207,239,183,175,189,255,189,158,167,207,237]
CFO=-9121.346719334602,STO=5
EsN0dB=2.77,GRXdB=40,N0=0.002511886414140463
packet_number=168,correct=False,payload=[111,239,43,126,250,247,119,255,111,253,49,255,255,127,213,95,210,186,227,255,179,126,238,255,247,254,255,255,254,255,195,253,215,159,254,191,255,187,233,111,239,215,83,253,115,255,239,251,91,149,247,243,191,253,231,239,235,253,229,93,111,255,163,60,207,191,188,239,127,191,95,255,254,254,235,250,55,254,223,252,255,159,237,250,250,188,197,247,254,222,255,255,252,191,101,239,191,233,247,45,125,63,45,233,159,247,255,125,255,111,85,255,223,199,182,255,127,227,230,253,253,254,253,234,240,255,237,189,174,187,255,126,7,191,222,199,250,111,246,255,127,127,199,251,219,183,255,239,195,191,183,255,223,255,254,221,127,253,173,119,159,21,253,239,255,211,127,179,187,255,219,239,207,255,237,190,158,159,255,228,247,63,103,189,255,253,127,247,253,214,111,113,94,247,255,255,245,61,244,238,95,250,223,126,121,185,252,255,69,186,220,245,191,247,165,248,248,209,245,253,211,115,207,235,176,11,247,46,187,127,243,231,253,253,229,251,187,239,109,215,213,191,183,121,235,246,47,191,243,255,237,251,253,191,179,235,89,155,187,191,186,254,79,110,223,254,247,127,252,253,238,214,251,255,255,247,255,254,238,235,251,255,219,223,255,247,155,223,123,127,251,191,115,127,250,255,254,245,119,247,222,253,91,239,187,155,126,190,243,242,247,227,213,255,125,253,249,191,230,239,157,205,239,127,53,127,102,169,254,247,103,14,183,239,222,254,240,87,254,222,246,191,227,173,243,212,125,255,247,222,239,159,255,253,239,251,247,248,243,223,247,255,175,252,255,127,115,158,223,237,239,252,243,254,215,239,255,251,191,205,253,223,221,188,134,119,231,255,255,31,207,223,255,251,111,126,243,255,219,231,189,215,127,174,247,189,255,207,252,255,191,254,123,255,174,207,78,223,175,254,183,255,253,215,254,159,229,91,255,255,78,157,159,207,213,255,59,190,197,111,231,189,255,251,223,186,253,165,25,175,63,255,248,186,231,106,124,127,94,236,249,127,248,109,252,254,239,253,249,185,218,229,219,157,249,167,247,255,250,130,152,48,235,187,175,233,102,74,157,194,40,219,161,156,167,179,11,78,250,102,225,95,26,11,224,124,189,214,142,205,95,245,58,43,191,105,126,143,94,92,191,4,222,91,83,104,170,250,6,53,107,245,119,92,224,16,77,83,223,43,241,107,203,123,36,116,123,243,39,92,230,35,183,15,65,109,82,42,102,26,42,42,136,208,107,212,102,143,109,250,190,117,15,173,95,116,67,18,180,138,2,21,243,11,127,241,250,35,134,206,191,196,228,161,35,23,5,163,118,186,148,86,161,152,61,214,254,193,173,127,174,209,185,179,219,157,227,180,215,192,215,99,17,115,154,161,215,158,228,105,227,60,146,146,38,60,240,158,116,24,30,70,180,2,128,110,244,232,147,165,146,192,206,81,149,97,30,63,116,148,252,173,88,151,33,199,60,165,90,225,182,223,5,125,160,141,153,147,29,51,70,181,39,56,42,102,38,100,51,145,36,134,127,222,213,248,118,166,15,56,215,85,123,182,107,132,11,26,78,29,169,171,228,24,44,115,96,65,101,99,7,147,228,166,55,196,56,67,50,106,90,166,135,7,20,135,21,229,164,69,99,223,113,229,216,167,64,159,40,181,26,81,52,116,50,164,64,44,42,219,215,180,73,204,104,81,69,222,184,21,56,156,211,55,26,181,104,185,211,4,189,167,149,148,151,137,160,177,81,160,79,53,103,159,44,62,238,193,136,124]
CFO=7526.946253619599,STO=7
EsN0dB=4.81,GRXdB=40,N0=0.002511886414140463
packet_number=169,correct=False,payload=[192,236,114,60,132,86,32,30,80,52,24,22,32,104,121,236,64,20,252,44,64,84,201,76,192,84,220,25,238,196,123,108,240,49,242,120,128,132,130,145,24,212,216,220,35,102,171,44,48,148,184,60,65,132,25,92,210,212,152,204,224,201,173,248,224,244,248,255,2,133,41,93,16,21,25,21,8,9,41,109,177,54,121,55,192,71,73,196,89,167,115,55,4,207,105,120,121,111,123,204,129,197,145,157,131,149,56,153,149,177,59,109,59,189,187,124,137,205,201,73,224,152,217,232,193,229,233,205,241,189,216,254,66,135,137,10,50,22,26,30,164,51,43,106,54,62,26,26,193,30,139,36,198,86,90,92,100,102,120,78,82,81,25,246,6,141,12,14,82,23,155,222,226,174,203,46,136,182,186,124,192,206,198,130,84,28,158,220,226,228,234,232,240,118,242,255,95,15,3,157,51,5,51,30,167,38,33,223,50,55,51,63,195,7,71,79,69,86,66,94,69,99,99,111,115,55,47,96,147,135,131,15,3,31,43,247,151,47,191,47,231,231,58,55,131,207,193,10,211,213,9,207,66,226,47,238,243,247,251,122,0,20,16,12,52,25,8,92,116,37,24,170,116,68,124,61,64,72,76,16,80,217,91,92,96,76,106,116,32,38,108,124,3,128,24,9,144,225,156,145,224,165,169,44,176,144,42,190,144,197,136,158,242,5,208,13,241,229,136,237,240,197,252,253,19,149,73,31,48,49,23,29,80,166,41,107,189,99,61,30,69,9,81,28,87,51,89,206,97,53,193,105,100,97,112,219,1,133,8,223,144,157,221,153,161,181,169,173,149,253,249,191,199,21,73,253,243,213,81,47,103,247,235,238,245,241,187,255,131,54,10,8,93,198,158,26,130,15,31,42,226,119,56,62,6,6,202,126,86,144,102,124,106,102,218,238,82,38,240,116,6,134,202,142,19,22,154,254,167,206,102,204,32,97,186,255,166,135,207,204,202,118,211,254,225,108,104,239,82,190,82,223,3,6,75,31,35,21,55,61,35,39,107,15,243,163,121,61,97,101,73,87,211,126,58,89,51,110,72,107,39,119,110,123,199,135,135,139,129,14,23,149,163,135,130,167,51,165,123,191,235,193,171,205,182,199,250,252,202,175,235,238,243,246,235,207,35,156,24,69,0,128,16,92,34,5,16,44,242,36,148,60,64,96,142,76,114,176,24,220,89,36,74,228,112,159,74,253,147,160,202,76,56,148,232,26,119,146,33,136,176,47,240,148,192,133,90,215,216,12,253,220,208,229,233,237,246,244,104,248,3,6,233,13,1,28,57,17,33,32,43,45,113,49,42,61,1,197,65,205,131,104,112,93,116,1,96,125,114,117,121,187,23,196,137,205,145,155,179,153,242,173,42,9,117,49,184,253,73,199,210,77,208,199,241,197,227,241,233,108,240,119,243,127,0,14,8,12,38,23,20,156,106,7,42,77,212,55,122,56,235,38,78,15,194,119,156,95,103,36,218,118,112,87,70,127,74,134,11,137,162,151,154,190,135,236,168,138,178,182,123,62,203,205,218,238,242,229,216,173,194,230,241,239,239,115,242,191,11,7,15,15,19,50,19,55,10,47,67,47,3,62,71,62,147,87,123,79,195,68,155,95,50,175,239,79,99,110,251,237,42,160,143,159,227,151,163,143,231,247,173,255,151,54,191,15,65,223,155,199,180,221,249,191,211,7,210,173,87,253,202,108,194,8,8,4,24,18,24,62,36,164,168,62,48,48,56,116,98,70,136,80,17,122,254,25,96,196,91,44]
CFO=5734.350299345058,STO=2
EsN0dB=4.86,GRXdB=40,N0=0.002511886414140463
packet_number=170,correct=False,payload=[67,130,129,130,50,139,35,132,84,164,21,182,7,167,1,136,66,139,128,202,7,11,11,140,13,143,25,206,174,134,7,144,112,129,153,212,200,147,247,136,60,149,23,150,94,241,147,157,26,155,25,146,58,251,59,30,20,153,125,158,94,151,27,168,50,227,41,234,34,227,55,180,37,253,39,166,164,175,37,170,40,233,169,186,111,134,35,140,44,173,45,111,168,175,109,182,88,169,113,182,58,179,19,188,52,183,247,182,190,182,37,168,120,187,184,154,94,155,59,61,125,253,113,255,30,255,127,211,68,201,66,194,106,203,74,224,77,197,101,198,74,199,100,130,73,64,89,90,74,67,47,204,204,237,77,206,79,95,79,208,208,241,25,210,210,211,19,116,68,213,112,214,86,215,71,248,212,249,81,202,90,219,91,181,29,125,121,218,94,215,127,244,112,227,109,243,98,239,227,229,96,101,180,214,110,229,103,104,104,105,41,250,107,234,98,236,110,237,109,238,102,111,103,176,226,249,121,226,122,244,178,244,118,247,229,118,126,215,87,248,123,253,117,186,243,249,127,252,44,223,61,178,126,255,119,205,4,161,129,3,50,91,43,148,14,15,28,142,7,135,7,170,13,169,13,139,75,217,79,132,12,197,61,12,62,166,77,133,17,145,112,145,18,18,3,148,23,149,20,197,150,86,158,130,24,251,59,171,156,154,83,140,62,13,149,158,207,159,143,34,60,161,97,146,98,171,43,174,121,5,103,134,38,173,167,184,57,187,41,238,62,171,47,172,171,175,63,45,14,175,47,176,241,113,96,179,160,187,48,180,180,181,61,182,62,179,148,232,24,240,21,250,56,187,57,190,60,31,117,254,44,127,26,165,114,193,79,191,192,195,195,132,192,165,117,70,118,247,71,200,40,200,205,222,203,91,216,192,12,141,77,254,206,254,93,208,144,249,65,86,210,210,211,148,52,225,81,214,114,215,231,154,136,201,88,210,119,219,219,221,92,223,191,214,127,223,95,226,100,233,116,242,66,243,107,236,228,245,109,231,102,199,51,232,106,237,233,218,106,235,235,188,236,233,109,238,111,238,47,114,240,185,251,224,242,243,115,242,208,247,119,54,118,254,50,248,92,217,249,187,250,243,123,252,92,253,117,255,30,253,238,148,140,129,73,135,3,135,131,226,193,7,1,162,164,151,23,162,152,132,24,187,74,202,3,224,76,141,13,142,76,131,141,29,17,209,185,222,50,23,19,148,118,21,30,132,84,135,150,216,89,153,27,3,83,27,27,157,12,191,63,22,60,31,95,36,36,168,35,234,110,187,36,181,100,165,229,164,190,167,55,33,10,233,121,130,58,139,41,232,37,141,34,174,14,171,63,49,80,225,113,155,50,179,19,118,36,61,27,54,114,165,134,184,56,169,61,191,186,56,59,173,30,191,51,54,60,191,127,192,68,225,73,194,68,234,70,197,134,209,89,102,114,201,71,219,72,233,201,170,194,219,75,204,68,9,71,223,196,77,79,192,80,121,193,218,122,194,83,151,64,213,13,215,78,199,223,216,220,157,89,158,74,222,122,28,28,205,95,254,222,215,255,225,120,225,99,235,59,247,227,228,101,109,229,242,98,247,239,106,232,239,11,219,124,239,75,109,109,237,109,142,110,47,111,240,115,241,240,246,84,243,83,244,125,247,117,150,114,214,83,240,104,187,121,106,86,123,123,252,108,221,247,254,118,255,127,176,2,161,9,128,102,147,67,141,5,205,5,160,38,7,39,40,45,41,45,128,10,191,11,141,76,149,31,133,148,31,15,155]
CFO=4902.30756398403,STO=5
EsN0dB=4.82,GRXdB=40,N0=0.002511886414140463
packet_number=171,correct=False,payload=[134,249,225,6,36,112,36,10,32,82,96,56,64,113,160,216,192,56,114,60,112,240,177,16,32,60,135,177,133,249,211,200,244,255,116,225,161,242,33,27,24,93,0,75,160,59,195,141,82,153,101,193,252,91,2,129,193,147,1,234,49,190,209,213,187,201,138,249,249,111,150,86,6,94,102,53,49,113,192,128,124,158,246,150,182,118,147,31,16,185,134,171,90,147,197,218,210,212,225,202,235,247,67,91,83,146,98,240,119,178,195,139,247,151,119,227,103,233,147,175,239,147,175,107,167,147,3,206,215,213,227,239,119,104,142,28,60,60,226,44,52,124,220,157,188,90,204,104,112,121,8,175,146,182,237,233,61,185,211,209,249,153,205,234,241,123,91,143,29,28,101,44,73,123,218,191,105,220,197,103,119,251,139,62,43,63,247,110,183,125,198,221,171,175,108,191,211,254,44,28,252,182,191,108,62,127,208,222,78,122,110,253,190,190,175,173,159,223,172,175,231,55,252,141,214,255,199,234,254,207,135,46,132,63,204,255,55,126,214,215,174,223,70,47,111,127,139,23,55,187,175,15,85,183,221,223,214,255,239,206,231,244,144,72,41,121,35,9,64,58,194,64,118,56,224,99,50,57,137,138,137,176,216,185,244,184,196,131,219,162,208,121,219,225,7,137,147,176,2,48,86,57,193,67,146,80,96,105,112,121,203,143,61,177,154,99,35,153,229,147,214,91,99,223,249,247,65,14,6,250,116,12,98,20,80,158,231,249,227,102,160,51,29,30,214,117,68,57,183,239,146,223,215,223,239,207,242,167,35,42,39,158,130,39,35,80,2,223,192,223,69,52,247,249,214,17,98,221,147,203,243,243,163,219,183,55,243,227,247,184,102,12,167,94,110,60,46,124,174,92,142,125,140,254,124,121,231,20,129,253,169,29,183,120,236,157,141,93,229,218,228,254,135,18,15,123,238,41,49,125,127,59,108,95,236,124,159,175,143,173,130,63,111,89,127,249,203,221,221,191,196,233,91,252,6,156,23,45,77,127,62,62,110,78,214,222,142,110,118,110,134,142,175,157,171,238,181,63,199,143,255,126,223,206,237,255,87,30,6,27,47,127,123,111,78,14,205,28,71,93,127,241,159,223,143,55,198,191,95,189,207,159,191,255,199,243,253,209,132,33,124,48,80,96,117,112,81,80,32,179,235,120,224,253,164,193,49,25,161,48,245,184,176,31,210,201,208,136,244,238,8,0,112,150,99,65,251,104,194,83,186,50,98,202,115,123,206,129,163,188,55,121,241,20,103,217,232,209,203,243,245,182,132,89,54,31,198,154,4,52,0,134,113,179,106,108,164,55,139,155,22,179,50,237,241,55,198,222,148,142,199,244,239,247,7,86,53,18,38,111,155,231,214,167,99,187,246,107,97,255,147,151,51,251,239,45,171,239,219,215,247,135,227,155,187,186,166,78,44,62,172,92,89,120,133,216,208,120,100,248,252,124,174,131,156,185,103,140,60,127,135,136,156,150,148,253,197,253,78,31,48,94,12,188,105,106,35,28,254,159,79,15,246,162,71,83,55,29,207,253,233,111,185,205,145,46,192,251,246,222,62,142,120,116,63,221,62,124,132,12,78,220,198,34,118,191,140,214,85,62,205,94,103,244,199,219,151,185,227,111,238,254,76,27,44,22,71,31,51,63,251,197,206,255,111,235,119,255,143,159,31,226,99,21,255,191,175,199,239,191,71,231,247,254,16,16,160,24,44,240,52,112,132,147,166,40,224,122,240,121,65,11,17,57,121,212,229,240,145,45]
CFO=6570.487827977249,STO=0
EsN0dB=4.90,GRXdB=40,N0=0.002511886414140463
packet_number=172,correct=False,payload=[128,5,3,129,204,133,70,71,8,9,10,31,28,61,71,63,133,0,150,27,148,21,86,23,21,219,59,11,30,21,31,223,36,48,32,47,32,117,38,126,60,173,42,34,124,125,46,166,51,49,50,49,86,45,38,54,184,57,56,43,188,62,54,59,64,1,170,3,64,6,118,135,74,233,108,79,140,77,34,79,82,125,210,114,119,84,222,219,90,123,122,89,126,221,94,31,70,115,74,235,99,41,118,119,237,249,249,43,108,105,126,111,100,248,242,105,62,113,118,255,80,125,58,123,126,125,123,127,154,137,144,3,54,142,150,147,8,204,143,143,204,157,14,205,150,161,130,210,157,159,135,247,158,177,178,159,140,157,190,155,52,229,162,67,164,143,167,247,134,185,169,207,172,45,190,43,244,177,186,179,52,181,183,151,172,187,27,187,188,60,215,254,194,193,198,195,214,198,132,65,136,201,234,211,142,71,250,199,216,243,221,187,214,193,214,87,154,219,204,217,220,223,252,255,240,225,115,241,236,237,231,231,232,205,170,234,220,237,240,238,244,209,107,115,228,212,242,243,116,125,218,249,253,221,254,219,0,1,0,7,0,37,87,19,0,9,130,31,129,13,68,13,17,25,23,27,29,85,31,15,24,25,152,31,28,31,30,31,40,33,96,27,37,165,20,47,33,32,226,173,172,44,168,127,45,112,176,50,53,53,54,45,28,57,51,59,62,53,190,63,116,65,66,91,192,100,70,71,72,136,110,67,204,79,70,207,24,85,119,209,84,85,118,53,76,81,29,223,124,125,78,127,112,96,63,67,100,36,116,103,109,41,106,75,39,197,35,103,100,187,250,81,88,53,102,1,112,73,122,123,93,101,126,117,152,3,211,210,132,157,214,143,140,141,131,11,140,205,202,31,208,129,2,213,148,145,148,151,156,128,131,151,58,157,158,223,100,165,34,243,164,232,158,230,111,173,162,43,28,169,199,175,152,181,242,51,116,240,150,181,188,187,58,19,188,61,151,191,129,69,198,201,198,198,198,135,218,201,78,207,140,239,202,235,240,81,242,214,196,215,214,94,248,220,217,218,223,221,218,219,224,227,226,66,35,103,250,229,200,73,186,235,108,236,206,173,249,243,241,243,240,245,164,198,184,249,250,234,248,255,210,254,0,4,8,34,140,132,54,207,44,155,75,59,12,76,22,142,84,17,22,26,148,21,87,30,148,25,27,57,28,47,30,31,36,105,2,35,40,33,46,30,8,8,174,131,13,13,44,43,50,166,114,3,53,221,156,127,184,53,57,59,52,245,60,61,64,233,78,67,84,213,226,77,72,97,171,89,79,76,108,223,80,19,210,113,64,197,86,101,24,17,94,75,117,127,94,15,96,213,114,43,182,101,98,167,106,46,78,107,109,125,103,75,208,115,115,115,116,245,230,53,120,41,250,104,127,61,125,127,128,161,128,131,69,129,70,135,24,201,75,171,140,221,142,159,240,16,146,19,244,157,158,54,56,137,146,155,220,156,142,149,32,163,160,99,37,165,230,161,41,161,170,163,180,172,138,166,120,160,178,169,164,181,183,247,152,186,154,51,188,189,191,190,194,193,198,199,212,205,147,70,248,201,140,195,140,167,204,139,237,17,250,195,212,213,86,253,216,217,223,208,76,155,221,231,232,225,226,99,199,236,238,239,200,237,110,251,238,239,252,159,240,241,242,251,180,253,246,199,116,251,250,241,92,189,190,251,16,129,2,163,20,29,42,101,24,73,138,75,13,140,78,15,20,83,154,83,62,16,20,23,89,59,26,19,28,87,158,63]
CFO=9175.855423460842,STO=3
EsN0dB=5.04,GRXdB=40,N0=0.002511886414140463
packet_number=173,correct=False,payload=[0,3,3,9,132,5,38,133,8,24,8,11,29,12,14,110,49,1,82,17,4,39,18,29,8,24,82,91,28,28,28,31,20,1,160,3,14,35,38,35,161,101,34,42,44,45,14,47,32,48,163,18,52,54,51,55,126,105,186,123,50,62,52,102,0,81,66,67,64,196,34,71,8,15,74,75,76,45,78,79,64,83,80,75,93,89,211,183,16,94,90,91,254,93,78,255,102,33,106,107,108,101,66,67,233,105,202,105,126,245,66,109,112,85,114,99,119,116,119,84,117,61,210,43,113,125,124,63,133,151,132,131,140,69,134,225,9,141,178,139,140,221,142,133,209,147,18,155,184,148,146,151,156,5,154,147,156,157,150,143,128,161,161,160,164,181,166,167,172,168,168,171,190,173,172,171,178,49,176,226,176,165,6,241,185,56,58,174,156,45,190,51,194,129,160,67,236,197,197,87,202,137,203,205,204,199,222,207,212,209,82,66,212,207,215,151,248,9,203,201,221,217,236,203,224,65,34,243,100,69,228,225,136,234,107,239,252,228,239,231,249,51,243,241,49,243,53,115,248,184,254,187,93,237,122,207,0,199,55,3,0,129,6,7,8,65,2,202,8,77,79,47,148,19,150,18,20,12,150,23,18,25,0,155,8,21,31,31,168,35,50,35,100,32,118,55,6,121,170,171,46,37,62,46,112,49,16,51,20,53,54,15,40,17,186,43,60,101,62,191,2,65,70,66,68,68,68,79,72,89,10,11,105,77,10,28,240,210,64,83,84,244,79,86,121,91,26,19,84,94,82,75,32,68,98,115,8,103,108,103,96,67,226,99,236,236,94,127,48,117,114,113,116,103,115,103,104,121,122,115,125,61,90,127,144,134,130,131,136,129,32,78,9,145,72,138,142,143,143,11,16,176,146,183,17,33,212,87,24,184,214,137,220,223,150,31,133,160,138,161,196,133,166,99,168,5,146,131,164,173,44,175,48,187,34,180,180,181,48,150,16,187,138,185,180,181,94,159,192,195,194,193,197,5,198,199,137,201,200,203,6,206,206,205,209,221,210,211,209,55,183,86,216,200,218,26,28,85,244,89,160,249,98,227,164,228,238,199,200,73,202,107,108,249,238,237,176,183,242,211,208,233,242,246,248,243,210,107,244,108,254,255,2,1,2,18,4,165,43,134,138,25,10,11,12,79,198,141,50,20,50,51,144,17,212,84,59,49,123,27,24,13,14,159,96,33,34,35,36,1,4,87,40,41,42,9,44,25,190,106,2,113,34,81,21,117,114,55,175,25,122,151,54,117,254,58,76,67,4,3,229,161,64,195,73,75,78,73,76,76,76,73,81,65,66,88,116,105,84,87,84,217,82,223,92,85,126,99,112,33,228,99,100,113,118,97,110,233,66,109,44,110,174,109,240,240,50,99,108,103,84,119,88,25,121,114,90,93,126,253,130,129,16,145,133,161,150,23,136,171,10,138,132,143,202,142,177,147,146,179,144,149,134,151,152,187,186,221,190,140,190,223,224,163,160,161,164,169,191,143,8,227,154,43,173,141,168,199,177,177,178,161,180,237,180,179,162,133,235,248,188,157,183,63,224,101,195,193,196,197,198,71,233,233,195,207,204,197,206,133,211,149,214,219,196,149,150,203,213,217,219,31,78,157,156,77,240,243,230,231,164,213,238,229,171,9,130,234,254,237,238,235,112,248,210,247,244,223,118,247,248,251,250,250,208,237,250,255,171,65,114,17,12,7,142,3,74,137,4,11,8,72,14,11,24,81,18,211,4,2,20,19,25,25,26,27,88,133,31,142]
CFO=276.4821148279859,STO=6
EsN0dB=4.78,GRXdB=40,N0=0.002511886414140463
packet_number=174,correct=False,payload=[218,37,122,3,77,6,14,70,128,33,87,159,141,13,110,63,20,214,242,21,40,156,158,95,26,9,143,255,30,31,204,155,114,247,177,35,108,55,126,163,122,115,227,59,61,93,127,63,56,51,116,243,220,255,61,119,236,125,243,243,122,61,190,185,200,65,214,207,188,77,202,69,200,137,122,79,81,101,207,79,91,114,210,115,116,127,246,98,88,59,254,219,220,223,255,111,109,175,210,91,86,125,102,199,222,105,250,239,221,253,247,109,118,121,103,114,188,183,191,127,252,245,63,187,254,255,189,126,162,153,195,171,196,135,214,141,152,219,159,191,143,157,154,190,17,34,156,158,28,211,151,255,183,157,254,159,181,53,158,63,168,161,235,227,110,253,102,149,104,169,170,237,188,173,254,171,183,172,182,251,252,220,187,190,177,179,250,251,244,189,255,191,133,201,247,131,231,205,167,239,89,185,139,253,69,141,239,207,211,89,82,183,244,223,191,239,251,41,190,219,253,206,159,255,224,119,226,227,236,253,239,207,233,233,235,227,236,110,234,127,177,245,247,186,164,209,214,255,120,217,252,251,237,191,190,219,140,113,97,231,37,181,1,163,24,77,26,223,77,159,94,13,16,121,27,23,116,63,122,151,184,89,90,95,28,191,159,23,176,163,175,106,36,38,62,119,33,185,58,101,232,166,104,239,119,182,19,122,48,183,62,255,114,123,123,55,93,253,238,63,113,167,65,239,76,161,69,69,236,235,234,203,120,207,94,87,85,155,250,71,78,127,211,87,122,93,91,123,127,125,28,223,163,56,34,75,102,111,222,102,111,251,255,127,252,225,107,239,241,155,115,247,101,119,108,119,222,127,186,234,79,127,250,125,129,17,141,135,180,173,143,135,223,159,207,203,162,165,30,23,177,255,151,183,184,223,159,55,121,153,219,155,93,253,94,223,194,205,243,167,252,167,222,29,188,251,155,59,236,109,159,191,243,179,187,247,244,247,253,58,250,251,123,158,185,55,127,247,196,213,215,198,211,213,4,239,200,169,255,203,205,253,222,79,243,249,250,199,94,84,218,247,250,247,238,251,159,255,222,223,240,177,243,227,175,125,238,239,201,252,239,239,202,240,174,238,243,241,252,247,252,255,190,247,229,212,254,253,248,165,207,223,94,101,168,83,214,92,118,231,249,79,59,75,92,159,140,223,34,187,53,255,30,55,18,186,110,153,122,39,60,62,222,31,225,33,135,97,33,103,110,39,251,195,43,227,124,145,104,15,249,62,2,59,60,45,55,127,52,177,106,122,124,173,125,255,33,69,206,99,77,206,198,149,98,219,107,250,142,253,236,205,19,211,214,83,228,87,222,115,248,89,90,95,124,119,222,255,224,103,99,107,244,75,70,99,104,126,123,239,221,111,89,235,244,181,54,251,116,245,118,246,120,123,239,63,124,107,127,127,136,227,199,210,132,157,174,167,191,237,170,103,135,223,159,151,182,181,150,179,204,241,180,183,136,25,152,255,76,255,155,55,71,161,186,251,172,167,175,127,218,175,234,226,189,175,246,175,212,187,242,167,191,199,186,181,186,251,248,238,243,255,191,126,195,225,255,247,205,213,194,255,202,111,134,123,252,93,235,191,244,240,214,215,253,115,247,246,91,155,255,191,254,125,222,191,195,233,229,251,246,255,230,251,248,43,202,218,244,238,239,251,241,55,246,253,229,253,252,243,232,253,254,255,248,255,251,255,0,9,2,142,132,133,15,43,10,136,223,31,12,79,158,207,86,23,122,87,28,185,22,191,248,57,30,29,124,25,31,62]
CFO=6456.159947645083,STO=2
EsN0dB=4.85,GRXdB=40,N0=0.002511886414140463
packet_number=175,correct=False,payload=[18,70,18,49,150,15,38,162,72,137,78,7,132,21,2,31,16,17,158,91,31,84,26,159,24,57,178,59,158,159,158,28,48,55,160,35,132,85,198,181,172,89,160,11,141,121,30,37,96,29,58,191,53,49,22,182,153,9,187,191,172,61,59,47,242,68,66,98,228,21,102,71,89,201,194,31,90,111,166,127,68,64,23,66,140,85,87,27,171,90,151,55,189,132,30,117,66,33,249,49,12,5,103,179,152,33,211,125,111,119,111,63,160,120,178,251,241,116,238,115,117,125,93,91,124,125,55,190,148,131,138,3,167,96,198,135,233,229,200,15,238,135,198,139,152,1,198,219,180,153,183,203,204,184,136,91,232,157,167,197,228,161,210,99,230,133,167,191,220,191,232,155,143,53,15,207,240,65,130,55,246,61,183,87,188,216,62,251,188,220,47,255,193,97,192,195,228,207,102,229,200,232,169,215,102,9,71,239,213,195,211,215,246,109,222,199,92,95,222,173,254,223,143,239,241,181,234,211,165,125,238,230,234,185,174,235,204,206,238,255,168,121,242,123,245,85,254,123,242,136,252,122,248,189,143,211,64,21,3,3,164,101,134,35,200,1,21,139,14,28,142,31,145,209,154,139,196,23,23,139,152,49,138,31,28,31,30,223,32,49,227,51,1,165,238,111,122,57,147,43,158,170,142,111,144,188,82,177,56,105,125,119,185,145,42,82,30,29,150,187,65,81,96,106,70,97,206,67,90,64,75,200,204,103,110,127,112,209,74,59,110,68,90,77,198,121,216,61,124,221,157,95,162,123,66,251,213,31,70,101,33,37,234,123,111,85,78,87,240,112,126,83,84,51,106,59,217,91,51,249,254,127,123,85,160,129,202,19,140,165,39,135,136,41,172,139,175,45,5,207,156,176,155,151,147,222,131,219,216,25,251,63,158,221,155,159,224,160,160,137,154,101,238,183,181,169,249,191,236,159,7,13,230,129,144,211,181,147,150,179,185,60,136,29,184,25,254,39,226,193,200,226,10,165,199,247,148,205,202,235,198,180,174,227,209,89,151,209,210,37,202,207,218,92,216,217,190,200,222,255,240,225,251,243,100,233,242,231,232,97,120,231,236,172,223,255,240,122,162,99,254,255,255,215,88,248,115,105,252,219,254,239,230,130,227,2,20,7,6,7,136,104,11,8,132,13,142,55,16,153,50,19,85,68,118,210,60,60,26,15,28,23,142,127,140,40,160,51,130,35,99,39,10,47,106,23,188,173,255,191,186,58,58,63,245,87,190,55,56,60,184,63,58,56,91,251,200,71,118,107,89,69,234,86,204,73,107,70,204,93,47,75,0,87,194,87,118,253,110,119,152,89,223,139,73,152,158,223,125,96,32,123,160,117,98,231,225,77,61,239,241,41,79,77,243,30,115,114,254,50,53,253,248,120,110,251,44,177,126,125,225,73,166,71,128,151,198,215,10,137,142,143,92,15,140,143,148,144,70,147,23,109,152,211,254,137,152,147,221,159,222,223,176,165,162,43,97,135,166,5,136,121,170,29,193,179,134,174,176,67,16,186,53,187,162,121,172,189,185,252,159,253,158,255,162,208,80,211,198,197,199,199,234,203,202,227,140,166,207,223,169,145,242,211,215,135,246,119,203,113,159,219,148,158,254,29,196,229,211,195,98,228,226,215,120,105,138,235,104,221,174,229,244,209,240,251,228,69,243,63,122,122,247,251,222,188,254,239,28,141,67,19,164,101,98,15,13,21,41,15,204,14,15,5,26,18,144,57,22,17,247,23,24,61,24,217,188,156,14,70]
CFO=3709.9797018445597,STO=3
EsN0dB=3.82,GRXdB=40,N0=0.003162277629598975
packet_number=176,correct=False,payload=[128,65,152,15,75,33,65,27,26,143,129,31,12,141,74,143,20,0,246,46,223,181,22,151,25,184,121,27,156,29,154,255,11,161,34,35,117,161,58,181,100,10,185,63,63,109,191,47,48,245,114,242,148,117,62,53,105,185,184,251,61,155,255,62,61,217,114,11,212,71,86,70,9,73,75,91,77,79,166,95,88,68,65,144,87,165,236,255,92,29,123,57,220,85,15,95,248,201,226,69,77,101,229,247,179,45,219,105,108,125,101,125,156,241,114,115,117,159,246,118,122,40,122,122,14,30,126,223,194,5,140,133,5,143,166,159,238,1,158,139,220,142,138,78,144,25,242,179,250,188,94,215,152,152,250,214,180,173,142,159,132,245,165,162,228,165,230,166,137,172,173,235,132,253,154,239,57,186,255,147,212,253,254,231,191,123,186,243,191,190,166,59,3,225,234,193,197,196,223,230,201,139,206,219,7,205,157,198,216,217,202,19,148,247,126,213,216,217,250,222,95,221,222,223,236,225,106,195,212,166,166,246,225,121,88,233,237,225,206,227,114,249,209,199,229,173,158,226,242,253,98,250,253,93,252,191,40,195,3,179,161,5,70,39,124,137,18,197,14,13,94,47,183,17,150,91,18,55,30,42,158,133,26,143,31,153,58,95,178,50,66,33,54,237,130,55,171,47,107,235,164,37,14,59,116,25,251,55,116,48,174,95,172,155,58,59,248,253,25,126,70,99,195,85,205,245,85,71,24,91,10,73,76,91,223,140,90,251,114,86,211,221,115,215,233,203,127,31,29,93,86,68,96,31,122,127,228,99,231,110,232,105,80,231,45,169,254,69,84,109,98,113,52,119,247,23,127,203,98,122,117,122,152,95,131,63,219,227,140,229,182,231,152,137,192,3,192,207,142,104,152,148,146,178,173,190,148,23,155,25,136,155,221,181,255,188,8,189,161,251,160,231,173,198,160,233,10,171,22,141,38,175,161,241,178,233,13,182,119,175,127,185,210,51,124,251,158,191,205,97,224,195,6,207,71,183,216,91,203,199,208,205,165,237,120,193,210,223,241,199,252,215,220,207,218,223,222,255,62,175,241,228,226,195,164,247,230,111,236,235,172,126,236,173,239,252,248,241,182,255,242,245,179,246,252,219,254,191,109,61,62,223,17,91,7,7,53,149,131,79,120,77,170,27,46,141,142,111,144,49,90,18,148,85,190,5,216,25,58,27,86,87,152,143,64,53,225,46,164,175,39,33,173,43,169,29,105,169,43,47,54,180,2,242,52,42,62,37,60,49,120,123,126,115,174,254,96,65,66,195,64,85,108,246,74,89,104,27,92,220,87,73,80,112,222,19,208,229,194,87,73,211,243,90,29,95,253,91,164,235,132,239,213,175,116,79,201,127,110,245,237,91,44,109,16,49,54,86,245,108,54,87,112,255,160,123,126,107,123,125,134,175,194,195,140,181,180,183,233,142,138,231,207,204,158,221,176,21,130,215,217,253,26,151,176,159,86,163,189,141,190,53,194,227,171,231,164,229,187,182,233,253,174,175,238,185,46,247,184,177,23,51,183,165,190,210,168,137,191,245,244,237,170,191,193,192,242,19,136,84,222,199,106,243,203,143,239,101,222,203,241,252,218,211,214,124,245,253,154,91,94,251,212,221,214,247,192,224,250,234,237,247,6,171,176,233,250,102,204,255,255,237,242,247,243,97,204,86,247,255,120,249,255,185,246,225,254,246,128,69,99,35,98,193,134,6,202,27,8,75,13,81,192,11,68,31,115,115,72,125,20,19,1,24,154,30,44,205,27,159]
CFO=6649.773517636403,STO=4
EsN0dB=3.54,GRXdB=40,N0=0.003162277629598975
packet_number=177,correct=False,payload=[45,96,65,98,192,225,33,91,145,202,130,66,138,131,133,83,203,168,140,116,132,228,21,92,148,206,86,68,188,206,87,93,199,216,216,108,128,153,159,72,131,234,41,10,131,75,3,107,202,140,192,76,134,204,141,76,141,222,12,72,172,163,31,75,143,130,53,90,20,209,49,125,129,102,82,90,39,159,115,19,147,129,124,208,172,69,81,85,160,210,27,150,150,183,175,115,158,80,137,94,120,217,152,11,179,211,158,114,170,217,27,90,146,219,4,125,236,221,29,61,139,223,11,126,159,159,41,63,43,160,33,224,224,224,141,113,49,98,162,9,194,241,42,227,184,180,166,108,36,165,37,101,128,108,70,116,189,110,182,71,39,232,32,72,136,200,41,105,169,99,42,107,234,234,171,127,163,232,174,68,207,249,2,96,161,108,237,95,174,190,43,111,175,118,145,245,164,181,40,176,229,176,194,114,18,247,107,115,208,118,5,112,157,252,149,243,168,38,38,114,191,246,39,63,181,123,62,60,241,169,57,40,168,250,40,118,157,223,51,241,186,245,60,29,173,135,31,125,61,250,127,100,155,219,57,86,139,208,43,100,162,193,8,65,165,196,10,66,146,87,27,227,82,22,12,132,133,197,133,67,237,140,6,26,214,243,175,67,196,192,4,0,12,203,32,45,193,202,14,90,170,105,26,159,95,10,157,20,11,225,21,73,157,68,174,74,140,239,155,79,150,216,84,16,114,209,81,113,129,212,66,67,130,219,34,55,162,16,148,220,244,212,77,149,149,146,6,212,215,215,50,86,215,217,25,88,152,153,57,85,145,40,90,95,155,217,202,25,187,220,156,94,29,109,94,83,29,95,222,124,156,247,63,87,219,228,84,72,176,229,97,227,177,227,35,102,35,195,107,243,56,229,124,100,230,175,229,230,173,166,42,230,32,205,103,243,187,174,224,110,148,232,41,124,235,175,42,104,136,255,107,106,190,174,172,78,169,77,47,43,137,116,62,238,35,238,15,205,47,116,49,32,176,116,55,17,185,218,62,83,178,243,2,115,187,230,53,232,120,197,182,126,191,238,21,114,182,247,178,118,183,217,72,240,250,249,59,57,185,227,170,250,174,243,45,115,187,220,125,189,156,121,125,105,121,184,29,126,190,233,59,255,191,97,0,72,129,205,65,225,81,1,130,230,134,83,3,103,143,180,4,92,128,227,132,69,52,134,0,102,247,79,158,215,181,200,29,72,136,171,173,228,169,138,26,26,202,105,27,74,207,236,206,205,76,137,13,79,15,206,46,78,138,173,13,81,206,25,26,80,134,81,80,67,137,25,178,82,129,119,43,119,59,146,80,93,21,253,7,88,156,244,27,198,150,230,29,213,157,216,8,88,153,219,9,89,185,90,147,250,218,223,17,95,51,205,158,92,188,221,41,127,220,206,26,22,150,215,10,127,159,164,0,108,167,249,99,99,137,226,170,98,162,178,99,195,173,245,69,100,38,225,71,117,247,230,34,6,103,167,55,110,183,233,62,92,172,153,41,77,55,170,174,106,107,103,115,99,232,228,164,132,172,229,109,109,233,230,38,94,168,255,45,247,141,240,52,212,240,241,17,90,185,211,151,112,34,242,3,114,179,64,52,116,182,252,61,85,243,182,54,54,182,167,54,118,117,252,56,126,138,239,43,221,252,106,56,103,218,239,25,123,155,235,60,92,150,253,0,127,93,126,157,125,62,255,15,55,223,208,172,68,137,195,25,135,129,210,0,2,172,231,19,71,162,92,5,76,161,228,165,85,193,246,6,102,22,225,164,71]
CFO=-8073.012288663041,STO=0
EsN0dB=3.73,GRXdB=40,N0=0.003162277629598975
packet_number=178,correct=False,payload=[106,246,253,163,19,135,186,199,175,235,55,221,55,147,103,79,220,235,127,78,214,175,159,111,55,219,143,205,186,191,239,216,151,253,237,243,251,223,124,250,254,127,95,127,31,223,246,113,255,111,111,241,31,159,131,47,223,254,125,254,227,91,215,234,99,255,107,190,181,118,239,246,247,239,227,251,167,251,238,233,189,203,235,111,221,173,247,255,207,255,252,251,53,223,190,178,250,187,213,250,191,253,255,255,125,63,191,121,241,215,191,191,92,252,63,255,191,255,255,254,61,255,249,107,252,191,63,209,99,217,244,235,245,143,235,254,102,21,255,247,237,242,100,247,100,159,173,254,63,235,90,245,95,189,167,255,237,255,247,255,159,100,255,127,183,235,255,254,108,125,158,195,127,223,183,255,127,255,255,111,255,247,217,232,250,223,255,183,61,253,79,243,121,246,233,249,99,190,242,255,6,231,255,246,126,227,211,253,53,124,219,247,183,239,125,174,250,254,183,253,109,173,254,239,246,249,254,247,179,251,247,255,44,254,183,183,252,255,255,92,123,181,95,125,253,251,253,248,239,123,110,219,126,62,63,230,80,201,221,183,95,247,199,213,110,207,211,199,159,191,221,173,233,219,223,111,93,220,126,207,222,47,141,253,255,151,126,157,175,159,190,215,29,113,159,215,191,247,255,215,191,122,143,250,93,255,173,207,238,191,223,255,219,255,223,223,49,207,159,215,252,127,254,211,246,247,247,214,221,247,223,245,238,119,76,125,59,123,223,223,187,254,191,254,247,189,189,153,252,126,47,249,123,88,121,243,255,235,187,245,62,190,63,250,190,255,247,253,25,248,188,126,159,90,239,108,47,62,236,255,255,191,223,224,56,191,125,249,125,255,165,239,254,205,125,247,241,249,119,207,171,109,217,247,247,247,254,237,255,239,251,75,124,191,236,221,245,73,251,158,99,247,255,236,188,248,93,255,103,223,62,223,47,253,205,121,157,255,237,203,126,251,182,102,209,165,254,250,116,243,125,241,235,189,243,253,254,175,255,103,231,251,207,255,254,127,253,255,247,255,191,236,207,239,188,255,251,245,255,231,121,255,123,253,113,181,191,250,246,255,219,247,255,251,239,127,92,253,179,253,191,253,255,255,117,189,191,247,108,191,175,221,160,255,214,247,243,229,90,242,103,95,83,31,87,220,47,254,144,237,169,231,94,230,249,198,175,215,93,94,95,221,154,169,221,254,215,239,137,255,122,127,255,247,239,207,55,125,59,220,219,221,157,221,254,217,191,251,84,159,31,210,27,175,31,152,203,253,183,235,127,237,231,255,103,213,119,191,175,183,63,237,75,253,253,191,127,63,184,239,191,221,251,191,125,127,110,250,53,115,136,188,227,251,183,127,190,190,125,243,250,213,179,185,255,255,158,254,175,107,255,110,189,243,75,255,236,255,191,239,237,223,127,125,207,255,254,238,248,127,255,71,95,157,102,236,207,253,219,254,239,159,239,238,238,223,255,95,43,254,207,111,249,254,238,111,119,230,215,250,252,63,207,255,188,183,127,223,127,223,201,251,127,251,254,253,254,222,255,95,63,191,254,245,253,187,29,254,171,243,117,62,191,103,125,159,127,254,255,189,125,189,108,95,199,253,254,247,191,253,223,253,54,127,255,95,101,253,167,191,155,251,243,185,63,247,45,95,255,255,191,125,126,238,223,248,125,250,123,250,62,253,253,255,125,215,238,187,103,127,91,254,159,207,135,190,124,255,199,31,221,123,199,190,254,238,127,141,14,231,239,191,30,222,43,251,207,191,252,255]
CFO=5299.790897051614,STO=7
EsN0dB=3.54,GRXdB=40,N0=0.003162277629598975
packet_number=179,correct=False,payload=[57,114,95,184,50,5,250,225,209,3,172,232,22,201,132,232,245,2,162,75,49,3,230,96,243,130,3,161,195,207,193,229,250,4,19,126,38,5,100,3,103,7,112,98,148,23,225,71,119,31,89,107,166,147,119,111,195,87,39,101,199,198,218,183,114,13,64,0,112,109,167,238,242,175,185,253,124,205,65,100,254,13,41,6,43,155,91,228,117,12,55,189,25,193,221,231,253,44,182,175,124,110,122,110,245,10,46,108,122,174,162,213,235,39,23,78,149,172,166,207,126,19,246,14,111,239,3,231,233,32,60,120,185,154,188,58,124,248,12,219,189,128,40,75,252,19,146,67,123,195,214,241,123,72,17,169,57,211,249,27,247,23,106,31,189,24,117,250,241,65,56,71,179,195,211,121,173,159,250,87,115,105,234,118,247,211,223,238,254,201,146,110,250,109,99,204,156,133,251,88,254,164,18,120,62,220,253,201,125,206,45,204,143,220,243,125,85,216,179,217,183,27,254,127,221,114,32,12,110,190,146,12,117,207,30,54,63,191,152,206,239,14,123,63,14,222,135,5,63,149,175,22,190,158,57,252,144,52,20,152,105,70,72,54,240,66,59,242,145,136,167,180,177,139,3,176,97,135,81,175,241,163,55,209,106,206,199,200,244,82,54,125,55,128,0,142,112,147,87,240,199,198,195,6,205,198,166,64,60,14,66,7,214,79,23,175,227,226,243,163,253,140,84,56,254,0,174,109,49,5,176,205,92,133,237,247,222,11,0,111,116,94,48,101,252,251,237,244,126,157,205,195,205,12,116,73,62,90,108,254,226,141,193,228,33,247,253,148,238,31,229,127,190,19,118,174,246,15,223,103,175,166,143,159,240,25,105,240,125,192,214,210,60,187,57,85,83,251,184,216,124,154,55,114,37,202,234,246,43,135,165,49,217,223,246,123,208,8,60,52,115,65,154,250,219,145,151,93,125,219,137,27,118,23,30,126,40,241,255,218,247,5,178,27,78,219,214,251,232,13,120,124,246,220,229,13,61,211,239,156,127,197,121,217,243,13,26,94,113,222,90,230,253,143,154,206,249,157,219,240,255,6,91,124,124,92,127,104,246,220,63,181,154,253,156,95,255,31,155,126,127,15,157,207,231,156,158,71,95,159,156,207,225,35,59,116,16,201,184,208,253,0,122,160,96,224,241,169,6,143,210,160,115,192,5,194,227,147,184,129,57,9,198,208,198,34,67,117,101,226,84,198,127,95,176,99,167,134,211,229,208,61,53,79,167,74,146,67,119,145,246,110,101,21,207,143,248,4,213,104,41,196,62,232,79,187,174,165,235,204,189,204,213,97,126,121,127,14,123,221,107,13,81,13,174,211,215,211,220,9,52,54,204,204,182,70,254,73,12,148,182,73,189,201,254,95,215,77,110,228,31,199,167,215,152,175,239,223,247,207,240,25,248,24,119,40,178,44,255,29,57,157,219,221,180,195,254,31,190,107,122,187,153,209,240,3,169,151,61,139,177,201,243,21,54,246,126,192,58,206,123,143,150,106,211,66,98,252,242,6,175,91,108,22,216,242,112,21,215,29,103,146,187,219,91,206,53,92,55,72,188,220,244,28,88,218,186,141,220,205,125,25,62,20,89,147,125,94,123,158,63,171,251,203,251,251,95,141,42,231,187,62,252,94,255,207,79,205,207,223,206,244,95,3,63,197,124,245,249,253,247,14,190,159,203,75,247,79,128,8,89,100,48,208,178,97,161,4,169,111,27,194,227,211,247,10,37,22,246,194,21,231,240,7,33,171,97,227,247,202]
CFO=5727.11931088,STO=2
EsN0dB=3.54,GRXdB=40,N0=0.003162277629598975
packet_number=180,correct=False,payload=[0,6,72,214,16,166,8,157,117,84,58,237,112,15,25,60,64,220,196,45,128,200,172,90,96,132,114,47,116,118,204,122,216,10,132,134,162,207,152,207,40,172,236,172,178,176,178,59,136,212,107,110,83,119,92,206,234,230,136,173,224,92,251,255,81,148,9,11,80,151,49,152,40,244,151,37,52,101,184,63,108,85,72,88,193,69,141,14,114,169,226,235,125,81,191,248,193,65,249,131,155,153,49,122,161,225,136,143,241,253,251,191,225,71,201,237,255,221,143,12,235,237,225,157,209,245,185,31,139,26,6,14,18,21,59,158,0,32,113,60,58,51,58,63,68,70,198,15,218,87,74,94,10,98,47,124,96,117,114,122,141,131,142,142,208,215,218,175,79,227,234,175,82,215,173,148,252,18,202,71,27,207,206,66,226,98,139,235,194,247,255,127,17,131,235,141,27,15,6,61,35,139,59,143,219,182,57,190,3,67,3,63,89,219,57,206,79,99,122,110,123,182,251,223,201,195,134,95,182,158,191,151,231,183,238,110,220,135,185,151,131,143,169,133,195,247,207,215,98,231,239,227,251,245,27,189,17,12,85,77,17,212,14,158,32,48,33,15,42,23,122,88,194,245,129,201,219,84,124,24,101,96,108,20,117,20,58,188,176,46,140,77,139,148,80,62,229,253,77,79,60,181,185,52,224,70,112,88,164,68,88,204,176,85,240,50,176,80,251,125,1,181,111,95,80,31,77,140,160,36,115,85,49,46,111,127,97,65,65,230,49,255,91,89,69,97,249,105,176,245,90,111,145,151,10,237,66,157,203,157,242,173,233,135,241,149,233,125,162,141,219,207,247,223,219,243,196,245,235,235,154,243,238,180,14,198,12,0,70,116,8,22,34,243,42,230,242,63,186,63,98,230,194,110,112,117,89,108,66,37,5,222,115,246,57,93,210,157,136,127,209,204,194,118,239,171,169,126,211,182,170,191,200,194,222,151,112,6,72,217,242,231,254,228,232,179,150,229,5,167,45,79,159,87,155,95,46,23,139,45,59,173,121,254,147,101,194,224,69,21,255,95,97,197,107,110,115,119,123,127,26,213,35,203,211,159,152,155,183,133,43,173,235,215,223,61,227,149,107,239,220,215,219,255,235,43,171,205,11,239,247,252,40,21,11,6,108,164,9,63,52,180,52,10,49,63,186,62,97,4,74,64,44,68,92,205,96,101,223,96,81,112,121,252,208,43,233,140,146,180,201,220,242,164,171,254,153,180,240,228,194,204,144,142,208,223,156,220,102,216,41,30,32,175,189,251,76,99,9,39,193,127,155,153,105,172,109,105,56,81,251,47,97,13,248,100,112,33,80,93,227,238,96,102,117,117,249,247,202,134,217,155,89,167,25,253,97,164,129,31,161,178,190,188,193,117,233,205,196,247,27,87,224,228,117,201,112,179,221,158,10,198,142,159,22,30,18,142,56,44,34,46,156,182,155,182,226,46,74,71,90,87,202,126,226,103,58,73,102,215,121,126,139,162,142,136,150,135,234,144,227,226,169,166,150,180,11,15,251,228,204,203,203,86,114,78,161,199,239,236,250,238,219,255,5,147,17,142,31,19,11,159,50,51,33,37,155,125,27,61,67,195,219,78,146,51,75,247,167,119,126,231,112,118,115,122,194,211,7,187,243,209,131,183,138,228,163,238,225,149,251,127,224,213,235,203,75,163,230,223,203,102,111,39,242,243,222,116,4,36,10,74,53,20,18,126,24,45,14,172,16,244,28,188,66,76,201,76,26,240,57,92,208,68,100,94,128,127,120,29]
CFO=5883.9755538067275,STO=3
EsN0dB=3.48,GRXdB=40,N0=0.003162277629598975
packet_number=181,correct=False,payload=[16,169,2,19,198,7,231,5,73,184,111,11,12,45,22,175,4,33,90,249,116,53,146,59,206,24,152,10,28,149,95,27,40,43,19,5,228,61,140,39,45,41,78,42,61,107,46,156,32,117,19,58,53,125,22,71,42,45,56,251,44,235,44,39,65,69,98,66,196,143,6,71,104,77,225,59,92,199,223,94,105,219,83,193,94,117,84,87,125,81,202,27,93,125,94,141,176,101,96,101,108,7,70,228,108,109,106,155,108,101,111,14,240,197,242,115,244,100,118,118,188,200,88,123,116,153,114,94,129,129,8,131,77,151,36,79,140,78,195,199,31,139,142,133,155,163,10,212,180,181,243,19,156,136,194,139,189,156,188,31,171,129,230,166,191,167,3,163,192,233,170,174,169,173,174,175,50,240,178,211,244,181,190,181,177,185,186,223,184,191,163,63,204,194,194,197,198,77,110,197,218,201,202,235,71,213,207,223,248,25,243,167,209,221,222,223,252,212,223,203,220,147,30,223,104,192,115,227,164,253,82,231,235,232,175,107,126,231,254,175,224,217,124,191,228,253,247,117,250,205,246,219,248,237,190,189,67,41,42,3,36,108,38,113,206,104,104,11,14,140,238,15,176,21,82,59,156,21,166,15,49,187,26,91,60,20,30,7,164,160,0,120,132,253,239,39,47,12,122,171,44,63,110,15,245,17,50,17,55,49,34,7,8,101,190,187,253,61,60,40,144,1,34,2,229,94,102,102,72,69,242,158,28,28,110,207,74,81,80,91,16,63,246,86,250,89,251,218,252,69,94,222,104,64,33,103,93,120,106,101,2,89,122,225,68,93,110,106,115,252,58,86,240,125,118,118,112,117,230,115,204,53,126,219,224,129,194,134,158,133,135,159,40,128,154,11,140,141,14,139,251,145,146,144,214,144,180,55,218,88,219,27,206,177,159,126,160,129,34,25,228,229,46,161,168,168,198,163,172,78,156,173,188,161,50,147,245,181,183,182,153,161,154,123,153,11,155,191,200,205,196,65,206,133,200,163,220,197,192,27,88,225,184,229,208,209,236,211,213,213,149,207,177,217,152,231,141,191,253,207,97,232,198,227,242,229,225,239,228,201,202,111,238,107,229,247,86,113,250,145,228,181,246,130,252,241,254,251,189,189,254,191,50,51,38,7,141,54,78,183,129,105,138,75,21,60,142,79,26,9,48,82,20,31,4,150,146,25,106,58,93,115,158,159,104,45,6,163,10,41,22,71,8,233,73,59,188,47,51,110,53,181,50,42,61,36,36,54,26,26,126,110,63,63,30,56,16,65,68,7,85,197,67,69,72,195,10,75,73,205,15,79,82,84,82,3,150,116,222,87,89,89,88,81,222,78,94,86,65,105,66,45,40,71,230,34,192,105,106,122,78,93,34,110,120,115,246,119,23,109,62,119,120,127,56,83,186,111,119,255,162,147,156,3,71,199,134,151,43,196,139,27,196,172,7,10,138,128,183,18,28,19,54,151,136,249,26,157,20,253,158,181,226,160,143,139,180,131,135,135,188,185,174,187,184,141,238,199,49,176,167,151,60,181,229,217,187,152,242,187,188,237,164,254,160,193,195,163,226,196,157,207,206,217,203,203,108,205,140,223,195,211,246,83,212,133,222,147,88,217,210,241,221,244,204,219,36,134,235,233,204,230,254,229,233,249,234,235,252,223,254,247,249,241,252,183,182,245,248,247,252,221,250,107,244,120,182,254,73,129,80,95,134,150,4,70,8,57,59,11,38,215,10,47,28,84,18,59,94,177,20,223,28,113,16,62,62,139,26,23]
CFO=35.518773496007015,STO=3
EsN0dB=3.36,GRXdB=40,N0=0.003162277629598975
packet_number=182,correct=False,payload=[219,153,24,190,180,161,49,18,143,177,53,184,174,47,127,56,238,116,110,200,232,121,116,84,189,47,111,106,111,125,127,127,125,145,132,156,140,28,191,75,90,174,163,168,189,240,214,182,189,205,222,142,221,211,76,254,208,42,237,207,110,246,53,239,229,240,15,75,117,17,31,129,158,43,179,107,63,57,175,63,91,129,183,217,109,153,117,73,77,213,244,75,124,125,117,189,95,145,7,227,37,182,197,249,155,225,191,191,232,245,135,187,155,248,205,223,237,249,219,255,253,191,111,108,117,113,201,169,183,102,22,188,30,98,22,30,222,166,234,40,31,178,114,46,237,234,235,121,69,236,150,127,252,235,22,122,237,242,227,81,190,228,46,141,200,154,134,146,143,166,164,131,174,215,174,251,218,42,103,226,222,246,215,255,31,89,166,170,174,110,215,185,191,17,5,91,34,63,31,27,139,34,118,91,111,191,245,58,155,243,187,90,207,253,198,123,127,107,170,251,103,127,87,249,127,190,215,162,142,145,219,187,255,165,167,142,143,191,247,51,187,241,210,147,110,83,254,254,219,227,247,141,255,67,247,249,168,1,165,25,12,88,119,89,122,56,250,12,238,40,56,125,62,122,84,212,76,48,118,122,121,173,236,98,244,122,108,122,119,168,191,143,228,249,230,148,156,148,135,235,172,172,215,255,252,97,236,107,140,113,127,252,206,130,229,234,234,248,246,233,221,222,44,165,141,7,28,217,207,131,13,251,95,53,13,188,255,41,79,235,77,85,93,123,93,122,231,171,111,180,125,251,29,197,139,248,175,154,157,159,149,161,164,185,102,91,165,187,245,235,199,217,196,223,201,221,217,255,247,224,141,121,245,234,251,170,206,217,79,187,167,31,22,54,117,170,123,144,190,56,190,230,218,71,114,250,86,250,87,113,46,12,255,238,5,189,62,150,207,217,142,210,182,146,30,255,255,248,254,250,191,250,180,207,206,251,198,131,247,51,255,244,246,111,127,114,116,219,255,196,55,103,143,187,249,27,159,99,61,119,63,210,159,59,31,91,134,73,219,107,119,217,110,251,167,237,107,115,114,251,95,162,157,159,207,131,207,195,253,227,183,165,228,183,167,190,236,243,222,127,223,208,214,185,255,243,226,231,205,51,255,169,253,136,5,73,205,28,183,30,158,96,230,169,238,241,124,230,55,66,36,233,98,112,244,147,207,241,102,104,110,249,119,245,127,138,140,195,158,214,44,157,188,98,229,156,44,58,252,188,253,230,199,204,215,253,182,152,254,235,172,249,181,224,167,248,125,1,196,171,63,51,18,251,94,173,119,45,47,23,255,61,61,75,71,161,79,125,87,239,31,32,101,27,43,247,93,123,191,199,181,136,159,225,17,189,188,177,47,234,175,191,181,229,191,197,209,232,158,241,214,209,238,233,227,239,177,118,245,223,238,162,7,91,38,27,179,10,42,155,162,187,111,52,102,53,63,101,74,90,104,82,82,248,108,226,103,102,108,247,254,91,127,142,207,14,143,176,212,175,254,215,94,58,174,115,190,191,250,206,254,236,238,240,179,219,95,226,229,206,43,183,119,254,223,9,47,11,171,91,49,95,95,33,175,190,63,179,85,63,127,235,55,107,159,251,199,93,127,199,231,255,47,242,103,255,191,226,86,159,191,227,31,143,95,190,167,191,175,189,255,251,127,113,175,127,155,87,191,255,255,227,237,167,158,175,255,112,222,93,92,43,30,120,29,121,13,164,108,62,247,118,182,189,60,42,125,107,108,83,30,95,223,44,215,254,102,88,252,104]
CFO=3443.5812170322524,STO=1
EsN0dB=3.62,GRXdB=40,N0=0.003162277629598975
packet_number=183,correct=False,payload=[221,96,224,177,98,129,81,89,67,136,75,27,130,178,211,195,194,131,204,102,68,197,217,7,69,149,206,7,110,198,199,22,87,143,135,13,208,138,153,17,29,173,205,218,194,137,237,14,201,203,206,61,76,172,207,12,69,25,111,23,70,214,188,143,207,238,216,56,211,176,177,25,208,81,90,159,123,210,212,27,215,27,124,23,20,213,197,9,127,149,222,22,102,142,247,26,97,151,248,56,18,216,155,184,89,153,203,90,90,254,154,207,91,155,140,156,92,188,79,207,13,190,214,94,94,155,219,221,79,77,224,39,32,12,86,51,64,241,99,161,70,163,243,39,231,163,116,37,247,229,229,153,198,229,166,44,122,188,111,23,101,165,72,49,120,233,106,41,45,61,254,43,122,174,232,43,107,171,253,54,77,172,237,37,111,189,230,110,174,166,235,156,111,175,16,172,126,176,241,161,49,180,242,19,120,254,103,55,81,176,244,63,125,188,229,181,253,225,183,50,54,69,215,54,63,243,240,58,120,60,149,141,88,187,123,44,63,190,251,123,239,123,253,92,100,153,188,181,101,143,254,220,126,190,253,57,255,189,40,6,65,244,141,40,67,239,194,26,194,131,235,30,75,151,196,213,124,212,167,39,229,203,213,226,231,70,196,55,86,6,200,73,74,40,204,122,201,125,110,58,64,219,99,67,195,129,236,30,73,168,237,11,65,157,110,130,71,135,206,15,31,143,145,113,179,240,121,197,105,149,194,20,86,179,208,89,181,155,209,84,212,148,245,63,117,157,118,86,227,158,86,103,86,135,218,13,56,156,203,169,89,25,219,30,67,186,219,27,23,59,221,81,92,153,253,63,220,189,158,190,94,158,245,63,91,151,228,241,97,232,137,103,227,161,230,118,226,149,187,104,65,171,228,42,204,167,119,44,43,229,229,100,194,39,166,45,101,231,104,41,104,185,255,105,41,185,250,107,34,13,155,179,79,187,124,36,45,189,231,109,97,191,238,126,106,44,254,115,111,171,240,120,252,178,208,49,52,181,248,10,240,231,251,19,251,179,244,147,221,177,129,231,48,53,190,246,20,242,247,19,187,225,152,58,251,252,248,57,91,161,202,104,91,171,254,178,251,251,252,60,105,150,251,23,255,189,70,78,127,180,207,173,237,179,196,23,209,138,201,1,241,128,70,16,134,219,255,179,67,235,165,164,125,205,197,132,205,81,246,70,71,198,175,39,5,151,203,111,218,56,137,172,77,161,202,74,139,155,219,231,162,46,165,36,93,201,200,9,76,141,238,79,206,78,247,11,207,175,209,19,82,180,97,185,125,146,220,82,66,150,219,137,83,179,214,52,37,241,208,5,253,181,255,22,81,148,182,247,117,151,190,88,123,186,217,145,91,253,139,154,123,203,251,147,91,91,221,21,84,158,239,75,107,155,211,158,94,158,222,223,125,155,194,224,33,161,193,102,103,185,194,34,120,244,224,23,35,227,244,52,172,15,245,191,105,41,246,78,116,182,102,7,125,167,232,12,121,178,33,109,107,157,228,58,98,62,251,75,111,179,100,108,77,252,205,229,182,181,108,55,46,102,231,191,174,239,249,182,80,184,245,125,117,167,66,126,96,178,250,118,151,163,230,62,188,180,181,181,117,157,243,86,98,174,231,53,215,147,252,251,112,185,25,177,125,205,187,62,216,58,249,122,111,184,116,253,84,61,189,60,213,159,94,56,126,190,255,14,226,63,209,16,76,149,211,80,105,97,90,146,98,218,199,83,65,131,193,76,197,170,215,165,253,167,230,174,166,128,199,6]
CFO=7771.257377044031,STO=2
EsN0dB=3.65,GRXdB=40,N0=0.003162277629598975
packet_number=184,correct=False,payload=[114,100,74,199,10,172,18,20,144,12,40,166,31,44,56,60,50,239,12,96,14,124,80,84,73,198,228,103,46,42,88,61,105,252,148,197,136,95,176,180,144,216,160,237,225,165,48,182,184,255,196,198,142,174,144,150,210,102,230,227,253,196,224,244,216,185,80,7,64,29,119,5,27,27,65,225,46,109,107,117,57,57,65,119,42,141,85,71,123,101,113,99,73,33,89,117,105,125,131,133,27,45,145,151,217,221,37,212,169,157,177,163,57,137,231,197,217,138,145,245,215,77,245,169,73,76,217,245,247,254,2,34,34,142,48,98,27,94,98,44,58,38,32,54,62,50,123,90,203,92,114,22,120,95,254,82,202,107,250,119,126,126,142,150,174,77,242,222,147,188,130,42,146,62,176,188,250,143,194,198,207,206,210,215,158,254,194,99,106,238,147,118,251,251,147,135,91,46,146,19,89,10,51,103,58,78,17,53,27,127,3,103,35,78,70,119,75,55,83,119,41,123,51,246,91,103,35,133,135,71,153,153,25,157,133,173,43,46,159,183,221,175,202,197,219,223,211,91,154,207,255,71,142,254,243,87,169,188,68,69,139,236,22,28,25,8,40,39,8,96,152,252,56,54,84,112,73,77,70,86,13,214,97,102,24,13,64,85,57,60,8,142,136,140,213,148,88,156,224,230,187,156,16,172,184,188,72,204,225,196,64,213,216,220,240,54,233,172,229,248,58,191,9,5,57,11,49,85,141,23,32,101,56,37,145,183,56,61,3,69,73,77,17,93,120,93,225,97,96,111,84,116,112,123,1,135,153,109,177,209,153,157,129,164,163,57,181,168,177,189,193,192,109,215,181,196,253,221,233,225,203,249,89,180,234,242,14,6,138,60,210,84,154,154,50,6,22,102,19,18,106,46,214,238,235,70,2,94,89,126,227,100,106,238,242,118,122,22,146,178,128,14,176,150,129,216,98,210,171,166,146,186,188,190,203,254,203,206,215,198,246,6,194,150,235,44,230,182,178,191,35,23,27,79,3,213,3,155,19,36,43,103,47,36,49,63,87,71,79,66,7,125,89,31,103,31,99,195,114,215,251,124,3,15,138,167,147,150,217,14,101,162,235,191,162,150,187,190,147,71,130,109,217,215,89,158,163,71,169,199,243,167,248,254,8,52,0,148,81,220,152,60,34,166,254,100,187,180,24,56,145,108,64,96,86,54,240,237,193,238,248,192,112,116,120,108,128,230,137,68,144,140,56,63,160,149,152,179,48,180,184,190,210,192,200,19,252,208,88,150,105,229,232,172,249,116,176,253,34,21,72,141,49,5,48,157,60,41,9,226,208,53,61,61,33,117,76,239,83,68,217,81,33,100,43,229,125,117,91,245,148,37,174,143,17,141,156,101,161,133,145,253,176,243,221,61,107,196,201,254,89,196,121,223,231,253,225,232,247,252,144,254,102,6,10,158,83,7,8,95,62,164,123,110,242,124,50,60,68,79,14,236,83,85,122,94,46,102,115,102,80,246,86,54,1,139,138,152,186,150,154,158,134,38,162,47,170,246,43,169,194,194,26,238,247,246,218,50,106,132,230,214,226,191,146,251,39,7,8,13,51,85,20,14,36,5,43,111,215,55,25,55,89,65,91,71,103,87,91,218,103,199,123,207,50,215,123,61,139,147,11,11,164,131,155,157,35,167,203,172,185,166,57,253,194,199,219,74,201,148,75,219,231,227,207,143,241,253,179,188,44,40,16,5,91,149,20,15,38,36,13,38,80,244,177,92,65,102,200,205,113,84,184,213,112,229,232,206,213,102]
CFO=9721.489828494236,STO=4
EsN0dB=3.45,GRXdB=40,N0=0.003162277629598975
packet_number=185,correct=False,payload=[66,210,6,70,0,12,2,199,8,32,2,41,140,1,40,14,16,20,51,16,54,24,140,159,72,25,148,190,13,96,31,29,20,184,168,33,68,40,3,69,104,24,10,108,168,111,78,14,48,224,178,62,36,92,54,54,51,24,30,112,44,29,190,63,160,214,138,70,0,206,93,102,18,193,138,255,108,76,158,30,116,20,54,18,12,73,204,133,80,89,16,250,212,89,12,126,96,82,6,111,110,239,166,132,240,114,67,240,105,237,105,234,3,83,224,228,240,69,126,86,60,176,219,187,217,60,188,246,128,141,160,22,11,39,193,10,209,25,74,152,141,161,4,153,133,149,0,51,72,89,240,150,185,179,26,143,222,157,158,119,81,97,129,112,40,27,60,166,168,171,230,11,192,12,188,140,56,146,32,151,48,99,191,175,58,48,192,103,25,167,190,43,212,66,216,227,196,133,134,131,128,73,194,243,217,192,141,191,32,215,144,195,204,227,186,151,200,55,181,219,84,203,190,213,224,231,164,131,72,161,239,246,124,241,200,171,204,113,0,239,112,237,226,203,219,101,213,35,248,125,241,78,248,221,127,251,129,129,242,175,4,9,64,3,88,0,10,39,200,13,14,139,0,177,208,22,32,10,60,102,48,153,60,20,25,42,29,31,72,5,67,193,101,79,37,4,40,41,96,99,100,12,238,9,49,48,106,114,164,242,14,47,120,50,48,34,90,28,103,91,192,0,4,51,200,68,222,205,79,2,52,74,78,139,162,7,24,64,51,242,253,208,136,15,10,144,58,154,172,163,86,109,224,131,98,39,97,9,195,103,226,249,73,82,64,217,84,94,48,97,112,18,22,75,74,115,112,107,54,58,252,125,222,252,164,161,196,128,134,137,5,183,160,139,31,69,42,73,3,14,50,129,250,19,32,23,150,10,18,129,138,132,28,217,222,47,0,0,67,34,37,184,39,47,73,198,128,82,45,15,206,47,145,225,226,128,36,121,42,23,170,59,122,39,19,127,55,63,128,224,129,226,216,197,175,109,224,201,223,198,128,105,142,70,133,245,160,243,242,207,198,207,248,131,241,234,185,95,217,78,97,243,224,33,193,131,12,231,217,203,130,199,137,193,238,159,242,226,177,199,212,247,231,237,251,217,242,99,176,248,90,255,0,10,178,39,8,5,15,15,72,9,36,146,2,141,29,170,49,17,154,17,71,102,37,179,112,57,58,58,60,59,92,31,21,67,64,66,32,4,151,182,52,11,42,22,40,96,89,35,24,123,198,59,188,97,36,116,24,24,94,113,190,205,15,42,64,64,193,71,1,192,0,6,24,80,3,15,109,25,142,78,84,17,86,51,37,183,79,82,121,5,229,122,80,14,207,75,122,245,96,207,200,65,230,100,96,121,80,58,141,181,79,79,164,217,210,242,224,115,54,79,112,116,238,117,179,98,124,127,1,163,17,71,78,3,13,3,152,145,20,7,141,135,136,79,161,67,53,135,204,181,7,159,148,132,6,23,73,187,154,26,17,163,74,67,133,37,225,231,40,99,241,51,56,101,134,233,249,241,52,229,169,237,245,103,115,19,182,121,240,125,63,93,132,209,131,71,201,131,224,199,194,161,205,131,153,141,173,127,241,73,21,151,156,73,124,115,250,249,210,215,220,21,149,107,226,161,230,98,120,69,229,143,128,131,0,50,200,172,92,111,233,97,242,195,245,243,174,103,249,217,98,129,120,127,252,223,208,33,8,3,0,4,30,131,32,76,18,152,8,73,0,7,176,54,66,1,181,23,4,29,190,148,82,23,60,24,62,15]
CFO=9200.947830924177,STO=3
EsN0dB=3.62,GRXdB=40,N0=0.003162277629598975
packet_number=186,correct=False,payload=[88,162,69,8,128,4,52,25,56,56,93,40,172,36,180,88,40,0,68,72,76,80,118,138,252,124,70,104,104,113,117,72,112,97,192,136,92,129,176,24,28,160,77,161,220,40,157,184,175,217,228,160,224,88,230,200,120,224,228,186,108,210,245,176,217,41,70,93,253,193,55,51,11,195,44,56,205,55,83,57,109,65,77,9,70,81,5,17,57,99,165,104,111,163,125,248,73,252,61,19,205,17,227,17,12,162,241,201,45,240,173,185,185,145,79,233,141,241,214,84,139,225,175,233,237,229,187,189,239,3,2,10,14,10,6,16,47,32,78,42,39,208,102,48,46,178,242,10,138,2,94,114,78,64,110,72,52,88,92,186,118,214,1,62,12,128,221,74,182,138,39,131,183,227,239,171,180,231,4,234,246,114,222,202,223,112,204,195,140,168,237,120,58,3,4,159,14,80,39,19,117,66,7,42,31,51,55,27,60,3,83,11,11,67,84,82,59,106,231,97,141,98,231,215,125,131,71,191,166,187,167,178,206,146,33,251,47,114,155,225,61,195,131,139,192,177,222,90,223,247,236,110,235,112,215,184,54,86,20,40,24,158,4,218,148,164,44,0,140,40,186,52,60,8,64,89,204,84,240,92,4,38,102,34,37,104,112,248,30,160,9,201,172,16,164,129,44,36,164,108,173,224,176,169,124,224,84,144,220,24,148,158,221,192,244,197,237,22,120,248,182,2,0,96,158,3,2,50,188,32,47,8,157,48,46,96,228,33,199,197,148,92,205,73,57,181,125,121,97,114,126,59,127,192,131,153,27,163,149,154,157,161,162,169,237,113,57,121,191,73,205,72,205,17,181,243,221,37,191,217,37,203,197,100,214,0,174,220,6,148,4,50,54,107,44,122,78,145,10,58,168,192,206,18,91,126,118,230,159,68,46,106,239,46,46,106,56,131,106,14,10,88,244,181,158,178,54,170,182,35,39,192,238,108,205,203,90,187,94,209,94,4,230,96,255,101,163,200,218,21,79,3,11,199,35,31,36,21,43,43,106,163,20,127,200,23,103,153,79,77,246,70,167,99,229,107,236,115,68,251,127,151,127,18,18,87,159,144,191,234,32,253,10,103,167,190,30,14,198,42,214,18,186,195,214,238,101,225,111,233,246,229,187,168,7,16,15,128,53,56,60,96,76,33,44,16,48,160,52,96,13,8,108,168,221,248,64,228,77,102,90,52,250,124,92,193,7,16,169,208,149,136,185,100,200,233,232,1,178,225,28,32,193,138,198,132,193,111,245,226,35,226,125,224,221,72,217,3,5,24,124,23,53,1,29,45,67,57,185,121,123,48,104,232,7,73,79,87,112,218,25,105,233,16,253,97,97,121,232,3,200,144,177,130,148,157,153,31,165,162,225,4,245,113,164,89,193,169,221,209,247,177,215,236,197,193,172,225,83,203,62,19,4,24,14,16,54,24,22,163,40,11,238,177,118,55,250,32,66,18,212,19,246,74,126,230,108,200,155,230,126,23,62,131,68,154,28,17,150,59,157,103,5,172,14,154,215,242,33,202,207,139,173,83,248,216,124,91,236,46,166,182,14,236,254,67,15,27,109,214,23,145,87,85,39,19,30,38,117,7,46,99,195,65,11,83,199,209,95,98,78,10,203,106,115,63,126,2,131,191,31,55,55,136,223,167,167,139,143,186,244,122,187,209,199,70,207,167,213,208,155,195,103,234,174,243,243,241,213,0,72,10,7,144,20,0,8,0,45,12,163,48,42,48,185,9,144,192,222,68,20,176,80,0,199,92,53,225,252,34]
CFO=7864.077750589735,STO=2
EsN0dB=2.53,GRXdB=40,N0=0.003981071524322033
packet_number=187,correct=False,payload=[147,39,97,88,67,214,36,7,37,143,36,130,139,12,8,198,39,120,32,26,163,8,150,8,3,156,28,142,21,68,139,62,143,160,1,75,35,36,53,36,11,136,32,63,73,186,175,46,171,26,1,160,5,180,18,183,125,246,58,122,51,157,127,146,147,112,9,2,208,131,225,139,11,124,11,7,107,204,136,78,91,112,49,0,171,83,87,219,87,89,216,195,95,150,204,93,31,176,160,242,131,161,71,121,62,160,92,122,121,206,40,31,75,116,17,121,119,36,208,112,124,184,212,59,87,36,62,254,111,193,1,26,193,4,133,165,140,136,146,13,159,14,164,8,247,16,153,146,49,195,148,54,191,25,9,72,182,207,239,180,127,193,231,137,233,148,181,244,130,144,73,59,7,100,140,154,99,178,52,200,42,118,173,45,165,170,209,57,154,172,145,182,27,192,103,167,67,244,192,196,230,200,137,65,203,68,100,217,110,248,177,242,191,199,141,215,213,248,169,147,155,216,205,223,255,244,96,227,69,224,225,225,111,229,176,254,255,253,167,252,119,188,73,114,227,124,93,186,33,154,121,14,217,127,29,126,255,3,29,162,17,20,37,161,23,48,137,219,205,36,12,14,11,168,16,54,3,10,3,6,69,24,3,30,10,122,85,159,223,88,1,162,3,66,45,6,173,168,35,39,203,170,109,163,175,34,167,178,59,36,39,182,23,56,125,175,19,246,141,102,106,72,55,102,75,68,81,135,103,172,29,91,95,6,3,239,27,144,80,18,130,254,80,246,1,72,75,246,90,28,21,190,219,176,99,99,33,186,125,164,228,8,185,55,107,62,3,165,235,252,89,153,183,85,181,242,241,51,252,178,79,90,63,183,187,236,4,227,202,142,7,182,119,212,200,122,75,221,189,2,201,1,33,147,179,214,83,170,217,210,162,146,153,189,166,176,151,180,235,224,70,183,129,133,38,224,99,223,234,198,47,178,187,51,181,146,212,245,57,36,49,60,41,147,70,218,3,175,87,197,200,197,192,195,156,215,219,220,248,83,104,220,204,206,202,208,123,250,115,73,83,150,253,104,197,137,209,204,241,252,255,224,236,121,106,14,103,238,229,229,224,236,207,228,185,191,231,252,41,198,115,125,253,228,125,222,73,90,121,180,187,238,253,0,154,18,67,166,133,4,93,8,57,11,135,77,135,223,29,84,16,82,48,36,21,158,31,26,6,26,59,12,45,26,91,47,37,62,80,28,215,34,37,9,32,35,21,129,164,14,174,196,17,88,51,60,53,182,53,245,152,98,159,44,95,62,29,65,1,144,131,78,69,6,207,60,185,43,207,127,124,115,106,236,209,243,123,206,172,85,87,80,48,159,40,60,124,219,245,113,101,34,202,36,103,166,107,98,99,100,12,77,201,238,93,49,242,114,211,123,49,63,38,82,85,10,217,109,93,255,123,154,8,158,139,4,133,70,15,63,11,96,139,188,158,13,11,25,199,134,151,156,247,68,16,150,185,156,167,156,153,207,222,183,169,160,105,179,167,142,133,173,169,236,163,138,39,239,175,148,49,210,119,186,50,123,246,154,52,250,224,24,29,150,187,194,244,122,218,198,103,198,251,77,72,226,239,222,237,214,199,216,24,240,151,196,199,183,131,205,157,95,158,233,79,19,29,109,233,99,195,80,111,132,41,72,211,127,226,164,233,119,237,252,242,210,254,169,251,113,118,51,254,228,253,252,116,216,183,160,137,3,134,60,139,102,7,232,139,77,135,200,125,159,23,67,199,218,242,146,52,66,206,24,179,19,17,255,61,30]
CFO=9389.537891644692,STO=5
EsN0dB=2.68,GRXdB=40,N0=0.003981071524322033
packet_number=188,correct=False,payload=[102,167,57,136,98,162,168,149,3,7,40,66,138,74,110,4,14,139,23,93,134,2,20,68,70,148,132,24,26,60,220,133,134,31,19,102,177,163,36,39,22,167,44,72,98,40,42,5,122,44,100,178,178,179,22,49,54,146,240,57,50,155,172,56,126,50,86,21,79,39,4,69,230,85,64,15,72,11,76,109,206,71,16,80,146,71,98,69,210,87,72,89,75,243,140,117,94,89,96,96,194,41,101,185,103,67,72,112,102,114,8,181,236,56,96,101,34,32,119,167,126,44,251,57,10,226,90,172,86,61,128,193,214,195,134,190,8,165,105,233,170,142,204,59,140,159,249,21,51,71,252,181,158,211,9,17,149,35,92,57,142,139,32,153,6,229,180,228,144,167,233,233,164,83,160,170,172,236,114,128,224,163,181,189,167,55,253,169,186,187,112,127,182,61,217,209,207,70,209,220,148,193,128,129,68,203,73,197,28,205,243,240,218,177,220,85,230,84,216,121,222,145,248,229,242,214,228,169,224,193,224,253,142,221,138,225,234,25,181,41,104,207,208,208,86,211,244,253,139,179,241,57,241,242,52,124,218,230,10,145,194,3,76,52,20,33,31,136,26,6,12,36,15,15,80,158,19,211,20,23,22,55,16,89,123,25,12,157,39,125,96,18,130,35,38,119,50,24,112,191,43,153,132,5,202,103,52,117,165,147,51,3,92,37,12,0,98,177,186,189,54,179,192,65,74,71,68,199,70,77,12,74,107,203,204,73,206,94,72,89,154,89,28,222,82,83,201,153,70,89,92,157,40,95,98,97,99,67,97,105,96,231,170,107,66,75,92,111,110,107,228,209,114,17,244,102,119,6,216,29,106,114,222,253,160,247,128,131,192,19,236,37,23,199,120,191,195,139,14,141,30,141,48,145,16,139,149,164,148,21,22,137,154,219,157,21,28,31,193,175,231,249,164,164,36,171,34,41,75,43,172,141,43,141,240,165,160,46,51,177,146,183,155,56,155,179,188,191,90,215,4,197,208,211,5,199,167,156,72,193,246,192,184,165,206,214,213,199,146,243,204,196,214,211,136,233,26,255,196,149,222,207,24,241,226,161,101,168,148,102,254,162,146,163,216,231,45,163,117,233,184,133,224,245,202,215,122,163,154,250,156,253,244,224,0,16,6,7,0,5,15,6,10,193,91,43,13,28,55,79,32,16,166,50,24,19,148,15,209,58,106,26,148,73,150,116,64,160,233,35,188,97,40,23,5,57,170,139,56,10,40,46,144,49,8,41,49,176,241,39,73,141,58,155,221,172,41,62,8,87,41,1,200,133,38,29,88,92,30,201,204,169,74,76,208,81,83,99,20,89,150,89,93,80,30,75,108,239,94,211,96,25,226,94,48,33,103,253,107,100,66,142,124,117,54,13,120,92,112,112,115,60,86,22,122,68,115,122,118,248,114,61,224,233,130,13,132,132,190,133,130,137,134,254,205,9,167,72,128,148,146,158,212,221,150,149,41,28,80,223,133,57,254,191,48,177,50,179,181,141,164,229,173,186,180,239,58,232,252,46,145,120,224,51,242,105,55,111,152,253,190,51,188,181,179,175,196,208,232,200,12,77,30,247,200,235,170,203,132,108,74,202,93,147,242,194,212,148,217,151,90,153,92,80,84,124,212,141,232,232,194,227,232,129,146,103,104,193,194,200,175,5,230,220,137,205,34,227,246,117,246,253,121,227,248,121,223,231,201,159,48,132,81,11,132,132,142,96,128,19,6,151,4,65,172,139,16,83,17,150,87,117,56,21,202,186,14,1,60,80]
CFO=-10523.44795215482,STO=2
EsN0dB=2.39,GRXdB=40,N0=0.003981071524322033
packet_number=189,correct=False,payload=[223,255,253,190,44,175,61,246,231,255,216,251,87,252,130,235,252,170,125,189,247,251,182,255,123,91,179,92,211,92,116,155,250,247,255,143,252,70,173,239,123,254,122,179,167,255,254,255,142,110,153,223,220,127,91,53,250,252,223,100,251,255,251,216,255,251,143,79,36,121,191,61,126,251,52,229,218,223,239,190,191,61,95,62,95,229,51,165,207,239,140,229,126,255,243,231,205,117,202,122,91,127,190,117,223,255,255,175,115,103,223,182,223,189,222,215,111,240,187,110,126,234,22,143,239,115,71,210,60,110,214,60,239,254,173,239,172,255,243,165,217,231,119,109,155,255,220,207,191,175,247,251,175,255,159,207,241,63,92,237,85,126,253,191,249,158,249,123,79,158,219,223,219,215,141,239,255,255,246,251,245,191,169,5,171,79,235,91,59,25,63,189,237,235,244,219,223,235,109,239,55,201,121,126,243,222,191,238,251,253,222,251,27,178,255,175,187,191,155,223,233,95,173,139,251,245,234,247,83,255,50,231,121,115,254,126,159,219,191,227,187,47,127,179,187,98,125,187,87,31,191,239,221,126,255,247,219,254,125,182,122,159,211,87,188,255,93,219,253,214,205,100,111,173,188,174,218,131,255,253,93,188,243,215,215,243,115,127,179,191,159,251,113,191,246,61,127,250,107,199,190,223,211,167,123,119,193,151,255,191,255,245,242,216,222,162,167,172,49,227,89,255,251,118,191,63,182,255,247,103,71,166,235,239,125,111,247,174,117,239,246,187,239,253,241,238,250,175,255,251,221,231,237,89,115,255,87,223,121,231,254,118,94,187,63,255,245,191,239,181,217,167,137,175,235,246,238,220,72,55,223,115,173,223,174,183,249,140,255,147,124,127,204,221,127,119,245,143,172,246,251,184,105,235,151,87,231,124,209,237,255,245,205,159,89,243,207,197,250,237,21,223,233,119,227,93,251,172,223,251,239,223,249,239,179,239,219,110,119,245,223,27,127,186,223,127,246,255,239,255,158,204,235,254,251,236,109,255,248,212,87,95,255,172,243,253,251,41,7,255,254,255,239,61,113,255,255,155,124,186,111,220,246,51,53,174,157,253,94,56,247,255,31,195,172,218,255,234,127,107,214,127,111,125,108,211,62,95,253,186,251,251,187,223,187,175,210,255,187,191,237,234,122,214,118,179,227,101,159,252,214,60,220,183,203,63,136,251,125,31,249,253,243,254,189,189,179,109,245,123,216,42,215,127,125,74,248,210,223,223,250,255,40,255,125,252,191,47,99,252,11,205,217,243,219,243,159,255,157,237,219,158,183,119,255,250,183,239,255,242,221,254,167,253,254,255,219,111,59,221,94,125,194,175,179,135,159,143,79,255,205,119,63,117,187,255,63,175,255,204,188,254,60,215,63,215,189,238,191,154,55,179,253,206,252,95,223,220,118,231,231,253,230,252,253,105,159,226,221,244,235,238,187,61,254,255,225,191,95,187,219,125,243,213,236,141,251,238,231,125,227,116,247,255,127,111,191,62,254,254,215,243,247,79,250,116,142,238,76,239,239,235,92,131,62,233,189,255,124,247,170,239,255,235,221,246,163,68,188,117,115,221,239,235,120,191,228,238,47,191,220,238,254,173,253,59,245,167,47,122,143,87,183,119,221,253,253,201,232,173,255,77,156,238,166,255,254,255,191,119,159,181,223,255,235,250,243,223,249,114,223,255,254,239,155,186,188,117,191,192,183,47,132,127,252,236,92,104,206,187,243,59,247,245,254,129,239,197,237,245,237,108,245,253,223,139,191,173,183,183]
CFO=-8466.061216275733,STO=6
EsN0dB=2.67,GRXdB=40,N0=0.003981071524322033
packet_number=190,correct=False,payload=[110,95,218,239,254,223,159,79,111,7,220,126,47,154,79,15,112,50,243,85,110,184,60,251,157,219,187,127,76,123,254,251,214,230,46,239,125,111,175,123,176,246,244,225,157,85,207,63,243,255,191,125,251,245,119,254,9,57,255,223,253,223,220,154,40,255,129,157,15,171,219,123,189,159,214,247,254,255,74,221,244,127,165,193,117,233,247,253,194,253,254,171,243,219,255,127,238,239,191,111,189,170,44,191,109,222,59,207,247,84,250,183,248,252,255,255,227,247,255,255,191,231,188,255,245,147,58,255,242,191,131,79,78,202,183,127,254,183,158,220,117,121,214,251,148,98,55,188,61,223,191,239,251,251,127,203,150,127,249,183,253,251,141,239,189,206,243,206,241,250,187,223,247,243,95,253,239,245,253,238,246,114,254,116,218,212,243,54,89,138,252,124,121,215,214,247,237,31,239,186,250,207,215,113,187,95,254,191,245,243,255,183,254,238,171,191,254,245,126,127,223,247,223,187,245,255,150,155,255,125,191,245,147,254,237,255,27,251,253,110,242,247,247,243,166,235,175,243,187,239,237,223,255,249,255,190,45,123,255,239,223,167,255,254,173,25,200,251,181,135,252,255,70,100,21,253,245,35,63,188,199,187,253,185,219,147,191,50,25,187,220,124,253,235,106,126,186,91,127,31,222,123,217,232,247,127,75,143,110,119,255,247,157,255,190,187,191,125,119,223,205,249,221,245,55,119,253,254,235,53,124,27,25,222,200,231,255,101,230,215,203,206,191,39,240,152,255,187,111,187,170,253,26,253,239,195,158,252,60,119,189,141,248,31,241,111,218,216,101,210,246,126,173,241,253,175,253,255,124,117,255,253,119,159,151,223,159,223,247,215,219,174,63,178,214,127,183,222,28,252,175,89,146,127,254,227,246,207,255,243,239,163,247,191,246,186,125,227,233,61,237,245,227,31,185,125,230,237,255,231,126,247,252,251,251,254,251,255,247,221,245,121,207,237,246,255,190,249,121,188,131,127,241,171,254,158,185,241,234,111,185,115,127,207,221,228,255,95,151,126,121,62,251,255,255,239,239,229,153,238,255,181,239,106,184,239,245,234,249,63,255,203,229,124,222,183,123,217,205,251,127,221,127,187,247,187,95,215,255,255,253,223,218,243,199,255,77,218,36,187,255,18,150,63,237,95,127,63,253,231,97,255,247,199,215,222,248,91,159,254,255,227,30,82,213,183,127,167,231,253,246,95,251,173,246,3,63,191,61,120,184,249,243,209,251,239,254,171,110,223,31,215,61,124,254,125,210,181,246,191,247,255,153,159,151,221,140,223,172,252,239,55,247,237,234,253,127,187,187,255,162,203,250,175,216,253,59,127,235,183,223,223,183,245,236,190,93,115,255,239,95,219,254,124,239,243,230,251,116,191,223,219,193,250,119,235,245,214,62,243,195,153,151,103,95,170,238,223,73,223,245,216,69,254,223,25,239,255,255,108,251,127,255,191,95,225,105,175,187,191,191,111,107,255,196,255,183,251,185,199,237,247,247,211,211,178,189,191,185,211,254,227,123,158,127,183,249,235,254,149,255,251,190,243,238,195,27,151,143,190,218,77,231,166,233,91,149,191,247,159,247,127,245,251,185,173,204,92,126,236,243,239,91,251,255,251,238,171,87,230,79,254,127,191,239,155,247,252,249,254,28,223,245,255,166,247,56,126,174,237,223,25,63,187,189,223,126,119,70,253,200,182,191,77,106,243,214,223,57,60,253,155,155,110,249,255,127,49,149,233,126,254,215,246,3,187,62,58,189,110]
CFO=9426.419964525376,STO=3
EsN0dB=2.59,GRXdB=40,N0=0.003981071524322033
packet_number=191,correct=False,payload=[91,80,64,149,56,10,1,20,104,112,151,136,144,48,68,224,232,243,4,49,0,177,243,68,148,85,176,185,165,48,193,225,32,177,48,18,34,193,66,66,112,226,142,18,170,6,197,132,210,51,51,128,177,115,195,2,121,98,89,139,171,247,135,217,138,162,130,20,38,61,130,64,109,21,128,150,37,231,68,220,34,116,192,95,5,53,71,13,110,101,133,150,168,173,9,159,100,208,150,91,99,135,20,81,166,66,36,16,246,164,134,108,54,151,71,23,148,6,246,87,117,53,226,142,143,82,72,77,231,167,74,133,136,33,28,125,107,112,132,72,178,128,104,124,236,185,60,152,41,161,75,200,233,241,212,185,165,216,69,221,225,235,160,18,42,42,223,73,204,104,246,24,138,0,171,72,234,247,234,23,9,179,5,123,11,83,143,27,168,217,169,254,103,252,64,52,57,72,36,156,228,24,141,144,204,189,237,149,164,124,181,29,36,17,79,5,103,232,149,153,143,184,79,95,237,206,30,223,46,28,94,215,108,111,198,32,106,18,230,218,20,207,75,126,111,31,78,255,66,89,240,153,235,127,207,243,170,227,4,54,96,18,0,208,104,82,36,144,200,182,200,28,229,139,33,29,33,17,65,85,21,119,1,194,160,245,193,145,225,242,138,18,151,59,98,82,98,242,130,162,226,26,138,208,232,210,3,11,38,109,67,94,235,51,130,150,239,141,195,209,167,81,0,24,36,4,190,215,126,101,128,156,197,240,64,226,197,197,228,182,33,177,69,85,69,85,2,197,161,149,3,210,224,102,42,178,230,118,130,94,114,116,230,212,70,198,167,100,246,186,69,186,35,62,86,99,7,126,135,135,103,179,196,197,199,9,9,56,48,40,0,152,232,248,8,20,128,57,89,92,120,252,0,17,41,42,77,73,35,191,203,155,205,161,197,145,187,248,40,8,29,10,74,24,10,102,235,18,10,44,200,202,238,104,71,26,14,75,67,119,98,123,222,217,235,249,56,50,202,15,20,92,52,232,36,81,100,61,221,16,167,155,236,212,110,156,13,57,141,35,153,77,73,124,141,221,107,121,237,245,170,238,86,212,174,124,8,92,102,50,218,158,134,154,108,155,61,191,44,91,110,190,207,239,95,47,138,159,47,62,142,183,95,225,54,32,36,42,216,236,8,24,176,64,184,144,146,193,224,155,145,237,9,49,192,88,96,225,11,145,193,240,249,233,97,161,10,154,179,33,210,92,2,170,151,158,226,123,195,86,251,243,6,161,35,51,84,81,114,203,170,208,2,7,2,17,162,248,33,80,161,212,14,87,102,112,66,28,180,52,196,185,116,18,69,37,45,241,205,37,100,93,167,182,249,193,193,81,236,247,94,87,42,38,114,100,234,246,206,199,7,183,200,228,38,229,155,146,229,32,65,67,125,107,142,151,235,222,223,94,167,249,128,56,164,37,156,105,226,62,232,232,169,240,210,136,92,204,35,216,42,161,75,49,240,88,9,137,49,57,69,140,115,238,14,18,236,26,68,30,72,251,130,162,170,182,234,201,110,235,224,8,75,162,67,82,171,243,15,198,234,187,79,91,239,245,156,94,7,61,76,95,238,96,4,152,174,108,140,82,229,239,47,140,237,45,13,125,108,89,10,79,237,185,73,233,233,188,131,30,56,62,206,94,249,222,71,105,254,62,75,158,98,191,31,30,118,47,71,110,13,127,199,182,61,189,143,74,185,216,0,48,100,58,6,65,80,111,137,212,97,50,64,19,99,249,9,83,101,16,96,240,160,122,162,159,233,209,129,217]
CFO=7507.460293099984,STO=6
EsN0dB=2.53,GRXdB=40,N0=0.003981071524322033
packet_number=192,correct=False,payload=[159,112,232,81,194,135,90,194,3,167,160,195,116,150,73,237,149,4,5,67,36,134,148,205,75,1,12,193,212,7,94,155,145,96,2,244,141,152,5,145,1,80,9,157,43,255,59,143,47,104,8,156,69,140,22,159,105,222,26,220,45,138,222,150,142,97,8,219,130,160,23,51,129,213,136,190,108,166,63,228,195,129,177,3,1,22,132,123,182,220,122,74,132,247,34,45,159,185,218,112,16,145,24,91,185,179,187,198,119,152,23,247,19,153,220,221,22,51,255,29,171,254,194,31,254,124,95,125,135,33,120,80,130,23,0,98,97,198,98,79,21,224,134,207,247,64,142,106,50,234,233,23,55,140,56,239,76,238,132,207,246,88,121,177,227,148,32,131,1,6,22,29,25,219,124,211,255,253,228,113,201,156,211,239,114,170,54,76,75,238,183,170,79,227,35,113,195,165,187,65,227,160,124,233,33,238,71,148,229,136,187,47,245,177,122,3,57,253,61,205,188,223,66,254,220,107,107,96,57,248,112,33,105,253,113,29,117,98,75,122,21,248,45,109,26,254,48,125,126,125,62,235,125,191,16,255,191,240,82,96,134,195,34,2,69,66,68,196,146,129,13,195,19,232,96,134,169,60,15,197,98,69,15,142,137,198,31,239,229,248,152,137,149,159,48,55,53,36,0,68,19,58,51,135,57,157,157,88,201,223,26,235,31,248,200,159,157,170,183,95,13,160,171,242,158,238,100,5,203,143,18,49,130,50,28,27,87,24,142,44,153,244,15,113,113,188,46,110,161,229,71,163,228,222,227,123,25,225,145,41,223,20,160,119,136,250,75,51,185,153,186,184,56,120,16,190,66,132,44,126,181,180,115,58,39,68,2,80,225,38,242,219,134,114,84,6,167,71,140,214,177,244,176,131,76,240,196,193,11,204,198,222,88,74,143,103,130,205,80,232,107,175,75,112,122,187,152,83,182,226,99,203,142,205,1,180,28,40,116,176,139,252,72,146,231,221,79,187,79,69,20,97,160,218,99,112,103,178,112,243,45,226,211,64,231,224,239,197,145,236,103,227,101,204,224,125,42,147,161,231,142,120,176,126,241,240,182,168,94,140,122,240,7,122,90,250,121,108,191,191,157,3,115,249,95,230,7,30,217,220,123,78,127,202,60,241,49,160,150,163,2,174,4,45,147,67,23,79,7,116,25,29,8,78,86,165,207,140,45,216,14,198,70,55,137,92,72,205,144,144,28,1,113,128,82,126,221,128,18,86,79,141,154,73,38,229,10,81,112,62,46,148,79,157,252,62,92,118,170,109,227,251,50,116,130,13,128,134,156,33,182,247,130,12,13,24,203,10,59,63,67,172,4,142,44,147,107,14,159,83,48,182,57,178,163,179,89,167,187,188,119,178,27,29,187,125,144,152,155,185,31,155,152,146,61,152,25,62,186,55,127,228,24,234,208,195,59,153,147,100,109,115,229,198,100,186,98,233,236,94,105,95,148,98,153,229,108,229,95,254,74,109,175,20,54,184,168,66,74,205,211,233,88,140,58,6,220,67,135,218,123,224,92,248,30,223,168,140,90,157,92,244,232,214,91,225,145,121,49,195,164,241,3,244,6,98,171,118,246,251,94,232,104,232,200,251,239,115,228,65,54,161,61,239,255,215,239,202,121,227,16,90,126,57,207,248,34,157,118,255,121,115,135,170,26,207,88,253,213,240,63,169,110,120,246,254,244,209,29,64,52,243,177,202,8,19,43,237,12,23,167,166,2,245,229,200,216,193,38,128,137,69,6,14,12,133,12,161,7,106]
CFO=7164.625113854194,STO=2
EsN0dB=2.51,GRXdB=40,N0=0.003981071524322033
packet_number=193,correct=False,payload=[35,129,97,21,135,4,134,15,66,0,9,171,79,79,74,135,145,18,58,19,60,3,142,173,136,17,153,15,94,92,95,15,161,162,50,113,59,33,178,46,21,189,71,85,167,25,142,110,182,63,51,19,16,239,231,31,49,25,26,223,205,117,178,106,196,70,130,71,208,87,95,237,204,192,42,147,13,79,238,91,74,25,94,80,207,57,118,99,25,91,149,10,220,92,22,93,224,112,183,226,242,79,244,97,106,238,3,29,206,169,91,124,186,89,182,41,109,30,230,98,168,184,198,127,98,241,52,55,82,64,134,137,228,5,215,103,40,136,207,203,128,202,47,71,195,132,153,156,152,52,87,142,123,141,223,217,28,41,155,254,106,7,63,242,97,129,99,119,173,109,142,218,188,45,191,183,233,164,185,197,180,181,186,181,174,117,252,191,222,235,28,59,146,211,145,211,78,201,238,199,127,73,96,71,157,69,217,255,74,121,250,154,228,244,221,247,220,117,120,223,244,75,212,13,251,254,191,177,225,194,218,103,248,184,164,42,103,226,238,63,158,123,242,243,55,92,180,222,216,180,249,109,188,172,172,252,160,81,15,33,44,7,180,7,12,40,26,143,5,45,203,11,16,43,22,3,148,23,190,23,156,45,91,83,221,162,206,94,168,36,5,47,102,6,52,246,38,163,220,47,103,28,134,175,62,176,56,49,28,20,20,59,60,154,114,158,157,94,63,214,12,43,23,35,167,182,67,79,11,143,46,231,204,88,79,239,84,187,176,53,81,214,215,87,200,108,247,209,224,95,126,7,228,209,171,122,169,97,239,111,104,236,106,120,229,12,126,243,33,114,52,241,97,83,110,245,54,56,239,83,46,55,234,201,16,107,139,145,213,65,162,199,196,191,136,153,152,47,12,76,128,249,130,27,144,213,156,19,144,145,250,175,148,187,172,59,142,182,207,137,44,182,76,167,237,185,226,163,174,41,183,47,186,61,11,211,148,164,227,50,54,59,253,58,236,248,175,247,66,213,8,139,192,145,197,250,191,64,142,149,216,101,172,215,128,72,131,162,246,145,203,247,89,5,200,89,222,223,86,255,200,227,194,161,74,103,167,90,227,216,40,238,96,133,62,223,222,208,88,159,224,189,246,121,248,253,226,73,90,244,98,127,134,201,170,131,180,84,132,65,238,76,42,7,43,77,78,15,81,219,178,3,28,23,14,71,40,71,107,27,220,153,49,63,32,1,51,47,62,255,134,195,173,45,74,11,34,60,174,46,72,81,22,203,252,17,178,118,154,41,184,160,254,45,56,191,193,12,129,65,18,101,70,198,248,48,26,78,200,36,78,109,115,97,96,118,118,213,99,83,233,89,122,20,93,125,198,237,100,163,131,51,236,23,119,133,98,40,78,111,120,109,239,125,104,227,83,83,253,119,12,246,217,180,61,183,255,31,86,91,129,133,129,85,225,77,166,79,204,73,46,2,172,24,166,117,146,179,181,155,74,133,179,131,216,173,138,63,152,213,215,159,6,193,90,211,176,128,166,67,124,153,232,233,232,61,78,247,176,84,178,222,244,167,167,142,248,159,130,184,236,103,167,37,68,211,64,81,204,164,58,99,192,215,0,247,198,239,175,201,202,24,218,115,14,220,123,243,206,105,254,241,213,72,90,197,170,209,146,130,228,199,236,190,116,176,238,104,238,40,110,223,146,180,107,185,116,229,244,247,240,44,127,169,250,251,250,255,9,6,30,40,18,63,156,7,8,137,52,6,12,12,142,43,57,112,2,3,21,150,10,87,72,9,56,8,76,109,179,30]
CFO=8588.486665323902,STO=3
EsN0dB=2.62,GRXdB=40,N0=0.003981071524322033
packet_number=194,correct=False,payload=[72,64,10,163,80,131,82,55,100,13,104,27,2,13,42,71,32,50,18,185,149,5,90,124,8,9,56,31,31,193,46,11,32,55,39,53,48,85,36,38,162,33,10,43,238,168,12,13,52,162,175,191,52,111,16,117,217,93,152,57,56,13,183,190,209,193,147,139,87,15,22,247,185,221,203,73,0,76,70,79,19,144,66,67,1,5,151,80,120,149,234,58,94,93,207,216,92,113,101,98,102,69,4,27,104,234,235,93,228,109,78,127,115,48,168,66,54,55,54,118,238,200,123,251,117,75,127,255,128,89,135,134,32,129,86,229,137,137,18,200,212,157,140,170,88,147,16,149,139,51,115,156,185,17,33,27,28,181,188,11,0,105,162,166,33,141,166,135,248,204,175,72,246,173,180,100,32,177,35,179,180,161,178,183,152,61,185,241,182,117,31,119,200,221,194,135,133,204,77,166,9,137,79,203,76,133,138,23,97,21,82,147,145,196,64,77,240,217,242,238,251,202,150,199,83,196,107,179,197,61,100,225,234,169,234,227,236,233,204,111,120,97,243,162,150,227,217,173,90,243,218,211,207,233,162,126,232,45,123,3,132,95,2,151,105,47,138,9,8,12,175,42,54,5,222,94,45,20,134,22,50,89,18,57,37,157,90,94,67,96,34,49,4,97,6,39,32,40,10,105,158,40,175,11,112,49,176,23,24,23,62,15,186,85,120,167,160,189,52,62,224,65,50,196,68,35,202,39,15,89,72,109,13,236,206,91,80,81,88,83,92,21,84,245,49,217,90,27,114,253,94,199,104,209,98,195,244,5,44,38,66,88,162,43,138,43,174,35,249,241,230,197,52,50,98,177,113,248,122,82,85,253,106,229,200,144,134,138,132,139,142,183,239,21,158,206,141,11,71,175,148,145,150,18,152,151,89,33,177,123,158,211,156,130,84,199,137,160,96,34,163,225,133,195,169,185,188,59,12,173,209,137,178,251,48,210,179,121,150,245,186,185,182,187,188,236,188,189,192,205,244,129,192,231,142,150,136,107,2,203,68,89,166,221,84,75,209,210,5,215,150,89,152,139,219,240,220,143,214,255,228,37,110,163,240,228,190,119,163,221,253,41,238,213,206,143,177,245,19,147,225,253,254,102,100,241,184,205,68,124,218,77,65,25,74,17,54,6,102,183,74,8,3,218,6,77,34,15,208,151,182,53,53,25,28,32,236,2,154,5,24,85,62,159,162,17,44,96,1,3,55,175,233,170,168,171,172,28,108,14,62,216,55,211,116,125,181,117,60,193,47,39,36,45,27,63,73,90,85,91,76,41,128,22,92,0,66,194,68,72,107,221,16,249,82,117,100,35,118,175,18,11,242,92,216,243,133,62,224,119,51,39,101,112,127,39,121,104,176,107,224,12,230,75,57,97,250,112,96,124,100,86,33,121,114,125,28,113,34,53,92,69,16,199,212,129,146,172,250,73,8,203,151,145,10,144,146,9,0,179,80,145,156,21,191,137,120,51,244,157,22,187,241,241,22,165,228,189,2,235,160,185,170,0,220,46,122,36,241,178,122,114,166,221,38,230,190,157,174,179,185,184,176,167,192,197,189,198,100,197,217,135,74,217,202,24,142,60,239,28,128,16,162,167,224,62,194,151,120,213,203,131,212,217,158,247,68,188,208,243,228,198,7,165,88,232,178,239,106,223,60,198,242,245,252,187,244,53,243,241,202,249,171,67,120,161,158,254,78,9,96,67,20,9,5,46,8,75,43,204,84,60,14,93,64,177,16,166,28,20,5,239,112,61,63,163,92,21,46,30]
CFO=-1677.022038737539,STO=3
EsN0dB=-14.36,GRXdB=40,N0=0.003981071524322033
packet_number=195,correct=False,payload=[169,46,98,179,152,249,102,136,197,248,14,73,15,229,6,239,4,103,72,169,52,60,96,115,33,6,89,175,10,159,118,150,61,231,81,166,172,100,160,33,118,89,234,88,141,21,100,49,78,29,177,31,222,52,196,136,40,27,200,223,94,181,161,176,146,153,124,50,124,131,192,70,229,139,151,56,253,234,85,95,54,133,163,177,248,231,46,135,206,171,176,30,11,148,210,157,76,174,39,110,48,251,67,173,182,10,57,162,148,90,193,150,80,99,156,136,71,188,149,104,139,94,181,242,67,169,19,173,152,2,37,81,53,101,242,155,217,230,34,252,70,156,90,155,188,55,75,223,104,174,246,181,15,168,226,28,195,231,56,111,143,99,243,153,210,100,108,57,37,122,86,183,78,200,192,113,180,105,60,23,192,119,235,172,203,42,217,157,44,205,95,196,103,197,182,225,226,24,43,8,97,230,90,170,247,100,24,171,106,52,56,125,26,144,74,129,82,197,250,96,176,62,88,57,247,27,102,147,208,175,101,60,142,120,174,16,30,8,188,39,80,69,37,50,26,64,118,204,77,205,60,252,19,144,103,133,77,140,189,248,171,77,115,104,50,188,189,14,157,96,22,181,217,90,238,107,63,244,83,191,212,13,46,52,18,146,87,199,128,104,103,224,128,156,71,191,187,157,128,151,110,133,140,170,14,58,121,219,162,125,89,45,144,136,169,85,116,232,61,167,36,84,129,139,224,44,84,183,165,67,18,232,201,59,140,252,53,67,247,163,126,183,7,13,127,246,252,157,141,45,208,82,151,253,55,126,55,39,209,105,121,235,185,146,28,216,124,191,42,249,193,23,194,207,27,10,6,42,207,249,31,17,18,189,142,51,105,16,57,233,199,104,34,42,62,23,247,43,246,91,97,125,78,44,162,61,109,144,108,208,193,222,180,245,138,127,6,75,145,203,216,113,26,125,186,76,230,112,146,6,221,34,143,196,89,105,0,230,148,116,211,20,138,179,24,249,4,202,250,1,170,42,16,133,136,242,215,103,219,221,211,149,229,43,7,71,216,49,11,199,252,119,209,162,101,175,120,109,9,16,241,83,115,17,241,172,216,21,211,43,167,138,205,252,230,166,50,10,177,75,115,81,102,151,13,159,39,193,231,12,131,212,107,134,45,181,52,111,234,128,90,74,96,156,90,115,137,50,113,236,46,244,237,34,230,128,22,200,118,198,255,78,54,255,99,147,172,228,81,37,173,0,45,250,123,102,245,212,127,33,190,207,126,162,153,121,87,40,70,195,254,130,204,22,55,166,118,107,222,94,212,56,111,62,35,156,202,168,146,137,241,51,107,227,169,141,108,149,155,204,100,36,166,49,58,142,36,22,245,58,160,99,95,22,239,17,130,153,63,181,173,78,145,168,30,235,232,106,174,81,211,158,176,154,168,10,16,72,216,67,221,237,68,126,181,210,97,228,85,3,3,66,168,73,187,123,233,173,2,229,224,173,115,225,59,61,122,165,40,41,26,235,192,165,148,152,202,25,174,224,179,50,254,18,209,101,238,91,112,143,128,236,224,47,106,153,123,40,108,42,227,241,1,105,174,27,21,14,107,146,111,105,38,57,199,24,118,213,119,48,156,122,198,203,37,153,167,15,232,214,248,4,243,158,168,87,46,204,211,14,235,113,223,79,15,40,191,23,51,198,157,178,58,252,237,180,213,154,124,93,131,221,241,11,125,175,216,227,13,219,235,234,203,28,90,233,102,95,167,222,74,79,207,65,176,222,69,39,237,255,40,95,109,219,159,187,205,122,144,215]
CFO=-8152.343038597969,STO=5
EsN0dB=2.48,GRXdB=40,N0=0.003981071524322033
packet_number=196,correct=False,payload=[119,8,56,187,199,177,139,60,62,110,227,179,216,252,109,197,241,178,243,200,133,191,135,11,122,185,117,77,183,118,254,250,152,253,207,185,121,82,235,227,103,126,107,234,245,135,87,205,249,223,163,162,231,255,181,227,43,255,249,137,224,191,190,155,104,181,70,106,86,91,90,216,75,166,255,89,11,155,190,211,214,126,39,174,243,217,178,49,236,235,47,230,148,152,247,250,106,255,198,207,149,28,239,235,61,94,227,253,211,217,237,79,167,255,179,142,187,221,175,231,191,189,246,109,191,58,247,255,255,255,62,126,150,23,199,197,254,251,246,94,223,158,229,163,164,253,22,239,247,191,174,248,173,255,171,255,247,255,124,29,214,191,91,214,253,135,61,13,173,127,236,213,241,212,247,95,144,127,131,183,191,31,107,237,191,247,169,121,253,239,229,255,221,218,62,223,215,111,139,189,118,110,119,239,179,31,120,127,182,255,255,222,186,126,247,191,115,246,238,235,219,127,103,215,223,234,77,202,127,75,31,107,165,111,219,159,191,19,245,127,243,115,171,183,182,255,251,180,199,237,221,151,223,231,207,251,253,117,253,34,220,179,185,138,223,100,187,109,251,231,250,227,182,232,116,2,31,220,94,190,232,125,84,170,217,237,182,89,243,107,71,186,219,127,45,237,177,25,50,58,118,253,81,231,123,121,207,157,241,251,167,231,223,121,209,143,210,201,238,255,61,183,50,58,123,141,54,75,63,218,182,250,28,140,107,43,119,98,2,60,191,127,244,39,187,222,231,235,226,222,251,175,231,251,134,29,186,143,183,191,161,107,223,218,194,173,179,126,83,191,238,251,186,167,255,217,255,255,251,147,231,243,207,205,231,174,254,207,94,247,59,137,51,178,88,189,223,255,233,75,30,202,167,253,246,255,239,190,52,246,231,244,210,253,237,253,67,108,249,173,251,159,191,239,117,238,91,207,223,127,236,77,252,245,149,31,189,6,201,173,255,62,254,254,255,236,251,253,127,254,110,31,62,126,34,223,247,255,110,59,222,255,231,124,239,255,55,157,183,244,51,206,183,252,245,127,191,188,243,254,247,255,220,126,245,126,63,191,235,111,191,95,253,253,87,235,215,127,217,159,57,190,183,123,246,69,209,88,253,243,219,191,251,219,239,91,133,123,17,142,255,249,178,254,150,123,55,125,208,246,195,175,176,184,172,73,187,55,253,223,221,253,235,111,252,199,87,49,179,215,81,143,55,239,119,109,173,218,195,245,119,127,195,39,167,189,128,156,141,253,229,125,243,115,238,221,237,207,190,106,187,142,224,251,248,111,237,231,250,171,227,253,119,119,116,158,235,227,235,183,234,254,247,253,244,235,250,206,254,179,37,238,202,23,95,177,161,119,112,45,87,247,227,251,209,78,220,243,156,221,166,183,133,235,159,207,245,255,235,221,180,250,197,207,125,165,185,142,251,61,127,91,242,121,229,245,112,187,204,251,191,190,172,166,249,23,118,109,31,207,243,254,199,125,76,189,149,122,109,61,164,220,253,79,221,223,77,249,151,221,222,249,254,217,255,243,243,125,95,223,22,215,247,253,253,126,251,223,167,26,39,190,166,223,71,126,166,107,235,65,250,62,158,159,191,175,215,255,122,151,198,253,191,218,252,191,175,241,95,229,254,94,190,230,63,255,199,91,127,175,71,252,247,127,246,37,83,223,254,255,139,55,95,255,246,79,174,243,127,236,83,253,158,43,62,233,105,213,189,95,253,218,231,244,123,63,138,237,121,126,255,105,176,187,215,88,158,219,226,235]
CFO=5675.8079890589715,STO=1
EsN0dB=2.71,GRXdB=40,N0=0.003981071524322033
packet_number=197,correct=False,payload=[184,0,136,116,111,1,77,2,38,80,233,28,216,176,45,112,220,135,10,142,62,187,200,56,126,192,205,169,81,224,76,50,250,131,229,3,91,168,189,57,18,2,208,16,195,100,221,57,189,133,137,129,158,181,232,163,158,195,112,49,169,36,221,162,124,81,39,19,31,27,84,25,2,102,106,208,175,97,109,98,47,202,200,51,95,247,184,155,56,176,204,185,153,252,93,99,119,137,2,34,51,163,53,151,211,51,107,195,222,167,237,134,116,228,25,255,208,210,59,145,186,129,42,126,201,249,123,121,110,128,155,44,66,230,79,95,122,205,102,213,154,99,252,182,60,150,65,88,94,247,183,88,194,174,203,204,29,228,222,86,181,7,189,52,141,34,107,81,153,16,55,85,220,97,197,100,182,197,234,114,94,193,9,178,204,108,182,86,204,241,249,204,98,112,132,247,142,212,42,18,27,78,77,195,115,110,55,114,144,138,206,25,142,231,215,87,149,223,110,239,95,110,166,255,125,39,45,67,149,7,47,58,91,213,19,207,203,1,103,230,190,143,173,163,62,55,175,99,191,39,26,175,251,247,175,117,244,0,10,62,60,36,188,6,41,106,26,99,53,240,200,54,120,33,152,193,204,168,108,114,122,199,93,68,118,82,76,106,233,133,184,82,151,153,35,49,104,183,229,200,85,230,241,48,235,9,9,96,233,96,128,225,42,161,72,73,205,16,107,247,218,16,138,34,201,34,42,162,219,192,153,67,86,95,82,239,102,32,91,12,114,245,248,157,189,129,215,243,99,225,231,58,212,91,17,163,137,37,104,113,139,98,172,155,217,211,101,57,103,138,222,145,143,163,93,19,155,86,79,218,223,249,199,152,230,82,166,20,19,122,78,6,146,206,77,192,249,96,255,116,230,204,220,182,221,254,171,74,188,52,206,128,14,128,237,141,253,0,223,53,137,171,61,208,61,102,236,18,115,226,247,185,105,141,140,27,159,212,229,115,141,198,115,222,246,166,188,241,189,18,30,95,219,55,110,242,15,199,102,206,210,33,110,247,79,198,15,51,223,247,167,52,147,230,91,215,154,7,224,238,253,19,3,31,31,77,109,183,255,162,43,211,111,183,178,236,126,135,175,27,77,239,135,147,63,71,205,204,223,252,231,119,110,48,26,137,62,112,8,115,16,80,24,227,30,32,60,233,252,164,73,240,145,160,44,187,250,5,64,208,74,225,56,240,252,253,217,0,211,163,189,177,108,39,77,216,223,80,108,92,56,176,195,9,13,244,228,253,190,109,240,201,188,193,109,91,140,34,42,152,45,65,2,10,170,66,75,145,158,97,236,114,123,82,154,34,19,58,44,59,210,178,94,243,123,68,218,86,219,91,60,82,251,23,59,219,191,194,92,193,90,250,251,118,121,97,203,27,27,225,225,179,149,243,162,225,217,243,233,249,28,16,116,69,190,82,138,52,12,80,126,134,111,103,125,89,255,156,23,210,60,20,46,180,93,212,228,110,95,99,191,116,115,39,38,145,183,140,183,42,108,101,5,4,219,117,198,189,71,158,141,201,132,173,37,175,171,193,221,229,141,247,206,102,254,164,95,130,30,83,10,251,47,73,6,254,150,51,126,118,123,134,140,94,223,238,39,222,123,224,157,31,93,230,114,214,123,20,238,87,223,47,119,229,61,71,73,252,119,233,217,167,125,130,201,207,13,207,174,183,174,71,191,30,238,100,173,246,250,1,72,89,30,65,58,10,125,92,36,17,57,102,104,212,178,128,174,112,184,240,62,8,123,192,41,192,140,232,59,121]
CFO=11691.547852647785,STO=7
EsN0dB=1.49,GRXdB=40,N0=0.005011872388422489
packet_number=198,correct=False,payload=[57,1,4,212,17,160,8,36,170,154,136,89,20,73,96,97,121,18,28,241,113,96,228,3,248,152,38,77,192,136,200,41,249,1,64,44,92,169,10,21,61,113,208,232,255,60,241,225,101,3,131,140,187,243,165,191,153,225,163,147,248,169,203,211,250,42,82,42,136,163,207,81,73,68,195,84,82,75,192,107,180,167,11,5,138,4,236,139,176,100,10,185,205,90,17,54,146,225,19,147,233,33,9,147,170,34,213,91,82,66,106,113,51,1,191,154,155,102,227,50,34,131,203,18,9,15,187,162,233,28,14,6,10,12,78,52,61,68,104,204,92,212,243,116,124,208,14,188,188,110,113,22,185,116,201,132,157,40,206,194,14,9,24,42,60,71,2,97,25,133,6,145,89,163,69,55,120,215,188,223,171,85,247,180,183,212,63,89,15,233,133,180,222,20,92,42,57,60,31,124,142,67,150,150,21,198,234,104,88,192,222,75,57,224,153,122,41,239,100,2,158,233,186,70,123,129,12,83,38,103,229,150,191,195,11,0,18,50,196,156,89,5,196,12,29,21,152,55,254,103,195,227,191,209,66,241,80,16,32,45,214,162,130,56,80,4,24,156,8,64,179,96,216,131,28,19,188,3,238,80,5,148,123,192,232,196,40,145,19,33,128,99,77,41,106,17,118,249,92,0,163,2,10,52,107,130,253,50,9,36,161,160,183,146,53,67,65,113,211,114,250,36,220,16,227,32,42,202,184,18,10,50,111,70,248,66,245,160,8,138,235,32,151,170,56,162,223,65,230,246,216,187,114,27,131,91,137,67,16,3,242,71,16,225,16,123,215,50,91,43,9,15,15,10,150,43,63,154,141,225,178,194,160,158,238,0,40,4,68,44,216,56,80,204,11,40,228,224,124,84,241,128,138,21,30,161,202,124,170,134,72,20,201,230,104,213,124,3,73,38,8,229,116,191,56,131,83,163,209,71,112,120,115,128,199,158,12,237,248,152,159,8,92,87,157,197,203,183,128,48,44,62,63,3,14,168,40,134,8,70,72,247,140,70,220,141,142,147,156,186,135,167,189,14,128,145,162,28,231,162,210,198,66,39,60,175,110,47,124,6,162,212,88,33,200,51,124,53,190,103,207,226,87,195,125,68,154,216,59,211,31,50,240,224,111,20,186,34,80,145,240,64,109,246,56,112,204,112,252,130,138,161,66,1,226,81,224,131,4,65,153,64,222,113,150,81,192,33,28,97,45,208,149,237,139,17,24,208,233,193,96,23,157,33,136,65,98,231,25,193,212,129,178,185,146,238,244,135,10,4,95,99,40,118,23,83,88,96,82,194,132,80,46,74,131,154,32,9,24,150,233,150,4,234,218,219,248,187,242,5,163,27,58,253,10,111,140,211,139,18,82,75,30,96,95,215,3,211,153,231,70,50,172,134,73,86,223,195,139,137,248,7,142,29,72,197,64,77,218,145,71,100,31,8,202,120,111,195,92,114,112,1,108,197,44,192,221,93,176,41,244,116,255,1,200,125,6,58,33,62,93,148,65,65,29,55,233,103,183,47,181,20,212,173,237,103,57,195,41,62,249,249,227,193,253,170,36,148,156,87,61,45,75,13,86,150,89,83,73,106,241,204,2,58,56,103,12,18,31,220,45,128,253,202,236,146,163,9,27,13,159,110,202,118,188,43,143,199,154,195,133,213,135,21,130,141,52,135,56,174,27,199,135,87,179,243,175,245,96,1,0,16,24,2,192,32,72,112,232,55,210,4,41,168,94,0,169,48,160,17,208,96,48,9,72,33,218,213,48,197]
CFO=10642.626215435079,STO=1
EsN0dB=1.62,GRXdB=40,N0=0.005011872388422489
packet_number=199,correct=False,payload=[105,216,154,49,162,25,122,194,71,176,148,97,2,112,46,245,131,32,75,228,2,42,0,49,197,1,232,241,131,49,69,98,130,163,87,180,82,35,50,135,8,20,96,72,65,108,4,182,132,7,102,101,70,39,150,246,11,232,231,247,131,214,201,230,41,57,135,64,4,129,112,20,8,10,204,102,129,59,205,86,234,83,89,27,8,52,142,100,202,162,228,139,80,177,107,107,143,136,202,244,0,22,12,116,188,181,4,41,255,133,44,100,109,233,160,223,102,118,38,110,69,181,45,167,140,47,91,150,198,234,251,81,146,177,195,112,42,168,63,45,24,95,53,242,201,185,38,178,176,176,13,113,4,160,151,176,50,163,104,167,20,133,188,68,44,148,216,176,80,112,233,48,227,28,22,57,204,154,71,178,93,51,117,44,106,158,206,65,183,176,121,215,5,85,67,122,136,18,88,120,164,144,205,251,76,169,88,1,136,25,238,79,218,63,121,237,152,46,186,25,11,24,18,248,202,161,217,230,30,92,90,253,156,57,149,55,93,174,221,127,108,127,29,188,6,31,7,14,66,223,100,147,134,78,87,159,15,205,112,66,101,32,64,104,72,202,192,57,48,200,71,35,180,181,192,230,99,44,193,48,122,2,10,99,84,132,25,115,49,171,79,212,214,129,241,6,3,84,149,23,52,142,198,233,64,231,224,230,134,35,9,103,161,70,2,167,151,131,102,7,242,161,215,140,9,20,92,33,145,40,192,153,177,13,172,184,240,241,98,248,11,32,104,34,132,162,244,240,13,42,217,41,223,151,84,60,4,180,13,106,110,228,197,233,7,4,40,67,25,133,238,126,7,10,13,207,136,12,79,122,1,66,67,23,147,156,3,176,19,254,28,113,168,144,64,185,98,57,237,168,200,159,133,81,209,58,14,56,19,160,114,115,57,50,151,113,150,211,193,163,80,48,70,200,202,36,74,242,24,155,124,188,141,92,208,118,18,146,103,242,154,190,154,58,31,150,151,14,146,62,116,237,210,120,70,72,152,171,197,97,7,125,187,60,89,190,216,66,9,58,94,114,219,21,178,75,145,58,94,59,236,131,218,252,158,60,70,98,61,86,200,108,173,28,125,1,12,209,211,158,15,12,78,242,143,12,70,180,191,43,119,43,95,63,218,224,92,128,132,141,130,114,233,8,2,42,161,144,145,144,228,106,163,32,201,110,22,132,66,147,128,209,7,96,215,40,224,240,0,14,16,64,84,228,96,113,6,37,11,33,141,232,68,94,16,34,102,68,131,118,132,195,7,35,19,103,191,196,67,252,72,176,34,105,51,166,222,184,193,160,74,129,28,194,96,186,143,8,134,96,138,170,84,204,28,150,93,162,40,34,131,28,70,37,68,181,38,28,202,205,12,47,32,118,214,36,1,244,164,165,122,42,154,127,68,27,5,56,153,86,116,53,127,164,48,192,161,218,168,144,88,56,217,227,145,54,176,225,196,185,1,86,193,74,59,161,226,179,19,213,101,99,27,57,210,181,230,4,82,44,150,19,251,64,93,97,180,221,251,11,218,154,17,54,18,217,7,70,170,103,143,59,95,55,85,158,247,248,176,44,197,27,154,160,252,91,60,43,11,125,140,216,157,250,6,54,74,60,134,61,200,222,65,102,107,62,130,63,91,158,140,0,77,172,218,135,0,188,13,174,232,255,152,55,158,44,19,127,196,27,22,142,201,63,159,51,192,187,151,187,207,41,89,35,225,106,191,213,234,65,128,32,161,120,242,32,2,241,174,104,82,42,22,167,7,241,166,42,90,64]
CFO=7330.205026170844,STO=3
EsN0dB=2.15,GRXdB=40,N0=0.005011872388422489
packet_number=200,correct=False,payload=[48,211,231,5,211,64,132,131,14,71,16,26,107,9,156,11,46,111,84,177,20,97,213,21,30,61,244,148,158,90,92,137,55,31,247,35,134,33,7,116,10,53,23,56,35,74,172,37,42,191,176,52,94,131,133,51,52,229,48,124,38,27,92,30,254,54,192,67,196,165,148,76,70,207,64,142,106,71,78,205,43,69,72,93,66,81,60,117,30,84,157,121,240,127,220,94,126,119,125,73,36,194,197,5,35,229,252,74,124,98,226,233,71,227,24,163,130,114,48,117,23,127,114,91,114,251,221,93,90,31,8,233,210,171,138,1,191,101,9,11,136,133,133,92,12,175,144,145,154,179,142,37,245,183,129,192,153,250,12,189,186,15,160,226,162,182,236,117,164,191,10,235,198,43,223,180,47,155,176,139,227,247,246,182,135,187,250,177,114,56,212,153,150,190,33,129,214,226,198,201,193,66,101,67,74,235,204,223,247,14,212,209,3,177,212,249,222,15,216,232,251,219,172,90,172,15,33,114,39,234,180,23,122,199,232,199,224,226,107,203,254,102,250,225,114,89,52,194,53,211,170,249,236,255,126,26,251,239,1,145,2,23,2,64,15,199,72,13,203,171,14,37,108,3,114,83,195,27,165,49,7,215,86,249,58,151,45,173,223,25,20,49,230,19,50,165,102,39,36,41,42,169,2,46,46,21,144,27,62,135,112,53,181,181,26,121,178,177,252,205,62,51,2,67,70,3,204,5,126,67,106,152,73,31,237,27,72,78,125,8,81,207,23,29,112,114,2,3,84,127,220,223,84,93,106,41,66,123,248,84,5,198,172,97,171,197,236,45,62,169,225,239,38,177,62,237,127,39,120,59,218,227,28,117,110,98,144,195,1,163,128,247,168,167,140,188,156,152,204,143,138,201,216,93,0,163,239,149,134,19,59,155,44,155,157,157,142,14,176,97,170,167,8,181,82,167,136,41,136,129,5,237,224,46,212,149,36,179,225,181,54,51,38,189,176,187,162,189,174,175,99,197,248,199,197,73,194,63,203,67,74,107,199,69,203,193,242,251,163,203,78,220,220,87,220,212,218,190,216,213,162,123,228,197,187,64,228,32,118,227,232,88,42,175,84,237,207,230,177,215,217,243,196,112,158,183,249,221,235,73,216,201,114,191,34,149,66,131,36,172,102,143,0,201,171,12,15,29,47,51,212,158,83,17,29,4,15,87,120,73,49,29,88,61,62,55,53,165,50,161,32,133,46,134,128,56,225,95,62,220,36,7,177,47,34,247,16,177,183,95,58,105,254,61,60,13,238,62,87,65,66,119,198,207,68,6,40,105,110,218,93,111,94,143,209,155,122,211,222,86,119,151,74,217,250,195,204,25,7,223,100,116,224,103,108,113,100,6,105,106,143,232,188,119,73,251,68,235,114,96,96,104,114,115,96,180,125,234,37,101,56,63,51,4,226,143,196,149,29,205,172,17,136,9,28,13,47,7,144,192,136,219,84,245,147,153,93,25,58,157,150,209,152,143,162,20,162,128,231,37,142,187,163,163,34,143,172,47,168,51,240,181,188,179,180,45,134,163,188,8,184,13,236,184,20,169,40,197,210,224,204,1,4,197,217,220,74,137,68,201,69,67,156,73,227,91,252,133,246,219,16,136,238,220,60,87,78,223,39,227,104,103,182,96,6,167,237,241,235,202,70,77,229,207,126,225,218,82,232,69,118,54,120,23,216,238,162,223,188,191,6,97,128,227,132,45,2,31,10,97,164,40,46,13,164,137,200,146,16,123,92,100,150,126,27,29,19,8,191,9]
CFO=5873.670031577779,STO=4
EsN0dB=1.58,GRXdB=40,N0=0.005011872388422489
packet_number=201,correct=False,payload=[144,12,179,72,12,8,172,3,130,137,253,13,128,20,251,23,216,31,25,11,191,72,83,10,8,16,191,41,190,108,183,207,4,81,147,209,132,98,179,91,245,20,145,95,140,243,213,22,153,52,255,91,124,33,58,22,158,111,157,229,174,136,195,223,226,184,229,224,170,100,67,43,0,116,45,33,230,14,231,51,200,168,147,11,187,173,63,171,172,101,254,93,190,62,255,62,188,33,241,49,62,120,183,91,41,43,103,120,246,6,182,55,188,189,145,62,56,121,112,34,232,60,220,52,163,26,175,159,209,194,233,81,68,226,26,146,180,88,236,145,4,76,206,2,223,101,218,77,206,73,46,75,204,88,143,245,75,142,123,75,209,81,241,148,249,226,95,86,87,253,91,101,179,244,245,215,204,76,89,104,174,47,20,74,228,15,93,157,154,200,124,228,200,186,239,93,74,107,233,12,120,206,109,229,252,6,227,233,236,40,163,203,227,74,250,43,240,226,181,141,234,68,93,111,123,52,161,97,17,222,99,82,145,224,231,181,196,231,245,119,249,57,244,209,171,219,238,243,222,88,189,249,245,63,115,93,144,2,195,11,130,18,129,33,149,12,6,28,150,10,130,6,140,185,162,72,182,11,27,40,6,45,169,189,148,158,223,223,180,16,137,127,147,30,18,17,153,216,148,77,209,205,83,151,175,10,249,24,139,252,211,25,166,28,181,53,222,58,203,94,164,22,185,1,158,34,231,34,132,176,39,49,246,34,239,53,10,168,249,121,175,116,81,31,43,172,235,165,190,11,40,13,226,169,187,176,249,126,170,52,244,37,213,52,103,52,119,165,141,56,201,137,123,155,188,43,61,9,137,11,230,126,202,186,201,208,145,73,97,74,181,43,192,108,221,101,64,196,230,67,105,10,253,81,204,106,235,234,78,118,15,109,254,94,91,1,81,67,205,53,216,83,254,151,150,247,70,73,222,66,103,111,91,94,152,81,233,82,219,79,92,215,222,219,80,191,139,31,240,176,128,47,246,119,219,99,238,44,141,119,138,198,228,37,104,103,174,76,42,108,152,43,8,101,95,102,250,100,197,102,125,68,192,212,231,179,135,99,212,121,245,229,88,176,123,157,248,59,50,173,154,122,219,105,184,188,127,125,108,90,66,121,106,6,19,17,231,138,243,55,207,142,133,71,238,103,166,11,193,141,173,24,192,10,201,114,182,11,142,196,198,125,195,35,144,9,176,148,190,66,19,22,191,28,205,87,222,154,29,95,205,165,155,91,194,178,63,57,28,78,221,63,171,30,159,63,220,94,179,11,42,12,206,13,52,116,157,174,128,191,173,31,177,9,57,28,162,106,227,205,169,166,173,32,121,116,234,57,17,127,152,59,144,66,134,247,44,252,183,122,196,146,219,117,248,56,213,25,159,122,43,187,184,112,172,58,222,254,169,239,217,130,198,119,238,48,181,69,100,116,163,129,227,83,66,6,194,95,137,200,126,1,235,39,6,124,244,82,47,199,203,102,193,147,249,243,128,38,146,115,212,188,76,215,2,103,250,87,216,104,95,177,90,107,158,163,92,16,221,122,206,221,154,81,194,64,128,37,249,0,227,106,100,116,251,181,232,230,175,111,160,104,171,89,232,170,189,46,160,104,166,112,164,108,122,187,144,115,113,97,219,83,113,250,199,84,19,119,231,252,189,213,250,121,255,65,222,104,254,102,237,80,253,125,250,185,221,63,150,128,229,43,194,151,8,98,70,95,25,12,226,238,228,71,154,24,141,77,174,26,129,24,220,21,39,141,199,142,198,7]
CFO=-6122.68402483698,STO=6
EsN0dB=1.52,GRXdB=40,N0=0.005011872388422489
packet_number=202,correct=False,payload=[238,254,168,68,75,73,242,82,50,178,118,143,175,241,237,183,236,182,191,243,203,219,216,31,205,200,169,56,230,247,182,241,252,250,201,79,6,139,129,182,47,252,183,125,192,190,181,215,63,255,129,229,250,166,109,240,207,220,44,223,172,191,245,215,255,221,4,117,79,133,67,191,51,255,169,63,79,237,62,111,165,109,90,135,223,79,71,99,111,122,227,120,252,235,238,238,251,223,169,218,25,213,173,136,135,255,119,255,58,237,241,174,254,21,245,215,231,71,114,189,251,214,227,222,172,239,125,53,205,246,167,26,203,62,14,31,191,254,170,227,238,55,191,54,25,126,242,68,126,109,213,55,150,105,102,71,75,174,47,227,102,249,156,37,125,159,57,159,202,182,253,197,239,248,251,116,184,254,115,21,186,16,203,222,210,190,239,166,225,254,252,233,251,147,119,255,175,123,119,197,221,223,134,154,123,174,49,63,27,159,111,255,33,246,119,206,127,19,150,255,113,95,231,247,107,127,3,230,254,188,230,219,188,238,55,165,152,191,219,235,251,111,223,223,39,253,254,215,151,147,237,231,255,231,245,180,251,221,144,94,185,245,59,95,12,126,190,63,134,201,214,239,170,37,167,69,91,223,251,225,117,124,42,167,183,63,121,190,233,254,255,163,60,158,187,247,175,251,163,229,125,244,248,212,232,191,220,247,77,199,211,151,14,247,251,180,237,120,217,246,236,50,166,215,212,111,87,159,253,159,158,207,125,253,105,55,127,215,87,125,211,221,171,254,87,31,231,237,76,229,162,41,112,117,237,190,155,189,2,255,232,252,253,181,254,215,137,215,169,121,197,23,111,248,49,106,233,26,246,3,237,247,115,43,222,255,182,179,218,38,144,215,188,126,102,236,83,238,115,127,39,95,123,15,238,76,116,91,154,127,58,255,238,230,127,78,115,254,126,24,234,62,82,58,109,158,238,183,206,165,213,169,62,183,197,194,219,206,138,114,62,219,151,235,234,254,86,63,125,159,191,169,184,191,93,85,46,254,39,123,223,121,107,31,60,123,181,191,207,83,63,222,250,229,251,222,255,123,215,223,158,215,245,191,159,251,159,251,51,191,234,127,91,223,229,255,153,215,251,144,239,221,123,255,223,157,239,181,235,15,115,165,173,187,83,54,242,23,167,38,216,77,200,253,188,154,55,253,216,255,119,249,115,233,242,139,198,246,71,50,77,7,221,149,188,252,172,228,185,143,157,159,219,253,99,47,175,93,184,203,221,233,18,200,255,76,216,194,111,249,110,215,121,239,255,253,254,227,11,189,223,185,159,140,23,109,118,127,203,141,231,235,83,187,207,36,115,157,210,252,63,158,175,231,122,95,223,183,93,231,3,255,203,238,115,29,241,255,2,239,223,239,211,150,219,40,245,35,165,199,225,221,157,94,176,246,84,197,195,245,217,247,231,62,205,98,178,227,174,222,167,244,234,251,190,253,123,219,127,111,235,223,179,63,236,239,150,164,47,182,139,82,189,102,143,243,202,222,88,151,151,95,175,172,226,254,223,169,174,251,104,61,95,223,108,253,45,182,123,138,235,230,255,127,186,11,9,107,143,121,144,158,162,59,152,167,90,242,171,255,255,223,53,211,253,239,143,221,242,79,253,253,250,229,76,125,187,191,231,174,71,57,149,211,55,206,7,231,185,254,189,115,255,181,44,255,201,183,207,245,221,115,245,239,236,219,247,246,121,190,235,83,0,56,182,112,233,51,61,45,186,220,114,246,30,117,53,224,79,124,89,191,54,61,105,253,108,57,233,246]
CFO=9504.222459633515,STO=5
EsN0dB=1.68,GRXdB=40,N0=0.005011872388422489
packet_number=203,correct=False,payload=[42,33,58,41,21,33,18,5,9,132,143,11,156,185,2,27,2,145,38,128,116,16,22,29,159,65,27,8,234,140,95,58,48,105,131,67,25,105,36,107,40,177,106,47,228,199,6,227,88,5,34,43,119,177,134,116,91,105,50,26,189,221,60,10,68,80,103,194,85,197,255,129,94,11,203,74,8,151,76,209,66,64,65,177,216,5,252,119,88,221,199,192,92,102,95,127,103,43,114,183,52,102,203,99,97,185,219,190,121,127,102,221,236,113,50,101,88,77,198,114,56,185,20,145,188,210,118,127,136,166,150,67,70,7,110,163,137,202,154,14,133,173,2,27,25,160,18,149,156,30,215,151,187,157,59,86,150,183,190,191,115,201,178,241,197,199,140,167,169,99,62,187,185,152,174,221,144,241,188,178,244,118,135,171,59,25,59,58,45,183,214,247,23,193,198,203,234,37,247,227,200,113,75,79,188,85,207,137,160,193,195,177,110,89,129,148,145,27,91,250,148,146,254,200,192,146,202,227,251,199,108,141,110,169,192,115,44,141,110,22,225,158,72,99,252,244,182,210,177,189,124,178,58,141,95,95,40,17,234,2,3,20,178,71,28,42,10,94,72,124,162,151,203,17,66,240,204,12,38,78,60,89,56,65,187,152,254,29,104,179,2,98,1,20,110,119,74,64,76,115,1,2,126,47,20,165,8,96,36,9,113,107,177,121,138,159,60,182,126,63,72,193,113,240,5,67,151,146,72,8,255,194,108,251,14,141,115,81,176,224,84,87,84,5,69,216,185,89,28,92,202,94,52,107,119,35,229,49,1,47,168,240,107,246,125,173,79,107,177,50,154,243,104,105,84,229,121,251,89,122,237,63,239,99,129,1,139,39,6,69,4,143,192,137,159,156,12,167,77,167,204,161,146,145,129,211,134,213,73,13,163,113,192,223,189,78,102,133,42,38,33,189,152,7,36,38,116,74,34,121,180,63,240,185,118,54,188,21,126,135,56,128,248,50,188,151,62,54,192,67,251,224,204,57,214,39,137,99,202,205,69,205,74,5,156,145,66,197,100,165,181,175,232,91,84,118,94,87,28,206,195,202,155,215,46,236,242,231,156,121,240,187,141,100,217,68,243,227,162,242,141,245,172,23,233,209,188,227,217,220,255,164,84,183,103,171,5,61,74,35,8,159,8,123,56,14,189,6,80,48,58,139,28,19,119,103,148,157,102,11,11,29,4,207,96,34,38,125,95,29,2,227,105,45,98,33,64,45,70,63,114,21,202,43,39,34,92,157,58,187,216,51,25,12,69,63,240,65,67,26,110,79,70,62,75,67,242,25,70,170,84,103,80,88,7,219,52,117,98,55,218,56,73,30,1,116,176,157,113,201,98,39,211,65,102,247,224,105,152,64,104,84,106,239,230,101,113,98,38,117,230,118,80,105,83,123,224,92,126,80,4,139,12,167,206,33,139,149,189,192,108,159,9,153,174,15,128,153,192,83,146,37,7,148,153,17,86,159,156,154,25,175,162,192,247,6,168,233,47,13,184,41,98,43,27,111,62,253,0,17,190,187,148,255,96,174,40,4,59,131,184,190,250,35,204,203,210,66,22,45,142,4,0,207,6,106,222,159,202,7,147,149,239,243,240,97,196,113,217,211,3,178,248,182,197,207,128,161,122,97,240,229,192,7,61,237,252,175,140,182,206,229,184,24,189,177,112,193,170,198,204,218,160,149,252,185,30,234,0,1,129,193,36,73,46,179,41,0,24,106,20,24,86,12,144,24,153,51,13,2,70,3,29,0,57,28,81,84,93,30]
CFO=5822.104000618951,STO=1
EsN0dB=1.52,GRXdB=40,N0=0.005011872388422489
packet_number=204,correct=False,payload=[207,0,129,132,15,152,15,49,60,128,1,55,106,142,91,21,75,113,24,13,103,8,211,62,34,17,28,35,3,59,11,127,253,21,219,100,116,15,213,46,94,81,88,248,31,254,66,78,158,0,224,34,102,48,34,119,174,58,122,119,117,62,35,56,252,136,232,198,174,202,64,206,175,148,135,34,162,47,3,214,175,112,116,168,191,186,86,228,183,112,70,220,255,189,155,242,187,73,114,224,109,228,106,201,223,225,216,232,223,218,105,218,209,113,224,113,197,248,221,202,233,248,113,252,157,88,190,94,125,53,167,131,141,136,36,134,11,217,218,22,131,253,172,53,63,173,232,20,130,185,34,43,139,120,185,156,93,49,83,22,123,195,16,136,195,173,1,188,132,191,147,150,159,32,123,48,108,41,106,148,255,40,31,181,123,57,38,211,190,113,247,250,111,192,133,130,195,93,25,206,139,131,247,208,144,186,159,41,79,60,222,117,173,248,123,170,239,179,104,240,213,177,15,186,158,91,205,223,219,86,223,206,219,249,15,247,150,233,251,45,83,41,3,62,103,165,255,255,206,255,37,245,59,247,123,235,243,182,212,18,155,15,25,144,39,91,31,60,149,28,11,78,29,17,179,82,104,246,6,94,182,171,59,166,63,53,89,62,62,147,42,14,236,74,134,4,104,145,88,94,19,93,108,164,171,118,207,246,52,36,110,74,254,173,248,14,86,244,178,210,156,174,163,191,69,160,188,2,250,9,20,138,158,218,118,254,204,208,248,34,21,178,248,229,221,38,179,150,182,110,212,116,177,67,231,228,230,4,201,103,75,120,218,158,194,220,175,136,215,178,67,182,226,248,152,242,214,26,243,62,125,101,222,250,243,96,39,161,187,144,7,205,151,152,182,60,27,219,59,31,239,170,34,61,55,187,30,166,248,155,233,244,215,119,191,237,31,149,193,70,131,201,134,64,142,226,75,4,163,26,163,234,255,160,85,115,35,38,39,34,91,245,248,93,233,25,46,183,27,161,147,150,9,128,219,5,221,176,151,37,208,24,63,85,235,241,177,181,229,141,255,201,159,185,58,117,249,253,169,24,225,207,195,21,255,160,219,178,201,204,222,223,71,218,155,212,84,105,163,77,173,113,111,235,255,119,50,149,200,223,187,237,122,57,194,18,23,41,66,217,14,148,30,54,48,94,145,195,158,54,151,132,3,176,14,14,39,52,146,31,59,57,70,56,167,65,64,105,234,125,164,64,47,86,243,88,94,139,114,214,139,161,107,21,63,88,43,36,110,96,116,49,26,73,82,61,236,25,183,150,14,186,46,142,219,184,136,174,159,214,223,190,167,166,143,131,247,156,171,142,104,145,137,20,246,154,191,26,119,56,131,209,229,220,235,228,135,233,114,222,69,246,222,69,119,105,230,232,106,72,234,228,126,88,254,212,243,104,216,122,125,164,166,34,175,106,112,30,135,184,15,17,143,136,85,237,159,68,202,153,139,14,35,217,56,97,91,54,183,48,125,30,237,161,131,81,69,237,107,19,79,37,128,61,66,145,220,28,55,224,219,205,189,28,107,176,134,119,200,212,58,127,95,94,219,152,129,31,18,168,8,82,216,169,117,62,110,205,211,156,206,223,176,167,147,129,143,160,58,109,0,253,235,121,245,247,127,97,227,215,15,103,15,109,151,66,201,148,103,205,207,95,255,179,165,231,226,117,91,164,141,112,175,117,138,204,215,215,182,101,89,120,198,9,169,38,43,1,94,83,123,184,123,116,46,81,41,96,100,57,177,43,131,84,241,3,38,74,250,30]
CFO=-4284.582883854615,STO=7
EsN0dB=1.76,GRXdB=40,N0=0.005011872388422489
packet_number=205,correct=False,payload=[120,239,215,189,61,33,115,103,55,163,98,101,79,175,172,182,83,125,53,1,208,153,185,187,59,191,77,250,190,240,28,108,55,155,158,248,191,21,255,190,215,169,127,31,29,96,249,169,187,197,145,251,155,73,25,150,235,240,19,175,255,223,253,245,16,191,30,106,29,238,118,159,168,143,215,234,238,157,197,190,246,150,191,251,121,238,183,78,91,164,239,249,101,186,175,112,46,111,143,121,32,245,27,191,66,254,101,244,24,249,59,255,31,213,245,95,121,251,63,110,178,215,126,127,60,117,125,126,91,218,53,233,19,251,107,227,198,119,128,255,110,70,87,29,44,119,155,217,205,222,207,222,195,156,46,187,250,95,222,116,77,207,45,177,179,209,209,219,215,126,158,155,207,125,239,222,159,127,91,247,248,223,190,219,237,255,123,248,142,94,223,214,235,239,206,252,37,131,251,227,36,7,238,67,53,234,247,230,113,94,227,222,173,241,202,158,223,240,239,185,94,207,236,252,255,247,115,78,230,235,51,250,95,251,247,216,61,113,103,254,235,185,84,178,181,10,43,240,7,143,254,215,250,253,255,191,239,95,97,236,76,160,227,157,59,94,95,236,174,227,199,30,207,143,143,216,91,63,159,135,136,157,191,177,223,191,31,175,78,231,76,164,252,23,22,238,164,123,211,121,165,97,191,155,110,98,255,188,249,187,243,190,46,222,67,167,183,159,157,87,20,191,121,136,165,229,250,33,118,187,253,233,111,139,45,124,151,255,123,21,141,51,241,236,251,47,251,255,189,188,208,94,158,238,69,182,58,215,236,214,22,235,191,249,252,191,49,237,78,255,95,251,244,83,168,159,10,238,230,220,169,127,251,218,150,103,253,64,79,194,141,47,157,243,87,84,66,255,139,223,239,115,123,30,255,248,193,217,203,175,167,120,206,60,123,207,86,223,199,236,216,247,255,215,215,253,249,31,94,223,197,242,206,35,116,235,159,251,235,207,94,250,250,232,223,159,215,139,28,190,31,125,111,161,254,253,243,254,47,239,124,83,217,169,159,255,199,190,188,43,251,239,242,255,142,84,237,254,215,236,205,82,107,228,214,75,231,246,95,183,220,100,124,251,31,118,28,153,237,1,248,103,247,127,122,235,27,205,185,47,235,248,118,185,253,234,241,243,29,135,17,235,107,12,205,251,55,25,207,13,150,157,61,143,215,239,126,157,95,30,29,125,52,174,223,223,191,189,254,149,238,249,38,249,119,213,205,251,111,181,123,90,103,153,211,117,174,251,254,219,31,119,60,159,29,222,91,94,46,220,71,229,182,175,147,191,127,235,253,251,167,206,118,191,103,225,247,255,110,95,95,110,222,44,190,181,182,221,121,127,39,201,127,221,55,252,115,254,46,216,55,170,127,250,54,126,109,182,57,163,223,142,161,215,174,62,93,187,126,203,252,55,183,196,117,160,3,229,111,255,239,94,237,211,199,215,109,235,207,219,191,217,139,219,250,221,101,157,212,221,190,198,84,219,147,203,103,48,154,223,195,187,254,101,111,221,247,223,46,247,255,88,124,227,185,191,191,179,211,234,95,237,92,92,221,101,219,70,219,123,153,77,98,161,137,247,111,223,253,231,141,254,253,252,190,250,169,254,70,123,127,188,63,253,109,254,220,194,249,113,164,123,127,230,177,127,209,180,252,127,246,139,247,223,255,213,163,175,253,171,103,216,181,9,252,217,63,243,238,254,250,151,249,35,82,145,242,175,51,57,232,175,35,214,140,221,125,183,40,217,219,254,122,191,67,210,189,50,219,148]
CFO=-10588.584240902122,STO=5
EsN0dB=1.47,GRXdB=40,N0=0.005011872388422489
packet_number=206,correct=False,payload=[202,142,158,181,183,24,222,27,126,214,179,55,82,111,94,7,246,241,188,113,167,209,221,223,204,152,222,55,215,213,171,10,243,104,242,95,178,159,222,191,239,91,187,163,126,250,141,219,239,88,235,246,243,252,31,205,238,235,44,188,63,173,253,207,86,255,244,243,127,223,253,255,189,239,201,170,235,191,93,108,245,254,214,121,239,84,70,188,183,186,241,188,197,220,47,39,171,125,187,255,139,239,238,125,221,222,58,47,191,127,57,159,255,119,127,183,41,55,47,223,161,76,78,223,167,191,215,63,242,29,99,241,88,220,230,235,106,215,125,98,211,219,255,237,113,253,248,255,228,78,201,101,237,46,183,177,111,42,239,197,207,49,47,60,247,155,53,158,179,233,213,237,173,146,47,255,241,233,220,250,110,237,207,191,62,215,237,250,229,175,195,240,78,255,24,236,253,247,247,203,198,186,151,246,255,242,125,167,253,255,223,29,251,215,84,223,224,30,150,190,239,255,215,61,89,180,125,190,161,124,255,239,253,255,93,235,251,95,13,191,112,51,254,234,253,107,242,229,249,188,43,142,239,231,91,125,247,57,229,241,252,86,251,223,233,182,90,99,251,53,133,203,19,57,251,71,95,39,95,246,215,175,254,223,168,196,249,244,28,124,215,185,214,247,69,250,186,240,74,219,191,195,155,249,221,188,134,230,119,158,141,250,207,94,207,44,95,97,115,30,191,198,155,210,192,167,147,183,102,122,249,191,103,255,147,185,83,205,87,63,239,126,105,220,174,83,215,210,223,97,221,117,72,113,175,191,219,43,84,123,255,242,171,222,118,250,214,65,127,180,61,189,28,251,222,121,122,165,124,27,39,189,196,126,227,120,252,153,185,56,255,109,197,240,165,231,71,215,162,242,189,95,252,219,231,125,241,223,191,245,190,183,215,59,126,243,118,229,245,205,110,163,191,89,159,196,38,255,155,111,227,223,181,71,60,195,223,95,40,148,255,234,188,127,254,206,221,182,214,52,13,246,143,30,217,175,38,220,118,176,209,121,255,253,117,237,73,215,171,167,207,254,31,247,246,174,229,245,141,167,245,193,171,203,109,219,171,116,218,249,248,246,183,47,123,171,87,188,232,126,242,216,118,250,253,125,120,173,162,250,197,127,215,213,89,223,245,108,235,200,81,165,252,67,139,207,255,179,76,215,126,49,148,63,124,245,251,238,103,246,239,111,63,235,79,234,239,222,253,55,147,125,218,181,127,174,191,215,87,247,104,211,174,58,255,127,71,183,221,61,79,153,182,236,101,227,162,249,42,248,240,9,92,236,239,234,127,255,239,183,208,49,138,212,32,255,243,47,255,164,151,119,196,182,54,23,246,78,215,78,123,12,107,63,237,127,253,239,112,151,98,227,255,51,222,202,210,126,250,210,116,253,249,191,183,94,210,175,77,189,49,129,237,153,131,94,117,151,146,191,158,241,254,244,221,251,244,56,109,178,203,244,205,255,217,238,186,191,63,116,234,191,146,123,123,76,165,206,253,112,241,122,110,243,253,82,15,190,175,190,205,246,222,221,173,246,214,92,245,236,207,189,95,254,164,186,254,185,127,248,214,177,127,147,250,118,254,247,229,179,236,243,191,119,223,238,150,85,78,214,223,109,119,161,252,167,232,246,187,179,254,121,117,189,123,207,111,230,187,243,62,187,108,191,249,20,253,77,122,191,214,47,182,175,126,255,220,209,226,12,239,75,173,179,114,109,111,222,40,213,245,239,190,245,212,29,214,78,25,233,77,239,207,243,122,245,119,247,141,122]
CFO=12190.72084448955,STO=1
EsN0dB=0.54,GRXdB=40,N0=0.0063095735386013985
packet_number=207,correct=False,payload=[61,173,232,162,0,48,128,65,137,10,20,134,33,78,82,90,6,108,28,12,17,81,54,21,84,51,75,29,131,151,8,112,12,221,38,70,135,177,74,98,24,251,7,51,174,171,58,34,126,53,174,29,20,91,182,114,33,48,59,47,56,58,3,59,68,188,62,120,112,165,76,1,124,249,32,199,77,116,11,144,88,206,110,251,24,149,66,65,21,121,51,81,88,51,176,83,112,31,106,13,96,48,240,237,20,124,235,252,59,179,220,97,8,121,108,95,89,189,2,59,182,237,246,255,54,37,121,233,186,73,174,191,132,129,210,67,195,160,146,199,84,207,8,199,192,28,172,6,149,53,30,139,28,73,48,67,216,77,96,26,88,141,30,153,0,208,146,75,53,161,151,4,184,45,131,36,168,229,12,171,181,185,83,239,176,144,212,26,252,152,19,234,173,60,12,181,128,195,150,136,197,132,71,229,248,65,147,200,232,218,204,96,208,219,146,211,246,221,86,146,89,82,76,243,206,149,222,215,81,233,54,71,221,213,102,175,0,152,92,171,207,108,178,174,32,224,218,177,236,229,193,51,239,240,248,222,108,43,247,163,148,48,100,19,13,21,111,69,64,8,191,2,43,12,114,143,194,115,18,23,12,5,17,39,156,17,62,73,31,69,156,23,25,162,34,1,109,99,54,7,18,140,52,163,41,165,174,155,40,58,46,84,197,41,81,54,19,27,99,106,253,69,186,221,84,134,0,43,94,140,14,89,32,111,12,11,145,76,70,232,113,57,194,238,84,19,6,3,89,145,66,31,6,84,222,114,108,98,190,71,113,226,66,97,15,237,238,105,80,109,118,103,1,105,52,49,196,177,155,117,48,9,204,98,121,124,114,46,36,4,36,163,166,213,20,47,200,131,40,73,152,49,45,223,176,209,176,27,221,197,167,191,153,25,141,212,244,148,196,105,160,195,38,232,108,247,158,224,113,61,12,187,60,141,170,232,65,109,167,168,240,187,102,49,85,57,43,179,181,251,126,255,137,193,46,133,26,133,119,119,193,11,195,111,204,141,78,11,130,151,80,91,128,160,21,243,152,9,160,7,24,216,125,252,209,227,240,161,228,245,134,94,107,233,66,201,10,213,130,93,44,176,139,130,56,173,114,207,60,195,254,131,240,129,193,154,69,0,2,66,176,112,12,69,40,89,12,14,200,52,51,14,110,133,80,211,41,9,134,119,108,20,158,17,190,133,30,28,176,33,184,34,182,5,15,187,76,169,9,99,184,13,53,22,112,25,16,181,113,21,189,31,60,172,92,57,40,71,96,46,1,81,38,2,104,102,195,197,202,58,198,3,72,77,73,46,144,3,80,210,124,93,118,23,208,88,58,89,156,57,80,55,108,17,162,180,38,82,97,79,123,202,102,51,170,141,172,207,0,81,46,134,84,81,88,215,120,248,233,80,29,223,232,148,33,164,152,234,108,221,203,134,214,145,154,109,139,13,146,82,148,16,149,145,184,149,198,135,226,205,11,159,136,192,170,201,43,179,130,147,196,161,54,7,168,8,26,195,111,141,236,197,184,48,168,47,180,53,121,119,92,9,178,136,94,25,120,209,208,192,248,163,181,4,68,165,204,9,219,75,238,171,105,203,64,83,74,146,200,65,9,196,58,219,202,218,221,88,74,70,48,201,146,141,64,142,182,207,0,104,50,31,238,116,244,230,112,225,221,141,248,167,214,211,50,189,122,4,236,65,108,114,9,22,25,202,86,66,134,135,141,137,42,162,38,169,130,130,32,151,3,35,140,62,113,215,137,153,17,151]
CFO=7273.61928049075,STO=5
EsN0dB=nan,GRXdB=40,N0=0.0063095735386013985
packet_number=208,correct=False,payload=[206,88,56,225,68,134,200,147,80,47,35,144,171,115,183,237,204,209,93,9,92,17,87,144,25,115,145,12,128,4,110,75,65,151,196,48,195,26,110,199,171,105,29,35,222,224,100,154,56,44,173,3,190,202,138,101,131,31,247,252,168,229,54,218,47,152,105,62,96,134,219,71,68,93,121,149,66,48,90,160,24,78,176,255,31,13,29,187,12,183,157,47,180,127,154,221,132,33,232,240,80,53,193,189,125,192,231,180,185,66,54,75,26,81,227,144,91,226,192,200,10,73,112,167,122,223,209,118,147,186,255,209,229,250,233,94,97,120,143,207,12,253,214,144,74,151,9,169,71,91,134,60,237,230,103,22,124,178,39,189,34,42,87,70,181,26,30,20,183,116,186,237,139,129,208,191,194,156,133,49,138,50,87,202,157,118,176,186,48,134,59,138,211,45,83,239,64,71,133,76,247,106,228,206,196,165,128,8,219,124,184,217,116,29,71,144,76,196,49,177,67,50,19,153,112,91,134,24,74,182,13,187,194,10,220,163,254,90,25,42,178,118,232,217,35,247,236,46,29,68,14,50,5,228,225,77,130,36,32,107,207,237,150,17,15,3,88,4,254,31,195,160,199,182,241,183,227,48,111,137,119,134,245,224,218,118,63,36,56,22,20,124,139,228,89,24,115,94,55,208,36,197,152,174,217,105,113,192,189,74,57,1,103,140,142,249,72,18,11,197,242,27,170,25,8,53,253,73,141,43,193,182,218,119,139,47,62,94,183,162,98,16,233,47,252,123,68,58,160,232,26,204,214,59,94,180,115,83,58,229,32,95,212,96,158,179,176,144,236,205,232,123,72,54,33,18,141,97,151,20,182,23,114,195,30,241,141,133,252,213,66,2,56,95,109,206,166,103,234,164,168,30,174,226,85,255,118,127,222,37,192,93,175,21,156,118,33,253,86,193,75,27,141,204,107,206,77,173,175,152,173,47,66,173,103,184,134,251,80,40,112,247,230,81,117,221,191,243,115,241,33,217,103,207,32,44,198,74,6,105,194,97,180,115,96,51,65,189,166,148,215,230,55,219,156,1,26,114,92,155,57,36,202,99,43,44,179,247,11,155,182,242,126,175,230,191,84,144,159,234,202,240,232,15,105,72,44,34,214,157,151,216,182,37,60,19,60,160,121,123,105,196,6,127,215,26,212,82,31,114,51,234,134,155,111,38,120,255,109,191,183,159,151,136,245,190,101,225,49,169,144,246,3,186,249,114,179,79,111,236,253,57,212,59,248,152,93,180,203,31,90,112,141,65,177,197,13,245,3,101,157,222,244,89,139,150,72,179,2,166,137,28,25,33,48,157,228,6,232,158,177,44,36,67,243,68,137,91,192,217,74,77,179,112,228,178,146,109,132,163,253,204,109,216,244,15,204,235,133,212,231,54,82,152,24,37,212,201,198,25,133,211,7,33,140,184,61,4,126,34,220,187,88,89,37,54,205,13,138,38,70,14,109,157,174,147,243,211,11,140,196,75,248,107,215,12,197,165,73,143,15,113,193,78,57,44,194,155,176,140,94,47,231,5,97,120,199,154,113,106,74,146,92,11,49,215,42,181,166,35,33,245,73,214,170,183,43,89,211,117,33,79,244,101,207,196,92,208,39,119,213,41,128,45,249,122,150,215,110,52,171,77,55,69,14,66,223,152,100,123,242,181,142,198,86,202,43,168,17,85,242,64,233,201,21,73,125,20,8,142,48,2,216,131,191,236,89,78,207,179,180,84,171,149,11,28,158,188,80,124,89,49,1,192,247,98,211,37,234,212]
CFO=10943.656368092159,STO=5
EsN0dB=0.77,GRXdB=40,N0=0.0063095735386013985
packet_number=209,correct=False,payload=[110,233,188,76,12,200,141,118,227,130,194,162,2,210,33,96,199,4,73,30,30,232,28,247,129,131,2,3,146,35,50,179,12,46,16,139,208,168,105,180,202,86,248,222,144,229,74,47,223,43,96,76,67,137,55,89,201,22,54,164,186,157,4,79,43,88,3,221,221,213,20,210,133,131,8,250,243,129,6,14,233,16,16,101,6,135,196,213,8,21,179,10,222,221,38,172,82,176,187,98,73,27,237,49,94,71,37,3,19,222,9,201,192,93,218,64,216,75,56,184,151,111,156,24,21,76,44,212,139,116,38,230,207,217,109,161,171,218,24,166,154,49,5,210,143,192,34,33,32,100,65,179,127,239,62,102,4,202,243,231,93,208,138,113,210,168,76,1,41,179,114,202,116,75,120,43,52,181,229,206,114,219,182,243,8,174,40,240,134,154,12,207,221,228,224,82,176,148,80,176,215,122,3,240,180,225,225,51,249,68,102,120,87,239,153,249,178,111,136,13,30,214,254,37,191,251,47,248,170,196,59,81,247,242,88,130,150,255,157,35,122,204,212,72,12,234,124,117,27,191,48,65,51,2,158,39,53,126,19,42,176,1,50,192,159,42,66,37,204,255,100,79,35,29,31,182,214,228,4,7,33,65,142,67,7,198,146,64,149,88,154,73,237,217,221,139,0,132,146,18,60,199,15,202,233,192,152,86,8,38,218,31,179,219,92,140,168,156,153,215,135,21,72,89,188,70,166,65,243,140,177,64,26,250,129,129,22,68,158,164,4,33,69,181,240,222,48,30,247,118,197,55,51,140,193,69,13,250,49,25,59,118,48,56,114,23,122,143,165,156,235,58,28,136,27,117,255,20,38,252,16,60,14,122,159,131,86,180,13,223,37,225,225,105,198,70,224,75,10,131,170,244,48,25,100,163,10,97,6,172,16,226,134,222,169,45,15,75,88,208,196,113,37,99,203,111,28,120,18,91,180,14,40,201,220,109,168,253,42,77,197,175,28,31,14,199,12,123,190,208,114,96,145,179,58,163,225,213,120,97,36,105,67,102,208,244,208,36,114,28,167,240,161,150,142,104,187,109,21,113,142,144,51,40,63,17,189,25,81,116,249,114,221,106,3,163,171,142,54,56,175,173,58,57,17,225,126,102,36,66,52,210,22,201,0,76,32,81,8,67,65,74,0,141,130,147,131,137,162,205,169,97,88,198,128,5,153,134,52,78,198,7,78,159,70,216,26,13,136,108,9,177,27,132,93,64,131,234,130,221,11,128,184,90,12,79,253,249,88,132,78,39,27,142,37,6,4,104,161,88,72,240,21,146,67,220,73,35,1,234,179,183,70,84,49,36,139,180,196,170,92,180,6,245,34,132,246,134,167,80,25,113,147,8,58,15,235,136,3,213,147,26,127,131,129,56,154,245,158,72,25,90,188,218,26,180,121,249,136,99,44,230,73,66,171,198,50,33,67,192,146,197,46,47,58,187,23,191,146,64,45,241,134,212,181,4,16,86,64,108,70,63,9,71,209,88,164,184,9,197,21,210,2,255,106,224,188,163,69,244,4,23,189,230,153,206,139,124,94,241,174,169,23,175,135,112,178,98,226,242,4,66,183,226,16,69,211,59,10,233,175,5,106,186,120,192,8,165,21,54,182,118,101,254,84,71,53,73,4,120,25,27,30,251,251,253,48,83,242,247,72,74,19,248,60,251,52,56,62,76,213,90,128,201,51,77,26,75,238,224,147,8,225,66,7,37,6,55,64,151,17,1,42,71,107,61,88,156,10,33,3,82,195,94,69,103,140,109,62,97]
CFO=11312.427767754994,STO=6
EsN0dB=0.93,GRXdB=40,N0=0.0063095735386013985
packet_number=210,correct=False,payload=[193,65,79,114,208,20,9,48,129,28,64,139,207,101,209,240,83,13,0,33,20,65,96,150,104,81,138,247,145,50,11,9,163,3,241,209,216,8,83,4,22,156,96,103,20,16,75,96,108,120,6,8,14,83,138,7,196,166,198,183,149,48,193,29,64,179,197,60,206,81,74,240,24,180,70,71,50,223,40,160,197,160,22,160,181,5,69,112,76,79,11,67,2,136,163,1,185,123,97,255,1,166,0,126,214,72,132,74,129,4,84,249,118,2,192,227,107,78,188,94,78,39,10,79,5,99,196,187,116,174,198,206,113,8,28,35,82,9,28,92,186,73,8,68,59,200,72,216,2,10,170,33,75,215,123,63,146,163,250,119,205,157,209,242,96,85,26,60,160,20,70,205,135,51,43,20,175,90,67,154,3,1,169,111,252,227,71,144,161,121,177,225,194,183,130,219,8,63,219,24,233,69,1,88,146,8,88,203,156,220,180,187,80,28,153,226,134,134,136,216,229,189,143,136,104,125,112,92,63,10,124,121,62,2,223,58,44,24,163,107,180,23,253,53,183,143,158,71,124,89,249,31,139,156,10,126,11,206,171,189,96,94,132,11,81,40,252,41,50,49,137,0,252,17,209,228,9,48,32,54,21,153,71,213,48,175,145,163,91,136,208,32,24,244,100,92,148,193,132,242,149,21,211,251,72,44,77,199,18,9,76,160,6,80,7,223,35,144,83,177,194,23,132,192,78,85,160,57,64,24,234,72,45,0,74,95,105,142,115,226,7,55,89,110,5,86,73,3,157,7,65,46,195,228,173,59,221,81,130,12,201,120,229,100,79,141,201,62,9,213,174,195,43,26,142,207,52,164,199,38,135,138,35,89,134,141,75,210,100,177,78,101,242,253,193,224,128,48,73,29,25,104,208,211,0,144,231,240,22,67,100,237,159,106,1,117,73,166,245,34,69,16,202,248,23,113,74,188,19,65,103,87,158,84,215,245,23,67,0,101,15,73,198,142,53,127,43,48,223,130,130,124,40,138,24,241,128,201,200,124,173,28,210,213,5,124,241,225,33,155,44,135,66,130,102,59,57,77,95,235,179,59,247,80,88,28,205,205,196,28,78,226,195,123,95,222,172,61,234,31,206,183,63,80,158,77,14,46,221,10,199,79,35,155,26,0,2,32,165,96,0,36,144,75,132,67,136,1,179,100,233,88,192,0,114,94,70,159,155,243,131,67,200,250,231,131,82,170,6,40,36,98,152,66,196,146,135,81,193,181,102,154,53,114,87,162,46,77,202,47,38,182,13,12,171,6,68,198,185,169,11,107,45,24,0,80,72,118,234,197,17,45,155,220,232,173,72,136,30,112,59,104,199,171,158,178,79,77,193,151,15,236,13,116,72,48,135,132,102,119,174,165,239,197,199,134,77,184,15,50,116,62,18,58,182,253,13,142,0,38,163,254,126,248,206,48,213,198,14,26,254,216,34,1,192,120,48,144,248,144,67,21,172,242,94,130,108,155,147,159,81,127,240,187,147,192,226,187,61,113,23,162,2,116,10,255,2,50,164,23,212,205,10,57,65,108,146,181,140,75,22,18,94,99,26,187,235,218,126,10,57,42,236,164,96,32,200,109,33,95,160,254,172,225,8,96,25,106,139,73,202,151,155,155,57,243,175,187,158,72,152,41,31,11,87,148,238,50,67,235,22,21,138,52,111,213,24,126,138,172,63,201,41,92,3,191,99,179,249,229,79,155,5,86,73,64,148,160,32,17,133,102,224,194,224,164,66,168,56,65,96,45,137,18,38,35,235,54,211,155]
CFO=-2929.6996025403414,STO=4
EsN0dB=0.87,GRXdB=40,N0=0.0063095735386013985
packet_number=211,correct=False,payload=[209,96,135,75,128,97,187,11,231,253,204,97,212,199,107,182,214,163,206,175,195,17,207,89,143,109,199,153,215,102,255,63,211,53,159,87,154,30,151,90,80,150,31,213,110,230,149,9,93,249,51,239,202,254,244,190,191,190,60,155,254,247,47,127,243,98,114,126,161,88,231,242,254,112,173,164,214,142,212,167,188,249,174,235,218,239,239,188,139,177,236,255,14,206,243,227,255,46,217,47,178,170,214,255,118,145,51,61,252,123,246,50,148,116,187,152,127,104,79,122,250,105,177,39,127,210,231,127,238,80,148,109,216,51,241,91,139,187,87,212,206,126,201,199,250,197,216,60,218,254,243,71,121,149,255,212,175,31,145,175,251,254,134,149,182,202,64,112,127,86,251,123,107,84,31,6,220,31,241,177,142,127,248,126,223,11,63,78,248,94,199,236,211,36,229,187,50,107,242,213,109,97,249,123,231,239,229,71,254,64,67,47,218,194,219,9,68,111,212,243,228,237,107,71,254,249,245,87,188,213,251,107,236,84,170,95,238,244,255,239,78,241,201,101,250,226,107,45,249,92,252,135,227,253,255,117,193,50,131,195,131,138,212,137,229,138,245,246,182,38,167,107,135,94,82,105,9,53,143,225,63,175,36,150,143,172,174,187,105,21,179,253,21,147,235,147,150,93,185,213,190,146,191,19,203,187,86,152,185,190,220,22,174,20,195,253,166,60,187,154,231,232,175,169,102,25,58,122,166,33,61,45,225,175,34,243,163,106,85,104,43,127,39,51,166,122,11,95,54,175,175,231,46,88,179,105,63,60,47,1,188,110,47,151,222,121,135,114,238,249,251,187,221,183,2,151,247,251,127,109,59,150,211,62,212,225,60,185,108,44,87,65,192,76,122,96,76,186,197,167,194,241,201,234,108,248,88,107,186,75,187,5,102,111,71,94,178,30,245,246,150,88,85,79,214,58,213,112,123,49,23,77,120,221,95,219,190,74,203,154,143,252,223,219,125,93,107,79,116,167,253,189,175,39,197,227,247,197,194,247,35,87,239,127,255,109,242,37,131,246,239,107,125,190,42,110,52,106,201,222,243,240,183,111,250,255,127,107,230,54,245,255,249,186,177,39,159,136,221,123,157,249,158,189,248,117,244,60,254,216,174,218,75,116,5,32,7,99,114,147,3,115,151,161,142,170,199,55,121,111,79,13,11,251,217,201,132,184,186,47,62,27,207,79,191,31,155,29,181,31,135,75,212,221,191,55,208,189,159,143,95,33,220,120,183,89,44,237,31,189,146,117,254,158,58,159,214,49,13,116,119,255,212,13,248,59,205,117,236,255,191,225,252,184,79,231,232,105,159,143,171,97,230,183,202,46,139,120,55,61,5,220,208,189,251,243,52,187,208,164,17,197,255,55,109,143,178,252,218,187,238,179,237,14,229,189,158,114,207,251,233,124,193,216,185,64,187,231,230,95,253,104,218,222,251,217,41,115,170,88,78,14,215,25,105,77,34,93,215,91,191,243,245,64,26,229,234,94,95,127,132,148,159,166,219,120,150,93,217,121,211,239,219,87,59,243,95,244,223,219,230,110,119,99,69,116,243,123,118,108,86,251,224,12,229,91,238,106,190,97,78,109,237,109,60,175,255,97,245,108,188,150,29,216,93,117,241,117,127,93,191,121,145,254,125,123,249,119,189,222,189,251,60,191,233,122,106,114,189,115,126,229,254,69,191,159,181,119,106,66,243,69,85,198,207,187,212,111,237,95,117,125,87,151,212,220,99,179,212,158,91,25,191,207,27,23,90,220,178,39]
CFO=9417.045529889532,STO=6
EsN0dB=nan,GRXdB=40,N0=0.0063095735386013985
packet_number=212,correct=False,payload=[227,193,12,183,244,62,207,213,87,52,113,24,141,29,119,61,234,25,210,135,80,61,204,103,191,236,8,33,119,204,69,111,148,78,218,10,123,34,153,115,168,209,66,22,151,167,194,225,221,142,176,73,49,161,113,10,172,0,0,131,225,133,72,54,213,105,86,92,8,122,92,45,174,144,249,78,11,173,253,3,146,211,159,92,148,212,77,39,180,11,144,199,221,120,254,202,125,33,91,20,15,47,209,28,140,61,243,202,163,116,131,59,224,183,169,210,169,44,1,196,2,246,178,193,156,254,66,225,246,13,92,192,252,84,96,222,177,47,208,54,228,96,188,104,3,92,158,38,105,40,243,196,30,1,252,167,163,176,100,52,238,137,226,101,84,158,175,107,210,34,231,11,204,62,94,34,126,173,203,36,207,249,192,171,37,239,138,187,217,235,172,232,242,210,151,13,194,47,197,166,99,150,172,211,43,115,245,54,195,220,216,185,127,219,193,30,197,22,203,156,130,250,193,195,113,112,57,99,110,138,247,222,206,63,243,89,193,31,149,223,13,156,209,234,29,195,17,8,93,223,247,156,109,128,83,79,59,72,27,216,153,57,59,114,89,14,248,28,137,173,4,239,136,166,9,174,206,46,16,170,82,74,175,14,227,90,139,143,182,188,154,43,174,185,195,103,63,222,212,44,47,212,177,161,106,2,240,138,5,205,8,215,114,24,143,226,52,80,235,3,128,121,114,192,167,92,181,76,234,178,29,254,7,109,78,157,185,42,214,136,192,174,32,46,71,8,114,90,237,59,179,6,106,3,10,79,230,90,32,178,176,46,91,145,203,163,21,89,48,190,57,248,213,72,72,83,149,164,40,244,221,32,192,123,173,69,228,84,218,105,240,231,54,140,175,49,214,20,16,134,45,187,234,231,42,199,137,225,50,218,77,116,239,221,237,178,218,175,92,247,190,221,186,151,241,249,148,88,161,33,174,96,60,234,108,247,105,32,204,183,20,163,48,124,244,121,46,127,123,203,203,169,60,101,3,152,7,231,63,82,165,203,47,249,5,63,72,157,255,118,77,63,224,190,240,86,40,206,196,135,203,218,242,60,100,225,186,164,199,42,140,2,255,234,44,165,69,108,97,121,67,12,83,211,96,187,6,102,36,184,226,199,93,126,161,230,195,49,52,176,202,242,117,85,126,74,151,201,191,175,24,5,119,144,44,71,107,176,222,112,217,70,244,33,149,92,203,158,205,126,156,78,115,83,124,130,120,26,240,201,17,120,36,86,116,45,118,251,108,133,192,179,8,130,154,242,240,221,201,7,73,152,33,108,184,229,230,60,18,114,44,74,135,47,55,113,106,192,148,102,67,141,208,219,141,109,195,13,8,17,184,121,169,49,79,73,246,204,170,209,188,2,142,83,55,28,109,51,251,77,4,177,149,63,162,169,205,197,255,96,10,2,44,172,58,180,24,95,133,247,202,198,136,228,64,147,155,224,116,204,31,118,180,213,137,27,217,119,186,166,90,185,43,211,80,9,228,241,178,238,169,235,249,19,204,55,169,59,37,12,250,123,203,209,2,71,61,115,218,44,156,73,138,42,108,91,30,126,128,97,255,139,103,79,102,186,5,72,243,31,33,51,18,68,171,42,222,6,0,151,130,168,14,35,72,53,205,232,247,57,93,81,190,135,107,221,202,240,62,239,191,159,98,55,116,253,73,110,64,70,71,73,100,207,9,38,173,250,33,51,116,31,237,2,254,227,207,72,39,230,34,108,22,222,185,73,12,32,78,75,160,90,54,127,8,1,244,20,24,101]
CFO=7613.045056975841,STO=1
EsN0dB=0.67,GRXdB=40,N0=0.0063095735386013985
packet_number=213,correct=False,payload=[162,192,36,162,96,240,235,192,146,223,129,241,246,163,82,145,152,227,6,78,90,83,162,32,128,180,209,151,99,235,23,194,77,162,8,21,2,97,102,20,196,4,241,37,199,100,37,135,229,195,35,183,55,195,135,204,139,35,20,101,35,7,143,190,215,70,42,12,132,81,152,25,234,238,139,204,45,107,193,228,136,254,62,32,225,250,55,171,89,235,19,59,67,41,234,105,163,231,60,46,158,108,3,181,78,175,29,55,7,124,175,184,140,183,103,75,108,42,134,219,123,191,5,14,87,177,218,175,175,178,186,36,105,184,124,187,53,243,195,53,147,115,254,177,1,227,26,58,64,97,12,208,240,118,149,55,196,211,242,19,145,244,156,162,80,53,224,238,118,76,31,49,32,147,215,116,85,242,22,37,188,63,19,55,190,112,87,121,20,95,197,255,23,42,216,61,117,240,120,24,174,249,14,53,71,249,137,151,216,250,190,190,91,120,138,60,234,235,211,17,23,179,30,62,248,186,60,52,120,56,60,60,248,123,20,176,78,88,221,188,250,183,38,142,46,159,150,169,126,244,3,106,214,127,36,159,62,131,34,228,147,35,201,144,186,163,5,189,192,116,172,227,225,230,7,15,92,38,23,198,112,147,199,24,64,70,201,247,195,252,18,32,95,125,213,164,168,229,4,47,203,119,79,151,135,230,135,42,66,35,192,212,165,82,7,135,49,187,3,128,237,216,234,29,32,228,103,168,79,227,52,28,141,41,41,139,252,111,74,79,130,223,138,184,8,67,90,9,99,165,142,160,77,145,192,101,126,126,11,144,12,167,160,27,9,50,169,17,223,142,14,238,223,38,214,208,14,255,39,175,11,23,159,237,134,237,70,112,24,24,244,186,164,244,71,143,73,229,218,177,161,244,143,183,36,64,56,81,83,102,214,179,59,59,155,242,227,80,162,50,158,118,112,124,164,232,14,183,112,217,243,120,208,213,44,39,144,100,142,235,186,51,115,135,70,245,185,239,214,148,28,31,12,59,24,225,134,61,40,36,153,37,158,190,208,191,6,179,30,238,63,251,95,179,47,249,69,159,145,235,91,228,23,169,141,211,184,172,212,86,81,61,89,189,30,69,174,188,82,30,200,60,107,188,214,47,139,75,85,45,151,51,31,242,19,10,10,41,254,0,94,228,160,20,223,77,66,253,250,233,114,96,34,32,50,50,196,243,140,36,69,83,240,159,143,133,30,148,151,40,157,140,164,39,20,3,199,124,215,179,148,78,90,197,177,44,7,201,164,230,74,21,219,247,206,164,44,252,124,174,108,72,131,9,203,184,157,111,6,241,207,147,197,170,134,48,46,42,146,46,75,80,98,72,203,41,139,90,203,166,12,62,173,236,43,1,238,167,9,97,150,109,39,173,255,238,30,15,6,235,217,146,204,201,35,37,28,167,229,222,106,117,88,49,82,82,64,165,208,241,153,7,48,91,145,145,210,218,68,51,82,123,187,147,241,83,61,26,18,176,0,66,218,36,151,20,55,240,140,198,157,125,11,39,133,240,117,159,188,202,144,34,54,115,152,179,215,229,5,62,70,216,223,61,119,156,12,208,28,231,40,190,188,193,4,41,219,253,168,153,83,80,82,251,106,22,214,48,251,252,71,155,89,67,49,251,191,80,220,189,18,120,64,50,220,98,213,29,84,33,149,184,197,95,123,23,78,167,177,250,248,239,137,157,242,47,20,191,167,44,22,108,122,224,24,93,160,71,3,85,141,255,73,51,90,228,98,14,105,170,8,130,39,194,14,137,171,235,155,99]
CFO=6138.655283846193,STO=5
EsN0dB=0.80,GRXdB=40,N0=0.0063095735386013985
packet_number=214,correct=False,payload=[118,47,190,136,234,56,21,38,179,252,45,96,207,115,180,232,105,118,112,142,140,144,80,233,142,241,249,209,201,69,155,250,44,53,241,4,9,1,105,107,201,106,217,69,111,17,221,99,91,113,137,232,192,52,231,147,173,56,151,93,233,245,153,152,193,249,56,11,174,166,107,174,53,21,114,80,227,80,62,98,104,176,106,219,138,146,9,82,187,161,185,195,246,114,66,252,235,226,91,131,105,19,10,135,15,98,61,106,203,243,211,99,237,59,168,162,171,141,122,135,155,243,41,145,89,213,11,170,57,103,181,52,53,27,6,166,238,52,155,86,109,190,223,101,105,196,244,246,153,180,30,239,236,181,166,74,75,209,212,96,142,246,237,172,1,28,29,4,41,52,189,103,92,21,124,209,41,117,97,205,156,22,201,169,205,183,4,225,199,147,247,1,140,197,252,30,23,165,118,62,7,46,12,89,78,119,86,226,111,101,152,66,233,126,90,76,236,150,78,148,30,18,204,226,164,20,239,7,35,13,63,69,14,175,126,80,187,52,210,99,15,119,95,129,15,206,247,136,13,165,5,238,46,179,90,182,219,199,94,129,74,179,29,190,189,112,30,26,141,120,216,65,105,94,58,76,168,4,213,128,236,51,165,236,236,84,154,244,223,62,195,5,9,24,248,179,175,148,249,201,159,72,89,163,101,185,253,1,217,147,137,177,218,44,91,196,155,205,217,52,117,121,251,35,130,113,138,165,41,49,190,214,74,214,106,122,110,70,42,216,14,226,136,99,234,224,112,195,43,122,187,143,224,131,250,211,34,49,88,242,63,54,3,192,67,95,93,249,129,78,210,1,151,129,159,58,169,60,235,215,135,139,86,35,106,211,28,43,93,116,38,57,106,53,221,215,254,112,71,100,13,185,92,247,12,19,204,228,189,85,188,45,52,212,216,196,228,175,242,17,51,159,61,208,164,191,29,93,73,63,118,68,106,101,219,135,136,213,245,225,46,139,123,199,197,204,63,172,149,97,156,47,39,47,38,243,56,37,117,202,8,76,65,25,15,134,94,158,168,250,203,6,152,57,47,195,166,193,36,198,167,243,210,7,13,49,135,236,239,101,190,70,238,23,92,79,35,39,126,162,156,214,157,37,165,247,190,199,91,91,71,166,195,87,250,220,140,48,80,19,12,98,84,128,232,8,98,224,232,113,87,32,202,27,210,233,236,48,185,195,234,204,216,68,224,254,252,31,169,193,25,165,98,141,116,76,79,95,85,104,232,249,61,11,249,18,251,197,234,241,61,207,225,226,240,255,252,151,224,10,247,163,58,85,242,150,125,75,74,115,26,242,104,240,74,178,139,150,250,242,154,187,190,75,207,191,132,82,65,26,213,170,254,80,17,34,23,81,121,97,83,65,57,73,233,17,80,143,186,169,155,234,9,179,73,235,93,134,163,239,71,137,62,69,46,17,22,38,129,175,184,208,222,80,8,100,238,120,252,157,62,53,184,65,188,102,192,194,158,204,152,106,204,251,107,69,153,37,189,45,175,223,23,215,253,213,212,197,109,79,125,73,147,156,232,61,141,171,58,133,93,0,5,229,188,221,187,68,79,125,84,235,130,34,109,70,69,39,95,3,89,114,246,131,218,229,119,211,106,50,184,102,238,137,186,227,174,182,207,134,136,19,223,158,119,112,79,147,34,218,92,231,239,150,222,75,231,153,157,167,47,171,22,215,246,221,71,162,191,253,104,149,8,16,24,24,109,112,190,87,148,98,12,97,108,24,55,40,184,44,220,218,107,169,234,68,133,212,249,112]
CFO=-6542.9635885781745,STO=2
EsN0dB=0.85,GRXdB=40,N0=0.0063095735386013985
packet_number=215,correct=False,payload=[91,29,191,246,239,124,250,139,45,159,123,245,250,61,219,47,249,141,223,127,220,43,7,254,219,116,95,191,253,154,47,107,157,131,183,239,200,115,157,174,61,142,61,245,85,126,161,234,205,217,186,206,30,189,157,175,250,238,126,172,23,255,239,227,213,244,233,244,254,61,44,105,233,220,219,159,219,61,127,231,52,228,181,189,123,239,78,203,13,101,126,143,154,98,109,224,115,164,252,78,111,221,66,174,107,55,153,95,223,175,255,247,167,107,189,155,253,237,151,13,207,205,57,108,40,30,9,75,93,111,141,221,95,77,110,117,222,230,83,199,191,26,111,174,59,127,119,62,127,178,236,51,109,139,197,106,57,215,235,114,248,106,124,113,236,223,243,215,226,156,57,222,246,157,235,237,179,223,195,234,233,103,191,83,47,187,251,215,214,254,218,103,119,184,222,118,31,246,221,93,190,199,93,251,247,115,151,167,136,231,123,217,15,177,229,42,247,126,54,94,247,239,235,189,78,77,235,151,103,117,199,123,85,231,219,190,23,159,227,245,221,84,157,253,253,183,251,178,119,143,59,215,185,127,127,63,248,232,255,95,250,186,88,223,181,124,57,70,25,94,187,190,241,50,191,63,253,106,66,127,29,171,119,198,225,180,179,238,251,174,188,69,191,255,178,251,79,140,175,247,247,134,155,174,13,166,151,123,214,58,85,196,173,187,184,255,222,193,212,247,76,240,239,191,95,245,51,182,220,123,128,95,191,142,204,51,227,191,150,181,215,242,75,3,63,78,136,203,181,236,223,251,148,166,221,89,217,223,147,230,173,231,214,199,253,187,177,238,127,55,168,239,254,133,173,255,241,223,127,115,251,253,89,241,125,247,251,229,123,159,164,222,80,251,75,63,142,50,39,114,191,229,77,28,111,253,7,237,140,255,239,169,105,55,223,155,119,127,42,213,234,57,201,89,146,203,190,159,125,239,114,202,114,189,94,181,226,186,255,187,35,233,243,191,203,25,211,198,232,106,127,218,123,250,183,221,147,143,159,147,211,77,226,172,172,63,23,229,123,63,91,22,202,67,111,255,186,238,247,91,252,185,253,127,95,180,227,167,179,194,207,151,135,139,171,119,248,231,122,223,251,217,30,106,205,230,207,183,251,249,236,143,122,110,247,167,255,175,248,117,233,187,231,91,109,172,144,231,22,126,223,133,123,239,217,38,125,171,255,87,231,122,207,201,93,254,96,15,207,91,228,199,73,244,123,247,202,186,38,230,58,235,187,97,141,250,203,226,191,252,91,109,169,101,218,72,111,252,254,124,162,255,108,171,93,253,90,233,254,126,44,136,89,61,55,188,59,237,7,118,153,199,244,184,219,238,227,246,234,175,195,246,239,112,74,93,28,197,235,239,137,223,78,151,227,187,180,45,244,235,121,236,159,182,254,255,167,249,192,47,253,107,127,198,93,212,58,21,185,223,80,214,245,221,54,125,21,167,113,254,114,125,104,227,187,79,23,239,220,223,236,250,126,118,185,18,239,111,61,243,182,239,187,135,41,251,247,226,249,35,232,255,143,249,66,228,231,206,123,62,179,186,226,159,239,241,135,118,111,239,39,39,154,217,147,153,220,215,221,191,253,61,231,174,247,223,73,55,227,171,253,223,118,249,191,103,255,227,114,191,191,6,54,253,11,215,200,81,220,239,130,103,63,249,109,191,218,168,247,206,103,239,24,223,135,207,191,115,253,249,234,239,61,252,50,22,93,8,30,237,163,207,211,92,166,28,186,57,55,207,62,239,83,84,124,126,212,159,255,200]
CFO=-12457.918793457833,STO=7
EsN0dB=-0.23,GRXdB=40,N0=0.007943281903862953
packet_number=216,correct=False,payload=[119,247,251,235,69,215,24,213,50,249,223,234,254,145,142,13,219,15,214,255,217,201,253,163,125,242,190,106,227,178,36,144,55,237,149,174,250,150,206,253,98,155,206,222,223,220,43,69,150,191,143,27,255,115,251,247,247,226,118,233,28,181,143,170,42,244,246,238,126,87,109,238,240,249,189,167,172,136,218,84,242,220,44,20,114,255,111,188,149,29,160,255,188,175,252,99,217,239,57,235,26,32,254,192,236,63,191,144,255,244,27,251,47,89,78,250,104,53,207,149,216,159,13,186,251,213,52,255,203,79,121,199,94,187,63,211,248,110,91,157,70,91,246,94,145,71,27,147,223,116,114,204,190,237,147,185,119,223,53,251,107,203,237,104,247,155,6,228,44,70,142,203,251,187,111,204,93,131,254,49,115,251,109,191,156,125,252,161,157,227,13,231,251,206,229,247,151,253,127,230,79,9,90,221,239,175,205,201,239,86,175,183,133,111,173,157,183,25,255,157,73,247,115,126,80,247,250,251,236,245,215,220,61,182,77,77,61,14,254,212,227,186,151,236,159,255,103,49,110,255,191,221,191,253,126,241,218,175,122,239,254,91,251,85,239,110,187,233,207,163,63,59,171,205,252,243,63,235,223,234,12,95,75,187,83,109,55,161,171,39,239,90,221,159,188,175,248,125,253,137,113,233,85,131,203,63,239,123,154,238,109,247,68,207,209,242,51,231,212,181,240,125,185,181,143,77,223,215,234,142,159,78,175,63,239,175,53,149,146,119,51,14,253,243,181,42,223,247,153,95,39,134,188,30,116,224,230,246,253,165,198,59,255,102,246,123,26,215,174,39,41,166,116,219,218,127,213,55,234,225,245,255,119,125,254,254,195,60,225,164,174,239,175,237,124,223,60,117,219,238,95,235,252,159,196,142,126,15,130,243,171,79,150,123,185,254,203,24,221,88,237,106,5,127,217,120,206,254,219,191,44,191,166,119,255,87,242,54,111,19,96,237,95,187,102,173,211,255,125,255,111,212,159,207,105,188,89,39,62,105,141,42,172,198,28,123,43,159,125,115,126,94,254,236,30,131,126,29,234,206,77,178,47,248,250,161,91,144,149,111,234,107,169,124,53,183,159,31,191,85,115,125,117,131,12,246,109,253,43,229,111,236,255,191,175,223,6,200,199,99,246,83,241,33,206,230,117,114,175,223,55,91,255,189,63,251,242,45,110,229,189,19,56,110,255,250,90,221,71,175,184,199,54,199,199,91,175,237,254,230,127,242,230,105,112,107,1,207,97,217,255,231,224,26,234,86,245,107,127,93,118,90,91,63,187,212,175,255,157,190,79,219,77,223,171,247,206,17,103,247,149,197,114,19,220,255,122,207,245,189,191,237,146,244,202,111,248,49,230,248,199,158,110,115,170,243,234,251,127,119,102,239,239,155,164,74,207,202,191,184,51,245,174,203,111,176,186,91,239,253,55,204,116,226,113,113,223,15,61,210,178,101,202,247,156,217,215,117,223,172,62,211,234,255,48,125,244,227,43,255,219,220,195,63,109,223,252,58,214,8,94,211,237,134,78,127,146,191,247,233,151,223,159,191,184,78,252,250,237,89,199,245,126,234,239,248,191,107,35,247,228,204,187,205,91,15,223,127,32,201,255,61,187,73,205,190,255,185,251,106,107,221,46,191,252,118,255,117,242,253,80,23,62,255,195,240,222,89,191,247,134,167,255,178,249,91,139,145,221,187,187,223,93,161,210,186,61,109,187,212,31,221,85,188,110,214,219,191,250,42,205,229,127,219,15,88,104,116,149,220]
CFO=6538.6880798852235,STO=5
EsN0dB=-0.07,GRXdB=40,N0=0.007943281903862953
packet_number=217,correct=False,payload=[56,14,237,34,229,170,68,189,237,22,244,145,74,243,20,28,42,22,32,31,160,109,71,166,49,167,160,106,190,56,92,191,200,44,240,22,20,43,119,159,28,91,245,63,48,22,79,126,198,230,176,108,76,88,232,3,212,115,181,61,83,93,63,62,221,143,71,234,151,2,146,163,170,224,52,142,152,190,206,158,39,178,6,62,56,235,204,56,133,42,126,182,82,49,156,191,169,139,232,227,107,249,193,116,204,10,116,70,184,195,157,223,174,197,182,111,16,226,142,110,72,250,89,203,235,241,252,127,9,11,1,19,93,53,120,111,93,199,30,24,21,95,29,127,233,30,160,31,217,190,13,26,80,19,22,125,188,51,17,207,109,81,112,76,170,203,97,202,81,95,245,85,57,187,219,11,115,106,119,71,121,17,236,172,96,114,116,224,52,201,82,251,71,131,219,135,10,2,142,131,69,2,136,247,207,7,196,223,153,65,132,61,30,184,239,167,40,217,187,175,105,251,184,22,128,199,64,161,183,15,187,223,145,227,156,243,141,173,217,197,181,198,215,23,108,11,239,236,0,86,117,229,117,121,101,127,193,50,8,60,248,35,28,109,146,206,243,226,56,18,16,154,228,106,20,182,18,43,40,92,21,203,124,54,32,93,247,54,110,35,194,14,73,65,78,68,144,84,212,221,201,202,108,61,161,99,107,34,8,140,236,110,120,48,124,200,83,126,18,120,128,186,141,193,211,26,137,144,185,148,148,46,251,147,138,12,2,240,133,239,177,254,245,46,134,134,148,164,98,154,152,148,135,247,169,71,160,195,132,199,122,119,111,223,66,59,204,222,122,167,180,160,244,136,74,235,169,131,229,47,149,95,204,23,65,3,45,59,95,47,173,171,17,47,93,239,157,145,29,49,41,179,116,179,37,53,221,31,208,37,181,193,21,111,110,191,195,192,96,113,97,202,207,79,65,114,229,216,126,116,62,77,240,235,109,102,93,203,141,234,99,219,108,79,41,11,233,155,168,243,133,27,204,63,220,167,145,123,39,22,41,191,150,247,163,219,145,135,161,138,25,61,115,212,5,177,184,147,44,204,53,251,137,71,197,49,143,86,249,242,117,86,232,201,215,125,145,209,225,135,229,232,174,187,157,189,181,250,240,123,172,28,186,104,220,201,13,117,92,202,22,21,25,58,182,184,20,153,104,218,49,228,40,79,108,12,217,251,227,214,90,252,141,70,40,39,28,203,72,250,74,238,194,62,208,110,11,49,94,202,4,114,94,244,16,115,168,115,51,0,234,15,152,88,31,95,112,160,172,195,41,86,76,136,152,27,128,54,74,213,184,126,165,174,156,162,176,39,60,150,242,162,97,115,83,126,215,191,33,192,10,212,207,199,226,161,64,34,102,87,210,217,215,222,16,230,228,235,228,158,239,239,81,240,80,159,224,106,124,231,175,2,111,194,53,80,41,31,167,178,166,13,32,175,79,79,141,167,55,21,225,141,50,25,161,50,212,21,216,183,36,157,13,66,133,4,0,86,19,139,87,114,86,81,180,228,141,89,185,246,229,231,98,218,9,111,113,155,113,231,176,243,41,208,137,167,195,198,141,186,140,60,55,131,55,158,58,249,37,119,0,39,73,12,141,233,43,223,191,228,169,170,253,53,124,189,214,211,237,119,235,195,133,196,0,213,247,211,250,56,77,239,171,134,18,227,89,201,199,39,112,170,125,159,205,190,222,203,146,76,70,242,28,11,204,14,1,22,30,66,238,74,181,63,33,18,68,152,32,41,44,54,232,194,44,190,138,172,46,254]
CFO=1634.4698416286865,STO=3
EsN0dB=-0.42,GRXdB=40,N0=0.007943281903862953
packet_number=218,correct=False,payload=[215,165,217,114,109,185,59,56,66,89,114,80,34,132,145,234,76,255,188,125,170,155,35,20,207,89,246,160,185,178,163,161,8,57,182,193,146,63,251,184,194,106,238,114,141,50,254,182,67,182,231,161,24,27,79,186,64,227,101,235,163,21,229,251,119,88,207,133,127,215,232,13,234,112,249,116,124,54,172,211,96,254,171,221,239,103,253,176,79,17,107,238,26,221,149,125,255,20,60,214,76,127,25,15,70,2,127,123,150,150,173,230,246,52,22,183,42,35,156,191,111,81,110,58,47,73,167,116,207,221,228,159,2,237,216,90,114,252,122,253,200,203,16,190,200,206,102,136,33,31,188,191,207,21,137,229,129,238,201,80,202,247,236,170,44,158,191,186,227,59,202,110,14,77,49,190,143,207,231,248,209,179,137,189,177,74,65,110,147,146,243,187,143,251,110,254,97,199,109,31,230,218,62,223,164,182,142,38,157,252,164,30,150,51,109,176,126,68,255,110,216,204,189,101,241,250,122,253,14,244,110,249,47,143,127,255,92,106,53,175,238,230,122,251,41,120,234,189,254,244,239,87,75,202,181,66,253,139,227,192,103,192,42,94,192,238,163,112,96,222,180,88,201,179,98,159,137,80,39,96,9,209,121,222,251,216,109,41,211,144,225,242,2,115,112,182,112,89,98,87,28,22,239,203,214,65,170,241,1,145,98,215,70,71,207,32,18,55,214,24,42,162,111,225,248,158,61,183,100,127,39,13,16,148,220,177,230,223,213,103,167,73,204,71,207,200,172,245,203,127,227,189,115,156,113,55,86,210,235,152,193,190,247,181,246,212,58,155,240,148,245,245,236,19,247,115,133,241,73,115,162,125,179,255,137,231,87,251,166,249,120,126,111,28,110,255,160,213,143,154,154,83,250,121,202,24,9,131,60,59,255,175,91,133,167,168,104,250,239,198,29,92,230,203,72,50,188,119,171,28,171,124,42,234,232,235,8,72,125,151,94,126,198,163,4,190,235,121,202,138,228,229,127,126,58,87,136,125,189,153,234,151,125,188,30,190,86,124,36,141,43,125,43,31,82,79,207,158,149,157,223,248,234,206,136,100,87,215,202,43,76,74,78,170,254,253,47,126,108,173,201,158,115,62,123,213,239,37,31,61,207,159,237,221,175,122,108,184,0,108,25,69,73,101,134,158,189,52,71,192,240,231,141,85,25,249,72,73,111,225,11,249,169,248,245,16,207,219,11,78,160,86,98,222,111,58,136,184,179,157,13,223,226,243,179,51,37,60,57,3,243,12,152,155,115,7,196,87,187,233,137,69,236,247,45,72,60,128,171,128,225,132,148,104,194,223,208,49,189,21,247,65,175,249,148,23,185,238,197,198,79,155,144,16,103,239,85,210,234,97,69,127,180,159,255,244,226,61,61,67,233,118,235,19,31,124,164,15,241,189,128,143,252,124,176,45,113,9,104,244,60,18,153,30,24,44,158,236,56,180,77,187,23,61,170,4,181,171,201,28,13,201,217,218,45,204,179,184,55,90,222,90,64,251,50,216,183,63,154,160,24,116,27,9,139,154,10,217,219,127,251,14,42,249,155,237,235,241,2,26,85,36,216,252,253,8,60,169,188,171,220,157,140,172,80,123,125,198,8,31,175,77,63,218,166,173,205,92,232,246,202,87,234,62,125,230,66,179,158,190,44,140,73,234,207,141,3,187,78,27,79,109,39,99,191,241,62,118,251,159,78,250,28,84,96,181,76,24,169,238,132,106,50,145,220,216,242,66,239,17,118,253,100,81,67,98,57,209,33,56]
CFO=-8560.920211561208,STO=4
EsN0dB=-12.18,GRXdB=40,N0=0.007943281903862953
packet_number=219,correct=False,payload=[33,140,226,17,17,26,252,21,166,158,148,102,111,209,229,70,239,158,134,112,178,178,18,175,118,5,225,206,138,140,235,114,18,143,127,142,181,3,212,114,103,40,94,110,174,93,169,78,230,182,15,126,160,4,75,18,44,122,195,53,126,123,103,199,117,223,228,140,236,20,231,172,105,16,255,55,8,95,54,134,68,143,87,127,64,183,231,105,77,200,118,183,196,22,205,146,214,241,100,61,251,230,91,224,172,211,112,244,2,238,80,104,46,161,233,77,206,177,250,198,145,109,79,211,43,17,197,197,125,166,69,224,218,169,157,49,137,170,7,195,25,252,203,252,254,157,18,200,73,21,228,78,80,71,51,98,186,49,147,10,180,36,104,65,31,41,17,14,53,177,75,230,218,39,242,68,4,226,199,186,126,92,44,204,28,30,246,61,86,35,229,56,11,93,125,204,35,37,134,76,28,198,255,7,217,128,119,148,254,151,131,228,108,214,126,27,98,199,203,235,90,101,240,51,187,255,83,20,59,195,154,198,141,233,48,28,138,130,224,191,85,217,161,138,2,191,21,195,60,60,129,103,51,81,147,189,11,50,61,29,226,237,217,163,123,136,217,4,147,163,126,195,174,165,109,99,178,204,70,3,202,183,193,45,202,60,232,158,126,182,212,105,128,143,106,226,29,107,187,254,3,121,39,184,108,117,37,2,121,219,115,165,34,122,4,65,110,118,144,79,7,183,163,182,240,58,175,1,59,126,102,46,132,124,62,201,55,33,33,2,140,237,31,148,21,144,189,140,43,19,137,112,105,192,21,105,8,145,160,184,166,127,39,178,68,107,18,244,21,179,201,189,32,70,241,47,73,3,92,92,54,235,164,120,50,166,92,196,32,206,192,93,144,185,38,99,105,186,250,237,155,86,95,225,251,204,133,121,188,173,230,11,98,52,48,221,44,102,224,76,132,79,138,46,87,15,41,109,48,154,6,95,162,139,210,4,118,95,104,251,168,17,212,234,124,135,105,255,42,83,43,7,120,71,208,196,118,145,142,219,97,199,225,234,142,221,165,227,160,218,31,192,96,21,95,56,174,179,175,147,226,144,126,101,182,234,240,19,80,28,31,228,72,87,22,241,203,228,17,215,34,64,160,217,50,137,210,157,171,124,115,203,185,66,35,152,247,229,128,156,5,186,112,243,33,162,52,148,68,235,195,24,44,134,47,87,226,229,237,39,255,21,254,53,199,147,12,108,136,161,23,118,88,43,193,235,23,254,5,15,240,29,192,67,171,48,224,212,216,84,75,110,28,25,35,224,85,175,133,182,190,37,70,114,253,125,77,172,8,106,119,105,6,52,25,196,84,236,20,189,81,21,103,193,47,207,116,42,247,185,211,79,116,90,47,96,114,187,63,48,223,139,76,194,204,235,249,206,207,116,253,218,0,46,50,111,90,5,43,21,124,49,162,132,232,73,250,172,10,18,204,83,220,184,224,69,217,137,96,169,229,28,141,234,216,110,191,37,192,53,179,77,158,223,233,111,73,238,68,66,226,0,1,248,37,96,59,245,196,84,186,109,64,110,16,18,198,220,123,95,77,232,25,15,240,115,4,37,13,167,163,89,206,167,199,230,108,104,250,247,138,39,13,243,7,86,203,235,237,226,190,153,197,245,26,248,107,237,118,170,181,103,13,187,207,94,20,210,226,178,147,35,16,244,227,147,171,157,163,147,135,184,135,111,52,168,72,37,233,9,53,245,98,165,249,53,222,26,109,0,180,70,188,25,5,223,50,175,201,24,59,9,90,137,215,116,105,2,118,32]
CFO=3814.0485431796283,STO=3
EsN0dB=-0.31,GRXdB=40,N0=0.007943281903862953
packet_number=220,correct=False,payload=[172,170,3,145,15,33,26,133,106,127,92,71,9,48,182,175,79,151,71,214,177,209,33,141,14,77,12,19,17,25,30,48,152,30,82,6,228,213,6,11,75,5,38,7,129,184,206,45,238,128,51,127,54,23,50,87,122,52,146,111,152,226,210,41,57,208,190,93,133,239,165,223,68,221,246,119,193,27,98,95,91,108,172,29,89,115,122,26,100,149,55,127,127,155,142,29,24,127,240,187,197,113,162,119,227,215,102,119,211,40,234,110,201,172,204,43,22,173,120,121,69,81,191,250,245,27,20,45,140,103,112,176,161,164,210,138,137,183,198,79,173,73,58,159,130,156,218,167,47,240,143,236,198,4,219,131,169,92,170,131,8,254,150,18,160,244,253,233,162,72,133,207,97,102,13,186,60,138,124,174,183,250,226,179,191,218,189,175,240,191,252,141,188,90,182,255,117,194,65,208,132,178,235,175,93,73,170,215,101,105,66,223,16,214,186,167,242,221,199,215,231,253,248,250,200,57,252,59,108,162,162,49,114,133,203,179,208,125,123,85,132,149,236,163,157,154,177,247,221,231,127,217,248,249,40,179,219,196,113,252,180,77,198,2,132,12,71,172,207,149,56,74,24,109,8,254,182,51,179,146,112,28,78,246,208,61,125,10,40,65,61,156,129,215,162,177,97,161,182,72,40,156,114,27,190,40,182,59,173,0,177,50,253,124,62,166,32,18,10,58,61,175,52,255,112,163,65,19,221,245,103,71,74,204,95,219,44,109,206,206,219,210,70,163,89,134,119,111,243,20,211,202,93,229,190,95,52,44,141,46,79,99,220,54,56,106,254,106,252,12,206,110,116,97,39,55,246,220,104,110,37,253,71,99,116,127,222,144,129,197,213,131,63,153,194,238,142,189,78,237,139,45,140,140,112,93,183,251,154,143,246,182,209,185,96,149,220,154,189,223,82,163,163,33,80,239,240,173,189,168,120,219,100,181,58,37,235,177,232,41,181,7,146,203,246,134,185,39,156,126,152,222,86,209,199,130,132,197,210,211,28,35,254,83,197,63,142,95,217,215,129,29,254,29,230,99,75,165,120,160,229,93,189,175,185,236,65,35,62,229,102,239,110,37,75,97,202,233,166,157,68,25,234,255,236,119,241,211,116,236,216,35,249,191,190,195,55,227,151,167,209,247,112,5,76,168,15,106,77,40,135,7,73,116,26,131,231,21,204,55,120,159,122,31,92,23,250,1,172,47,33,18,52,41,68,165,96,14,66,109,64,13,238,191,255,51,150,187,72,81,246,19,43,54,123,117,11,221,69,119,196,57,84,67,121,19,205,71,29,80,90,199,79,15,75,143,62,253,234,91,242,77,83,30,205,121,85,114,84,173,234,85,250,108,1,162,95,141,74,127,6,249,26,47,122,97,125,253,87,57,22,55,190,53,100,177,58,107,80,155,254,56,107,122,193,11,135,139,28,208,165,71,169,169,162,217,140,114,15,163,67,141,133,227,134,50,180,111,93,60,217,171,212,63,87,221,224,43,227,211,150,227,99,131,58,128,119,235,120,105,107,188,152,35,249,238,146,128,176,2,125,34,187,187,54,239,248,31,128,233,213,65,230,147,246,140,121,200,131,235,237,200,230,66,78,245,192,249,22,231,252,132,5,149,153,42,206,141,110,110,240,238,57,177,196,230,236,167,183,109,72,231,212,253,234,177,114,239,161,140,113,134,167,7,241,179,220,121,125,141,241,40,156,47,178,39,14,165,68,22,139,218,16,175,5,79,206,15,21,19,34,215,109,18,116,91,93,122,26,27]
CFO=11508.90385105472,STO=4
EsN0dB=-0.71,GRXdB=40,N0=0.007943281903862953
packet_number=221,correct=False,payload=[44,130,50,164,248,34,66,141,124,12,68,113,10,100,10,175,71,44,10,79,34,109,19,3,0,4,12,26,210,185,5,57,87,29,146,16,4,113,179,197,160,163,54,141,193,248,59,57,238,84,136,184,50,58,96,198,204,5,112,151,72,52,250,7,248,53,118,63,194,209,161,57,225,154,67,143,202,106,104,71,36,93,254,96,251,89,18,104,108,81,30,197,250,83,72,151,98,64,136,2,97,201,58,199,102,109,78,118,112,81,210,3,204,235,175,9,22,193,106,78,150,101,73,69,234,177,64,235,108,175,8,28,152,185,244,159,20,202,12,174,92,189,254,189,142,139,170,79,132,51,22,67,103,131,111,139,218,135,121,4,128,69,142,19,33,97,32,59,112,105,234,51,160,189,135,9,190,76,30,98,112,89,170,39,180,144,242,151,69,179,135,241,184,185,169,104,196,131,50,131,166,65,198,233,11,221,226,59,240,96,71,231,79,226,179,16,234,192,92,96,232,248,10,73,212,159,222,157,8,228,230,91,68,165,32,245,191,195,140,179,236,225,237,146,176,33,132,176,212,118,226,99,43,20,82,244,168,57,252,255,96,2,112,134,7,133,9,174,46,3,203,0,78,7,15,169,17,204,20,16,112,29,18,71,200,61,120,26,62,141,220,225,101,35,66,2,136,0,3,5,107,201,186,111,44,38,76,14,24,56,202,6,32,16,48,10,192,253,191,169,47,90,182,191,16,98,107,11,68,183,180,34,70,76,42,97,77,6,231,246,209,11,72,18,121,89,114,51,241,219,63,86,110,119,90,86,176,228,112,47,77,193,46,102,170,29,237,224,125,111,7,96,86,80,102,106,229,108,55,187,118,93,89,122,116,32,87,109,128,53,129,33,32,53,100,164,153,164,174,11,175,6,166,250,194,66,250,211,214,200,177,23,144,181,19,219,148,188,30,79,9,171,54,139,55,122,110,247,224,123,201,159,186,172,44,239,149,30,127,175,254,242,120,236,165,149,54,13,156,161,184,16,124,192,195,28,140,217,134,140,216,251,219,61,112,133,216,175,153,192,208,211,154,100,199,196,216,49,216,131,187,180,230,250,64,41,54,11,253,165,234,149,117,235,80,204,184,185,212,229,216,171,207,245,53,33,186,255,219,108,251,65,52,251,30,72,148,65,42,2,220,63,135,10,204,1,124,75,37,71,82,66,14,20,142,169,36,61,20,213,91,41,189,146,133,62,75,85,145,1,66,161,14,5,52,74,162,11,34,72,32,192,54,188,54,84,16,19,38,200,34,54,19,76,127,219,100,58,140,189,66,172,66,134,64,57,165,88,103,135,200,3,45,122,12,12,112,119,181,113,210,23,211,224,194,203,59,123,192,220,207,24,173,224,69,107,69,20,1,41,89,40,35,33,236,106,0,69,165,97,88,179,117,0,102,38,248,127,92,50,252,1,228,253,192,82,88,38,134,47,15,87,148,141,104,203,92,205,134,135,49,57,135,201,160,85,21,228,155,157,155,87,200,194,16,159,40,96,37,66,198,158,60,38,194,133,242,17,224,114,29,57,145,160,134,179,117,240,180,71,156,31,26,139,252,30,108,40,72,213,195,7,100,198,66,237,136,137,75,128,244,213,91,138,193,129,17,144,220,145,83,7,112,209,145,146,196,172,212,161,224,19,66,129,12,253,192,13,66,74,10,152,174,148,10,138,44,208,212,216,122,4,103,42,148,105,169,74,164,15,78,24,78,49,70,56,49,173,114,137,73,72,74,62,151,19,26,2,16,56,104,87,84,5,22,54,21,61,211,170]
CFO=-6769.799388419914,STO=4
EsN0dB=-21.06,GRXdB=40,N0=0.007943281903862953
packet_number=222,correct=False,payload=[240,236,239,187,73,242,83,152,41,125,114,217,166,110,203,151,18,133,78,68,51,60,7,23,17,9,69,50,116,149,151,126,212,109,106,179,0,39,16,98,215,126,212,43,136,66,112,117,196,125,176,159,11,42,136,207,241,134,157,17,162,30,30,222,134,228,176,151,107,123,36,132,245,15,151,181,130,82,237,45,221,240,116,134,9,95,23,45,251,212,33,27,152,40,107,44,132,100,145,215,77,199,220,75,141,97,116,160,47,48,12,24,10,102,249,186,197,207,33,140,164,111,74,234,128,147,66,187,148,145,41,179,174,181,248,176,100,110,182,252,147,121,90,50,243,183,37,143,101,84,200,29,176,30,101,79,24,206,225,16,44,239,42,65,15,184,17,223,121,108,144,67,197,217,201,247,188,12,116,105,183,233,202,113,54,158,136,222,151,15,58,102,9,189,131,58,242,67,151,18,201,44,102,238,34,97,136,215,38,162,32,180,162,230,62,212,120,197,185,231,38,193,15,241,185,158,20,140,227,180,1,125,94,56,116,117,77,123,177,18,200,24,49,27,95,170,9,210,43,225,202,206,174,234,11,83,103,41,252,51,80,55,249,214,1,118,176,74,253,156,217,78,232,61,46,117,226,58,115,103,40,176,205,245,209,251,53,76,80,179,0,65,15,123,23,143,54,46,206,44,165,127,213,208,57,173,10,84,126,201,102,5,148,138,152,241,14,245,253,96,102,226,205,82,128,56,5,240,207,0,187,160,116,90,111,45,123,60,20,185,24,99,226,252,79,232,24,87,7,186,157,23,179,251,188,136,153,153,226,211,84,147,149,185,49,9,250,255,121,65,0,51,221,252,33,222,17,10,26,136,185,81,137,52,148,9,119,95,190,249,23,245,76,241,105,137,48,239,150,152,110,121,191,0,163,254,23,242,177,81,150,74,205,143,81,101,93,51,61,225,30,61,70,96,89,89,3,182,6,71,213,126,72,248,28,116,54,104,142,174,130,98,138,3,53,15,253,138,235,126,89,131,110,109,254,2,155,145,11,13,105,103,42,44,200,7,132,230,158,53,45,244,137,154,2,170,92,131,131,165,48,33,41,179,57,185,176,21,176,214,147,24,52,126,209,199,241,10,195,12,244,87,0,138,116,95,31,53,121,82,81,232,190,122,178,222,104,242,98,23,42,0,84,59,202,206,161,147,167,52,70,96,116,145,200,33,214,126,228,148,214,212,186,101,201,123,16,16,138,42,89,104,26,139,11,200,132,89,204,133,208,178,38,172,78,136,34,129,175,243,213,191,232,29,248,212,255,71,187,19,72,176,31,220,98,208,136,67,172,150,173,199,225,47,194,59,73,251,87,57,196,81,234,221,245,240,184,255,201,181,107,30,45,95,128,144,251,64,202,105,95,155,7,170,234,85,123,90,61,64,28,4,158,183,163,190,33,190,104,198,174,102,16,106,29,34,169,172,56,180,141,25,17,244,84,216,242,226,47,3,176,186,41,30,67,230,227,38,93,89,14,155,12,87,41,151,35,167,21,218,74,231,231,99,172,144,25,47,19,150,120,251,217,171,230,48,119,246,75,194,245,245,83,20,23,56,227,45,172,94,81,232,38,33,188,187,239,210,27,179,27,242,148,184,246,142,245,177,223,16,55,103,185,95,86,118,158,79,84,215,70,35,9,50,59,59,226,123,119,134,119,99,184,191,194,10,244,92,137,192,247,76,91,61,156,198,72,106,62,222,52,125,38,74,253,247,65,43,48,76,40,233,32,73,205,122,112,106,121,225,47,194,112,222,160,211,76,44,82,172]
CFO=5959.467168245678,STO=7
EsN0dB=-0.28,GRXdB=40,N0=0.007943281903862953
packet_number=223,correct=False,payload=[155,214,79,221,12,10,9,32,77,100,172,153,71,44,128,28,156,177,88,29,22,213,78,109,80,110,114,30,105,81,216,46,160,176,149,229,30,132,217,9,145,80,169,253,129,213,123,180,126,228,172,52,153,159,189,65,152,168,3,148,161,201,49,97,253,236,243,254,6,110,43,192,189,90,8,92,43,45,90,152,242,103,189,127,51,226,215,55,178,152,70,186,226,135,44,226,187,40,19,15,9,147,153,94,190,7,20,21,94,205,249,223,137,52,56,214,97,198,79,213,80,138,170,170,236,79,227,68,241,245,70,220,220,51,135,7,18,92,134,155,48,82,242,37,117,188,86,46,147,4,137,242,67,52,109,242,100,97,210,156,102,230,249,174,166,18,14,57,18,181,249,222,23,142,32,36,6,45,176,95,132,79,114,208,148,248,249,236,134,2,245,134,225,68,231,126,143,7,63,171,52,172,86,255,161,127,43,215,87,229,203,115,178,141,189,91,179,129,250,214,237,101,175,29,242,212,86,87,198,9,207,165,155,19,170,223,246,73,145,92,223,16,119,223,31,193,193,245,247,35,239,95,227,113,255,255,247,247,232,221,0,23,96,15,138,45,143,190,101,118,49,95,160,79,87,145,20,62,205,191,221,50,244,58,20,204,69,42,228,133,247,223,111,130,25,244,70,15,91,61,8,211,232,228,178,217,185,177,211,18,127,69,117,136,216,159,225,213,177,157,242,240,25,63,115,10,24,25,46,178,60,153,193,247,121,141,160,48,30,236,49,203,7,75,87,218,179,231,67,113,102,125,187,218,236,218,206,141,13,213,155,1,170,61,7,254,235,132,247,117,41,28,34,154,45,145,216,83,82,159,41,42,105,206,52,33,251,244,69,254,76,75,35,130,54,61,7,221,180,59,150,108,142,92,79,151,223,101,150,207,203,218,238,192,103,248,40,90,251,54,165,170,15,239,125,134,49,62,89,13,232,239,244,246,75,73,124,14,12,253,214,230,28,154,186,118,249,137,231,167,222,75,8,187,103,237,31,239,62,31,27,196,6,58,184,250,172,184,227,46,69,62,124,223,114,30,62,206,107,184,174,195,74,230,69,108,157,5,219,63,166,166,68,195,111,61,241,0,51,59,212,163,150,199,178,255,251,95,223,236,86,175,146,254,248,17,96,204,8,196,153,191,14,177,206,160,121,101,109,126,56,12,14,222,208,152,24,69,88,153,168,255,207,214,34,120,43,42,151,77,181,224,200,61,199,174,100,48,203,48,115,220,201,26,187,195,2,213,32,251,242,112,177,104,185,175,208,40,189,112,104,150,42,221,144,112,70,157,3,20,90,61,94,118,115,207,128,157,234,152,17,183,186,1,232,38,2,235,114,123,123,82,68,15,84,160,147,225,138,45,93,139,243,45,96,100,186,62,250,147,192,234,149,177,129,162,227,205,253,201,193,237,101,117,64,238,8,75,164,190,126,34,87,84,222,142,134,189,248,252,56,216,76,76,40,186,145,57,80,231,244,218,248,220,12,237,199,5,131,130,180,29,150,179,32,126,109,202,118,126,85,201,136,193,126,135,217,231,159,154,227,228,75,199,133,255,234,125,129,109,154,79,85,159,73,172,11,155,161,27,25,116,127,187,134,151,210,206,10,167,245,184,32,68,231,220,174,249,194,73,95,14,53,94,141,108,51,127,18,133,79,124,226,87,102,119,243,57,170,187,221,237,4,26,71,111,223,173,201,195,30,56,204,108,79,46,19,163,16,165,164,88,105,92,6,149,9,108,36,232,210,190,184,221,116,230,229,184,76,156]
CFO=8859.393786466457,STO=4
EsN0dB=-0.40,GRXdB=40,N0=0.007943281903862953
packet_number=224,correct=False,payload=[77,228,13,97,1,98,101,197,36,94,228,169,128,49,234,130,177,108,69,129,48,67,141,162,97,74,244,212,2,87,148,18,65,76,12,136,29,113,133,232,40,92,52,223,36,217,41,213,13,68,140,213,98,25,66,78,130,75,19,185,134,89,174,56,128,130,177,242,25,103,140,134,44,18,47,114,39,96,30,202,71,55,43,33,158,81,11,212,30,156,246,211,6,62,86,25,167,242,145,216,177,126,104,105,220,191,202,221,31,120,92,184,124,248,63,83,88,92,111,148,108,223,201,247,158,88,249,223,128,4,124,160,96,98,248,56,99,207,35,134,23,115,196,187,117,224,36,197,141,148,37,115,74,190,19,247,71,95,33,226,156,235,34,80,13,97,98,109,233,228,70,216,155,202,226,221,206,12,217,38,1,192,110,238,113,140,118,238,47,71,155,118,53,214,36,246,117,97,36,185,102,85,255,101,53,123,146,252,36,124,135,116,177,60,51,114,148,32,182,126,21,230,55,240,220,40,148,209,58,199,236,164,119,117,54,205,114,55,132,153,92,92,28,205,186,246,167,166,117,58,152,203,140,119,63,32,194,64,3,8,48,51,69,36,154,86,99,142,39,204,65,145,193,116,16,98,161,153,166,25,162,98,82,110,135,182,13,253,92,196,56,80,138,222,181,200,62,26,18,98,41,5,194,108,9,122,44,129,17,237,74,46,10,77,47,206,181,8,173,172,146,228,100,1,57,102,165,162,25,19,54,149,17,191,178,184,13,252,134,229,241,45,28,165,76,20,36,222,87,200,151,81,121,0,221,69,73,141,63,150,102,36,187,190,153,157,64,233,24,85,24,203,154,169,152,106,237,223,200,60,56,147,10,175,20,32,177,107,35,111,23,66,0,110,3,150,81,107,235,117,12,205,132,213,105,229,153,242,85,124,231,239,47,95,68,170,26,238,217,241,126,169,221,48,13,203,42,253,11,233,143,240,132,9,52,87,61,77,5,6,38,107,48,127,123,207,103,192,127,112,16,249,213,127,240,242,51,80,6,113,145,70,161,50,248,60,241,123,145,124,201,150,135,48,53,126,62,23,180,217,105,210,50,105,218,247,165,195,212,122,55,136,59,219,234,60,152,98,132,3,54,253,221,221,150,61,174,234,91,60,222,160,68,211,163,33,189,3,67,80,47,6,8,107,123,135,5,251,28,73,203,1,45,18,151,139,71,157,39,196,8,12,55,185,88,108,72,79,123,9,0,142,62,82,169,246,25,205,169,228,20,15,200,81,187,198,16,214,133,71,183,2,104,253,31,149,97,73,153,240,115,210,143,234,16,118,3,70,106,67,139,60,72,132,117,205,125,38,245,73,182,118,80,65,135,91,252,200,149,116,164,143,201,138,142,176,170,99,161,122,95,123,1,123,38,36,81,247,131,59,239,129,57,125,100,190,91,223,156,207,8,112,137,195,43,15,198,199,101,165,190,218,43,194,249,36,1,125,101,84,199,112,180,186,34,95,143,198,134,229,131,172,57,154,32,135,95,105,4,129,211,238,33,219,74,109,133,230,159,199,41,168,166,82,199,91,190,99,54,52,31,251,189,194,12,18,237,17,17,109,37,71,87,87,17,206,115,115,102,180,86,160,166,196,60,243,207,241,190,215,185,223,173,35,245,208,190,59,36,80,50,159,247,182,192,94,188,168,91,59,130,92,23,100,59,57,186,121,172,34,238,211,91,255,63,132,248,204,55,5,10,150,66,123,73,152,129,0,36,140,70,3,132,189,36,12,201,151,240,167,173,146,202,78,221,130,70,28,207,155]
CFO=11009.050686208107,STO=3
EsN0dB=-0.19,GRXdB=40,N0=0.007943281903862953
packet_number=225,correct=False,payload=[186,157,26,157,134,25,29,220,134,52,120,97,137,245,64,152,26,49,41,66,48,89,16,188,32,245,93,78,224,196,105,72,84,119,90,148,0,4,14,46,144,185,14,208,168,198,176,98,162,180,216,180,244,70,204,66,96,64,84,249,224,225,106,140,118,212,127,157,83,45,44,79,165,181,105,61,230,37,168,45,137,44,171,38,85,202,14,60,87,71,11,221,143,136,172,229,15,115,224,245,224,69,143,13,144,5,28,140,103,148,123,45,25,78,161,176,142,247,73,216,141,73,217,47,235,176,109,11,59,229,242,78,34,46,168,6,0,90,108,8,11,38,129,28,165,151,43,240,75,87,39,9,210,229,208,36,110,42,19,116,49,119,57,126,226,134,169,162,182,23,59,23,153,141,70,0,36,132,142,206,89,244,231,126,251,27,252,122,171,219,234,221,182,93,72,210,8,13,59,141,15,123,251,53,38,11,171,87,84,175,47,50,153,102,157,69,251,22,117,235,49,10,103,130,21,75,58,202,195,65,130,50,97,33,220,179,133,110,108,127,171,165,122,230,3,239,201,105,215,90,81,159,129,100,176,99,121,192,93,92,200,20,145,174,149,78,160,23,48,64,224,38,57,46,102,148,90,69,192,142,194,101,224,94,32,113,146,12,112,61,18,245,150,152,31,172,72,1,16,60,64,13,176,175,243,244,163,116,86,142,234,192,144,212,14,216,68,64,58,250,112,44,168,212,9,65,8,13,57,20,57,206,16,92,129,70,177,125,45,222,43,149,67,197,29,125,26,83,40,229,171,108,241,25,52,112,142,83,105,204,176,150,221,147,133,211,224,9,83,7,130,145,164,229,4,133,20,144,24,13,235,49,11,184,101,179,171,219,61,214,97,78,52,156,25,130,34,52,236,160,16,231,117,244,154,8,242,45,118,84,88,27,2,54,75,110,115,54,107,218,197,192,171,46,145,168,32,142,4,41,169,102,167,206,190,180,68,243,232,92,64,228,215,222,130,103,148,184,51,73,92,246,2,31,74,91,163,38,8,91,142,183,78,223,39,96,27,119,243,14,107,15,247,199,163,84,37,194,228,45,189,125,184,251,214,239,140,153,193,98,153,159,3,244,170,189,42,131,146,41,120,71,211,219,150,54,254,79,239,250,71,206,35,250,185,76,153,76,10,32,32,39,59,51,162,68,33,5,24,196,249,28,96,64,2,105,106,208,192,232,226,101,105,253,114,63,217,241,132,70,15,4,87,141,28,86,246,160,137,24,252,34,180,186,114,89,129,213,193,203,149,94,50,174,224,126,96,13,226,125,136,29,188,156,244,24,199,137,9,3,99,96,49,31,41,154,8,99,226,10,84,113,88,206,59,49,9,206,22,211,20,76,9,204,220,22,23,103,81,205,17,209,57,188,25,47,207,173,96,141,204,169,211,141,113,215,224,117,106,75,170,173,200,214,5,208,18,15,22,156,25,74,98,102,47,150,75,38,43,223,98,19,180,239,88,196,22,84,197,34,248,141,51,62,60,61,192,207,22,174,20,20,50,61,99,33,217,106,241,162,52,159,137,103,138,234,116,223,73,15,112,243,88,167,24,66,40,64,148,232,74,27,3,28,43,179,171,38,107,5,51,118,179,9,97,86,3,167,90,13,83,67,107,183,58,175,108,85,111,99,142,55,79,3,177,31,136,73,173,61,17,109,18,205,179,158,136,232,195,203,243,82,102,55,239,202,229,194,203,118,202,89,64,58,26,108,4,26,204,146,11,43,1,174,88,13,3,158,154,36,70,75,240,188,172,60,84,178,10,94]
CFO=5908.140193907802,STO=7
EsN0dB=-1.12,GRXdB=40,N0=0.009999999776482582
packet_number=226,correct=False,payload=[128,94,233,67,71,200,227,203,69,19,224,146,204,46,196,189,13,88,165,241,177,20,243,113,184,221,17,247,235,136,248,222,199,74,1,44,15,47,40,104,175,138,160,75,27,196,195,178,98,0,255,243,2,86,243,29,3,22,180,54,195,70,242,22,4,146,164,63,132,83,13,17,60,148,8,212,198,194,225,116,3,112,96,132,207,210,151,10,143,38,8,143,93,213,133,180,117,133,126,228,40,242,245,254,232,186,71,51,85,148,254,247,142,254,127,183,70,220,217,151,105,86,187,62,205,112,255,245,24,57,215,15,210,72,107,231,184,159,132,107,67,161,188,163,17,19,189,247,111,139,173,216,117,191,244,59,227,51,95,78,75,221,22,119,75,24,229,49,173,72,242,158,69,54,26,27,251,216,89,63,217,51,157,243,104,31,107,176,238,41,190,228,109,94,77,188,45,110,215,232,148,94,250,184,19,186,236,20,29,77,133,145,94,249,69,81,172,144,132,149,207,96,44,255,94,25,138,207,199,220,229,62,174,194,171,222,156,207,83,232,4,26,157,53,138,253,191,231,192,157,203,241,111,253,74,129,44,214,12,185,119,16,114,234,156,124,201,212,140,1,193,89,87,19,121,149,68,9,49,49,112,193,51,49,113,232,103,92,22,46,37,242,82,66,110,176,20,127,134,60,194,210,238,165,238,219,57,41,240,183,215,195,154,35,103,228,218,38,154,225,116,22,239,34,194,3,132,124,222,80,197,112,14,41,110,200,39,145,182,57,100,122,97,52,246,219,134,221,2,129,171,255,163,38,233,116,70,145,225,112,208,144,244,86,138,114,187,241,55,152,5,154,111,182,239,68,37,243,149,45,121,223,155,185,13,140,183,136,177,249,120,202,42,181,164,217,144,137,175,89,92,183,127,121,154,121,105,121,101,112,110,249,93,217,213,142,28,10,30,93,0,238,246,197,9,208,206,67,142,215,233,123,1,148,2,51,254,203,135,113,241,153,236,129,63,84,226,28,13,231,45,41,168,83,251,223,14,155,33,110,215,221,126,153,99,77,12,247,168,100,173,247,175,152,173,190,225,222,197,184,29,196,174,116,201,7,247,242,247,18,53,59,237,250,246,253,71,20,217,0,107,93,145,115,70,250,142,188,237,159,190,12,96,113,245,54,160,101,42,169,201,188,68,31,52,51,236,241,169,133,166,50,85,211,133,224,147,201,221,50,249,142,224,235,228,68,102,5,214,249,25,56,104,81,30,118,151,225,225,234,33,80,138,186,70,115,211,195,41,22,228,171,249,240,111,243,30,225,14,253,137,91,146,14,19,93,69,252,16,19,68,243,207,146,37,93,134,6,96,215,197,131,183,166,70,237,54,159,23,158,21,31,150,119,134,166,131,246,170,39,203,86,76,255,18,26,43,187,228,87,104,222,244,135,140,242,44,230,5,242,42,41,72,42,8,106,231,204,202,36,119,187,240,120,124,227,234,90,179,186,21,255,211,107,239,68,171,241,52,249,201,230,123,134,23,84,27,16,65,115,75,87,233,164,206,103,222,58,47,125,109,77,129,95,36,111,131,207,253,157,206,205,8,110,142,157,48,125,104,191,93,116,7,215,147,133,108,112,176,253,97,178,84,189,172,121,148,29,237,181,138,229,104,254,108,228,2,74,92,152,81,117,40,151,245,131,222,16,143,220,206,5,39,223,87,47,45,55,53,79,232,161,136,247,104,138,237,250,45,79,53,167,182,93,124,176,9,138,105,139,20,148,33,219,19,113,125,120,200,248,107,58,141,128,239,147,196,208,183,247]
CFO=11944.215522794251,STO=3
EsN0dB=-1.70,GRXdB=40,N0=0.009999999776482582
packet_number=227,correct=False,payload=[49,227,39,229,32,55,1,35,153,184,8,108,89,212,122,120,181,132,104,85,121,85,194,186,161,97,210,80,66,229,218,40,147,116,105,208,51,192,142,4,16,140,182,189,55,37,185,100,195,161,155,110,116,212,130,79,216,134,104,108,163,28,252,241,236,249,216,161,151,71,81,201,145,51,157,83,197,52,15,76,167,53,108,253,242,229,20,197,145,177,188,245,122,100,53,116,37,180,135,13,243,78,17,95,33,33,0,199,170,188,231,197,88,37,128,34,132,124,200,137,180,164,78,15,87,151,122,195,79,112,33,190,16,36,24,14,17,194,94,56,144,2,129,174,26,22,93,30,168,81,155,217,138,48,64,100,66,78,72,12,104,55,213,103,3,222,156,157,156,204,25,158,170,58,170,36,190,59,138,125,73,8,192,134,130,255,232,207,211,194,14,106,211,250,27,247,3,36,202,151,83,109,14,57,3,82,33,188,123,181,107,31,99,182,195,218,71,214,84,14,181,103,78,110,50,34,107,238,227,141,28,220,24,210,153,138,183,163,74,19,99,177,203,109,98,147,74,159,137,182,219,118,35,97,74,42,226,229,12,235,80,120,78,212,31,18,85,20,152,19,155,42,194,93,106,29,81,230,77,220,22,82,60,68,169,146,169,85,10,80,235,41,228,196,191,195,7,80,143,194,230,11,34,111,58,178,80,184,133,239,227,44,93,113,111,137,212,132,72,228,129,248,137,169,143,29,24,141,219,20,9,13,32,33,47,150,32,56,107,52,40,73,197,29,9,112,68,32,99,101,115,130,74,241,63,121,107,12,205,153,239,68,249,173,125,205,89,65,25,180,232,44,114,17,172,30,29,141,78,90,167,224,200,161,216,80,189,115,66,7,229,55,155,7,210,180,144,107,160,43,0,182,186,81,121,12,10,40,0,70,28,87,54,3,114,182,209,113,120,213,196,234,131,36,28,136,218,133,199,182,8,48,250,150,72,190,106,236,200,168,75,115,202,71,31,171,151,237,180,210,159,191,197,107,56,146,177,101,241,19,51,235,124,186,31,41,44,115,175,71,19,212,65,95,8,10,78,78,93,108,166,68,37,218,83,122,155,202,176,130,153,63,207,169,239,67,51,38,248,62,225,95,98,79,96,197,154,166,198,18,234,223,242,45,166,57,185,21,211,141,26,19,188,244,38,40,112,237,112,60,104,92,193,8,222,239,193,68,83,228,96,192,8,101,49,64,168,24,3,7,8,236,159,100,19,64,249,17,242,128,151,22,36,238,84,151,253,213,69,228,225,152,162,73,34,8,224,51,209,164,83,18,97,121,98,87,57,253,241,37,72,132,11,82,56,19,234,89,60,116,241,85,134,173,149,166,118,132,117,246,254,88,31,78,25,71,42,6,70,127,249,25,59,1,134,145,170,142,5,69,192,77,147,230,212,220,49,178,61,141,128,132,62,240,245,244,98,97,30,196,216,63,164,166,73,103,112,254,226,50,131,70,122,26,114,180,152,72,124,102,77,104,61,3,194,217,200,198,103,156,35,126,223,164,174,170,241,99,118,2,250,58,2,206,8,26,203,166,48,140,115,196,114,58,5,196,108,58,170,22,48,160,15,147,171,175,0,142,75,141,30,111,166,91,93,18,204,206,217,52,146,144,65,190,79,144,243,36,219,91,190,23,179,221,185,205,210,181,50,87,123,242,100,43,219,131,139,131,137,129,215,14,46,7,171,127,237,44,253,207,231,253,148,234,98,164,180,116,25,93,0,40,96,4,160,101,177,105,202,148,89,79,253,13,58,38,162,200,129,172]
CFO=8920.600819166235,STO=6
EsN0dB=-12.02,GRXdB=40,N0=0.009999999776482582
packet_number=228,correct=False,payload=[175,107,240,202,52,187,94,125,143,104,120,114,48,167,236,242,69,247,211,92,27,154,69,167,171,153,29,220,133,243,129,89,251,98,75,178,4,66,117,203,250,62,181,17,81,186,225,82,211,177,157,9,237,178,3,126,209,115,248,6,243,88,14,216,157,184,14,21,178,144,142,231,55,33,253,157,123,6,123,104,46,182,149,75,197,3,96,38,107,74,58,101,58,189,9,119,231,94,149,24,98,136,172,245,111,163,115,68,104,148,231,161,228,110,188,117,150,241,113,164,107,207,147,28,195,219,201,221,63,241,209,246,141,95,223,49,86,249,63,161,12,138,239,247,136,9,34,141,189,139,176,251,225,88,235,58,171,111,233,160,73,171,150,92,167,207,197,163,102,42,104,53,76,28,227,89,92,227,87,165,209,151,175,184,133,176,50,201,61,237,167,135,200,82,89,61,248,168,192,202,48,36,229,39,72,21,50,34,152,82,174,86,138,55,186,87,185,23,39,115,218,149,250,88,238,211,242,187,255,124,10,229,193,67,134,15,194,219,163,198,231,9,16,213,214,186,33,184,23,188,44,205,189,252,144,0,67,101,83,33,157,77,2,129,67,201,213,145,132,200,208,113,178,91,198,16,31,36,214,16,191,32,29,188,171,139,206,250,240,2,154,64,211,212,231,24,155,44,149,157,119,213,95,83,185,233,25,148,66,106,82,94,69,240,159,225,6,25,6,130,194,186,12,15,242,28,95,196,82,22,48,115,251,11,201,216,111,213,239,228,68,61,117,41,1,245,250,89,197,148,25,235,70,176,76,38,182,157,25,42,41,162,141,79,130,44,114,71,212,173,147,253,246,87,124,89,62,31,233,74,64,46,1,84,103,229,139,94,70,128,44,80,196,137,48,66,3,168,112,55,206,11,247,38,132,178,249,102,113,112,122,211,28,184,39,132,131,212,165,206,187,132,139,51,121,78,166,225,220,168,85,42,156,182,174,95,41,123,222,27,59,233,69,171,241,29,2,169,127,51,17,45,147,242,147,81,67,217,71,107,139,207,102,68,69,49,226,2,229,147,86,31,75,150,20,173,236,204,224,126,153,155,226,224,147,246,96,182,127,39,127,202,179,130,6,65,159,64,86,152,79,159,62,23,147,86,116,200,17,165,150,160,58,226,83,113,141,72,219,53,235,171,139,21,152,95,42,195,125,35,184,101,8,7,166,197,84,89,67,137,193,142,253,204,133,90,34,219,224,135,52,163,156,118,72,76,90,122,164,187,147,236,177,205,177,246,174,208,16,96,201,240,131,34,25,226,94,210,246,216,179,220,240,27,10,13,225,146,9,142,43,229,26,77,46,180,79,27,252,167,30,38,87,198,237,193,190,39,22,112,74,159,182,201,163,138,215,138,35,67,73,42,236,153,51,229,194,100,84,200,189,85,43,170,133,111,45,86,155,179,172,191,101,31,26,75,35,76,39,108,82,60,106,134,20,221,11,125,31,32,19,235,168,160,217,86,144,13,223,67,114,31,81,16,115,147,154,111,144,111,87,230,76,165,215,84,49,80,36,16,155,31,235,182,175,39,201,204,62,193,163,226,172,112,165,27,124,181,220,136,234,199,168,111,40,63,75,157,40,89,35,255,96,69,241,149,188,243,76,241,5,3,28,109,10,61,89,52,127,56,186,176,117,46,79,231,33,183,216,174,248,57,191,149,162,217,77,91,73,244,62,128,201,128,124,153,111,244,97,57,176,231,255,140,117,250,89,80,114,62,48,165,79,243,44,132,107,206,120,246,51,156,154,251,1,91,175,92,187,104]
CFO=8299.757493634539,STO=1
EsN0dB=-0.98,GRXdB=40,N0=0.009999999776482582
packet_number=229,correct=False,payload=[68,132,111,195,145,50,5,228,128,231,53,15,40,160,10,148,76,131,227,1,59,195,11,139,145,87,38,226,19,16,154,216,94,220,15,154,255,0,162,126,148,110,33,112,62,92,82,76,207,133,25,101,145,246,145,232,108,188,38,220,43,38,25,10,97,29,111,96,86,45,99,16,71,86,135,122,17,80,66,228,32,91,164,54,244,28,213,92,69,221,143,122,68,92,34,119,80,138,125,224,241,68,247,228,124,106,118,165,97,204,169,45,182,123,46,246,249,93,189,8,232,33,83,117,155,234,63,237,108,223,18,63,213,29,67,198,247,32,198,136,162,171,156,4,5,190,76,16,26,14,38,140,128,154,97,62,176,44,10,13,60,156,29,249,162,161,67,37,208,166,167,57,145,146,19,150,147,158,122,169,28,185,99,145,0,23,19,122,48,89,53,145,241,44,111,153,7,130,122,12,130,66,183,204,111,193,22,220,75,222,115,2,242,227,167,153,84,90,120,218,251,235,156,132,119,215,4,219,113,18,163,103,171,135,23,228,25,65,166,119,101,17,250,202,119,162,35,246,61,170,95,208,83,226,148,217,157,243,158,10,22,169,139,130,211,69,19,12,33,73,76,135,8,76,103,204,165,255,97,70,117,67,30,0,253,16,213,10,4,201,228,8,45,146,3,197,55,18,3,32,103,162,41,93,20,240,43,83,109,19,235,218,215,152,51,81,173,219,186,140,40,13,13,212,64,64,24,244,207,83,184,232,111,130,1,92,29,220,82,114,12,75,144,70,12,198,210,220,210,64,31,102,100,158,75,224,71,228,135,108,103,198,15,105,41,16,235,241,240,174,159,116,241,73,187,233,25,159,249,104,15,80,11,234,123,118,31,206,113,150,251,112,135,204,153,236,139,179,8,43,66,221,235,112,136,228,64,240,156,110,184,145,234,204,235,200,29,174,135,127,196,236,182,228,231,180,166,168,50,216,175,210,179,255,117,19,153,60,8,112,191,135,215,88,25,242,75,172,137,190,157,72,210,57,97,100,196,127,147,138,235,146,73,133,70,146,214,68,248,145,210,33,128,123,197,77,157,190,148,86,80,214,221,72,179,66,58,132,47,106,105,219,240,84,23,220,73,203,195,244,170,226,167,28,173,202,123,120,49,38,90,65,205,228,153,180,15,19,111,5,140,52,32,216,168,0,3,141,193,207,189,47,107,145,31,189,63,62,214,111,19,41,103,21,85,56,127,169,224,58,225,116,4,243,7,53,48,59,57,64,78,5,121,56,186,13,31,57,183,56,111,84,113,41,214,60,211,252,58,47,65,102,127,143,247,59,134,40,94,0,175,108,216,124,58,94,59,158,43,68,20,185,94,4,218,221,121,253,74,95,1,208,133,167,69,21,211,225,23,239,205,27,155,100,97,127,203,244,90,107,169,180,48,162,238,217,222,188,86,255,158,89,198,65,140,12,64,237,151,63,137,127,135,15,72,192,71,230,141,2,240,2,15,176,196,86,84,144,176,10,16,140,223,208,214,36,134,219,199,133,178,5,226,131,128,41,251,187,72,1,141,180,209,67,162,45,70,179,37,94,181,253,47,27,45,78,189,228,101,107,203,130,203,107,207,195,241,214,32,224,221,133,151,100,17,118,23,144,154,15,235,215,153,114,66,162,64,182,79,211,252,121,233,55,111,255,109,43,4,247,65,93,201,82,229,77,32,78,242,191,199,109,173,239,184,136,178,191,113,164,75,57,68,14,44,205,232,132,43,14,13,29,71,206,238,22,46,134,0,124,73,127,13,159,39,157,48,40,169,209]
CFO=-4689.458948061353,STO=7
EsN0dB=-1.43,GRXdB=40,N0=0.009999999776482582
packet_number=230,correct=False,payload=[111,18,190,118,151,91,162,152,92,255,86,167,44,122,126,54,229,131,149,252,54,140,88,238,111,82,252,116,83,50,177,127,244,133,94,114,111,220,89,188,238,240,91,180,219,241,109,146,121,151,179,255,118,251,141,31,31,75,100,173,254,195,186,112,85,217,109,239,130,61,205,141,63,211,160,138,210,193,87,109,39,183,251,233,164,137,11,62,118,51,255,244,218,90,185,248,255,226,126,239,227,154,157,74,11,152,11,71,143,214,100,155,165,115,103,68,176,173,174,9,125,207,233,172,223,255,103,239,187,151,187,172,189,103,126,70,111,187,186,111,206,185,196,45,39,135,114,189,55,138,107,3,173,233,247,203,179,140,46,244,253,97,248,236,199,115,84,58,197,69,60,187,233,251,139,255,213,189,88,63,171,8,219,62,202,82,81,71,204,241,29,249,128,125,43,100,58,157,156,212,190,189,237,190,118,121,84,250,100,24,195,251,251,209,182,72,110,191,19,240,255,204,235,92,191,234,138,255,199,77,189,119,126,93,217,247,243,45,106,105,191,116,222,247,131,127,155,229,47,173,211,254,42,248,47,88,241,209,207,180,228,21,17,137,223,197,210,36,31,190,223,250,197,252,111,178,90,25,116,175,94,125,197,93,122,221,250,144,198,254,140,165,154,179,243,77,119,16,250,76,211,126,95,108,62,204,165,226,243,242,250,35,215,132,41,129,234,206,114,150,123,195,139,116,75,241,141,189,170,241,61,156,44,100,85,30,243,122,95,141,239,245,110,93,102,227,207,252,190,45,69,174,78,169,223,219,157,183,94,37,30,119,118,40,135,94,15,167,170,246,255,159,0,156,70,99,186,154,232,249,247,232,105,252,111,23,199,215,191,180,187,7,236,115,27,121,123,86,78,151,82,189,100,120,247,187,169,103,94,237,87,137,51,121,83,50,252,156,130,246,239,90,78,191,51,34,187,60,219,190,220,167,166,117,246,255,238,118,246,79,43,211,209,210,234,232,81,158,238,15,158,219,213,232,81,175,135,95,23,130,73,103,116,195,151,182,75,244,199,207,141,159,52,243,159,241,99,159,160,195,95,133,158,189,191,47,127,61,108,93,211,103,215,181,253,239,212,68,251,251,248,238,223,195,223,211,228,126,213,250,175,47,242,95,153,117,207,89,91,236,14,182,145,84,177,95,62,236,230,188,206,165,216,243,179,43,15,158,226,222,242,187,223,221,94,197,219,117,39,70,92,160,89,218,62,88,125,164,188,189,239,24,77,105,134,250,107,210,158,57,117,204,182,3,92,31,222,176,254,72,39,234,47,202,195,177,53,159,253,125,252,27,218,74,153,36,191,16,134,93,39,206,31,187,172,164,239,241,75,23,199,237,239,25,212,209,235,42,149,230,158,147,245,245,127,172,243,101,214,48,253,170,107,155,205,140,106,51,99,94,237,155,23,238,221,203,115,123,23,93,31,113,45,92,127,122,95,177,173,51,133,239,66,30,191,224,124,71,70,82,246,254,200,90,127,131,236,241,29,156,47,247,102,75,127,151,131,152,31,177,225,171,103,86,69,22,251,61,251,192,75,237,243,242,157,119,137,78,198,199,197,203,204,98,226,151,239,177,116,169,124,126,30,155,219,56,65,127,219,239,31,255,222,244,227,176,231,139,216,201,47,150,76,115,205,127,47,81,238,242,123,172,243,195,163,30,209,182,252,61,127,103,80,159,220,183,255,100,207,56,10,158,200,222,121,240,159,102,54,215,250,122,223,244,222,103,70,63,95,195,246,126,253,184,7,191,30,254,46,165]
CFO=605.55668626507,STO=5
EsN0dB=-1.67,GRXdB=40,N0=0.009999999776482582
packet_number=231,correct=False,payload=[53,80,239,205,242,232,118,231,31,15,191,234,218,153,120,80,75,154,244,45,1,179,4,110,254,98,140,170,252,112,4,146,237,171,22,51,246,121,197,94,222,74,76,207,95,121,92,76,240,94,210,81,180,42,119,66,175,41,218,71,98,230,113,62,105,247,100,245,202,230,160,36,153,163,231,83,160,118,182,194,202,138,155,155,57,107,52,158,186,139,61,175,254,162,249,187,191,158,152,154,187,6,224,38,234,222,149,111,117,110,59,246,214,114,57,218,117,203,177,225,236,25,126,182,82,183,242,51,222,198,76,177,13,6,16,247,13,207,99,20,194,243,207,59,63,123,159,175,141,57,189,211,52,251,125,19,29,115,215,240,166,155,124,247,226,187,193,106,233,94,9,126,18,1,85,7,206,242,241,83,69,248,80,7,57,25,121,221,81,129,127,116,104,175,37,101,164,255,232,239,75,124,90,188,241,77,245,129,9,147,187,203,177,106,183,165,114,183,189,14,151,171,184,99,137,26,214,229,200,196,206,217,138,91,205,126,56,231,56,9,158,28,163,30,37,203,172,124,201,229,235,99,112,246,187,254,223,99,233,245,98,79,150,201,213,92,110,127,117,98,34,79,139,20,218,123,22,93,232,26,95,107,109,199,80,152,86,119,218,90,127,142,30,202,253,86,73,248,214,95,178,218,207,117,246,70,84,5,128,154,175,247,127,218,232,158,42,126,62,117,254,98,144,223,212,222,252,183,29,62,204,30,147,248,158,86,10,243,241,158,168,254,162,53,5,234,18,227,57,242,37,189,166,222,188,38,150,6,236,198,250,123,116,170,149,17,212,150,253,207,223,158,35,43,206,190,109,63,220,143,202,111,74,107,233,236,183,117,2,15,12,101,13,10,109,59,66,162,52,101,17,21,69,251,171,73,40,253,142,77,237,157,188,158,215,115,168,45,159,60,39,83,21,85,134,66,216,219,147,100,69,118,221,251,101,221,74,113,116,17,235,251,158,205,145,116,237,77,98,126,188,193,250,6,20,5,49,251,37,153,9,22,147,29,177,187,156,95,49,190,163,155,73,116,162,115,239,41,30,250,124,71,4,150,16,85,238,215,6,161,252,205,222,111,207,202,139,246,141,6,34,230,229,165,202,109,163,182,54,214,175,222,145,197,245,249,6,90,17,34,16,61,222,25,148,135,197,117,106,148,149,237,48,170,109,178,205,243,157,14,55,130,168,211,32,115,94,254,108,212,90,52,54,94,207,233,204,176,235,118,126,115,100,85,76,68,181,75,91,108,249,96,23,54,246,119,126,125,104,205,111,233,173,14,201,72,239,137,177,230,67,57,161,35,143,15,189,245,49,190,184,22,196,191,209,211,210,254,255,67,125,63,140,246,130,69,201,32,238,174,177,7,246,79,224,91,250,143,143,255,209,246,250,219,161,43,219,253,44,130,191,81,61,103,200,28,147,14,159,84,251,199,62,114,20,70,252,197,146,143,227,155,45,39,111,237,47,7,111,115,50,127,182,11,115,182,192,250,138,142,155,201,91,12,109,57,101,188,219,107,126,157,112,122,123,232,30,73,37,109,81,181,250,75,126,173,99,33,83,4,132,247,150,10,156,63,209,115,117,155,31,85,180,95,187,96,176,115,21,119,167,127,3,254,237,190,244,127,5,185,81,197,157,103,73,145,110,33,242,79,209,194,242,4,220,94,243,93,73,223,251,143,245,244,207,201,239,192,250,138,125,90,5,44,253,166,93,11,141,58,51,66,208,185,28,24,62,76,53,252,244,116,221,51,68,110,48,224,186,132]
CFO=10350.52843239256,STO=5
EsN0dB=-1.66,GRXdB=40,N0=0.009999999776482582
packet_number=232,correct=False,payload=[198,208,174,139,169,34,100,204,20,20,176,21,72,52,52,137,76,145,215,3,192,213,135,205,65,124,158,54,177,248,108,145,171,16,70,230,179,99,113,254,119,3,92,194,145,12,70,221,53,210,18,137,215,103,220,19,83,27,145,50,52,248,210,217,81,172,22,100,176,176,30,159,100,44,39,129,12,244,88,252,162,161,66,132,99,175,241,196,55,125,132,37,160,117,194,167,108,6,6,146,99,103,118,52,106,70,20,236,87,210,97,4,202,245,4,51,45,63,91,38,198,29,112,147,62,241,23,228,247,219,49,204,27,234,77,205,34,73,11,20,194,161,242,25,229,127,40,16,148,250,2,195,237,250,72,4,37,229,10,179,162,97,2,54,29,207,160,122,218,53,179,253,187,154,222,243,209,195,138,26,255,190,126,50,22,224,156,81,171,247,138,191,195,126,6,177,48,38,248,48,25,123,214,130,112,200,197,213,132,236,37,157,150,127,138,19,36,116,252,120,92,185,45,91,61,56,87,19,111,106,140,222,172,71,141,31,46,158,221,92,30,74,175,191,53,24,45,66,191,37,157,60,175,144,212,199,204,212,137,0,26,160,70,92,128,123,198,177,162,152,100,155,65,163,67,120,64,167,114,7,227,214,156,123,42,233,67,221,192,87,68,1,72,113,94,146,85,244,52,74,163,233,119,92,65,221,248,165,150,112,38,228,25,3,12,168,62,115,2,131,98,96,17,103,36,180,225,116,194,228,131,230,136,22,252,245,1,235,180,146,8,69,182,206,179,108,128,147,227,215,213,210,136,92,129,175,102,119,154,30,177,93,149,172,192,14,176,28,99,162,101,117,10,97,204,83,131,219,213,159,36,231,223,247,211,116,136,176,153,114,129,61,108,240,152,120,178,241,148,43,235,154,76,44,105,168,153,189,231,11,23,47,132,152,153,196,180,102,124,20,68,60,138,215,101,108,174,61,62,49,227,211,242,216,112,80,128,63,74,74,119,35,167,23,187,119,207,198,116,240,156,113,4,60,120,104,204,94,138,152,99,10,47,58,204,198,25,179,67,89,103,207,233,188,79,29,144,147,163,101,95,182,149,158,232,120,75,88,126,207,11,158,170,180,191,153,107,16,190,41,63,194,223,214,159,19,11,105,239,175,199,240,148,23,88,96,232,190,64,92,54,134,233,131,53,228,194,112,245,32,114,203,166,126,89,213,149,227,40,84,237,113,253,130,8,234,43,168,44,50,194,63,246,81,35,36,7,236,66,128,96,67,240,20,182,22,250,240,224,161,163,248,137,164,252,134,34,138,2,152,4,131,43,150,108,17,209,112,130,124,179,244,86,99,205,150,117,100,189,249,225,247,168,236,28,79,149,196,94,230,197,165,161,85,170,44,99,248,0,210,173,32,229,129,206,153,222,171,94,139,71,68,201,165,162,198,230,212,105,247,39,98,81,81,201,178,40,195,68,54,192,109,168,16,109,252,192,242,154,28,11,243,137,29,177,88,89,215,71,40,235,4,81,74,28,24,57,185,40,181,149,24,180,220,73,177,204,178,96,254,149,174,35,103,160,52,141,191,161,23,3,25,179,33,167,234,108,156,135,221,108,124,120,10,93,0,160,248,207,92,75,186,69,181,7,111,112,91,60,205,237,249,75,79,204,111,241,174,42,87,240,189,83,103,28,92,82,30,169,92,69,180,133,211,72,30,212,114,195,223,229,85,156,63,29,79,83,234,186,228,48,241,64,9,52,114,101,56,195,1,128,206,48,95,178,227,99,185,9,192,128,85,8,240,173,6,233,37,194,17]
CFO=-10640.108531816022,STO=3
EsN0dB=-1.49,GRXdB=40,N0=0.009999999776482582
packet_number=233,correct=True,payload=[148,122,6,171,200,240,239,112,39,142,27,186,170,192,127,90,101,156,217,220,127,174,243,248,239,207,78,47,94,155,72,90,185,253,191,127,198,62,244,65,165,118,153,91,230,246,207,151,218,90,233,185,244,39,199,242,253,222,61,213,215,207,243,254,216,124,230,131,87,53,103,127,68,194,234,247,190,50,53,148,131,222,111,127,189,110,25,93,233,205,205,36,117,148,245,240,67,177,171,191,65,255,7,181,130,160,39,153,223,56,255,122,145,205,247,246,37,179,219,191,58,191,178,246,86,252,53,233,192,95,218,27,210,240,233,255,34,168,166,182,118,31,40,246,214,231,208,187,52,167,240,44,247,51,52,203,229,172,68,237,133,81,188,131,254,189,195,222,224,214,187,115,215,121,31,142,227,228,175,85,254,154,27,60,128,124,172,197,190,100,215,43,17,245,73,217,55,190,255,91,113,62,155,130,20,131,164,204,93,155,210,37,228,33,83,14,239,124,141,210,79,252,249,120,42,0,47,237,231,205,234,164,113,174,222,221,173,201,247,37,246,25,175,251,190,27,179,126,165,255,188,197,11,191,198,229,158,15,206,20,109,27,211,47,175,174,199,122,123,123,218,223,167,74,254,43,233,250,220,210,157,169,243,233,172,95,171,74,84,138,156,90,190,4,154,122,141,161,219,250,110,26,178,3,35,132,191,107,223,217,185,180,158,251,156,189,103,230,73,203,223,55,244,173,47,156,178,75,213,71,102,122,157,246,189,255,143,77,6,114,71,154,157,217,234,31,239,119,221,83,239,150,169,179,168,167,221,221,231,202,31,253,79,253,201,143,131,219,156,145,232,219,240,151,126,134,250,181,169,56,14,48,143,191,159,187,21,248,5,189,32,210,127,54,62,124,195,59,255,217,247,158,243,223,223,176,141,161,191,75,244,160,253,168,225,37,107,143,152,246,74,107,169,56,152,207,8,251,165,22,189,247,225,222,244,183,220,154,157,201,244,231,116,158,225,126,95,35,211,214,181,240,226,70,95,159,83,226,236,209,183,190,47,108,253,154,75,68,158,94,240,247,120,126,103,125,246,130,90,252,96,159,38,86,172,241,241,71,225,249,190,123,182,171,227,248,63,169,126,86,129,255,102,102,111,25,130,218,111,10,236,249,30,181,46,53,203,47,254,72,213,95,75,58,251,162,253,29,54,204,230,202,82,217,247,237,106,145,109,91,47,155,213,179,216,198,178,37,95,50,87,182,149,37,188,251,186,159,126,199,207,8,215,200,193,254,191,217,248,29,125,185,27,231,48,226,81,142,210,6,122,62,132,22,153,124,237,209,191,229,20,237,95,65,235,175,62,110,63,228,240,56,183,159,198,90,177,176,63,141,237,159,184,221,53,232,77,189,188,237,120,125,86,143,4,88,63,175,254,169,88,181,25,61,135,103,249,122,114,129,186,222,29,109,49,143,46,91,246,41,12,111,222,118,92,208,207,252,45,73,184,234,247,127,147,184,246,31,233,213,123,139,13,116,89,54,188,253,136,164,243,251,7,87,249,154,229,80,126,224,171,114,205,219,243,123,253,233,31,117,29,242,53,255,247,219,105,223,155,6,102,175,214,102,167,250,70,106,179,23,127,230,174,254,138,174,223,255,232,223,228,238,63,211,154,108,189,251,119,97,27,57,210,186,115,163,182,110,192,109,255,122,220,90,131,227,205,57,102,223,225,247,59,255,140,207,170,186,123,202,43,61,151,244,244,12,237,159,101,43,236,246,86,193,71,75,216,215,73,119,130,212,99,33,242,126,191,229,217,6]
CFO=6279.276546570754,STO=6
EsN0dB=-1.32,GRXdB=40,N0=0.009999999776482582
packet_number=234,correct=False,payload=[255,81,159,71,64,114,126,217,5,56,255,213,158,121,46,6,188,108,244,238,250,94,28,30,196,109,34,39,57,66,246,228,52,240,53,112,100,52,197,13,70,25,75,82,24,139,56,239,205,20,252,202,130,143,67,190,69,200,226,44,172,230,45,248,242,88,251,17,132,53,85,61,83,29,107,118,117,115,18,172,55,173,28,90,119,98,222,165,96,13,141,113,5,101,201,245,87,127,49,189,238,135,20,211,87,26,220,209,71,38,86,152,161,188,223,36,254,141,224,158,197,156,186,107,113,153,169,5,195,163,55,28,165,208,98,20,87,46,106,1,19,49,80,7,187,140,78,171,121,62,142,173,251,114,54,107,109,234,39,161,170,177,18,128,51,246,211,186,95,107,218,82,219,70,107,80,168,226,126,184,22,90,174,67,9,248,42,56,132,33,179,121,108,187,255,231,182,52,70,25,132,133,181,68,226,250,196,50,84,58,95,158,9,251,85,66,147,173,222,13,77,87,107,127,133,236,47,227,235,162,219,170,111,143,199,156,241,172,253,90,195,24,31,228,201,215,235,229,225,238,207,182,243,162,67,47,119,251,245,24,10,15,146,36,146,127,80,24,37,46,159,51,202,7,191,138,206,69,151,8,48,52,205,132,250,20,184,109,184,1,120,107,198,240,146,170,252,204,5,165,198,24,105,185,31,249,53,192,61,117,204,134,44,40,103,169,82,225,165,254,220,68,243,1,196,54,56,208,9,91,11,106,45,244,118,29,103,198,116,82,214,36,252,212,103,208,169,250,248,1,111,115,69,83,126,197,113,1,144,43,39,234,216,175,224,184,234,66,187,121,205,132,199,236,252,235,105,169,91,250,128,129,228,244,24,237,43,10,128,51,122,204,135,224,92,108,51,0,104,154,18,93,125,67,254,47,39,110,234,126,87,22,71,99,240,109,7,242,126,242,42,162,135,21,230,221,214,145,200,210,156,135,252,187,43,251,166,117,213,170,151,208,220,221,131,255,74,243,19,218,121,165,9,120,94,109,189,77,123,149,220,98,247,123,255,72,16,243,133,7,97,91,29,90,51,39,167,174,171,91,62,246,118,181,224,86,14,221,164,33,156,131,179,45,239,215,183,24,226,33,163,72,103,19,215,207,210,113,238,227,143,125,197,28,146,83,160,3,166,161,26,48,123,127,12,234,129,44,252,57,49,179,69,108,63,143,112,111,177,186,92,174,243,106,240,118,223,245,26,197,231,162,252,218,238,140,194,158,81,152,84,240,78,243,68,172,78,194,225,78,222,129,239,72,147,236,56,45,231,174,87,43,136,187,208,56,127,23,7,9,252,201,233,249,107,0,84,196,205,179,237,108,83,21,99,126,11,144,188,114,230,173,2,205,93,141,196,52,158,81,189,231,157,116,175,41,241,131,229,252,39,4,115,85,218,120,1,220,235,5,243,147,62,6,229,23,132,131,209,134,95,195,39,16,187,106,238,207,29,86,79,72,7,23,77,8,47,97,100,208,7,114,53,248,180,93,27,175,180,147,138,58,85,145,166,140,69,196,132,161,215,8,122,12,109,205,164,195,237,201,251,10,33,34,60,99,69,167,133,170,145,179,201,143,124,238,86,183,143,23,2,57,216,99,251,237,110,9,213,90,127,67,22,101,109,19,119,123,181,14,13,73,149,177,158,225,191,193,149,45,236,139,92,53,255,243,115,206,93,82,214,171,38,237,100,114,207,189,118,182,254,79,6,104,157,150,184,28,187,68,45,204,109,191,111,37,202,120,117,31,14,61,224,217,89,44,34,120,240,50]
CFO=-5682.306155144331,STO=3
EsN0dB=-0.34,GRXdB=40,N0=0.009999999776482582
packet_number=235,correct=False,payload=[248,169,177,138,44,89,138,139,158,28,171,254,208,18,234,68,243,7,165,63,237,94,233,246,117,45,106,235,62,60,56,223,62,251,50,112,26,118,168,170,143,247,4,191,232,34,253,124,112,30,209,23,180,77,123,185,241,254,248,219,174,119,197,127,199,110,41,173,43,157,150,143,188,25,228,51,157,255,255,219,121,19,241,212,255,96,140,171,81,235,46,235,177,150,93,174,188,119,21,108,1,225,144,175,170,190,63,157,234,253,16,45,61,223,134,213,216,19,209,79,117,219,247,157,95,111,139,110,118,215,247,127,151,94,77,27,216,115,223,47,166,250,36,127,37,116,118,157,183,82,73,230,47,119,235,91,186,167,201,186,122,38,236,126,241,199,227,70,8,210,247,251,103,147,123,219,207,31,183,79,67,191,115,254,104,230,73,94,203,79,31,59,246,191,119,246,254,141,251,149,121,190,209,51,227,237,134,120,141,187,42,252,106,243,177,223,19,183,221,94,166,179,90,221,191,107,204,223,223,75,201,207,255,71,95,253,57,59,246,163,226,231,252,203,194,117,202,41,228,67,34,95,59,46,111,45,223,54,94,239,121,29,184,159,218,102,173,94,155,100,124,181,61,138,186,191,68,156,136,237,30,188,253,127,44,192,207,57,156,116,121,110,231,188,79,239,48,162,41,201,146,30,121,175,189,158,113,172,48,198,94,216,227,250,189,255,215,175,201,102,64,243,244,185,241,223,252,183,157,216,255,158,167,191,239,103,42,157,177,121,27,247,107,75,232,79,30,124,189,93,121,43,250,85,105,253,159,245,225,87,107,98,24,25,153,253,120,222,126,255,248,212,187,151,67,75,98,79,235,231,255,229,249,250,240,86,45,151,72,31,171,15,20,74,137,91,24,231,173,101,126,175,57,186,100,72,9,47,92,39,48,255,209,254,195,248,125,109,91,230,199,139,247,174,154,103,222,109,182,144,183,235,122,174,142,236,163,175,158,207,91,211,39,91,173,242,188,251,170,208,183,235,100,167,191,165,166,115,139,254,113,51,175,173,48,135,214,189,167,205,207,52,210,119,121,103,247,125,13,172,236,245,206,52,159,111,61,187,123,235,187,246,202,181,255,23,150,255,191,14,210,251,191,174,65,177,158,123,147,189,235,202,253,127,199,175,240,223,235,143,92,157,199,184,191,73,120,36,251,157,181,206,164,129,171,202,19,47,36,95,57,117,111,250,73,46,169,180,231,229,169,139,163,214,251,77,65,26,236,101,119,213,93,114,206,70,187,168,223,196,255,254,245,201,234,212,85,247,245,11,167,4,29,217,2,159,233,191,140,221,93,118,247,229,154,62,109,190,157,97,156,207,187,246,241,241,91,195,101,96,79,94,255,237,93,247,187,221,223,183,162,119,174,231,248,246,247,250,143,177,137,243,191,193,202,207,221,127,254,187,235,45,153,54,173,101,89,51,39,190,91,81,67,104,45,62,185,235,249,55,83,205,121,109,38,134,90,239,123,89,169,236,174,125,189,254,191,183,243,141,78,10,131,150,198,107,13,252,254,159,91,131,108,37,110,47,11,254,184,246,51,199,254,79,178,247,126,227,39,180,228,239,199,67,159,219,39,122,43,205,151,235,88,54,43,223,221,99,251,6,174,237,142,5,255,95,82,100,178,209,13,197,79,253,251,93,243,201,109,216,175,191,251,139,230,37,223,116,254,158,54,89,232,59,239,209,237,239,53,246,187,191,58,88,13,11,11,47,250,169,135,237,127,153,31,93,248,219,188,235,35,220,150,55,222,116,245,200,146,254]
CFO=-5588.154369029167,STO=2
EsN0dB=-0.70,GRXdB=40,N0=0.009999999776482582
packet_number=236,correct=False,payload=[254,245,189,191,88,65,2,175,61,31,162,9,75,201,127,71,246,223,77,241,72,208,213,97,221,213,49,254,246,55,127,216,156,119,237,93,44,123,179,187,89,55,40,215,219,87,153,111,115,255,222,125,63,241,88,24,39,13,136,120,162,183,158,221,49,207,115,121,183,150,151,110,183,175,106,205,2,189,76,167,183,226,135,174,188,43,125,89,234,251,62,241,158,246,213,186,151,151,212,54,173,208,107,247,250,126,211,111,183,191,58,89,111,3,185,214,222,247,253,196,185,98,161,188,181,247,123,230,237,27,220,248,239,98,123,202,71,210,89,187,207,254,109,140,55,222,254,232,75,191,223,179,97,103,247,234,232,215,214,134,111,167,6,199,212,236,44,99,127,235,239,84,33,179,110,32,7,223,107,189,42,253,253,246,55,200,93,166,179,240,77,142,153,31,126,247,167,46,151,194,238,199,86,104,109,255,92,126,99,115,134,180,254,239,68,107,74,183,221,104,254,245,157,195,107,174,5,201,172,235,104,219,13,206,243,15,220,85,97,101,126,103,118,135,252,251,101,190,7,187,197,253,119,135,127,179,115,253,25,0,71,112,206,142,31,167,142,129,65,204,219,61,119,241,74,177,219,77,211,159,215,43,50,198,231,111,94,254,246,254,55,77,130,11,114,101,51,74,49,45,242,213,199,95,174,182,191,88,85,215,244,147,187,93,141,169,254,191,48,21,191,109,155,55,164,148,173,63,182,86,216,183,116,190,255,129,126,113,4,110,247,174,180,61,173,134,223,255,84,237,116,175,127,253,45,190,241,57,57,153,63,182,63,239,70,123,64,120,66,53,185,230,168,233,162,150,76,208,95,109,222,218,215,40,250,227,58,244,159,94,247,206,68,244,69,213,92,85,116,230,127,34,124,254,78,181,75,244,219,218,182,204,45,159,94,245,147,244,121,81,209,14,221,87,234,158,249,101,119,238,247,123,21,57,105,152,123,222,79,115,58,25,183,254,225,141,160,220,141,242,73,109,53,241,178,22,18,162,126,253,154,37,202,170,111,226,119,118,63,118,160,198,242,92,82,230,173,241,188,223,255,231,234,236,91,57,123,236,191,60,79,226,122,117,70,223,255,245,228,252,235,251,125,235,79,127,243,27,75,235,95,160,159,165,69,160,61,251,172,215,132,225,43,22,201,205,163,203,75,233,74,204,8,59,37,203,118,218,207,221,12,193,121,223,76,21,238,224,58,150,246,70,163,254,192,223,238,185,76,229,119,28,248,253,234,152,8,40,226,241,152,207,254,219,61,30,47,95,209,140,119,237,37,246,8,163,217,142,150,248,119,249,23,116,61,164,47,231,45,251,123,137,95,126,191,218,125,140,23,249,27,110,125,166,237,194,115,118,195,171,103,113,230,231,189,82,187,19,144,101,235,191,179,189,254,191,251,255,207,57,111,250,91,49,210,239,184,239,230,211,191,86,213,247,109,253,195,254,125,188,172,15,247,238,126,250,116,47,121,15,111,214,76,235,97,95,22,232,107,157,247,189,65,236,123,253,241,218,53,249,86,250,183,233,211,179,59,89,136,200,223,243,231,4,250,181,215,152,83,98,196,138,243,238,173,247,224,100,237,108,96,149,237,249,125,51,87,116,186,199,93,229,23,57,234,186,239,215,94,244,185,83,181,209,10,94,229,202,130,203,88,167,125,55,27,251,88,221,254,45,254,255,219,172,117,246,230,197,86,227,247,24,76,137,70,250,142,88,10,129,94,117,101,51,223,61,201,252,165,37,97,226,32,11,22,78,231,123,159,199]
CFO=-12262.497594929922,STO=7
EsN0dB=-14.92,GRXdB=40,N0=0.009999999776482582
packet_number=237,correct=False,payload=[145,226,23,92,96,90,7,90,57,167,28,246,221,24,6,135,0,50,232,195,40,30,214,84,240,167,42,120,44,139,221,101,25,27,126,27,209,48,127,191,42,76,129,101,85,241,125,139,146,85,193,172,57,45,97,120,140,245,88,162,83,93,233,86,237,9,209,110,62,131,15,131,127,136,174,182,128,32,112,249,177,54,124,83,233,9,60,143,90,252,99,248,117,103,176,77,128,62,211,50,186,8,106,75,55,28,22,124,74,31,55,157,33,171,122,15,61,122,106,87,154,144,110,115,216,233,49,215,146,174,131,242,4,77,65,128,148,34,106,199,160,13,171,120,88,155,75,101,53,147,182,138,190,153,232,40,82,182,78,212,246,3,190,52,169,107,151,145,173,111,251,178,187,236,104,191,58,146,226,146,250,226,63,237,201,77,236,46,84,69,171,107,70,221,166,183,219,91,111,139,59,121,218,74,135,149,44,150,10,159,30,117,81,30,8,172,125,193,247,119,57,156,22,202,163,195,77,194,234,184,233,95,129,45,247,86,222,231,209,108,166,170,49,198,33,197,245,7,159,175,219,126,73,152,193,81,104,2,129,121,124,23,36,144,231,3,187,176,127,205,76,164,207,228,173,173,221,157,205,173,233,209,106,94,41,200,88,77,189,55,68,227,48,107,57,26,222,157,92,83,195,72,184,74,185,154,114,179,62,108,154,33,46,6,35,240,201,20,23,147,20,97,183,90,129,130,231,186,59,60,51,78,135,139,236,179,66,119,217,2,159,118,92,253,84,40,126,103,16,152,67,137,162,2,81,21,111,196,86,179,230,96,38,176,84,45,35,80,72,20,237,208,254,79,202,100,141,159,56,201,97,209,57,220,172,246,129,96,159,71,148,151,115,18,103,1,153,170,220,28,51,154,217,248,117,149,61,114,238,205,141,117,228,238,85,234,89,234,209,160,105,32,119,13,121,106,103,187,154,151,42,175,32,7,2,53,39,62,141,216,39,57,77,75,143,99,183,204,33,90,1,45,74,156,144,120,66,153,162,14,212,92,171,75,252,37,11,8,91,227,101,48,69,15,154,211,23,213,221,106,220,105,249,169,88,4,151,18,168,47,199,51,242,139,59,67,154,248,107,175,117,9,0,205,5,243,58,165,133,22,204,164,6,106,204,190,45,131,106,78,177,35,14,252,245,11,220,169,93,50,175,179,245,200,6,83,222,193,181,117,5,139,215,195,3,81,133,112,41,140,248,132,163,14,200,200,59,111,209,151,120,135,141,112,62,180,19,139,105,191,110,26,207,250,119,11,49,241,253,139,127,110,191,187,31,11,125,70,121,114,167,184,28,145,129,86,40,77,117,69,81,205,109,172,244,134,46,160,246,12,152,203,199,200,171,121,0,193,163,136,47,13,49,163,60,36,235,236,97,176,61,224,16,210,104,129,57,44,187,138,121,251,11,228,4,50,36,148,255,171,33,139,158,162,173,71,210,157,197,18,154,202,194,160,201,41,128,26,26,2,106,3,125,129,186,114,22,100,128,248,152,152,160,57,85,254,42,143,19,15,5,2,89,0,67,68,66,165,68,81,40,59,144,196,84,130,234,143,143,234,145,9,78,204,36,237,110,161,95,74,119,161,104,203,134,60,195,116,9,164,104,70,222,34,242,227,114,206,141,70,204,7,194,173,175,128,134,131,202,70,32,198,49,193,66,148,204,128,157,38,85,135,214,40,79,196,179,130,82,130,106,182,232,37,249,122,84,79,6,157,215,198,238,54,8,158,74,176,176,139,197,205,208,249,37,184,86,175,99,53]
CFO=-4315.024657530407,STO=4
EsN0dB=nan,GRXdB=40,N0=0.009999999776482582
packet_number=238,correct=False,payload=[225,86,247,90,97,75,98,143,3,213,243,31,6,39,210,229,41,159,120,94,96,196,161,92,151,232,52,196,38,61,114,216,179,200,153,101,117,254,28,121,145,251,151,168,125,209,116,182,58,206,14,215,158,66,122,226,173,71,85,194,38,107,153,22,131,119,193,82,161,230,44,217,160,22,127,201,131,74,13,217,245,146,42,176,166,172,34,36,87,143,41,111,191,190,196,253,24,240,174,232,203,165,116,17,113,185,93,47,139,45,190,87,165,227,62,170,178,149,250,160,7,14,146,50,12,235,3,115,187,177,203,19,227,110,212,157,61,172,117,99,217,111,196,185,58,167,52,119,155,116,10,13,213,251,140,173,15,65,64,11,234,17,180,201,203,239,10,196,220,34,131,236,237,235,184,21,94,199,134,72,106,190,250,149,188,235,74,99,162,150,53,250,232,210,124,91,137,106,102,187,52,1,133,184,166,82,68,224,127,171,137,160,139,62,192,209,110,240,249,18,92,79,82,15,203,142,149,104,140,100,97,3,235,7,79,16,174,69,199,197,0,115,149,27,67,76,116,136,193,222,96,28,91,98,134,214,93,42,129,79,149,122,61,128,247,179,54,175,48,113,212,108,211,237,88,2,3,203,220,229,72,195,189,61,1,118,131,12,192,204,81,177,186,71,132,189,47,64,27,38,3,161,29,123,215,58,180,215,184,169,123,139,52,26,179,161,244,227,98,171,139,234,111,184,237,55,53,156,129,4,118,10,153,150,35,56,189,186,42,205,60,245,1,226,86,227,168,35,153,180,39,196,85,23,164,225,164,237,9,108,147,42,255,73,172,146,159,162,172,30,55,154,67,177,52,9,20,90,210,115,186,131,180,145,40,184,111,236,242,223,166,220,115,168,68,153,200,193,245,63,18,222,60,136,178,53,53,158,242,174,104,19,89,124,145,186,156,96,230,73,191,34,64,182,60,220,227,218,109,188,202,215,96,236,246,68,202,99,205,97,12,32,136,254,122,183,17,65,53,233,232,80,99,224,99,202,121,27,82,209,172,5,222,26,108,125,203,135,170,121,160,56,150,169,116,76,209,95,60,227,114,88,173,79,3,254,121,221,254,2,57,123,211,112,233,220,213,115,94,54,89,97,129,47,188,204,193,102,21,21,42,68,68,160,6,35,24,194,13,251,115,172,191,45,196,18,35,4,62,25,11,214,76,139,64,141,64,77,108,182,205,60,39,54,169,242,65,130,166,157,252,151,215,151,204,160,184,151,182,99,172,228,40,94,228,143,112,34,167,78,37,159,88,229,233,96,62,43,71,20,106,162,197,178,138,130,190,134,222,167,207,67,202,132,87,129,126,219,98,78,72,210,253,145,222,209,17,123,144,60,244,179,187,25,84,14,93,152,204,129,246,175,230,86,234,239,52,60,89,52,72,77,144,214,94,224,254,110,251,49,66,218,182,131,199,68,208,164,219,175,221,1,222,25,33,221,253,131,18,193,66,158,34,240,78,223,255,65,129,41,146,74,97,214,100,17,159,243,95,151,220,174,66,7,168,223,180,111,247,230,83,161,124,226,9,209,104,201,111,62,190,141,135,41,240,182,148,220,115,18,56,180,71,71,247,174,2,52,94,236,114,70,215,5,211,39,209,200,35,125,90,182,218,8,162,87,64,170,252,69,137,125,202,224,88,123,170,203,78,159,81,77,157,2,116,21,70,199,203,3,128,181,137,164,208,192,55,175,26,142,137,220,56,255,133,163,48,187,6,223,99,140,249,45,129,245,122,235,47,156,70,77,68,54,167,209,30,188,58,114]
CFO=-5692.853579906385,STO=4
EsN0dB=nan,GRXdB=40,N0=0.009999999776482582
packet_number=239,correct=False,payload=[81,20,165,85,221,15,148,27,110,33,110,253,235,30,22,6,150,114,212,150,76,158,149,169,194,18,229,244,52,138,55,2,206,188,68,55,19,44,87,163,154,123,67,81,241,223,201,242,142,92,117,79,117,114,105,19,141,37,42,14,48,84,228,57,45,138,190,20,164,18,36,200,15,108,253,50,63,121,149,207,190,111,94,174,189,235,231,102,95,230,125,206,78,118,43,54,190,148,85,208,165,69,251,11,1,240,191,127,46,114,56,119,72,14,211,200,56,55,252,48,223,59,209,233,85,198,25,115,28,152,58,186,115,215,141,212,142,26,135,215,20,50,203,161,65,9,129,177,75,36,12,142,107,24,233,217,255,25,211,131,1,5,180,19,173,99,228,133,199,82,10,30,207,78,28,115,51,75,66,73,31,137,153,102,139,151,38,220,207,255,249,229,190,98,46,197,2,93,198,231,183,145,212,56,175,115,227,143,6,212,104,254,97,60,159,192,75,3,32,37,31,193,92,196,174,76,240,53,84,66,249,223,16,187,111,36,245,90,103,166,181,48,121,112,34,123,58,239,235,28,60,85,197,73,67,145,62,243,60,120,229,230,9,105,214,49,111,188,137,119,31,182,9,142,87,191,174,84,211,115,130,122,248,237,194,70,73,46,66,174,15,128,222,180,35,219,174,68,55,48,243,118,218,147,77,109,143,176,0,5,195,252,192,147,55,41,66,146,156,23,242,240,17,89,198,9,54,66,110,185,251,232,94,248,30,236,139,140,122,237,208,217,143,248,111,147,10,178,190,201,123,239,174,224,48,101,12,52,241,82,186,163,75,82,53,59,216,193,32,235,250,178,4,139,77,21,90,49,107,239,211,224,77,162,125,137,34,112,148,95,24,58,221,37,167,121,196,14,238,145,55,14,166,73,159,53,243,232,93,72,232,101,168,120,11,117,86,178,53,13,38,23,186,152,237,143,205,149,241,227,98,45,237,65,193,9,57,91,103,152,92,48,119,2,108,140,241,201,225,217,12,38,37,83,133,8,113,99,126,106,176,11,183,199,250,41,31,36,110,157,216,129,192,255,48,48,254,8,67,159,242,148,153,199,24,88,17,207,164,231,237,107,86,66,139,86,98,195,12,70,204,250,129,123,227,60,29,199,77,44,229,85,222,130,68,123,54,67,108,18,98,202,24,234,246,145,49,120,49,94,121,155,31,100,181,181,7,249,42,171,151,101,177,26,139,216,213,32,92,174,241,161,123,123,118,226,217,183,59,142,104,170,100,164,36,109,245,214,54,103,242,42,182,196,55,227,9,116,109,185,107,80,246,95,72,171,174,63,126,172,153,28,210,189,119,133,250,25,32,186,9,81,29,134,77,24,121,253,96,199,223,215,29,119,197,222,251,58,181,9,102,98,112,10,208,54,184,192,123,13,67,26,145,103,55,243,31,132,55,37,10,6,179,225,68,168,197,67,83,108,250,38,20,65,67,108,59,89,176,39,76,135,183,87,187,171,61,37,194,5,1,239,4,116,246,33,41,6,78,41,115,79,183,36,107,112,124,68,231,160,189,199,206,43,27,235,155,155,3,211,231,87,149,61,52,173,254,81,130,93,88,141,136,231,169,75,204,132,63,70,107,231,172,247,69,35,228,250,77,225,142,18,125,240,177,119,125,218,221,205,41,140,62,207,242,46,74,250,114,242,209,115,240,204,146,6,159,31,9,180,251,104,114,38,2,82,8,73,80,179,120,70,201,120,141,196,172,11,51,233,183,98,40,34,198,108,40,128,44,30,83,107,159,194,54,39,206,181,235,175]
CFO=-11225.90255189432,STO=1
EsN0dB=-15.97,GRXdB=40,N0=0.009999999776482582
packet_number=240,correct=False,payload=[100,41,85,17,96,234,17,240,98,226,24,143,170,72,160,109,28,145,4,147,3,224,129,170,152,70,193,126,129,107,89,125,77,229,216,114,166,199,218,131,204,5,154,171,106,81,20,139,42,126,117,247,151,135,78,62,143,144,222,225,176,202,30,197,113,163,249,15,66,244,178,223,107,98,79,217,62,43,219,214,227,181,146,154,158,151,46,220,240,200,217,90,7,127,29,247,0,43,81,102,46,139,133,108,207,145,212,153,242,237,72,47,130,178,103,173,206,3,88,148,182,92,57,34,70,118,2,79,34,135,42,136,35,130,65,107,69,175,86,7,42,185,30,170,243,202,157,60,225,213,93,158,208,246,57,231,156,172,14,133,235,126,84,57,196,139,184,124,52,255,30,233,160,250,74,42,107,46,191,67,193,161,129,180,120,67,82,211,214,42,6,1,211,241,62,97,25,3,157,20,235,51,18,29,174,56,16,144,14,52,225,236,161,150,224,102,205,197,79,114,135,48,3,159,74,43,115,154,29,144,74,210,91,91,255,156,246,20,7,54,167,228,60,184,25,18,222,178,216,114,110,232,144,12,101,155,203,162,85,65,107,225,209,175,147,203,39,183,65,196,162,67,2,15,90,21,96,130,148,141,163,232,86,233,209,184,233,144,130,174,142,152,252,67,192,154,171,126,231,166,134,223,15,216,211,49,250,30,34,64,238,222,244,80,19,187,229,230,86,71,241,68,38,29,154,195,21,169,222,238,184,43,206,33,12,252,100,246,245,184,231,82,110,78,223,192,76,182,84,96,164,55,139,155,6,35,104,171,213,92,222,58,231,239,199,91,0,83,217,212,84,46,110,172,194,204,156,20,101,254,4,55,17,116,64,216,27,38,182,80,151,173,253,96,245,125,238,111,180,22,86,229,70,240,134,206,133,179,130,184,8,167,231,78,206,172,154,190,11,72,197,187,65,45,38,21,250,210,107,171,205,209,197,27,143,184,97,96,228,215,230,60,174,7,177,95,238,208,147,3,85,205,160,12,238,82,6,104,113,177,231,16,20,218,255,20,119,11,240,133,140,117,34,248,50,48,104,123,180,99,27,170,38,136,11,147,197,193,246,80,61,7,213,30,201,233,253,94,241,181,205,251,107,73,203,85,96,233,25,223,81,144,62,249,100,173,76,87,178,248,144,247,182,160,242,216,163,116,114,167,227,27,71,193,177,226,194,88,122,191,170,10,239,62,168,85,216,197,222,170,221,128,107,160,190,58,56,68,70,245,75,188,112,123,238,55,136,203,24,119,43,243,99,167,27,230,235,80,77,193,103,116,238,126,82,158,18,157,245,229,172,2,157,7,7,97,183,149,234,154,95,86,195,172,229,252,210,96,144,84,253,144,231,33,209,33,150,168,116,233,28,84,56,222,193,174,4,188,54,229,142,220,252,100,4,175,198,4,112,76,146,37,167,109,19,65,87,249,151,59,161,127,214,8,95,135,53,173,38,91,44,18,252,54,191,58,237,218,53,131,115,209,66,243,143,32,119,131,10,81,102,51,156,253,44,95,13,112,15,84,206,186,49,199,77,184,243,35,91,206,56,61,148,192,238,122,191,167,210,242,83,243,212,244,36,144,175,28,239,135,101,55,180,130,53,243,217,116,231,23,210,32,29,1,110,100,142,203,7,103,168,42,63,104,144,144,152,215,175,182,143,233,199,1,23,30,166,51,216,99,138,84,147,207,111,72,90,138,209,66,236,195,130,233,56,68,106,170,244,230,177,241,161,225,8,139,100,198,126,58,5,180,216,230,99,54,154,8,48,234]
CFO=-8442.513190474729,STO=7
EsN0dB=-21.65,GRXdB=40,N0=0.009999999776482582
packet_number=241,correct=False,payload=[123,114,128,104,31,111,165,53,201,245,143,109,50,85,180,208,169,207,149,80,245,203,250,89,90,94,68,247,157,57,68,65,122,236,243,149,59,108,186,86,186,138,101,24,240,97,58,186,100,170,4,172,186,29,187,131,194,251,84,206,19,11,148,110,232,24,155,150,204,202,68,53,100,101,147,11,233,244,191,113,188,117,169,198,160,180,128,251,149,199,247,37,176,31,124,145,109,57,181,123,184,148,178,166,5,210,107,194,50,42,189,131,195,62,120,198,134,133,40,192,114,11,21,205,91,34,18,93,200,32,129,206,242,98,50,65,210,57,75,30,156,12,149,198,99,57,51,197,141,212,63,168,110,44,156,36,29,243,20,147,216,155,157,109,140,197,251,18,221,85,20,89,125,169,11,63,88,29,248,122,143,179,174,126,228,132,12,221,0,17,227,119,123,118,1,181,215,213,39,87,20,51,82,169,110,65,202,138,126,124,55,180,115,187,65,77,204,39,253,160,61,99,249,160,11,136,100,169,206,211,66,247,65,192,196,241,175,100,229,7,151,103,220,227,103,209,33,58,131,122,200,55,53,217,156,125,85,211,52,162,135,30,4,113,55,249,82,118,166,171,252,155,21,13,133,190,208,64,41,52,255,173,185,171,57,34,122,75,184,16,101,254,226,10,217,253,91,46,73,173,147,99,236,252,230,167,134,65,102,9,202,229,174,139,48,236,152,244,164,166,122,176,240,160,215,180,64,180,117,145,254,174,29,1,205,55,220,26,198,67,33,180,172,192,53,195,114,211,118,233,156,135,11,147,160,200,158,231,64,156,166,136,231,108,189,197,79,79,123,39,244,18,98,22,211,120,10,42,40,51,96,153,135,76,3,250,119,135,4,253,252,83,231,101,47,179,118,192,98,170,77,238,177,40,130,140,215,13,35,238,133,122,243,31,207,54,245,223,143,252,39,109,136,254,165,116,77,73,53,217,37,13,180,247,168,91,73,214,83,154,108,217,133,240,51,69,47,166,228,181,110,41,13,159,222,9,4,175,211,19,47,237,154,128,214,150,179,148,191,178,177,86,109,226,0,9,178,100,59,223,214,92,144,2,160,160,3,190,165,158,143,218,94,251,188,78,121,182,182,221,141,14,144,226,75,64,30,227,14,58,90,124,203,208,82,137,125,190,159,206,166,194,106,126,170,19,110,158,10,109,81,70,65,37,39,179,124,218,57,66,49,201,238,149,55,76,37,125,11,100,180,187,75,243,173,109,210,18,149,177,28,206,32,95,157,71,9,143,85,77,179,131,38,4,98,130,116,46,82,208,133,34,196,105,217,5,102,245,80,129,71,94,217,251,239,99,233,39,208,195,239,154,33,241,26,137,1,138,116,5,104,90,36,111,244,180,209,43,203,209,82,255,109,137,27,127,2,149,104,40,147,193,124,195,8,90,209,114,210,6,106,201,140,198,217,34,253,187,57,154,114,116,104,145,1,0,7,166,133,40,167,21,234,7,246,198,210,66,232,136,199,147,208,109,151,78,182,245,76,238,131,225,172,74,117,250,22,8,19,117,39,146,145,135,187,37,79,64,143,112,85,209,14,35,109,147,158,232,81,246,125,243,237,82,140,166,36,46,190,221,103,253,66,197,60,214,59,247,52,139,175,129,137,250,159,102,15,105,76,110,52,200,58,59,50,49,186,110,66,43,210,107,160,40,55,84,24,128,206,145,248,238,10,196,166,222,222,84,119,66,199,240,189,68,186,245,57,2,251,179,26,80,101,30,196,154,166,162,158,111,195,25,23,238,108,151,172,185,158,189]
CFO=-5782.104705292065,STO=5
EsN0dB=nan,GRXdB=40,N0=0.009999999776482582
packet_number=242,correct=False,payload=[162,179,217,64,203,237,203,37,135,250,10,195,140,123,211,171,213,196,35,58,101,210,14,163,230,115,94,170,194,42,186,99,23,163,227,221,181,41,62,137,9,141,70,136,27,52,27,191,81,65,21,223,202,121,202,3,85,194,153,171,97,52,118,186,24,204,20,158,139,37,190,45,217,105,33,212,209,159,29,90,79,39,179,112,129,198,223,111,246,123,198,246,10,209,139,73,191,68,62,57,161,31,242,86,163,69,217,128,9,255,212,235,20,52,57,69,226,3,233,168,29,154,63,162,240,67,136,169,222,17,15,148,92,140,63,157,78,44,129,1,132,33,7,145,0,101,235,239,192,38,160,68,236,85,206,128,18,44,52,154,188,243,67,186,125,174,135,38,35,206,3,8,138,144,196,74,8,44,202,176,16,14,207,136,92,251,89,120,199,62,129,209,181,61,197,47,173,83,167,12,46,174,242,249,58,190,224,250,186,4,211,114,41,120,128,113,53,214,255,13,202,239,173,49,39,58,170,61,35,112,160,97,13,255,31,96,168,20,17,7,253,30,67,212,178,92,132,91,154,58,139,223,79,136,224,75,189,139,197,183,15,152,246,125,196,185,173,5,253,207,142,160,125,139,120,207,20,3,15,8,116,49,63,77,190,235,173,84,101,37,137,5,60,191,228,219,12,4,106,58,85,224,180,241,146,102,237,129,254,152,84,60,228,208,243,216,119,147,219,249,170,21,127,21,146,23,202,108,47,146,192,96,142,24,248,118,170,149,140,119,36,95,236,46,81,114,163,170,147,79,59,142,76,245,28,234,104,35,72,71,250,31,243,10,246,133,162,192,221,177,37,246,180,223,176,230,160,116,63,233,8,157,44,79,157,146,124,158,254,188,179,216,217,142,159,167,211,192,176,215,80,139,161,173,162,43,177,70,133,214,221,87,133,13,52,202,69,168,162,212,158,218,247,187,231,47,164,174,154,41,57,214,77,222,94,136,154,88,122,134,139,122,83,80,222,162,223,190,198,88,131,188,207,26,42,35,127,39,138,137,173,246,52,204,7,211,84,132,52,234,182,33,239,220,79,19,195,101,133,211,24,119,197,216,107,22,109,42,169,128,76,106,220,28,85,96,126,180,165,8,251,76,218,86,91,108,164,33,153,150,224,34,122,141,44,162,47,158,235,168,229,145,80,195,36,136,178,28,175,178,206,101,143,2,29,3,95,235,242,6,112,48,252,67,193,22,39,52,254,206,239,231,131,117,46,83,118,121,206,196,156,140,233,177,121,116,212,246,15,195,99,71,105,242,33,15,141,24,180,203,37,16,163,155,241,36,166,91,44,187,115,165,176,207,42,204,210,203,196,140,85,154,76,230,255,110,68,207,43,82,178,200,167,59,70,18,196,189,34,100,187,139,248,192,223,252,26,126,13,105,230,218,206,208,177,105,178,133,136,21,0,85,145,37,7,242,164,7,187,181,115,167,98,130,44,88,90,158,43,34,223,238,112,57,5,113,221,228,187,131,155,78,100,254,44,130,15,100,178,164,166,126,5,119,173,209,22,25,129,83,49,132,182,167,140,128,232,233,242,21,212,170,46,129,51,181,246,147,149,124,109,219,19,85,28,125,130,226,168,80,99,188,58,203,30,119,39,167,70,128,132,15,4,220,243,203,80,117,82,206,163,147,33,70,116,81,243,77,168,209,102,39,150,22,193,65,143,87,182,168,7,67,211,108,202,111,134,206,185,102,21,16,107,129,72,240,118,113,188,139,43,143,231,139,64,2,246,158,45,246,22,91,128,248,72,64,205,128,167,102]
CFO=-8168.106546019928,STO=6
EsN0dB=-15.22,GRXdB=40,N0=0.009999999776482582
packet_number=243,correct=False,payload=[188,191,221,43,186,178,60,111,120,89,221,109,68,76,79,220,247,231,3,199,44,114,182,13,101,7,131,77,149,17,9,209,233,73,17,2,99,127,29,186,75,41,224,107,67,44,101,51,169,114,186,232,54,245,50,231,220,123,128,41,244,40,21,1,180,82,205,77,239,191,81,104,170,74,28,222,42,16,101,155,248,61,245,32,231,8,27,192,11,115,28,94,90,112,206,255,103,116,186,0,192,255,60,129,154,113,172,55,221,184,218,58,227,1,239,152,188,207,142,122,2,29,244,71,229,84,236,47,83,213,56,121,164,233,146,187,98,27,45,248,186,110,129,221,105,9,61,116,187,250,180,78,153,155,227,178,144,44,194,227,236,104,54,170,245,159,129,205,178,156,246,156,82,86,151,74,97,96,57,199,241,4,216,201,180,188,131,188,230,125,139,194,76,60,160,254,137,50,216,179,143,175,79,25,186,69,177,212,54,115,238,117,155,218,87,115,91,97,219,53,2,186,165,191,50,174,97,137,248,171,224,153,83,155,150,254,11,7,86,245,101,139,241,88,218,87,183,68,43,160,241,169,159,115,142,11,126,83,198,239,230,86,149,185,207,128,110,126,116,231,57,184,170,73,144,100,148,171,18,233,133,164,7,240,48,195,246,174,3,135,230,72,19,183,20,250,182,91,122,36,199,23,94,243,52,38,62,100,244,167,209,10,52,145,241,51,230,132,181,59,23,86,128,148,147,40,235,153,136,208,48,91,123,57,229,109,81,128,246,103,198,155,160,248,54,53,80,90,238,42,43,226,227,55,27,54,32,115,209,208,187,184,1,191,32,175,45,80,192,71,179,40,121,220,136,146,221,49,87,43,155,135,235,57,208,87,203,162,67,9,73,12,207,56,69,155,55,225,51,128,184,175,9,85,192,72,215,136,228,131,70,253,158,76,99,204,30,232,192,67,62,151,57,3,86,57,131,62,232,47,40,30,186,52,174,240,52,220,32,155,41,213,90,73,92,185,85,150,83,86,138,60,131,86,127,109,176,100,184,59,225,61,249,16,3,26,248,241,75,137,64,105,65,229,124,41,169,233,193,85,170,152,152,185,80,138,190,228,166,81,110,113,119,77,54,39,142,120,242,30,66,153,169,155,216,189,152,249,84,216,169,86,176,243,153,36,185,179,109,36,28,252,23,107,151,10,226,246,199,6,117,6,174,101,106,161,217,89,29,114,53,78,195,84,46,18,255,107,158,28,12,143,188,207,23,250,192,20,108,45,221,72,197,245,61,166,23,17,72,138,86,15,140,117,72,177,154,158,169,242,62,98,247,30,223,127,173,31,242,143,65,221,173,91,102,248,171,44,155,137,143,135,79,108,155,225,217,43,118,42,217,1,249,72,9,78,248,26,56,39,141,112,98,43,135,179,94,213,47,113,159,139,241,189,12,112,193,151,215,13,169,242,102,166,246,199,182,115,143,68,176,237,225,124,59,34,244,138,70,97,170,54,60,238,237,106,233,129,44,106,144,251,154,11,212,158,1,189,108,150,103,122,246,169,90,254,155,83,61,54,82,72,200,229,253,46,168,230,194,7,152,151,31,132,61,224,205,88,213,180,8,0,202,239,63,246,239,96,250,161,9,196,125,227,0,77,97,115,233,43,155,153,42,94,90,99,60,110,36,187,181,32,97,25,206,206,114,49,217,107,120,216,174,206,191,161,54,10,109,70,253,172,107,190,214,161,223,227,151,79,132,155,102,118,34,70,106,22,91,196,247,141,152,245,160,45,172,185,156,126,164,179,35,151,195,102,155,82,241,88]
CFO=11508.351744096812,STO=2
EsN0dB=nan,GRXdB=40,N0=0.009999999776482582
packet_number=244,correct=False,payload=[206,2,0,101,155,241,196,63,23,130,64,144,203,101,241,255,188,83,167,142,130,248,240,179,53,244,33,105,125,209,180,204,16,138,246,213,167,38,149,194,126,176,42,163,151,78,92,248,40,204,36,244,196,245,191,94,78,188,48,212,219,70,150,231,46,52,1,72,220,1,216,232,98,75,220,57,201,179,225,25,255,90,60,127,28,24,55,163,152,45,133,123,24,225,50,1,26,144,169,65,182,198,74,113,68,189,81,0,19,243,69,252,192,141,209,108,241,158,27,212,0,125,158,70,232,36,78,226,124,243,65,70,118,10,129,243,10,151,174,25,187,121,38,71,16,16,13,155,169,134,68,141,110,40,74,201,47,39,172,126,140,134,219,184,189,163,109,82,166,90,76,189,240,218,153,255,69,106,5,118,188,70,169,85,60,6,238,116,3,160,135,76,107,224,179,231,190,51,181,214,109,210,54,223,95,239,133,246,182,71,198,111,192,250,32,125,107,123,17,73,137,224,52,102,169,190,59,154,4,152,149,207,15,24,238,223,6,3,207,185,108,71,161,255,81,139,187,215,164,153,88,186,8,191,192,105,220,243,122,95,56,216,166,180,73,47,52,41,136,120,235,13,134,249,16,87,199,91,178,85,101,215,98,136,123,207,82,179,165,217,174,209,93,211,38,205,217,44,219,252,4,231,205,141,189,230,24,163,204,243,201,98,184,86,239,175,39,103,122,251,77,220,126,59,171,251,100,241,233,165,212,99,164,210,6,252,0,150,188,14,230,248,149,51,73,84,175,91,95,64,233,205,116,55,139,26,184,110,174,107,124,18,250,204,2,15,9,18,246,103,102,68,63,237,84,205,87,215,175,104,193,226,188,163,113,135,82,12,175,81,73,104,206,47,158,63,72,212,222,243,51,177,11,19,19,241,151,168,75,208,207,60,132,218,112,176,73,178,47,1,46,14,15,92,177,15,29,58,90,146,142,185,118,143,144,75,128,63,233,191,13,235,208,20,117,214,171,228,129,105,174,151,25,40,204,66,4,239,134,171,74,157,80,101,94,207,109,117,25,104,57,25,180,93,255,35,189,166,228,82,156,168,89,230,170,198,83,236,80,130,35,206,56,3,105,77,182,181,247,42,193,145,255,218,161,135,166,156,2,220,2,221,177,236,152,134,76,17,203,77,55,12,137,150,23,31,40,198,255,200,153,228,213,91,187,71,127,7,116,74,159,155,225,245,240,111,234,80,174,75,122,26,70,188,139,59,124,139,84,144,106,96,166,206,148,35,57,4,75,129,180,188,252,31,143,128,128,69,65,71,172,62,111,1,125,4,78,26,8,189,30,17,151,209,66,252,176,252,145,205,89,199,102,32,95,197,118,40,96,123,201,154,0,206,27,150,227,104,129,121,127,106,36,30,226,85,137,178,217,59,113,21,177,89,81,55,94,15,49,183,177,70,88,204,163,51,61,165,43,244,162,43,119,13,159,29,73,90,95,72,120,157,51,33,82,78,114,3,129,39,53,104,13,148,117,80,192,14,100,197,209,79,16,219,188,180,163,253,225,254,83,46,65,164,103,110,95,192,33,118,36,169,124,236,105,127,250,49,225,96,139,163,226,17,186,19,69,50,195,168,167,223,105,2,174,54,191,19,200,170,197,151,228,216,163,47,148,64,88,237,255,57,15,24,149,246,112,34,237,19,101,231,69,87,81,73,14,207,215,29,59,184,232,69,164,242,153,155,174,7,80,217,103,6,66,158,33,143,13,225,102,255,29,17,37,228,22,141,82,47,148,189,141,113,136,87,218,121,147,133]
CFO=-2991.1065605689487,STO=1
EsN0dB=nan,GRXdB=40,N0=0.009999999776482582
packet_number=245,correct=False,payload=[55,111,90,234,212,109,61,134,18,26,175,224,28,97,106,55,125,106,211,78,60,212,145,118,22,254,61,32,239,38,54,55,154,180,184,124,190,177,20,132,106,141,237,86,199,98,165,17,250,150,81,174,222,81,99,18,32,62,100,212,200,7,83,187,90,104,94,223,175,158,47,26,82,91,99,229,222,199,229,231,43,177,188,200,123,151,42,1,223,107,230,50,106,4,2,251,92,192,229,100,244,180,26,76,18,94,202,103,132,42,152,12,164,5,209,205,25,29,184,247,109,180,88,224,221,151,185,16,79,253,123,46,66,53,187,199,16,88,35,3,30,48,19,177,101,161,52,135,129,46,174,93,235,173,253,217,253,86,183,135,61,32,98,237,49,5,104,51,80,28,218,178,34,18,158,159,66,41,242,85,91,108,88,162,67,62,103,192,40,52,8,158,193,146,37,67,0,74,209,179,92,106,68,15,113,158,116,185,253,48,176,62,5,253,216,154,94,130,71,111,86,93,83,54,141,23,204,242,136,166,28,172,162,210,132,123,129,126,57,207,185,46,178,37,64,238,245,169,202,7,216,91,82,94,105,59,70,36,90,53,130,254,60,77,81,80,60,37,219,133,62,22,103,153,115,151,121,144,116,61,139,148,113,159,225,18,173,96,142,199,7,136,27,250,110,39,221,233,154,204,153,114,250,252,78,99,237,200,61,254,214,133,209,116,25,75,156,102,36,193,238,190,148,239,152,155,132,104,106,223,44,26,70,142,109,248,139,26,62,32,163,254,153,125,99,213,235,254,160,117,88,109,233,208,103,11,178,249,191,28,12,134,100,252,134,198,71,95,237,10,59,102,170,29,21,230,202,38,242,59,23,153,78,136,192,54,107,172,128,73,37,64,193,10,128,249,138,124,97,91,246,47,80,117,252,123,147,198,209,240,247,217,16,13,136,54,191,70,223,173,44,191,81,104,140,102,100,173,162,225,184,9,77,172,215,107,105,100,242,105,96,184,144,108,210,58,127,110,107,10,211,231,238,47,18,230,101,14,210,40,73,11,182,32,164,14,17,78,215,67,108,86,126,215,20,0,213,5,47,109,156,219,228,5,94,121,182,116,136,219,122,79,225,129,7,128,81,217,210,254,163,57,63,148,93,120,201,196,52,23,48,173,110,56,138,107,177,95,31,114,151,244,113,189,242,127,124,237,48,67,107,142,117,165,1,130,188,253,114,225,124,251,68,26,4,57,193,199,62,78,47,231,213,197,17,94,155,182,210,119,161,166,144,255,190,42,6,233,41,78,239,11,40,253,92,203,124,30,152,76,56,46,128,49,70,240,19,186,43,57,125,111,240,64,84,92,170,13,66,194,127,118,115,203,52,53,160,84,158,152,61,135,25,212,230,35,147,85,220,82,62,228,198,74,158,85,150,98,154,160,46,117,38,110,7,49,206,41,171,143,145,111,0,43,221,228,91,81,77,183,99,151,62,3,120,120,208,128,90,45,166,44,228,207,162,78,165,4,55,244,62,57,120,225,54,209,187,133,13,194,42,128,140,88,46,179,210,136,171,97,241,3,176,200,12,143,103,221,219,242,129,189,68,155,196,64,158,65,90,75,21,228,124,142,191,250,213,16,182,151,101,63,211,74,208,150,186,23,1,186,131,62,26,201,82,149,165,64,30,134,49,152,184,30,237,43,179,76,16,85,182,56,139,143,251,42,141,174,64,66,223,126,43,28,181,50,73,61,124,128,232,141,31,254,85,20,130,1,65,36,225,180,192,98,254,181,19,157,136,193,122,75,169,51,22,175,181,123,88,21]
CFO=12058.881118035379,STO=1
EsN0dB=nan,GRXdB=40,N0=0.009999999776482582
packet_number=246,correct=False,payload=[107,156,179,226,0,146,182,230,75,118,189,186,29,126,254,67,210,66,162,205,115,85,231,102,20,66,159,253,90,42,65,204,24,219,39,225,250,23,172,111,79,9,227,9,78,209,114,96,227,73,169,249,89,153,235,86,195,63,88,169,226,24,4,98,252,186,224,187,226,46,141,74,112,73,123,40,242,9,167,225,142,65,205,22,182,7,59,179,228,104,236,105,81,208,60,43,13,31,176,39,136,227,1,226,186,0,177,234,224,7,90,192,23,211,0,17,232,209,215,112,167,107,151,215,85,166,110,238,84,165,89,170,109,120,105,90,125,135,70,17,87,62,37,14,11,76,8,96,236,216,67,57,199,129,80,247,95,56,207,246,135,36,158,181,172,129,236,103,32,60,170,95,218,91,112,158,28,173,233,62,214,251,50,0,177,148,68,196,88,139,196,190,214,86,136,235,179,79,76,93,74,219,240,207,54,41,111,189,173,174,134,93,54,138,207,229,189,197,238,141,218,214,215,241,170,53,228,110,210,142,117,253,231,247,235,71,89,147,201,59,193,171,10,89,24,152,185,119,151,251,223,227,13,167,108,236,94,145,93,174,104,96,221,50,41,235,78,64,1,130,109,88,161,197,204,84,70,192,182,12,232,202,104,117,118,73,236,66,169,106,193,179,133,17,104,66,131,94,66,139,122,148,120,105,43,25,91,45,242,48,166,121,71,36,143,171,154,47,2,105,224,94,46,133,19,30,163,179,44,94,31,136,173,94,242,230,131,129,76,105,211,88,66,185,204,247,83,57,133,191,48,10,13,199,101,233,178,157,39,109,128,160,68,46,36,86,20,239,169,225,62,135,154,126,233,16,98,50,229,216,97,228,163,168,133,247,120,115,186,217,60,215,12,154,129,27,3,154,10,172,177,120,143,136,64,81,249,170,78,39,218,255,86,104,144,12,53,122,187,160,240,1,64,17,52,60,219,16,92,202,1,37,192,93,39,147,134,130,78,168,167,9,225,51,39,208,3,18,10,45,18,147,207,54,8,218,199,152,36,7,54,145,9,147,8,50,200,80,197,67,16,71,52,249,170,17,243,84,225,98,59,167,112,220,41,13,66,231,94,77,146,198,151,46,154,165,167,245,159,189,11,115,205,127,122,217,202,119,86,150,59,26,111,42,69,125,25,240,248,58,193,60,191,30,75,50,99,142,101,85,152,189,107,223,197,231,204,139,94,44,233,58,228,75,155,170,22,155,57,94,113,130,177,217,224,73,26,59,164,200,102,77,58,88,231,96,224,115,148,15,73,179,196,132,104,12,62,244,30,253,160,217,58,203,130,192,13,52,101,172,71,148,173,63,224,152,223,218,39,248,180,180,56,253,95,158,27,183,143,63,230,170,153,141,17,36,118,33,211,11,167,249,232,209,25,96,15,181,59,253,7,37,3,129,179,160,48,199,235,41,247,232,45,153,180,145,118,167,71,51,206,110,186,143,141,171,81,195,133,184,173,75,124,148,47,148,26,0,72,125,144,242,231,38,100,198,19,121,134,15,185,27,118,74,80,140,192,98,94,202,57,201,126,110,35,182,148,209,81,108,52,129,43,92,51,210,145,70,165,74,69,145,92,68,122,52,234,14,201,122,122,221,103,77,159,8,252,75,113,146,48,2,25,48,135,234,168,161,195,18,129,17,198,229,175,216,54,6,87,89,198,245,25,126,224,97,183,252,146,122,245,7,123,186,137,13,116,3,215,146,104,11,7,218,11,146,184,0,192,195,97,89,15,188,76,32,246,183,143,136,102,88,136,168,8,196,234,17,237,205]
CFO=6338.64796593109,STO=5
EsN0dB=-23.15,GRXdB=40,N0=0.009999999776482582
packet_number=247,correct=False,payload=[32,30,85,136,229,219,105,161,7,98,168,16,136,126,22,139,225,93,82,177,231,133,139,16,17,217,170,54,212,211,155,153,105,125,14,80,118,66,41,225,208,147,142,16,24,140,225,143,85,33,66,31,246,112,233,142,121,8,67,35,124,238,91,23,3,120,86,175,216,153,212,159,10,83,211,39,55,239,1,217,16,225,254,111,71,115,60,189,62,140,67,137,201,78,135,16,129,255,128,217,95,228,37,216,30,136,198,202,246,153,171,193,56,181,35,125,36,46,174,181,168,61,154,0,171,94,89,0,98,168,51,131,66,72,31,141,247,79,176,32,170,61,140,216,222,226,56,92,156,215,251,126,151,80,60,182,56,54,117,94,97,236,225,204,14,57,40,177,22,94,133,192,8,148,217,73,119,72,54,41,2,209,106,143,235,67,76,207,99,200,16,88,26,10,12,196,103,59,176,88,201,87,178,38,113,87,174,126,251,227,171,35,255,103,141,92,129,8,107,96,137,171,0,49,231,214,33,21,152,209,147,248,190,8,151,201,112,179,201,143,41,17,93,102,187,42,113,9,194,56,253,151,14,71,77,111,94,27,152,230,199,246,47,205,45,1,76,162,237,248,51,132,54,72,100,115,90,7,152,123,193,105,35,104,199,212,84,234,179,212,60,166,197,17,170,244,51,202,61,203,134,77,143,65,62,254,96,14,109,167,236,14,203,49,128,36,231,85,236,162,239,194,52,50,14,76,38,152,135,77,102,2,55,39,14,20,241,84,251,37,193,145,253,240,134,204,129,41,105,193,20,53,90,250,32,163,44,196,120,8,223,162,73,63,98,135,72,18,19,183,176,4,63,43,165,90,85,248,130,140,215,172,114,216,114,177,11,154,35,54,219,94,67,170,28,111,177,242,238,145,239,28,204,59,9,111,161,122,73,18,102,217,132,40,208,165,148,146,37,123,197,129,240,208,243,135,113,209,143,171,196,119,142,7,243,236,226,151,134,6,10,32,85,119,60,85,67,1,35,87,94,67,214,111,203,155,172,197,154,150,194,153,110,161,59,115,222,143,31,162,116,158,169,26,70,165,186,29,76,205,159,103,206,35,95,36,27,108,209,184,55,109,153,93,38,142,105,163,192,93,113,14,204,84,137,205,107,202,3,105,223,240,62,224,83,239,72,63,57,114,198,29,6,25,171,192,17,227,151,189,145,163,91,234,10,165,221,143,144,178,95,94,188,166,79,195,234,12,204,75,79,200,156,56,229,70,98,198,160,203,21,36,197,48,172,142,25,25,221,159,200,19,196,248,71,58,248,166,91,229,86,202,9,73,98,110,85,77,24,118,102,247,155,47,132,32,217,210,115,142,128,182,231,28,244,163,108,67,204,216,16,217,98,253,235,157,81,216,163,79,210,86,42,162,177,130,44,127,188,98,70,229,163,15,207,25,50,249,134,156,158,206,140,73,87,12,148,111,77,233,179,240,3,211,185,52,208,140,247,6,210,47,226,122,27,100,214,219,105,210,138,162,221,11,163,252,174,247,160,143,65,21,188,144,178,71,59,87,157,222,223,81,234,244,29,104,78,17,103,92,177,199,238,156,144,51,191,73,207,222,176,241,7,137,129,80,107,177,161,43,233,161,134,97,144,122,131,109,218,218,181,39,229,246,103,235,119,136,107,248,118,18,205,14,182,136,193,231,11,234,76,61,82,235,240,207,229,185,220,45,214,107,197,249,164,8,182,20,177,152,9,14,93,43,55,136,41,108,177,39,0,179,144,224,190,156,100,159,33,42,241,125,153,207,112,125,68,57,38,187]
CFO=-3501.3518108058665,STO=2
EsN0dB=nan,GRXdB=40,N0=0.009999999776482582
packet_number=248,correct=False,payload=[101,19,237,78,211,83,131,167,4,178,131,1,141,121,215,73,58,125,57,43,69,175,12,255,210,246,54,20,76,116,68,153,85,17,73,71,151,37,131,236,155,210,88,131,147,104,102,193,43,206,81,160,66,164,78,92,144,218,93,151,43,148,17,2,207,150,200,41,31,57,214,100,155,124,149,142,251,135,183,88,40,15,83,49,95,133,85,230,174,242,171,40,150,106,61,63,196,34,113,85,32,54,34,170,88,108,46,44,72,31,123,222,214,214,129,190,38,112,176,90,255,70,162,9,49,51,106,32,251,180,82,147,199,38,105,130,137,180,217,178,194,60,104,167,88,153,95,125,230,119,48,231,194,69,222,111,110,117,208,235,204,158,148,44,210,181,214,85,61,134,121,167,65,124,100,167,138,154,129,50,230,158,90,142,197,208,35,123,9,61,227,211,98,87,249,111,77,203,46,94,115,225,62,191,189,105,128,252,43,171,233,100,101,125,94,29,240,216,162,209,28,98,61,225,203,38,241,250,151,43,254,226,73,119,20,132,166,208,223,255,235,97,231,236,226,68,142,74,61,9,125,5,190,39,253,50,89,184,117,141,91,102,202,95,230,7,2,74,107,228,251,62,13,107,172,252,192,41,239,128,96,216,182,17,86,107,168,215,55,113,105,26,50,212,174,147,114,249,49,210,122,246,159,36,70,86,87,19,37,217,135,35,36,216,30,103,199,127,202,80,238,180,198,218,37,87,142,80,113,236,177,222,130,244,117,31,106,200,54,115,238,110,221,52,64,16,15,247,92,187,111,215,190,98,97,132,120,239,137,201,14,177,238,242,27,187,216,239,156,183,138,237,130,14,164,212,147,236,245,127,236,51,151,177,131,30,10,56,122,196,148,125,93,56,245,254,26,197,155,153,65,99,237,48,213,161,145,158,6,236,53,241,45,225,178,225,160,137,185,64,46,242,15,165,146,199,240,207,26,59,154,172,155,121,40,113,50,228,238,131,149,26,157,178,135,18,122,102,146,151,109,61,65,145,118,139,41,39,245,129,29,190,30,96,2,131,241,230,227,166,184,97,241,113,75,255,14,173,198,143,239,109,103,135,50,214,201,127,180,10,169,30,152,141,28,123,120,237,88,192,144,13,86,94,180,44,210,193,41,238,183,80,86,250,3,254,182,83,78,18,160,160,138,98,58,226,153,136,235,157,157,90,145,139,206,74,162,92,164,255,30,240,11,129,48,3,159,39,244,126,20,186,88,60,180,99,186,1,117,4,90,67,242,242,236,121,234,70,47,236,54,29,11,192,122,202,149,243,208,124,174,92,75,98,75,90,91,130,148,153,5,58,118,15,18,170,78,210,108,184,235,83,216,158,62,248,4,231,1,187,100,99,78,8,16,57,61,143,122,77,57,17,218,251,65,65,205,21,143,225,183,234,203,88,11,131,238,5,152,151,190,245,31,172,224,231,151,248,7,118,129,180,239,115,136,56,173,207,191,225,156,26,187,51,125,62,82,10,34,29,98,216,222,202,116,69,199,159,66,201,195,186,42,58,236,2,203,136,38,124,242,164,20,254,202,138,145,217,6,235,111,173,189,203,159,215,228,58,156,111,49,248,175,71,94,179,234,29,210,56,72,75,69,198,105,157,15,179,242,116,253,10,234,201,176,208,163,191,183,53,220,237,156,207,129,205,155,152,154,224,209,200,95,4,152,114,211,105,59,195,129,69,157,32,54,216,124,98,115,150,86,110,219,127,130,236,16,212,204,225,60,133,42,230,92,70,183,6,159,32,108,75,129,58,166,23,68,166,86,36]
