CFO=7641.177372938523,STO=3
EsN0dB=15.02,GRXdB=40,N0=9.999999747378752e-05
packet_number=1,correct=False,payload=[0,1,2,3,4,5,6,7,8,9,10,11,12,13,14,15,16,17,18,19,20,21,22,23,24,25,26,27,28,29,30,31,32,33,34,35,36,37,38,39,40,41,42,43,44,45,46,47,48,49,50,51,52,53,54,55,56,57,58,59,60,61,62,63,64,65,66,67,68,69,70,71,72,73,74,75,76,77,78,79,80,81,82,83,84,85,86,87,88,89,90,91,92,93,126,95,96,97,98,99,100,101,102,103,104,105,106,107,108,109,110,111,112,113,114,115,116,117,118,119,120,121,122,123,124,125,126,127,128,129,130,131,132,133,134,135,136,137,138,139,140,141,142,143,144,145,146,147,148,149,150,151,152,153,154,155,156,157,158,159,160,161,162,163,164,165,166,167,168,169,170,171,172,173,174,175,176,177,178,179,180,181,182,183,184,185,186,187,188,189,190,191,192,193,194,195,196,197,198,199,200,201,202,203,204,205,206,207,208,209,210,211,212,213,214,215,216,217,218,219,220,221,222,223,224,225,226,227,228,229,230,231,232,233,234,235,236,237,238,239,240,241,242,243,244,245,246,247,248,249,250,251,252,253,254,255,0,1,2,3,4,5,6,7,8,9,10,11,12,13,14,15,16,17,18,19,20,21,22,23,24,25,26,27,28,29,30,31,32,33,34,35,36,37,38,39,40,41,42,43,44,45,46,47,48,49,50,51,52,53,54,55,56,57,58,59,60,61,62,63,64,65,66,67,68,69,70,71,72,73,74,75,76,77,78,79,80,81,82,83,84,85,86,87,88,89,90,91,92,93,94,95,96,97,98,99,100,101,102,103,104,105,106,107,108,109,110,111,112,113,114,115,116,117,118,119,120,121,122,123,124,125,126,111,128,129,130,131,132,133,134,135,136,137,138,139,140,141,142,143,144,145,146,147,148,149,150,151,152,153,154,155,156,157,158,159,160,161,162,163,164,165,166,167,168,169,170,171,172,173,174,175,176,177,178,179,180,181,182,183,184,185,186,187,188,189,190,191,192,193,194,195,196,197,198,199,200,201,202,203,204,205,206,207,208,209,210,211,212,213,214,215,216,217,218,219,220,221,222,223,224,225,226,227,228,229,230,231,232,233,234,235,236,237,238,239,240,241,242,243,244,245,246,247,248,249,250,251,252,253,254,255,0,1,2,3,4,5,6,7,8,9,10,11,12,13,14,15,16,17,18,19,20,21,22,23,24,25,26,27,28,29,30,31,32,33,34,35,36,37,38,39,40,41,42,43,44,45,46,47,48,49,50,51,52,53,54,55,56,57,58,59,60,61,62,63,64,65,66,67,68,69,70,71,72,73,74,75,76,77,78,79,80,81,82,83,84,85,86,87,88,89,90,91,92,93,94,95,96,97,99,99,100,101,102,103,104,105,106,107,108,109,110,111,112,113,114,115,116,117,118,119,120,121,122,123,124,125,126,127,128,129,130,131,132,133,134,135,136,137,138,139,140,141,142,143,144,145,146,147,148,149,150,151,152,153,154,155,156,157,158,159,160,161,162,163,164,165,166,167,168,169,170,171,172,173,174,175,176,177,178,179,180,181,182,183,184,185,186,187,188,189,190,191,192,193,194,194,196,197,198,199,200,201,202,203,204,205,206,207,208,209,210,211,212,213,214,215,216,217,218,219,220,221,222,223,224,225,226,227,228,229,230,231,232,233,234,235,236,237,238,239,240,241,242,243,244,245,246,247,248,249,250,251,252,253,254,255,0,1,2,3,4,5,6,7,8,9,10,11,12,13,14,15,16,17,18,19,20,21,22,23,24,25,26,27,28,29,30,31]
CFO=8555.683733197531,STO=4
EsN0dB=16.67,GRXdB=40,N0=9.999999747378752e-05
packet_number=2,correct=True,payload=[0,1,2,3,4,5,6,7,8,9,10,11,12,13,14,15,16,17,18,19,20,21,22,23,24,25,26,27,28,29,30,31,32,33,34,35,36,37,38,39,40,41,42,43,44,45,46,47,48,49,50,51,52,53,54,55,56,57,58,59,60,61,62,63,64,65,66,67,68,69,70,71,72,73,74,75,76,77,78,79,80,81,82,83,84,85,86,87,88,89,90,91,92,93,94,95,96,97,98,99,100,101,102,103,104,105,106,107,108,109,110,111,112,113,114,115,116,117,118,119,120,121,122,123,124,125,126,127,128,129,130,131,132,133,134,135,136,137,138,139,140,141,142,143,144,145,146,147,148,149,150,151,152,153,154,155,156,157,158,159,160,161,162,163,164,165,166,167,168,169,170,171,172,173,174,175,176,177,178,179,180,181,182,183,184,185,186,187,188,189,190,191,192,193,194,195,196,197,198,199,200,201,202,203,204,205,206,207,208,209,210,211,212,213,214,215,216,217,218,219,220,221,222,223,224,225,226,227,228,229,230,231,232,233,234,235,236,237,238,239,240,241,242,243,244,245,246,247,248,249,250,251,252,253,254,255,0,1,2,3,4,5,6,7,8,9,10,11,12,13,14,15,16,17,18,19,20,21,22,23,24,25,26,27,28,29,30,31,32,33,34,35,36,37,38,39,40,41,42,43,44,45,46,47,48,49,50,51,52,53,54,55,56,57,58,59,60,61,62,63,64,65,66,67,68,69,70,71,72,73,74,75,76,77,78,79,80,81,82,83,84,85,86,87,88,89,90,91,92,93,94,95,96,97,98,99,100,101,102,103,104,105,106,107,108,109,110,111,112,113,114,115,116,117,118,119,120,121,122,123,124,125,126,127,128,129,130,131,132,133,134,135,136,137,138,139,140,141,142,143,144,145,146,147,148,149,150,151,152,153,154,155,156,157,158,159,160,161,162,163,164,165,166,167,168,169,170,171,172,173,174,175,176,177,178,179,180,181,182,183,184,185,186,187,188,189,190,191,192,193,194,195,196,197,198,199,200,201,202,203,204,205,206,207,208,209,210,211,212,213,214,215,216,217,218,219,220,221,222,223,224,225,226,227,228,229,230,231,232,233,234,235,236,237,238,239,240,241,242,243,244,245,246,247,248,249,250,251,252,253,254,255,0,1,2,3,4,5,6,7,8,9,10,11,12,13,14,15,16,17,18,19,20,21,22,23,24,25,26,27,28,29,30,31,32,33,34,35,36,37,38,39,40,41,42,43,44,45,46,47,48,49,50,51,52,53,54,55,56,57,58,59,60,61,62,63,64,65,66,67,68,69,70,71,72,73,74,75,76,77,78,79,80,81,82,83,84,85,86,87,88,89,90,91,92,93,94,95,96,97,98,99,100,101,102,103,104,105,106,107,108,109,110,111,112,113,114,115,116,117,118,119,120,121,122,123,124,125,126,127,128,129,130,131,132,133,134,135,136,137,138,139,140,141,142,143,144,145,146,147,148,149,150,151,152,153,154,155,156,157,158,159,160,161,162,163,164,165,166,167,168,169,170,171,172,173,174,175,176,177,178,179,180,181,182,183,184,185,186,187,188,189,190,191,192,193,194,195,196,197,198,199,200,201,202,203,204,205,206,207,208,209,210,211,212,213,214,215,216,217,218,219,220,221,222,223,224,225,226,227,228,229,230,231,232,233,234,235,236,237,238,239,240,241,242,243,244,245,246,247,248,249,250,251,252,253,254,255,0,1,2,3,4,5,6,7,8,9,10,11,12,13,14,15,16,17,18,19,20,21,22,23,24,25,26,27,28,29,30,31]
CFO=7791.646914672597,STO=0
EsN0dB=18.11,GRXdB=40,N0=9.999999747378752e-05
packet_number=3,correct=False,payload=[0,1,2,3,4,5,6,7,8,9,10,11,12,13,14,15,16,17,18,19,20,21,54,23,24,25,26,27,28,29,30,31,32,97,34,35,36,37,38,39,40,41,42,43,44,45,46,47,48,49,50,51,52,53,54,55,56,57,58,59,60,61,62,63,64,65,66,67,12,69,70,71,72,73,74,75,76,77,78,79,80,81,82,83,84,85,86,87,88,89,90,91,92,93,94,95,96,97,98,99,100,101,102,103,104,105,106,107,108,109,110,111,112,113,114,115,116,117,118,247,120,121,122,123,124,125,126,127,128,129,130,131,132,133,134,135,136,137,138,139,140,13,142,143,144,145,146,147,148,149,150,151,152,25,26,27,156,157,158,159,160,161,162,163,164,165,166,167,168,169,170,171,172,173,174,175,176,177,178,179,180,181,182,167,184,185,186,187,188,189,190,191,192,193,194,195,196,133,198,199,200,201,202,203,204,205,206,207,144,209,210,211,212,213,214,215,216,217,218,223,220,221,223,223,224,225,226,227,228,229,230,231,248,235,234,235,236,221,238,239,240,241,242,243,244,245,246,247,248,249,250,251,252,253,254,255,0,1,2,3,4,5,6,7,8,9,10,11,12,13,14,31,16,17,18,19,20,21,22,31,24,25,24,59,28,29,30,31,32,33,34,39,36,37,38,39,32,43,42,43,44,45,46,47,48,49,114,118,52,53,62,63,56,57,58,59,124,61,62,127,64,65,66,67,68,69,70,71,72,73,74,75,76,77,78,79,80,81,82,83,84,87,86,71,88,113,90,83,92,93,94,95,96,97,98,227,100,101,102,103,96,105,122,107,108,109,110,239,112,113,118,115,116,113,118,127,120,121,122,123,124,125,126,127,128,129,130,131,132,133,6,135,136,137,130,139,156,141,142,143,144,145,146,147,20,149,182,151,152,153,154,155,28,157,190,159,160,161,162,163,164,165,166,167,168,169,170,171,172,173,142,239,176,177,178,179,52,53,54,183,185,185,186,187,188,189,190,191,192,193,192,195,196,197,198,199,200,201,202,203,204,205,206,207,208,209,210,211,212,213,198,215,217,249,218,219,220,221,158,159,225,225,226,227,228,229,230,231,232,249,234,235,236,221,238,239,240,225,242,243,228,229,246,247,248,249,250,251,248,253,254,255,0,1,2,3,4,5,6,7,8,9,10,11,12,13,14,14,16,49,18,19,4,21,22,23,24,25,26,19,28,29,30,31,32,33,34,35,36,37,38,7,40,41,42,35,44,41,46,47,48,49,50,51,52,53,54,55,56,57,58,59,60,61,62,63,64,65,66,66,4,69,70,71,72,73,74,27,76,205,78,79,64,81,82,83,84,85,84,223,120,217,90,91,220,93,94,94,96,96,98,227,100,228,102,103,104,233,106,235,76,108,110,79,112,113,114,115,116,116,118,127,120,121,122,123,124,125,126,127,128,129,130,131,129,141,135,143,24,137,138,155,12,141,140,143,144,129,146,147,148,13,150,191,152,153,154,155,156,157,159,191,160,161,163,131,164,165,167,167,168,169,168,187,140,169,172,175,176,177,114,183,180,37,182,183,249,185,186,63,188,189,254,191,192,193,194,195,196,197,198,199,192,201,203,203,200,205,204,207,208,145,208,215,212,193,212,215,216,217,222,251,220,157,190,223,224,225,230,231,229,229,198,231,232,201,234,235,236,237,239,239,240,241,242,243,236,229,247,247,248,249,250,251,252,253,255,255,0,0,2,3,12,13,14,7,8,9,14,15,12,13,14,14,16,17,18,3,20,21,30,23,16,24,56,27,28,29,30,31]
CFO=7424.862436012066,STO=6
EsN0dB=17.14,GRXdB=40,N0=9.999999747378752e-05
packet_number=4,correct=True,payload=[0,1,2,3,4,5,6,7,8,9,10,11,12,13,14,15,16,17,18,19,20,21,22,23,24,25,26,27,28,29,30,31,32,33,34,35,36,37,38,39,40,41,42,43,44,45,46,47,48,49,50,51,52,53,54,55,56,57,58,59,60,61,62,63,64,65,66,67,68,69,70,71,72,73,74,75,76,77,78,79,80,81,82,83,84,85,86,87,88,89,90,91,92,93,94,95,96,97,98,99,100,101,102,103,104,105,106,107,108,109,110,111,112,113,114,115,116,117,118,119,120,121,122,123,124,125,126,127,128,129,130,131,132,133,134,135,136,137,138,139,140,141,142,143,144,145,146,147,148,149,150,151,152,153,154,155,156,157,158,159,160,161,162,163,164,165,166,167,168,169,170,171,172,173,174,175,176,177,178,179,180,181,182,183,184,185,186,187,188,189,190,191,192,193,194,195,196,197,198,199,200,201,202,203,204,205,206,207,208,209,210,211,212,213,214,215,216,217,218,219,220,221,222,223,224,225,226,227,228,229,230,231,232,233,234,235,236,237,238,239,240,241,242,243,244,245,246,247,248,249,250,251,252,253,254,255,0,1,2,3,4,5,6,7,8,9,10,11,12,13,14,15,16,17,18,19,20,21,22,23,24,25,26,27,28,29,30,31,32,33,34,35,36,37,38,39,40,41,42,43,44,45,46,47,48,49,50,51,52,53,54,55,56,57,58,59,60,61,62,63,64,65,66,67,68,69,70,71,72,73,74,75,76,77,78,79,80,81,82,83,84,85,86,87,88,89,90,91,92,93,94,95,96,97,98,99,100,101,102,103,104,105,106,107,108,109,110,111,112,113,114,115,116,117,118,119,120,121,122,123,124,125,126,127,128,129,130,131,132,133,134,135,136,137,138,139,140,141,142,143,144,145,146,147,148,149,150,151,152,153,154,155,156,157,158,159,160,161,162,163,164,165,166,167,168,169,170,171,172,173,174,175,176,177,178,179,180,181,182,183,184,185,186,187,188,189,190,191,192,193,194,195,196,197,198,199,200,201,202,203,204,205,206,207,208,209,210,211,212,213,214,215,216,217,218,219,220,221,222,223,224,225,226,227,228,229,230,231,232,233,234,235,236,237,238,239,240,241,242,243,244,245,246,247,248,249,250,251,252,253,254,255,0,1,2,3,4,5,6,7,8,9,10,11,12,13,14,15,16,17,18,19,20,21,22,23,24,25,26,27,28,29,30,31,32,33,34,35,36,37,38,39,40,41,42,43,44,45,46,47,48,49,50,51,52,53,54,55,56,57,58,59,60,61,62,63,64,65,66,67,68,69,70,71,72,73,74,75,76,77,78,79,80,81,82,83,84,85,86,87,88,89,90,91,92,93,94,95,96,97,98,99,100,101,102,103,104,105,106,107,108,109,110,111,112,113,114,115,116,117,118,119,120,121,122,123,124,125,126,127,128,129,130,131,132,133,134,135,136,137,138,139,140,141,142,143,144,145,146,147,148,149,150,151,152,153,154,155,156,157,158,159,160,161,162,163,164,165,166,167,168,169,170,171,172,173,174,175,176,177,178,179,180,181,182,183,184,185,186,187,188,189,190,191,192,193,194,195,196,197,198,199,200,201,202,203,204,205,206,207,208,209,210,211,212,213,214,215,216,217,218,219,220,221,222,223,224,225,226,227,228,229,230,231,232,233,234,235,236,237,238,239,240,241,242,243,244,245,246,247,248,249,250,251,252,253,254,255,0,1,2,3,4,5,6,7,8,9,10,11,12,13,14,15,16,17,18,19,20,21,22,23,24,25,26,27,28,29,30,31]
CFO=8144.972126118664,STO=1
EsN0dB=16.99,GRXdB=40,N0=9.999999747378752e-05
packet_number=5,correct=False,payload=[0,1,2,3,4,5,6,7,8,9,10,11,28,12,14,15,16,17,18,19,20,17,22,23,24,27,58,27,28,29,30,31,32,33,34,35,36,5,38,39,40,9,42,43,44,45,46,15,48,49,50,51,52,53,54,55,56,57,58,59,60,61,62,63,64,65,66,3,68,69,70,71,72,73,74,75,76,77,78,79,80,81,82,83,84,85,118,87,80,89,90,91,28,93,94,95,96,97,98,99,100,101,230,103,104,105,106,107,108,125,110,111,112,113,114,115,244,245,118,127,120,121,122,123,124,125,126,127,128,129,130,131,132,133,134,135,136,137,130,139,140,153,12,143,16,147,144,147,148,149,150,151,152,153,154,155,156,157,158,159,160,161,162,163,132,165,166,39,168,169,170,139,172,173,174,143,176,177,178,179,180,181,182,183,184,57,184,187,189,189,190,191,193,193,194,195,196,197,196,199,192,201,202,203,204,205,206,207,208,209,210,147,196,213,214,215,248,217,218,219,252,221,222,223,224,225,226,227,228,229,228,231,232,233,234,235,236,237,238,239,240,241,242,243,240,245,246,247,248,249,250,255,252,253,254,255,0,1,0,3,4,5,6,7,8,9,10,11,12,13,14,15,16,17,50,19,16,21,22,23,24,27,26,27,28,29,28,30,32,33,32,35,36,37,38,39,40,41,106,43,44,45,46,47,48,49,50,51,52,117,54,55,56,57,58,59,60,57,62,63,0,67,66,67,68,69,68,71,72,73,74,74,76,77,78,79,80,17,82,83,84,81,126,79,88,89,90,27,92,93,94,95,96,97,98,99,100,101,102,103,72,105,106,235,108,109,110,111,112,113,98,103,116,117,102,119,120,113,122,127,124,125,254,127,128,129,130,131,132,5,132,135,136,139,139,139,140,141,142,143,144,145,144,147,148,149,150,151,152,153,18,155,156,157,156,159,128,161,162,163,164,165,166,167,168,161,162,171,172,169,174,143,176,177,162,163,180,181,182,183,176,177,186,187,188,253,191,191,193,193,194,195,196,197,134,199,201,201,202,203,204,205,206,207,208,209,211,195,212,213,214,215,216,185,218,219,220,221,158,223,224,225,224,227,236,229,230,231,233,225,234,235,236,205,238,239,240,241,242,243,228,229,254,247,248,249,250,255,252,253,254,255,0,1,0,3,4,5,6,7,8,19,10,11,12,13,14,14,0,1,18,23,20,21,22,23,24,25,24,27,28,29,30,31,32,33,32,34,36,45,38,103,56,33,42,11,44,45,46,47,48,49,50,51,52,53,54,118,56,57,58,59,60,61,62,127,192,1,6,67,4,69,70,6,72,73,74,67,76,77,76,14,80,17,82,83,84,87,92,247,88,89,82,219,92,29,30,95,96,225,224,99,100,101,102,231,72,105,98,107,108,105,78,239,112,97,114,115,116,117,116,119,120,123,112,123,252,124,126,127,128,129,130,131,133,129,143,143,136,9,130,135,140,139,142,143,128,145,150,19,132,149,150,15,152,153,154,155,156,157,190,31,224,161,160,163,132,161,166,175,168,169,234,11,172,173,174,175,240,177,178,179,245,181,180,167,184,185,186,187,188,189,190,63,193,129,192,195,200,197,198,199,200,201,200,207,204,205,206,207,208,209,210,211,144,213,214,215,217,217,218,219,184,221,222,255,224,225,194,227,229,229,230,199,249,233,234,203,236,237,238,239,240,241,226,243,244,245,246,247,248,249,250,247,252,255,252,255,0,2,2,3,0,5,6,6,8,9,2,11,12,13,14,15,16,48,18,23,20,4,22,22,24,25,26,22,24,61,30,31]
CFO=8595.689668986111,STO=1
EsN0dB=17.14,GRXdB=40,N0=9.999999747378752e-05
packet_number=6,correct=False,payload=[0,3,2,3,4,11,4,7,8,8,16,14,12,14,12,14,0,18,16,18,24,1,20,23,56,24,20,50,28,24,28,30,0,33,96,2,0,1,36,38,8,96,10,110,72,15,12,78,48,115,32,103,52,45,36,126,48,49,62,51,60,60,60,126,0,1,0,70,72,11,12,135,72,24,204,94,72,76,140,143,112,98,4,35,12,26,198,135,80,240,50,18,152,217,94,31,64,64,66,102,232,107,230,79,192,97,98,107,88,217,110,110,96,113,112,102,100,114,108,127,248,250,114,114,124,120,126,127,128,129,129,7,4,1,12,143,0,131,6,7,13,11,12,159,176,17,166,3,132,45,20,23,57,27,24,19,24,189,28,159,64,97,2,35,204,137,70,47,161,51,64,51,124,63,111,239,32,113,178,163,184,179,39,119,176,251,48,59,184,121,127,127,192,129,192,195,192,205,143,135,192,131,152,139,156,141,207,143,192,129,128,227,153,163,228,223,209,155,244,155,156,157,252,255,192,193,198,231,192,229,196,239,225,203,201,195,253,219,206,223,241,243,224,227,253,229,244,247,249,251,240,251,252,249,254,254,0,0,0,6,4,11,12,14,0,2,0,22,8,28,12,14,48,16,18,23,32,16,62,6,56,57,56,19,56,27,30,31,32,65,96,70,68,8,76,78,0,106,112,38,76,75,30,110,48,51,116,102,100,121,38,46,120,58,112,119,120,56,60,126,0,0,2,71,128,73,6,134,128,18,154,18,72,29,28,206,128,33,228,227,0,77,204,6,184,240,16,59,156,252,188,30,192,226,196,194,224,64,76,199,64,218,68,242,204,106,220,94,240,97,226,226,240,230,252,102,112,250,112,247,248,123,252,127,128,1,5,7,137,135,14,135,17,139,24,131,140,15,12,15,160,1,34,3,9,35,46,7,56,177,149,31,60,59,188,191,33,97,129,3,1,233,37,71,153,193,157,255,72,137,92,207,33,99,37,103,41,111,47,47,56,177,49,55,248,63,62,255,129,129,131,199,140,129,135,135,144,129,130,147,141,201,140,143,209,243,129,195,133,201,151,175,145,249,145,243,221,155,159,159,225,195,231,227,237,199,230,239,193,209,224,195,200,219,221,255,225,243,228,227,241,251,230,247,240,241,247,247,253,251,252,255,0,2,2,6,8,6,4,15,0,19,12,18,8,24,28,14,16,49,32,35,36,8,4,6,48,17,16,19,56,26,60,62,0,66,4,6,8,2,14,14,32,112,92,10,8,24,108,30,96,112,100,102,48,117,100,46,112,112,116,119,60,56,124,63,192,129,192,6,136,10,134,143,208,137,84,150,136,11,142,30,224,98,68,34,8,136,36,198,16,218,180,22,188,184,220,158,192,97,192,195,200,232,228,70,64,226,80,230,88,250,220,222,96,112,230,230,104,232,236,230,120,242,116,114,248,250,252,255,0,3,5,3,13,137,5,7,1,137,3,3,29,29,28,31,33,51,49,131,136,41,4,47,152,57,50,51,152,25,61,31,96,33,199,199,136,73,45,7,208,11,23,87,60,25,29,31,113,99,245,35,97,41,37,103,241,49,49,115,121,57,189,127,193,129,132,135,196,129,133,143,129,153,192,147,153,157,158,207,129,163,163,231,137,161,164,239,145,179,144,151,189,185,157,159,193,195,196,199,201,203,206,207,208,195,213,195,201,217,237,207,225,227,225,231,233,245,239,231,240,243,241,255,248,251,253,254,0,3,4,6,8,3,4,6,16,16,0,7,28,10,28,30,32,32,36,50,40,34,28,46,16,18,52,50,56,59,28,62]
CFO=9956.460668228674,STO=6
EsN0dB=-16.70,GRXdB=40,N0=9.999999747378752e-05
packet_number=7,correct=False,payload=[156,3,37,117,94,194,6,33,170,82,5,21,166,67,210,64,232,112,205,230,10,118,124,166,97,64,67,9,194,239,119,196,89,230,124,67,252,100,168,157,164,36,218,254,102,127,15,252,138,13,54,109,94,253,252,78,243,185,190,57,70,34,171,75,241,213,11,54,74,85,17,120,4,188,60,101,128,5,95,143,97,231,209,37,32,108,180,231,172,248,134,245,80,56,182,19,221,1,128,93,204,211,237,52,233,2,1,88,204,24,42,8,166,23,94,104,227,237,169,117,57,100,199,162,120,113,159,135,120,98,57,6,200,243,70,128,49,128,172,22,68,245,95,147,90,250,211,97,215,72,39,115,85,178,51,207,160,249,8,179,55,215,163,23,134,155,40,115,226,105,185,120,54,237,57,19,174,199,177,204,46,153,88,165,97,154,255,15,38,53,187,45,104,248,186,191,180,91,183,131,109,76,232,3,81,150,218,56,203,50,177,97,19,226,225,133,121,135,243,75,189,154,83,96,77,191,226,199,188,32,11,206,78,51,166,165,5,1,239,107,107,179,76,251,243,69,180,212,220,146,97,251,186,181,165,230,123,79,153,193,111,145,141,175,241,86,249,36,103,219,198,14,124,163,129,116,141,62,14,71,169,214,64,119,245,155,189,159,42,103,96,151,163,135,119,235,125,158,90,101,255,89,165,18,173,120,182,17,173,8,55,130,25,110,178,243,154,140,253,184,126,68,56,23,5,178,170,174,116,21,63,28,160,26,142,183,83,139,135,50,15,191,148,46,214,95,94,227,31,166,128,69,190,27,242,66,133,237,80,228,86,196,240,153,109,32,146,82,75,17,118,50,241,114,144,67,59,144,226,82,115,154,40,228,245,14,172,122,16,24,242,94,169,148,89,186,114,196,70,84,144,213,133,115,218,107,123,122,3,74,120,119,223,19,234,215,243,162,244,208,38,11,191,201,154,55,84,77,58,51,7,247,92,55,53,41,235,187,70,196,148,148,53,113,175,153,12,62,109,60,142,59,243,26,143,121,98,100,150,72,63,157,198,69,189,108,88,96,174,49,10,49,184,205,108,162,110,32,208,159,1,118,158,216,80,139,124,183,151,95,137,124,201,111,112,238,16,229,80,16,96,77,234,12,150,6,107,115,181,254,154,176,75,192,217,108,112,75,229,48,159,74,209,63,211,245,120,75,123,24,108,210,194,7,75,2,197,219,132,233,154,140,142,222,194,145,96,186,113,125,0,7,84,24,221,122,82,95,208,106,98,94,51,191,182,137,110,205,60,209,70,252,57,236,233,92,99,238,206,27,81,236,97,204,238,154,9,88,110,158,215,24,170,164,10,250,114,156,250,230,130,159,112,220,184,233,221,152,3,198,73,131,44,103,217,71,140,32,121,59,67,1,38,179,241,159,34,187,203,3,177,55,90,130,57,139,24,70,239,163,243,17,17,243,148,133,49,92,224,232,112,233,17,240,91,27,241,71,61,113,36,156,245,114,27,98,84,145,67,239,235,189,138,101,36,192,243,95,5,16,124,126,27,236,99,203,178,23,243,76,21,153,160,218,104,64,223,251,83,186,231,64,154,11,187,142,57,11,94,104,242,18,222,251,247,66,204,234,78,161,160,17,134,191,112,26,13,58,12,164,236,96,107,82,42,204,21,165,254,208,34,134,130,115,65,14,99,64,98,22,89,204,195,231,79,145,148,227,11,15,88,34,83,142,245,132,128,70,184,49,136,47,31,81,33,27,138,29,37,174,152,222,205,48,19,238,5,6,51,41,224,196,90,131,68,102,19,218,213,229]
CFO=8534.632520993122,STO=4
EsN0dB=17.23,GRXdB=40,N0=9.999999747378752e-05
packet_number=8,correct=True,payload=[0,1,2,3,4,5,6,7,8,9,10,11,12,13,14,15,16,17,18,19,20,21,22,23,24,25,26,27,28,29,30,31,32,33,34,35,36,37,38,39,40,41,42,43,44,45,46,47,48,49,50,51,52,53,54,55,56,57,58,59,60,61,62,63,64,65,66,67,68,69,70,71,72,73,74,75,76,77,78,79,80,81,82,83,84,85,86,87,88,89,90,91,92,93,94,95,96,97,98,99,100,101,102,103,104,105,106,107,108,109,110,111,112,113,114,115,116,117,118,119,120,121,122,123,124,125,126,127,128,129,130,131,132,133,134,135,136,137,138,139,140,141,142,143,144,145,146,147,148,149,150,151,152,153,154,155,156,157,158,159,160,161,162,163,164,165,166,167,168,169,170,171,172,173,174,175,176,177,178,179,180,181,182,183,184,185,186,187,188,189,190,191,192,193,194,195,196,197,198,199,200,201,202,203,204,205,206,207,208,209,210,211,212,213,214,215,216,217,218,219,220,221,222,223,224,225,226,227,228,229,230,231,232,233,234,235,236,237,238,239,240,241,242,243,244,245,246,247,248,249,250,251,252,253,254,255,0,1,2,3,4,5,6,7,8,9,10,11,12,13,14,15,16,17,18,19,20,21,22,23,24,25,26,27,28,29,30,31,32,33,34,35,36,37,38,39,40,41,42,43,44,45,46,47,48,49,50,51,52,53,54,55,56,57,58,59,60,61,62,63,64,65,66,67,68,69,70,71,72,73,74,75,76,77,78,79,80,81,82,83,84,85,86,87,88,89,90,91,92,93,94,95,96,97,98,99,100,101,102,103,104,105,106,107,108,109,110,111,112,113,114,115,116,117,118,119,120,121,122,123,124,125,126,127,128,129,130,131,132,133,134,135,136,137,138,139,140,141,142,143,144,145,146,147,148,149,150,151,152,153,154,155,156,157,158,159,160,161,162,163,164,165,166,167,168,169,170,171,172,173,174,175,176,177,178,179,180,181,182,183,184,185,186,187,188,189,190,191,192,193,194,195,196,197,198,199,200,201,202,203,204,205,206,207,208,209,210,211,212,213,214,215,216,217,218,219,220,221,222,223,224,225,226,227,228,229,230,231,232,233,234,235,236,237,238,239,240,241,242,243,244,245,246,247,248,249,250,251,252,253,254,255,0,1,2,3,4,5,6,7,8,9,10,11,12,13,14,15,16,17,18,19,20,21,22,23,24,25,26,27,28,29,30,31,32,33,34,35,36,37,38,39,40,41,42,43,44,45,46,47,48,49,50,51,52,53,54,55,56,57,58,59,60,61,62,63,64,65,66,67,68,69,70,71,72,73,74,75,76,77,78,79,80,81,82,83,84,85,86,87,88,89,90,91,92,93,94,95,96,97,98,99,100,101,102,103,104,105,106,107,108,109,110,111,112,113,114,115,116,117,118,119,120,121,122,123,124,125,126,127,128,129,130,131,132,133,134,135,136,137,138,139,140,141,142,143,144,145,146,147,148,149,150,151,152,153,154,155,156,157,158,159,160,161,162,163,164,165,166,167,168,169,170,171,172,173,174,175,176,177,178,179,180,181,182,183,184,185,186,187,188,189,190,191,192,193,194,195,196,197,198,199,200,201,202,203,204,205,206,207,208,209,210,211,212,213,214,215,216,217,218,219,220,221,222,223,224,225,226,227,228,229,230,231,232,233,234,235,236,237,238,239,240,241,242,243,244,245,246,247,248,249,250,251,252,253,254,255,0,1,2,3,4,5,6,7,8,9,10,11,12,13,14,15,16,17,18,19,20,21,22,23,24,25,26,27,28,29,30,31]
CFO=7885.717117972675,STO=5
EsN0dB=17.18,GRXdB=40,N0=9.999999747378752e-05
packet_number=9,correct=True,payload=[0,1,2,3,4,5,6,7,8,9,10,11,12,13,14,15,16,17,18,19,20,21,22,23,24,25,26,27,28,29,30,31,32,33,34,35,36,37,38,39,40,41,42,43,44,45,46,47,48,49,50,51,52,53,54,55,56,57,58,59,60,61,62,63,64,65,66,67,68,69,70,71,72,73,74,75,76,77,78,79,80,81,82,83,84,85,86,87,88,89,90,91,92,93,94,95,96,97,98,99,100,101,102,103,104,105,106,107,108,109,110,111,112,113,114,115,116,117,118,119,120,121,122,123,124,125,126,127,128,129,130,131,132,133,134,135,136,137,138,139,140,141,142,143,144,145,146,147,148,149,150,151,152,153,154,155,156,157,158,159,160,161,162,163,164,165,166,167,168,169,170,171,172,173,174,175,176,177,178,179,180,181,182,183,184,185,186,187,188,189,190,191,192,193,194,195,196,197,198,199,200,201,202,203,204,205,206,207,208,209,210,211,212,213,214,215,216,217,218,219,220,221,222,223,224,225,226,227,228,229,230,231,232,233,234,235,236,237,238,239,240,241,242,243,244,245,246,247,248,249,250,251,252,253,254,255,0,1,2,3,4,5,6,7,8,9,10,11,12,13,14,15,16,17,18,19,20,21,22,23,24,25,26,27,28,29,30,31,32,33,34,35,36,37,38,39,40,41,42,43,44,45,46,47,48,49,50,51,52,53,54,55,56,57,58,59,60,61,62,63,64,65,66,67,68,69,70,71,72,73,74,75,76,77,78,79,80,81,82,83,84,85,86,87,88,89,90,91,92,93,94,95,96,97,98,99,100,101,102,103,104,105,106,107,108,109,110,111,112,113,114,115,116,117,118,119,120,121,122,123,124,125,126,127,128,129,130,131,132,133,134,135,136,137,138,139,140,141,142,143,144,145,146,147,148,149,150,151,152,153,154,155,156,157,158,159,160,161,162,163,164,165,166,167,168,169,170,171,172,173,174,175,176,177,178,179,180,181,182,183,184,185,186,187,188,189,190,191,192,193,194,195,196,197,198,199,200,201,202,203,204,205,206,207,208,209,210,211,212,213,214,215,216,217,218,219,220,221,222,223,224,225,226,227,228,229,230,231,232,233,234,235,236,237,238,239,240,241,242,243,244,245,246,247,248,249,250,251,252,253,254,255,0,1,2,3,4,5,6,7,8,9,10,11,12,13,14,15,16,17,18,19,20,21,22,23,24,25,26,27,28,29,30,31,32,33,34,35,36,37,38,39,40,41,42,43,44,45,46,47,48,49,50,51,52,53,54,55,56,57,58,59,60,61,62,63,64,65,66,67,68,69,70,71,72,73,74,75,76,77,78,79,80,81,82,83,84,85,86,87,88,89,90,91,92,93,94,95,96,97,98,99,100,101,102,103,104,105,106,107,108,109,110,111,112,113,114,115,116,117,118,119,120,121,122,123,124,125,126,127,128,129,130,131,132,133,134,135,136,137,138,139,140,141,142,143,144,145,146,147,148,149,150,151,152,153,154,155,156,157,158,159,160,161,162,163,164,165,166,167,168,169,170,171,172,173,174,175,176,177,178,179,180,181,182,183,184,185,186,187,188,189,190,191,192,193,194,195,196,197,198,199,200,201,202,203,204,205,206,207,208,209,210,211,212,213,214,215,216,217,218,219,220,221,222,223,224,225,226,227,228,229,230,231,232,233,234,235,236,237,238,239,240,241,242,243,244,245,246,247,248,249,250,251,252,253,254,255,0,1,2,3,4,5,6,7,8,9,10,11,12,13,14,15,16,17,18,19,20,21,22,23,24,25,26,27,28,29,30,31]
CFO=7664.158587902154,STO=4
EsN0dB=17.09,GRXdB=40,N0=9.999999747378752e-05
packet_number=10,correct=True,payload=[0,1,2,3,4,5,6,7,8,9,10,11,12,13,14,15,16,17,18,19,20,21,22,23,24,25,26,27,28,29,30,31,32,33,34,35,36,37,38,39,40,41,42,43,44,45,46,47,48,49,50,51,52,53,54,55,56,57,58,59,60,61,62,63,64,65,66,67,68,69,70,71,72,73,74,75,76,77,78,79,80,81,82,83,84,85,86,87,88,89,90,91,92,93,94,95,96,97,98,99,100,101,102,103,104,105,106,107,108,109,110,111,112,113,114,115,116,117,118,119,120,121,122,123,124,125,126,127,128,129,130,131,132,133,134,135,136,137,138,139,140,141,142,143,144,145,146,147,148,149,150,151,152,153,154,155,156,157,158,159,160,161,162,163,164,165,166,167,168,169,170,171,172,173,174,175,176,177,178,179,180,181,182,183,184,185,186,187,188,189,190,191,192,193,194,195,196,197,198,199,200,201,202,203,204,205,206,207,208,209,210,211,212,213,214,215,216,217,218,219,220,221,222,223,224,225,226,227,228,229,230,231,232,233,234,235,236,237,238,239,240,241,242,243,244,245,246,247,248,249,250,251,252,253,254,255,0,1,2,3,4,5,6,7,8,9,10,11,12,13,14,15,16,17,18,19,20,21,22,23,24,25,26,27,28,29,30,31,32,33,34,35,36,37,38,39,40,41,42,43,44,45,46,47,48,49,50,51,52,53,54,55,56,57,58,59,60,61,62,63,64,65,66,67,68,69,70,71,72,73,74,75,76,77,78,79,80,81,82,83,84,85,86,87,88,89,90,91,92,93,94,95,96,97,98,99,100,101,102,103,104,105,106,107,108,109,110,111,112,113,114,115,116,117,118,119,120,121,122,123,124,125,126,127,128,129,130,131,132,133,134,135,136,137,138,139,140,141,142,143,144,145,146,147,148,149,150,151,152,153,154,155,156,157,158,159,160,161,162,163,164,165,166,167,168,169,170,171,172,173,174,175,176,177,178,179,180,181,182,183,184,185,186,187,188,189,190,191,192,193,194,195,196,197,198,199,200,201,202,203,204,205,206,207,208,209,210,211,212,213,214,215,216,217,218,219,220,221,222,223,224,225,226,227,228,229,230,231,232,233,234,235,236,237,238,239,240,241,242,243,244,245,246,247,248,249,250,251,252,253,254,255,0,1,2,3,4,5,6,7,8,9,10,11,12,13,14,15,16,17,18,19,20,21,22,23,24,25,26,27,28,29,30,31,32,33,34,35,36,37,38,39,40,41,42,43,44,45,46,47,48,49,50,51,52,53,54,55,56,57,58,59,60,61,62,63,64,65,66,67,68,69,70,71,72,73,74,75,76,77,78,79,80,81,82,83,84,85,86,87,88,89,90,91,92,93,94,95,96,97,98,99,100,101,102,103,104,105,106,107,108,109,110,111,112,113,114,115,116,117,118,119,120,121,122,123,124,125,126,127,128,129,130,131,132,133,134,135,136,137,138,139,140,141,142,143,144,145,146,147,148,149,150,151,152,153,154,155,156,157,158,159,160,161,162,163,164,165,166,167,168,169,170,171,172,173,174,175,176,177,178,179,180,181,182,183,184,185,186,187,188,189,190,191,192,193,194,195,196,197,198,199,200,201,202,203,204,205,206,207,208,209,210,211,212,213,214,215,216,217,218,219,220,221,222,223,224,225,226,227,228,229,230,231,232,233,234,235,236,237,238,239,240,241,242,243,244,245,246,247,248,249,250,251,252,253,254,255,0,1,2,3,4,5,6,7,8,9,10,11,12,13,14,15,16,17,18,19,20,21,22,23,24,25,26,27,28,29,30,31]
CFO=7480.877576305248,STO=3
EsN0dB=17.02,GRXdB=40,N0=9.999999747378752e-05
packet_number=11,correct=True,payload=[0,1,2,3,4,5,6,7,8,9,10,11,12,13,14,15,16,17,18,19,20,21,22,23,24,25,26,27,28,29,30,31,32,33,34,35,36,37,38,39,40,41,42,43,44,45,46,47,48,49,50,51,52,53,54,55,56,57,58,59,60,61,62,63,64,65,66,67,68,69,70,71,72,73,74,75,76,77,78,79,80,81,82,83,84,85,86,87,88,89,90,91,92,93,94,95,96,97,98,99,100,101,102,103,104,105,106,107,108,109,110,111,112,113,114,115,116,117,118,119,120,121,122,123,124,125,126,127,128,129,130,131,132,133,134,135,136,137,138,139,140,141,142,143,144,145,146,147,148,149,150,151,152,153,154,155,156,157,158,159,160,161,162,163,164,165,166,167,168,169,170,171,172,173,174,175,176,177,178,179,180,181,182,183,184,185,186,187,188,189,190,191,192,193,194,195,196,197,198,199,200,201,202,203,204,205,206,207,208,209,210,211,212,213,214,215,216,217,218,219,220,221,222,223,224,225,226,227,228,229,230,231,232,233,234,235,236,237,238,239,240,241,242,243,244,245,246,247,248,249,250,251,252,253,254,255,0,1,2,3,4,5,6,7,8,9,10,11,12,13,14,15,16,17,18,19,20,21,22,23,24,25,26,27,28,29,30,31,32,33,34,35,36,37,38,39,40,41,42,43,44,45,46,47,48,49,50,51,52,53,54,55,56,57,58,59,60,61,62,63,64,65,66,67,68,69,70,71,72,73,74,75,76,77,78,79,80,81,82,83,84,85,86,87,88,89,90,91,92,93,94,95,96,97,98,99,100,101,102,103,104,105,106,107,108,109,110,111,112,113,114,115,116,117,118,119,120,121,122,123,124,125,126,127,128,129,130,131,132,133,134,135,136,137,138,139,140,141,142,143,144,145,146,147,148,149,150,151,152,153,154,155,156,157,158,159,160,161,162,163,164,165,166,167,168,169,170,171,172,173,174,175,176,177,178,179,180,181,182,183,184,185,186,187,188,189,190,191,192,193,194,195,196,197,198,199,200,201,202,203,204,205,206,207,208,209,210,211,212,213,214,215,216,217,218,219,220,221,222,223,224,225,226,227,228,229,230,231,232,233,234,235,236,237,238,239,240,241,242,243,244,245,246,247,248,249,250,251,252,253,254,255,0,1,2,3,4,5,6,7,8,9,10,11,12,13,14,15,16,17,18,19,20,21,22,23,24,25,26,27,28,29,30,31,32,33,34,35,36,37,38,39,40,41,42,43,44,45,46,47,48,49,50,51,52,53,54,55,56,57,58,59,60,61,62,63,64,65,66,67,68,69,70,71,72,73,74,75,76,77,78,79,80,81,82,83,84,85,86,87,88,89,90,91,92,93,94,95,96,97,98,99,100,101,102,103,104,105,106,107,108,109,110,111,112,113,114,115,116,117,118,119,120,121,122,123,124,125,126,127,128,129,130,131,132,133,134,135,136,137,138,139,140,141,142,143,144,145,146,147,148,149,150,151,152,153,154,155,156,157,158,159,160,161,162,163,164,165,166,167,168,169,170,171,172,173,174,175,176,177,178,179,180,181,182,183,184,185,186,187,188,189,190,191,192,193,194,195,196,197,198,199,200,201,202,203,204,205,206,207,208,209,210,211,212,213,214,215,216,217,218,219,220,221,222,223,224,225,226,227,228,229,230,231,232,233,234,235,236,237,238,239,240,241,242,243,244,245,246,247,248,249,250,251,252,253,254,255,0,1,2,3,4,5,6,7,8,9,10,11,12,13,14,15,16,17,18,19,20,21,22,23,24,25,26,27,28,29,30,31]
CFO=8001.880611644281,STO=2
EsN0dB=17.25,GRXdB=40,N0=9.999999747378752e-05
packet_number=12,correct=False,payload=[128,1,130,3,4,5,2,7,0,9,10,9,14,4,14,15,16,1,0,19,20,1,19,7,24,29,10,27,28,31,30,31,32,1,32,3,36,5,38,35,168,25,42,43,44,45,47,47,48,16,50,51,48,53,54,55,56,61,56,59,60,63,62,63,64,65,66,67,66,5,6,71,72,72,72,75,76,5,78,79,80,113,18,83,84,85,82,87,72,89,90,91,92,93,95,95,32,96,98,97,100,101,98,103,104,105,106,107,164,109,110,111,112,113,113,115,116,117,118,119,120,57,126,127,124,125,254,127,128,129,194,131,196,133,134,135,140,137,128,143,140,141,142,143,152,144,144,145,144,213,146,159,136,153,154,155,156,221,158,159,160,161,162,161,196,165,167,135,168,169,186,155,172,173,166,175,144,177,179,147,176,181,182,183,188,189,186,27,252,29,190,191,192,65,194,195,194,197,226,71,200,193,203,203,196,204,238,79,240,193,210,211,212,213,214,87,216,201,218,219,220,221,222,223,224,224,226,227,230,229,226,231,232,233,238,251,236,237,238,239,240,241,242,243,244,245,246,247,248,249,250,251,252,253,255,255,128,1,2,3,4,5,6,7,8,9,10,3,14,5,14,15,0,17,18,19,20,21,22,23,12,25,26,11,28,29,158,31,48,33,34,35,36,37,166,39,40,41,42,43,46,45,38,47,48,49,50,51,180,53,54,55,188,57,24,59,188,29,62,63,64,64,66,65,68,69,70,67,64,73,74,75,76,77,14,79,88,16,82,83,84,85,86,87,24,25,88,123,92,92,95,95,96,97,98,99,228,97,102,39,120,121,98,107,108,109,110,111,112,113,114,115,116,117,54,119,120,121,123,123,188,125,127,127,128,129,131,131,132,197,134,135,136,137,138,11,140,141,142,143,144,145,144,147,132,20,150,151,152,153,158,139,156,157,222,159,160,225,162,163,164,165,167,167,136,161,170,43,156,189,174,175,176,177,178,187,180,181,190,191,184,153,186,187,188,189,190,191,192,193,194,195,196,197,198,231,200,201,234,203,204,205,206,207,208,209,210,211,212,213,214,215,216,217,250,203,220,221,222,223,224,225,226,227,228,229,230,227,232,233,234,235,236,237,238,255,240,241,240,243,244,245,246,247,248,253,250,251,252,253,254,255,0,1,2,3,4,5,6,3,8,13,10,11,12,13,14,15,24,17,18,27,20,21,22,19,8,25,154,11,28,29,30,31,32,33,34,35,36,37,38,39,40,41,46,43,44,45,46,47,48,49,50,19,54,61,54,55,56,57,58,59,60,61,62,63,96,65,66,67,68,69,70,71,64,73,74,75,76,77,14,79,80,81,82,67,84,93,86,87,88,89,90,91,92,93,222,95,96,97,98,99,100,101,102,103,104,105,106,123,108,109,110,111,112,113,114,115,116,117,118,127,120,121,122,123,252,125,126,127,128,128,130,131,132,133,134,135,136,137,138,139,140,141,143,143,144,209,146,147,148,149,150,151,152,153,155,155,156,157,222,159,160,161,162,163,164,167,166,167,168,169,170,171,172,173,174,175,176,177,178,179,176,181,182,183,184,185,186,187,188,189,190,191,192,193,194,195,196,197,198,199,192,201,202,203,204,205,206,207,208,209,210,67,212,217,214,215,216,217,202,251,220,223,222,223,224,225,226,227,228,100,230,231,232,233,234,235,236,237,238,239,240,241,242,243,244,245,246,247,248,249,250,251,252,253,255,255,0,1,2,3,132,4,6,7,8,9,134,11,12,13,14,7,16,17,18,19,20,21,22,23,24,25,26,27,28,29,30,31]
CFO=7763.997455138739,STO=2
EsN0dB=16.29,GRXdB=40,N0=0.0001258925476577133
packet_number=13,correct=False,payload=[0,1,2,3,4,5,7,3,8,9,10,11,140,12,14,15,16,17,18,17,28,5,22,23,152,25,26,27,156,31,31,31,0,33,34,35,36,37,34,39,40,41,42,43,44,45,46,7,48,49,50,51,52,52,50,55,56,57,59,59,188,61,190,63,64,65,66,3,68,68,39,71,72,72,74,75,76,77,70,79,80,81,82,83,244,71,86,87,88,89,90,123,92,77,94,95,96,97,98,99,100,37,102,103,104,105,106,107,110,109,102,111,112,113,114,115,116,117,118,119,120,121,121,121,124,127,62,127,128,129,130,131,132,133,135,135,200,136,139,139,140,141,143,15,144,144,130,155,132,157,151,151,152,153,154,27,156,159,158,159,160,177,130,227,132,133,166,247,224,225,170,171,172,173,190,175,144,185,178,51,180,181,246,191,184,185,250,187,188,61,190,191,192,193,194,193,196,198,198,199,196,225,203,203,204,205,206,207,208,81,210,211,212,245,214,247,216,217,222,127,220,253,222,223,224,225,226,227,228,229,230,231,232,233,234,107,252,237,238,239,240,241,242,243,244,244,246,247,248,249,250,251,252,253,254,255,0,1,2,3,4,5,2,7,8,9,10,11,12,13,14,15,16,17,18,19,20,23,22,23,24,25,26,27,28,29,30,31,32,33,34,3,0,33,38,39,40,41,42,43,36,47,46,15,48,49,50,51,180,53,54,55,24,57,59,59,60,61,62,63,64,65,66,67,68,70,70,3,72,77,78,75,76,109,78,79,80,81,18,19,84,84,86,87,88,89,90,91,92,93,94,95,96,97,114,99,100,101,38,103,104,105,106,99,108,109,110,111,112,113,242,115,112,117,119,119,120,121,122,123,124,127,126,127,128,1,130,131,132,133,134,135,136,137,138,139,140,141,142,143,144,145,146,147,146,132,150,151,152,153,154,155,156,29,158,31,160,161,162,163,164,133,166,167,168,169,170,171,180,173,230,175,176,176,178,179,148,181,182,179,184,185,186,187,188,189,190,191,192,64,194,195,196,69,198,199,204,201,202,203,204,205,206,207,192,208,210,211,214,213,214,215,216,217,218,251,220,221,222,95,224,225,224,227,228,231,230,231,232,233,234,233,236,237,238,239,240,241,242,251,244,245,246,247,248,249,250,251,252,253,254,255,0,1,2,3,4,5,134,7,8,13,10,3,12,13,14,15,16,17,26,19,20,21,22,23,24,25,26,27,28,29,30,31,32,33,34,35,36,37,39,39,8,45,42,43,44,45,46,47,48,49,50,51,52,53,54,55,56,57,62,59,60,61,62,63,64,65,66,67,70,69,70,71,72,73,66,75,108,77,78,79,208,81,82,83,84,87,86,87,88,89,74,91,92,93,94,95,96,97,98,99,100,101,102,103,232,105,106,107,108,109,110,111,120,113,114,115,116,117,118,119,120,121,122,123,124,125,254,127,128,129,130,131,132,133,134,135,136,137,138,137,140,141,142,143,144,145,146,147,150,145,150,147,156,153,154,155,140,157,158,159,160,161,162,163,164,165,166,167,168,169,170,171,172,173,174,175,176,177,178,179,180,181,182,247,184,185,190,187,188,189,190,191,192,193,194,195,196,197,198,199,204,201,200,203,204,204,206,207,208,209,210,211,212,213,214,211,216,217,218,223,220,220,222,223,240,225,226,227,228,229,230,231,232,233,234,235,236,236,238,239,240,241,242,243,244,245,246,247,248,249,250,251,252,253,254,255,0,1,2,3,4,5,6,7,8,9,2,11,12,15,14,15,16,17,18,19,20,21,18,23,24,25,26,27,28,29,30,29]
CFO=8025.227526319723,STO=4
EsN0dB=16.21,GRXdB=40,N0=0.0001258925476577133
packet_number=14,correct=False,payload=[0,1,2,3,4,5,6,7,8,9,10,11,12,13,14,15,16,17,18,19,20,21,22,23,24,25,26,27,28,29,30,31,32,33,34,35,36,37,38,39,40,41,42,43,44,45,46,47,48,49,50,51,52,53,54,55,56,57,58,59,60,61,62,63,64,65,66,67,68,69,70,71,72,73,74,75,76,77,78,79,80,81,82,83,84,85,86,87,88,89,90,91,92,93,94,95,96,97,98,99,100,101,102,103,104,105,106,107,108,109,110,111,112,113,114,115,116,117,118,119,120,121,122,123,124,125,126,127,128,129,130,131,132,133,134,135,136,137,138,139,140,141,142,143,144,145,146,147,148,149,150,151,152,153,154,155,156,157,158,159,160,161,162,163,36,165,166,167,168,169,170,171,172,173,174,175,176,177,178,179,180,181,182,183,184,185,186,187,188,189,190,191,192,193,194,195,196,197,198,199,200,201,202,203,204,205,206,207,208,209,210,211,212,213,214,215,216,217,218,219,220,221,222,223,224,225,226,227,228,229,230,231,232,233,234,235,236,237,238,239,240,241,242,243,244,245,246,247,248,249,250,251,252,253,254,255,0,1,2,3,4,5,6,7,8,9,10,11,12,13,14,15,16,17,18,19,20,21,22,23,24,25,26,27,28,29,30,31,32,33,34,35,36,37,38,39,40,41,42,43,44,45,46,47,48,49,50,51,52,53,54,55,56,57,58,59,60,61,62,63,64,65,66,67,68,69,70,71,72,73,74,75,76,77,78,79,80,81,82,83,84,85,86,87,88,89,90,91,92,93,94,95,96,97,98,99,100,101,102,103,104,105,106,107,108,109,110,111,112,113,114,115,116,117,118,119,120,121,122,123,124,125,126,127,128,129,130,131,132,133,134,135,136,137,138,139,140,141,142,143,144,145,146,147,148,149,150,151,152,153,154,155,156,157,158,159,160,161,162,163,164,165,166,167,168,169,170,171,172,173,174,175,176,177,178,179,180,181,182,183,184,185,186,187,188,189,190,191,192,193,194,195,196,197,198,199,200,201,202,203,204,205,206,207,208,209,210,211,212,213,214,215,216,217,218,219,220,221,222,223,224,225,226,227,228,229,230,231,232,233,234,235,236,237,238,239,240,241,242,243,244,245,246,247,248,249,250,251,252,253,254,255,0,1,2,3,4,5,6,7,8,9,10,11,12,13,14,15,16,17,18,19,20,21,22,23,24,25,26,27,28,29,30,31,32,33,34,35,36,37,38,39,40,41,42,43,44,45,46,47,48,49,50,51,52,53,54,55,56,57,58,59,60,61,62,63,64,65,66,67,68,69,70,71,72,73,74,75,76,77,78,79,80,81,82,83,84,85,86,87,88,89,90,91,92,93,94,95,96,97,98,99,100,101,102,103,104,105,106,107,108,109,110,111,112,113,114,115,116,117,118,119,120,121,122,123,124,125,126,127,128,129,130,131,132,133,134,135,136,137,138,139,140,141,142,143,144,145,146,147,148,149,150,151,152,153,154,155,156,157,158,159,160,161,162,163,164,165,166,167,168,169,170,171,172,173,174,175,176,177,178,179,180,181,182,183,184,185,186,187,188,189,190,191,192,193,194,195,196,197,198,199,200,201,202,203,204,205,206,207,208,209,210,211,212,213,214,215,216,217,218,219,220,221,222,223,224,225,226,227,228,229,230,231,232,233,234,235,236,237,238,239,240,241,242,243,244,245,246,247,248,249,250,251,252,253,254,255,0,1,2,3,4,5,6,7,8,9,10,11,12,13,14,15,16,17,18,19,20,21,22,23,24,25,26,27,28,29,30,31]
CFO=7954.8542848900515,STO=1
EsN0dB=16.28,GRXdB=40,N0=0.0001258925476577133
packet_number=15,correct=True,payload=[0,1,2,3,4,5,6,7,8,9,10,11,12,13,14,15,16,17,18,19,20,21,22,23,24,25,26,27,28,29,30,31,32,33,34,35,36,37,38,39,40,41,42,43,44,45,46,47,48,49,50,51,52,53,54,55,56,57,58,59,60,61,62,63,64,65,66,67,68,69,70,71,72,73,74,75,76,77,78,79,80,81,82,83,84,85,86,87,88,89,90,91,92,93,94,95,96,97,98,99,100,101,102,103,104,105,106,107,108,109,110,111,112,113,114,115,116,117,118,119,120,121,122,123,124,125,126,127,128,129,130,131,132,133,134,135,136,137,138,139,140,141,142,143,144,145,146,147,148,149,150,151,152,153,154,155,156,157,158,159,160,161,162,163,164,165,166,167,168,169,170,171,172,173,174,175,176,177,178,179,180,181,182,183,184,185,186,187,188,189,190,191,192,193,194,195,196,197,198,199,200,201,202,203,204,205,206,207,208,209,210,211,212,213,214,215,216,217,218,219,220,221,222,223,224,225,226,227,228,229,230,231,232,233,234,235,236,237,238,239,240,241,242,243,244,245,246,247,248,249,250,251,252,253,254,255,0,1,2,3,4,5,6,7,8,9,10,11,12,13,14,15,16,17,18,19,20,21,22,23,24,25,26,27,28,29,30,31,32,33,34,35,36,37,38,39,40,41,42,43,44,45,46,47,48,49,50,51,52,53,54,55,56,57,58,59,60,61,62,63,64,65,66,67,68,69,70,71,72,73,74,75,76,77,78,79,80,81,82,83,84,85,86,87,88,89,90,91,92,93,94,95,96,97,98,99,100,101,102,103,104,105,106,107,108,109,110,111,112,113,114,115,116,117,118,119,120,121,122,123,124,125,126,127,128,129,130,131,132,133,134,135,136,137,138,139,140,141,142,143,144,145,146,147,148,149,150,151,152,153,154,155,156,157,158,159,160,161,162,163,164,165,166,167,168,169,170,171,172,173,174,175,176,177,178,179,180,181,182,183,184,185,186,187,188,189,190,191,192,193,194,195,196,197,198,199,200,201,202,203,204,205,206,207,208,209,210,211,212,213,214,215,216,217,218,219,220,221,222,223,224,225,226,227,228,229,230,231,232,233,234,235,236,237,238,239,240,241,242,243,244,245,246,247,248,249,250,251,252,253,254,255,0,1,2,3,4,5,6,7,8,9,10,11,12,13,14,15,16,17,18,19,20,21,22,23,24,25,26,27,28,29,30,31,32,33,34,35,36,37,38,39,40,41,42,43,44,45,46,47,48,49,50,51,52,53,54,55,56,57,58,59,60,61,62,63,64,65,66,67,68,69,70,71,72,73,74,75,76,77,78,79,80,81,82,83,84,85,86,87,88,89,90,91,92,93,94,95,96,97,98,99,100,101,102,103,104,105,106,107,108,109,110,111,112,113,114,115,116,117,118,119,120,121,122,123,124,125,126,127,128,129,130,131,132,133,134,135,136,137,138,139,140,141,142,143,144,145,146,147,148,149,150,151,152,153,154,155,156,157,158,159,160,161,162,163,164,165,166,167,168,169,170,171,172,173,174,175,176,177,178,179,180,181,182,183,184,185,186,187,188,189,190,191,192,193,194,195,196,197,198,199,200,201,202,203,204,205,206,207,208,209,210,211,212,213,214,215,216,217,218,219,220,221,222,223,224,225,226,227,228,229,230,231,232,233,234,235,236,237,238,239,240,241,242,243,244,245,246,247,248,249,250,251,252,253,254,255,0,1,2,3,4,5,6,7,8,9,10,11,12,13,14,15,16,17,18,19,20,21,22,23,24,25,26,27,28,29,30,31]
CFO=7655.780222520272,STO=7
EsN0dB=16.01,GRXdB=40,N0=0.0001258925476577133
packet_number=16,correct=False,payload=[0,1,2,3,4,1,6,7,8,1,14,11,8,13,14,15,48,17,22,19,20,17,20,23,16,25,26,27,28,29,30,31,32,35,34,35,36,45,38,38,104,57,42,43,40,44,46,63,48,49,50,51,40,37,46,55,56,56,58,127,60,61,62,63,0,65,70,67,68,68,68,199,8,89,74,75,76,205,94,79,16,65,246,99,100,93,86,87,88,113,88,91,92,221,94,31,64,97,66,99,100,100,100,239,104,96,106,235,108,105,126,111,240,115,114,118,116,253,126,119,240,113,122,119,124,125,126,127,128,131,134,131,132,133,134,135,152,129,142,143,140,13,14,159,176,129,178,131,29,183,150,151,153,153,22,155,156,157,158,159,160,161,194,131,164,39,230,167,168,11,171,139,172,137,175,175,176,49,242,183,44,53,182,247,185,185,186,251,188,189,190,191,128,193,194,195,196,197,206,199,200,201,140,159,140,205,222,207,160,145,209,211,212,237,214,199,217,249,216,187,220,221,190,223,225,225,226,227,196,229,229,231,232,227,234,203,237,239,238,207,240,241,224,243,240,247,253,247,248,249,254,243,253,249,255,254,0,1,2,3,4,7,6,7,8,1,2,3,12,15,14,15,16,17,20,19,20,6,52,23,16,24,22,55,28,29,30,31,32,97,36,103,36,5,102,7,120,43,50,66,40,44,46,63,48,49,54,99,52,113,54,63,56,59,56,59,56,61,62,63,64,65,64,67,132,65,68,71,64,25,74,202,76,77,94,79,80,16,16,211,84,95,118,127,24,25,250,90,124,221,94,95,96,225,98,98,96,101,102,103,104,105,74,227,104,108,76,79,112,115,112,115,100,116,126,102,248,121,122,251,248,126,126,127,128,3,6,3,132,15,132,135,136,155,154,139,140,141,15,143,145,177,146,151,148,23,191,151,144,153,158,151,156,157,158,191,97,161,131,231,172,139,228,167,232,169,162,243,172,173,190,175,177,177,178,99,245,189,167,39,241,187,188,191,188,255,188,127,192,129,130,195,197,199,206,199,193,139,222,219,220,221,206,207,209,209,163,211,244,145,246,159,152,219,211,211,220,221,220,223,192,225,194,227,196,229,230,199,240,227,226,223,200,237,239,239,241,241,226,227,252,241,245,247,248,251,248,251,252,255,254,255,0,0,2,7,0,7,6,6,8,3,14,14,28,12,28,15,0,17,6,22,4,5,22,30,56,25,58,27,28,28,30,31,0,33,36,39,32,97,38,7,32,89,34,10,44,62,44,78,48,33,98,55,36,35,54,55,56,57,60,115,124,61,60,63,128,65,198,67,4,192,68,79,216,65,194,138,8,219,94,15,208,17,64,67,104,13,222,215,24,153,94,243,124,253,94,127,224,99,98,227,68,77,110,102,200,73,122,234,236,235,108,126,240,113,114,99,228,113,118,119,120,121,122,115,252,123,254,127,128,131,135,135,12,133,14,135,25,139,9,27,140,141,143,15,144,147,7,147,137,129,132,175,56,147,146,155,156,191,190,63,129,193,160,35,229,199,39,135,176,145,248,111,188,249,126,63,176,49,242,167,181,173,165,167,120,251,186,187,60,189,62,191,193,193,131,195,197,139,198,199,137,195,200,207,220,137,220,207,208,209,242,167,213,223,133,167,240,153,190,243,152,157,158,159,224,227,224,227,228,225,207,207,201,209,238,195,248,239,220,255,241,243,247,231,244,253,253,247,240,249,248,251,249,255,253,254,0,3,6,3,4,3,14,15,24,11,10,15,8,9,14,15,16,49,52,2,32,33,6,7,24,16,16,19,60,29,28,30]
CFO=7897.663308558504,STO=3
EsN0dB=16.22,GRXdB=40,N0=0.0001258925476577133
packet_number=17,correct=True,payload=[0,1,2,3,4,5,6,7,8,9,10,11,12,13,14,15,16,17,18,19,20,21,22,23,24,25,26,27,28,29,30,31,32,33,34,35,36,37,38,39,40,41,42,43,44,45,46,47,48,49,50,51,52,53,54,55,56,57,58,59,60,61,62,63,64,65,66,67,68,69,70,71,72,73,74,75,76,77,78,79,80,81,82,83,84,85,86,87,88,89,90,91,92,93,94,95,96,97,98,99,100,101,102,103,104,105,106,107,108,109,110,111,112,113,114,115,116,117,118,119,120,121,122,123,124,125,126,127,128,129,130,131,132,133,134,135,136,137,138,139,140,141,142,143,144,145,146,147,148,149,150,151,152,153,154,155,156,157,158,159,160,161,162,163,164,165,166,167,168,169,170,171,172,173,174,175,176,177,178,179,180,181,182,183,184,185,186,187,188,189,190,191,192,193,194,195,196,197,198,199,200,201,202,203,204,205,206,207,208,209,210,211,212,213,214,215,216,217,218,219,220,221,222,223,224,225,226,227,228,229,230,231,232,233,234,235,236,237,238,239,240,241,242,243,244,245,246,247,248,249,250,251,252,253,254,255,0,1,2,3,4,5,6,7,8,9,10,11,12,13,14,15,16,17,18,19,20,21,22,23,24,25,26,27,28,29,30,31,32,33,34,35,36,37,38,39,40,41,42,43,44,45,46,47,48,49,50,51,52,53,54,55,56,57,58,59,60,61,62,63,64,65,66,67,68,69,70,71,72,73,74,75,76,77,78,79,80,81,82,83,84,85,86,87,88,89,90,91,92,93,94,95,96,97,98,99,100,101,102,103,104,105,106,107,108,109,110,111,112,113,114,115,116,117,118,119,120,121,122,123,124,125,126,127,128,129,130,131,132,133,134,135,136,137,138,139,140,141,142,143,144,145,146,147,148,149,150,151,152,153,154,155,156,157,158,159,160,161,162,163,164,165,166,167,168,169,170,171,172,173,174,175,176,177,178,179,180,181,182,183,184,185,186,187,188,189,190,191,192,193,194,195,196,197,198,199,200,201,202,203,204,205,206,207,208,209,210,211,212,213,214,215,216,217,218,219,220,221,222,223,224,225,226,227,228,229,230,231,232,233,234,235,236,237,238,239,240,241,242,243,244,245,246,247,248,249,250,251,252,253,254,255,0,1,2,3,4,5,6,7,8,9,10,11,12,13,14,15,16,17,18,19,20,21,22,23,24,25,26,27,28,29,30,31,32,33,34,35,36,37,38,39,40,41,42,43,44,45,46,47,48,49,50,51,52,53,54,55,56,57,58,59,60,61,62,63,64,65,66,67,68,69,70,71,72,73,74,75,76,77,78,79,80,81,82,83,84,85,86,87,88,89,90,91,92,93,94,95,96,97,98,99,100,101,102,103,104,105,106,107,108,109,110,111,112,113,114,115,116,117,118,119,120,121,122,123,124,125,126,127,128,129,130,131,132,133,134,135,136,137,138,139,140,141,142,143,144,145,146,147,148,149,150,151,152,153,154,155,156,157,158,159,160,161,162,163,164,165,166,167,168,169,170,171,172,173,174,175,176,177,178,179,180,181,182,183,184,185,186,187,188,189,190,191,192,193,194,195,196,197,198,199,200,201,202,203,204,205,206,207,208,209,210,211,212,213,214,215,216,217,218,219,220,221,222,223,224,225,226,227,228,229,230,231,232,233,234,235,236,237,238,239,240,241,242,243,244,245,246,247,248,249,250,251,252,253,254,255,0,1,2,3,4,5,6,7,8,9,10,11,12,13,14,15,16,17,18,19,20,21,22,23,24,25,26,27,28,29,30,31]
CFO=8471.57090220621,STO=0
EsN0dB=16.25,GRXdB=40,N0=0.0001258925476577133
packet_number=18,correct=False,payload=[0,0,2,3,0,4,6,3,8,9,11,11,12,13,14,15,16,17,18,17,20,5,2,23,24,25,26,27,28,31,30,31,32,33,34,35,36,21,166,39,32,41,40,43,60,45,38,47,48,49,18,51,52,61,23,55,56,57,26,59,60,61,62,63,64,65,96,67,70,69,66,7,72,73,10,79,68,77,78,79,80,113,82,19,84,85,86,87,88,88,88,25,76,93,222,95,32,97,98,99,100,101,102,103,104,105,106,105,108,101,110,47,112,112,50,115,116,117,126,127,120,121,122,123,62,125,127,127,128,129,130,131,132,133,134,135,136,137,202,139,142,141,142,143,128,145,146,147,148,149,158,23,152,153,154,155,156,157,158,159,160,161,162,163,164,165,166,167,136,169,170,163,172,173,142,175,144,177,178,179,180,53,182,183,184,189,186,187,188,189,190,191,192,193,194,195,196,197,198,199,200,201,202,207,206,205,206,207,208,209,210,195,212,85,214,215,200,217,218,219,220,205,222,223,224,241,226,99,228,117,230,231,232,105,234,107,236,237,230,239,240,240,242,243,244,245,246,247,248,249,250,123,252,253,254,255,0,1,2,3,128,5,6,7,0,9,10,11,12,13,6,15,16,16,147,19,20,21,134,23,24,25,26,27,28,29,31,31,32,32,34,35,4,37,38,39,40,41,42,47,44,37,38,47,48,49,50,51,52,53,54,55,56,57,56,59,60,61,62,63,96,65,66,67,68,69,6,71,72,73,74,75,76,77,78,79,112,17,82,83,84,85,86,87,88,89,90,75,92,93,94,95,96,97,98,99,100,101,230,103,104,105,106,107,100,109,238,111,112,113,115,51,124,117,118,119,120,121,122,123,252,127,126,127,128,129,128,3,132,129,134,135,136,137,138,139,140,140,142,143,144,145,146,131,148,149,150,147,152,153,154,155,156,221,158,143,160,161,162,163,132,165,182,183,168,169,168,169,172,173,174,175,176,49,178,179,180,245,182,183,152,185,186,187,252,191,190,191,192,193,194,195,196,197,198,199,200,201,202,75,204,197,206,207,208,209,210,211,212,197,198,215,216,217,218,217,220,221,222,223,224,225,226,227,228,229,230,231,232,233,234,235,236,109,238,239,240,113,242,243,244,245,246,247,248,249,250,251,252,253,254,255,0,1,2,3,4,5,6,7,8,9,10,3,12,13,14,15,16,25,0,19,20,17,22,23,24,25,26,27,28,29,30,31,32,33,34,35,4,37,54,39,40,41,42,43,44,45,46,47,48,49,50,51,52,53,54,55,56,57,58,59,60,63,190,63,64,65,66,3,68,69,70,103,72,9,74,75,78,77,78,15,80,81,82,83,84,85,118,23,88,89,72,91,92,93,126,95,96,97,226,99,100,101,102,103,104,105,106,107,108,109,110,111,112,113,114,51,116,117,118,119,120,121,122,123,124,125,126,127,128,129,130,131,132,133,134,135,136,137,138,139,140,141,142,143,144,145,146,147,148,149,150,151,152,153,154,139,156,157,158,159,160,129,162,163,164,165,167,167,168,169,170,171,172,173,174,175,176,177,178,179,180,181,182,183,184,185,154,187,188,189,190,191,192,193,194,195,196,197,198,199,200,201,202,203,204,205,206,207,208,209,210,211,212,213,214,215,216,217,218,219,220,220,222,223,240,225,226,227,228,229,230,231,232,233,234,235,236,229,230,239,240,241,242,243,244,116,246,247,248,249,250,251,252,253,254,255,0,1,2,3,4,5,6,7,8,9,10,11,12,13,14,15,16,17,16,19,4,21,22,23,24,25,26,27,28,29,30,31]
CFO=6888.915990270167,STO=6
EsN0dB=16.17,GRXdB=40,N0=0.0001258925476577133
packet_number=19,correct=False,payload=[0,1,2,3,4,5,6,6,8,9,10,11,12,13,14,15,16,17,50,19,28,21,22,23,24,25,26,27,28,29,30,31,32,33,34,35,36,37,38,39,40,41,42,43,44,109,46,47,48,49,50,51,52,53,38,55,120,57,58,63,60,61,62,63,64,65,66,67,196,69,78,71,72,73,74,75,76,77,78,79,80,113,82,115,92,87,86,87,88,89,90,91,92,93,94,95,96,97,98,99,100,101,102,71,232,105,106,107,108,109,110,111,112,113,114,115,116,117,246,119,120,121,122,123,124,253,126,255,128,129,130,131,132,133,134,135,136,137,138,139,140,141,142,143,128,145,146,147,148,189,150,151,152,153,153,155,156,157,158,159,160,161,162,227,229,231,166,167,168,169,170,203,172,173,174,175,176,177,178,179,180,181,182,183,249,185,186,187,188,189,190,191,192,193,194,195,196,197,199,199,200,201,202,203,205,207,206,207,208,209,210,211,212,215,214,223,216,217,218,219,220,223,222,223,224,225,226,227,228,229,238,231,224,233,250,251,236,239,238,239,240,241,242,243,244,245,246,247,248,249,250,251,252,253,254,255,0,1,2,3,4,5,6,7,8,9,8,11,12,12,14,15,16,1,18,19,20,29,54,23,24,25,26,27,28,29,30,31,32,33,34,35,36,37,38,39,40,33,42,43,44,45,46,47,48,33,50,51,52,63,54,55,120,49,62,59,56,63,60,63,64,65,2,67,68,71,70,71,72,73,74,75,76,77,78,79,80,83,82,210,92,85,118,87,88,121,90,91,92,93,94,95,96,97,102,99,100,101,230,102,104,105,106,111,108,109,110,111,112,113,114,115,116,116,118,119,120,249,122,123,124,125,126,127,0,129,134,131,140,129,134,135,136,137,139,139,141,143,142,143,144,147,146,147,148,157,150,151,152,185,158,159,156,157,190,159,225,161,226,231,164,167,166,167,168,171,234,171,172,173,174,175,176,177,178,179,180,181,182,183,184,185,186,187,252,189,190,191,192,193,194,195,196,197,196,199,200,201,138,203,216,221,206,207,208,147,210,211,212,213,214,151,216,217,218,219,220,221,222,223,224,225,226,227,225,229,230,231,224,201,250,235,236,237,238,239,240,241,242,243,245,245,246,247,248,249,250,251,252,253,254,255,0,3,2,3,4,5,6,7,8,9,10,11,12,13,14,15,48,16,18,19,28,21,30,31,24,25,26,27,28,29,30,31,32,33,34,3,36,47,38,39,40,41,26,43,44,45,110,47,48,49,50,51,52,55,54,55,56,121,62,59,60,125,62,63,64,65,70,67,192,71,6,199,72,73,74,75,76,205,78,95,80,81,66,211,84,87,54,87,88,89,94,91,92,253,94,94,96,97,98,99,100,101,110,103,104,120,90,107,108,79,126,111,112,113,112,99,116,117,118,119,120,121,250,115,124,127,126,127,128,129,130,135,132,133,134,135,136,137,139,139,140,141,142,31,176,145,146,179,148,157,150,151,152,153,154,159,156,189,190,159,32,163,162,167,36,165,166,167,184,169,175,171,60,141,238,239,176,177,178,179,244,245,167,247,249,185,186,63,252,57,255,191,192,193,194,195,196,197,198,199,201,217,204,203,220,207,206,223,176,209,246,215,212,149,215,247,216,217,218,219,220,221,223,255,224,225,226,195,236,229,231,199,232,233,254,227,232,237,238,239,240,241,242,243,244,245,246,255,240,249,242,251,252,253,255,255,0,1,0,3,4,7,6,15,8,9,14,11,28,15,14,15,0,19,50,19,20,53,54,23,24,19,26,19,28,29,62,31]
CFO=8056.422518078987,STO=1
EsN0dB=16.22,GRXdB=40,N0=0.0001258925476577133
packet_number=20,correct=False,payload=[241,235,241,252,0,4,8,28,32,36,24,28,64,76,16,44,32,116,120,124,64,140,72,220,96,164,216,28,64,100,88,76,112,244,240,125,1,132,0,29,48,44,144,185,33,104,144,92,113,40,113,121,128,193,136,136,144,212,177,153,192,196,209,217,225,228,240,254,0,11,8,26,1,10,17,24,32,73,25,42,99,43,120,59,3,8,193,88,1,196,16,250,195,110,64,126,96,237,115,123,1,3,17,13,33,23,145,157,131,227,153,73,33,33,241,121,131,139,137,157,129,197,249,221,195,193,217,233,225,233,241,252,2,4,22,28,20,36,58,60,102,70,8,12,32,116,114,60,6,14,30,222,98,4,248,28,98,102,116,78,100,228,126,127,0,7,29,158,144,60,148,61,1,111,116,175,161,110,243,124,199,198,128,159,245,134,178,189,193,229,221,223,226,246,244,254,7,14,6,15,6,14,51,30,6,70,119,94,50,126,126,127,67,206,214,222,131,238,62,222,226,206,210,111,103,247,254,127,135,143,3,143,7,191,179,63,103,143,27,95,103,103,115,127,135,199,143,143,151,175,179,191,199,239,215,207,247,255,251,248,0,8,0,8,0,0,16,24,96,8,48,72,96,48,112,56,0,128,152,220,176,172,16,28,192,204,192,232,224,100,240,121,129,12,8,9,33,165,49,56,224,65,9,137,97,112,113,120,129,129,145,136,144,141,217,188,225,197,192,201,225,233,249,248,2,2,27,28,18,10,25,57,67,110,82,78,48,103,115,58,3,4,209,25,176,242,187,217,224,201,64,250,242,123,250,123,131,1,3,9,49,175,147,59,99,79,51,91,99,47,243,123,195,195,155,139,131,151,185,251,195,207,243,249,225,235,251,252,2,12,0,28,36,46,20,28,64,78,116,28,48,126,124,62,0,142,148,220,144,102,180,124,192,204,216,78,224,254,240,254,5,4,5,29,167,60,48,157,193,196,3,207,100,237,176,124,128,141,145,221,161,173,240,189,231,205,208,220,225,228,246,254,6,15,7,30,50,62,30,62,70,78,86,94,102,38,119,126,134,206,131,142,3,110,54,255,103,198,246,223,246,238,250,127,7,143,135,31,3,143,23,63,103,143,119,15,103,231,55,127,135,199,215,159,135,175,151,223,199,207,215,223,243,255,251,248,0,8,0,12,48,32,48,24,64,76,72,24,112,104,48,60,0,8,128,8,128,40,184,24,224,232,224,88,224,232,248,249,128,8,1,25,1,41,176,60,64,72,81,25,97,121,121,120,129,201,145,136,177,168,217,153,193,197,208,205,225,232,240,250,2,2,18,14,34,8,58,59,64,74,16,26,35,62,48,122,2,136,16,203,99,36,248,154,195,200,193,95,99,242,243,251,3,3,19,155,19,3,49,27,67,79,193,139,99,107,241,121,131,139,145,217,131,167,179,155,195,239,211,251,227,231,251,252,0,6,20,30,36,36,52,60,102,14,22,124,36,36,116,60,132,140,148,140,164,166,148,60,192,198,86,220,244,236,116,125,4,5,23,13,33,46,60,61,5,44,85,13,39,108,117,189,134,197,153,221,164,229,177,159,231,205,209,205,240,231,247,254,2,6,18,30,38,23,22,62,70,102,82,78,54,126,118,126,134,142,147,30,246,46,150,254,230,206,86,158,231,111,242,127,135,143,159,31,135,175,27,31,71,79,199,95,227,47,127,127,135,143,151,223,163,191,179,191,199,207,199,223,231,255,247,252,0,8,24,24,32,8,48,56,96,72,64,92,48,108,120,120,128,136,144,136,224,160,144,188,192,104,208,216]
CFO=8834.993884293972,STO=7
EsN0dB=15.29,GRXdB=40,N0=0.00015848931798245758
packet_number=21,correct=False,payload=[0,1,2,3,0,5,6,7,24,9,2,11,12,13,14,15,16,17,18,19,52,53,62,23,24,25,18,27,28,29,30,31,0,33,2,34,36,33,4,38,8,41,40,11,44,41,44,47,32,33,50,51,48,53,118,55,56,56,56,58,56,61,62,127,64,1,66,67,68,69,70,71,72,73,202,11,76,77,76,79,80,17,18,19,80,81,86,87,80,89,18,91,92,92,126,95,64,97,98,67,100,69,102,103,104,225,98,111,108,109,110,111,112,112,114,115,116,117,102,119,120,121,114,123,120,127,126,127,0,129,130,131,132,129,134,135,136,137,138,139,12,143,14,143,0,129,146,19,132,135,150,151,144,145,158,155,156,61,156,191,160,129,162,167,164,165,166,135,168,161,32,139,172,169,172,175,48,49,178,163,180,49,190,183,56,185,190,187,188,185,62,191,192,193,199,131,132,129,198,135,136,201,194,203,200,205,206,207,208,129,210,195,212,197,214,199,152,217,210,219,220,221,158,223,224,225,226,227,228,229,228,231,232,225,194,235,236,239,238,239,240,241,226,243,244,225,244,247,248,241,250,251,252,253,252,255,0,1,2,3,4,12,6,7,8,9,6,11,12,12,14,15,48,17,50,19,16,17,22,23,56,25,26,19,24,25,30,63,32,97,34,3,4,39,38,103,40,33,42,107,44,47,46,15,32,48,50,51,52,39,54,55,56,57,58,63,56,125,62,63,192,65,198,2,76,69,6,7,72,73,66,74,76,77,78,15,80,208,66,18,68,69,86,71,88,89,90,90,248,29,126,95,96,97,98,99,228,69,102,79,104,105,234,74,72,205,78,79,112,97,98,115,116,117,118,103,120,112,114,115,124,125,124,127,128,129,130,131,132,5,134,7,136,1,136,135,140,141,140,143,144,131,146,147,180,149,148,151,144,25,154,155,157,157,62,159,32,33,227,167,160,165,38,199,168,139,110,131,172,185,44,143,32,177,162,179,244,181,167,55,56,57,184,187,188,61,190,255,192,193,198,195,132,197,198,199,201,201,200,203,200,221,206,207,208,145,146,195,192,149,151,135,216,219,211,219,216,157,220,159,192,225,194,227,228,197,228,239,232,233,225,227,200,233,238,255,224,225,226,227,240,245,246,231,249,243,250,251,252,253,254,255,0,1,2,3,4,13,4,6,8,8,18,11,12,9,14,31,0,16,16,19,16,55,30,22,16,16,26,27,28,25,30,31,0,32,34,35,0,101,6,39,40,83,42,35,40,11,46,79,32,112,38,51,52,53,38,103,56,57,60,50,120,61,62,127,64,1,66,71,68,77,68,7,64,73,74,198,76,25,78,15,80,114,80,131,84,245,84,87,24,241,90,83,92,89,94,94,96,225,70,66,100,100,102,103,72,233,106,235,108,73,110,126,112,113,114,115,104,101,100,119,112,120,120,246,124,124,126,127,0,129,130,131,8,133,134,135,152,9,142,131,140,13,142,143,16,1,132,147,60,17,150,151,153,25,155,155,156,31,62,159,224,129,162,131,172,37,164,111,160,137,130,147,44,159,30,15,32,177,162,179,49,173,38,55,48,57,190,179,125,57,190,255,192,193,194,195,192,193,198,199,153,137,152,135,140,141,204,207,208,145,210,215,132,145,198,223,216,217,216,147,188,153,156,223,224,225,230,227,225,229,196,239,224,249,226,235,232,205,204,239,240,241,224,227,240,229,244,255,248,249,255,247,252,255,255,255,0,1,2,3,4,1,6,15,8,0,14,11,8,27,12,15,48,49,48,2,16,51,4,6,24,49,20,26,24,24,30,30]
CFO=6322.188158668744,STO=5
EsN0dB=-25.48,GRXdB=40,N0=0.00015848931798245758
packet_number=22,correct=False,payload=[209,66,75,140,104,62,200,32,158,1,220,245,201,141,228,212,131,15,239,76,13,207,244,194,202,45,196,223,168,143,136,74,239,21,15,46,169,14,59,115,100,180,168,160,34,104,179,140,167,72,220,84,85,157,233,93,232,164,37,63,216,197,1,227,76,162,245,229,153,163,191,168,183,36,238,123,111,38,81,214,158,159,5,84,43,130,74,189,206,73,45,179,35,236,160,111,85,208,255,7,41,2,98,225,254,246,169,43,243,182,193,0,57,175,94,63,100,78,21,104,123,106,138,110,90,139,195,24,38,59,144,199,161,80,230,123,71,184,110,242,59,244,222,60,176,38,106,245,208,166,216,205,65,116,29,71,26,68,238,173,243,104,155,198,80,9,71,169,155,125,127,196,213,191,115,161,8,0,141,117,203,245,140,51,68,3,244,100,121,11,235,41,25,223,206,44,120,209,11,25,110,18,253,130,144,13,148,156,7,199,243,67,97,237,31,180,23,83,246,224,65,156,163,48,163,160,132,218,140,197,237,13,240,160,189,1,128,187,172,240,117,92,151,81,230,92,62,18,206,100,191,50,114,38,240,119,28,155,132,100,99,222,234,200,148,51,75,40,199,14,205,6,112,244,179,87,246,206,114,241,198,150,45,222,208,91,27,65,159,21,210,141,20,82,160,42,168,204,39,224,184,34,200,124,234,220,110,106,89,134,122,184,125,28,73,115,49,13,32,174,3,253,236,226,231,68,74,143,110,112,88,254,103,166,17,138,181,188,129,200,122,98,17,209,204,8,60,128,167,154,119,139,215,34,167,108,96,148,150,91,42,193,228,253,169,194,159,79,38,5,214,85,252,208,69,238,156,224,233,35,206,31,127,135,40,78,73,23,237,219,51,238,149,2,52,95,160,80,133,14,60,2,183,175,143,118,24,223,252,110,92,132,34,237,93,84,63,242,79,137,135,27,217,234,185,92,115,217,62,82,119,88,133,46,15,105,163,30,52,93,11,41,182,70,139,163,101,44,66,84,109,158,202,213,178,247,252,60,25,204,205,242,201,224,179,52,116,230,44,212,138,187,154,218,202,70,221,132,167,236,211,194,51,81,56,226,52,52,174,166,216,105,69,54,147,64,251,151,91,20,25,117,239,44,20,70,177,174,167,36,35,140,190,157,184,228,237,208,207,45,83,211,78,11,230,8,28,107,114,182,224,59,194,18,32,182,232,218,154,144,47,238,165,93,82,34,77,250,141,19,29,113,192,144,7,166,4,106,181,86,1,198,72,148,68,39,90,150,198,126,137,119,122,112,152,55,167,141,232,92,11,237,171,184,32,218,129,230,87,25,66,144,85,243,182,230,67,179,50,101,80,194,200,38,184,190,16,129,52,77,131,86,48,252,185,163,244,14,85,72,59,31,64,215,89,173,170,227,3,210,229,20,217,230,71,99,37,215,75,240,237,207,226,236,196,227,211,97,222,18,228,135,196,107,199,190,105,75,151,111,165,160,173,195,155,25,58,147,145,170,193,156,98,24,51,153,70,170,238,70,47,122,127,252,81,145,137,165,231,17,90,201,161,72,25,147,159,148,185,141,36,165,76,166,20,242,129,248,112,211,97,156,109,218,222,57,189,69,85,59,169,171,109,85,225,86,149,10,60,3,43,93,131,232,50,187,13,202,9,108,53,83,170,234,233,218,94,14,96,36,214,72,89,236,194,229,69,235,169,213,208,15,83,146,125,202,167,82,238,133,161,24,179,227,228,151,177,143,234,196,166,74,87,95,12,136,189,148,112,254,167,140,15,196,159,235,125,162,143,149]
CFO=7425.156987920022,STO=2
EsN0dB=15.27,GRXdB=40,N0=0.00015848931798245758
packet_number=23,correct=True,payload=[0,1,2,3,4,5,6,7,8,9,10,11,12,13,14,15,16,17,18,19,20,21,22,23,24,25,26,27,28,29,30,31,32,33,34,35,36,37,38,39,40,41,42,43,44,45,46,47,48,49,50,51,52,53,54,55,56,57,58,59,60,61,62,63,64,65,66,67,68,69,70,71,72,73,74,75,76,77,78,79,80,81,82,83,84,85,86,87,88,89,90,91,92,93,94,95,96,97,98,99,100,101,102,103,104,105,106,107,108,109,110,111,112,113,114,115,116,117,118,119,120,121,122,123,124,125,126,127,128,129,130,131,132,133,134,135,136,137,138,139,140,141,142,143,144,145,146,147,148,149,150,151,152,153,154,155,156,157,158,159,160,161,162,163,164,165,166,167,168,169,170,171,172,173,174,175,176,177,178,179,180,181,182,183,184,185,186,187,188,189,190,191,192,193,194,195,196,197,198,199,200,201,202,203,204,205,206,207,208,209,210,211,212,213,214,215,216,217,218,219,220,221,222,223,224,225,226,227,228,229,230,231,232,233,234,235,236,237,238,239,240,241,242,243,244,245,246,247,248,249,250,251,252,253,254,255,0,1,2,3,4,5,6,7,8,9,10,11,12,13,14,15,16,17,18,19,20,21,22,23,24,25,26,27,28,29,30,31,32,33,34,35,36,37,38,39,40,41,42,43,44,45,46,47,48,49,50,51,52,53,54,55,56,57,58,59,60,61,62,63,64,65,66,67,68,69,70,71,72,73,74,75,76,77,78,79,80,81,82,83,84,85,86,87,88,89,90,91,92,93,94,95,96,97,98,99,100,101,102,103,104,105,106,107,108,109,110,111,112,113,114,115,116,117,118,119,120,121,122,123,124,125,126,127,128,129,130,131,132,133,134,135,136,137,138,139,140,141,142,143,144,145,146,147,148,149,150,151,152,153,154,155,156,157,158,159,160,161,162,163,164,165,166,167,168,169,170,171,172,173,174,175,176,177,178,179,180,181,182,183,184,185,186,187,188,189,190,191,192,193,194,195,196,197,198,199,200,201,202,203,204,205,206,207,208,209,210,211,212,213,214,215,216,217,218,219,220,221,222,223,224,225,226,227,228,229,230,231,232,233,234,235,236,237,238,239,240,241,242,243,244,245,246,247,248,249,250,251,252,253,254,255,0,1,2,3,4,5,6,7,8,9,10,11,12,13,14,15,16,17,18,19,20,21,22,23,24,25,26,27,28,29,30,31,32,33,34,35,36,37,38,39,40,41,42,43,44,45,46,47,48,49,50,51,52,53,54,55,56,57,58,59,60,61,62,63,64,65,66,67,68,69,70,71,72,73,74,75,76,77,78,79,80,81,82,83,84,85,86,87,88,89,90,91,92,93,94,95,96,97,98,99,100,101,102,103,104,105,106,107,108,109,110,111,112,113,114,115,116,117,118,119,120,121,122,123,124,125,126,127,128,129,130,131,132,133,134,135,136,137,138,139,140,141,142,143,144,145,146,147,148,149,150,151,152,153,154,155,156,157,158,159,160,161,162,163,164,165,166,167,168,169,170,171,172,173,174,175,176,177,178,179,180,181,182,183,184,185,186,187,188,189,190,191,192,193,194,195,196,197,198,199,200,201,202,203,204,205,206,207,208,209,210,211,212,213,214,215,216,217,218,219,220,221,222,223,224,225,226,227,228,229,230,231,232,233,234,235,236,237,238,239,240,241,242,243,244,245,246,247,248,249,250,251,252,253,254,255,0,1,2,3,4,5,6,7,8,9,10,11,12,13,14,15,16,17,18,19,20,21,22,23,24,25,26,27,28,29,30,31]
CFO=7220.3162944804935,STO=3
EsN0dB=15.26,GRXdB=40,N0=0.00015848931798245758
packet_number=24,correct=False,payload=[0,1,2,3,4,5,6,7,8,9,10,11,12,13,14,15,16,17,18,19,20,21,22,23,24,25,26,27,28,29,30,31,32,33,34,35,36,37,38,39,40,41,42,43,44,45,46,47,48,49,114,51,52,53,54,55,56,57,58,59,60,61,62,63,64,65,66,67,68,69,70,71,72,73,74,75,76,77,78,79,80,81,82,83,84,85,86,87,88,89,90,91,92,93,94,95,96,97,98,99,100,101,102,103,104,105,106,107,108,109,110,111,112,113,114,115,116,117,118,119,120,121,122,123,124,125,126,127,128,129,130,131,132,133,134,135,136,137,138,139,140,141,142,143,144,145,146,147,148,149,150,151,152,153,154,155,156,157,158,159,160,161,162,163,164,165,166,167,168,169,170,171,172,173,174,175,176,177,178,179,180,181,182,183,184,185,186,187,188,189,190,191,192,193,194,195,196,197,198,199,200,201,202,203,204,205,206,207,208,209,210,211,212,213,214,215,216,217,218,219,220,221,222,223,224,225,226,227,228,229,230,231,232,233,234,235,236,237,238,239,240,241,242,243,244,245,246,247,248,249,250,251,252,253,254,255,0,1,2,3,4,5,6,7,8,9,10,11,12,13,14,15,16,17,18,19,20,21,22,23,24,25,26,27,28,29,30,31,32,33,34,35,36,37,38,39,40,41,42,43,44,45,46,47,48,49,50,51,52,53,54,55,56,57,58,59,60,61,62,63,64,65,66,67,68,69,70,71,72,73,74,75,76,77,78,79,80,81,82,83,84,85,86,87,88,89,90,91,92,93,94,95,96,97,98,99,100,101,102,103,104,105,106,107,108,109,110,111,112,113,114,115,116,117,118,119,120,121,122,123,124,125,126,127,128,129,130,131,132,133,134,135,136,137,138,139,140,141,142,143,144,145,146,147,148,149,150,151,152,153,154,155,156,157,158,159,160,161,162,163,164,165,166,167,168,169,170,171,172,173,174,175,176,177,178,179,180,181,182,183,184,185,186,187,188,189,190,191,192,193,194,195,196,197,198,199,200,201,202,203,204,205,206,207,208,209,210,211,212,213,214,215,216,217,218,219,220,221,222,223,224,225,226,227,228,229,230,231,232,233,234,235,236,237,238,239,240,241,242,243,244,245,246,247,248,249,250,251,252,253,254,255,0,1,2,3,4,5,6,7,8,9,10,11,12,13,14,15,16,17,18,19,20,21,22,23,24,25,26,27,28,29,30,31,32,33,34,35,36,37,38,39,40,169,42,43,44,45,46,47,48,49,50,51,52,53,54,55,56,57,58,59,60,61,62,63,64,65,66,67,68,69,70,71,72,73,74,75,76,77,78,79,80,81,82,83,84,85,86,87,88,89,90,91,92,93,94,95,96,97,98,99,100,101,102,103,104,105,106,107,108,109,110,111,112,113,114,115,116,117,118,119,120,121,122,123,124,125,126,127,128,129,130,131,132,133,134,135,136,137,138,139,140,141,142,143,144,145,146,147,148,149,150,151,152,153,154,155,156,157,158,159,160,161,162,163,164,165,166,167,168,169,170,171,172,173,174,175,176,177,178,179,180,181,182,183,184,185,186,187,188,189,190,191,192,193,194,195,196,197,198,199,200,201,202,203,204,205,206,207,208,209,210,211,212,213,214,215,216,217,218,219,220,221,222,223,224,225,226,227,228,229,230,231,232,233,234,235,236,237,238,239,240,241,242,243,244,245,246,247,248,249,250,251,252,253,254,255,0,1,2,3,4,5,6,7,8,9,10,11,12,13,14,15,16,17,18,19,20,21,22,23,24,25,26,27,28,29,30,31]
CFO=7584.377709528174,STO=0
EsN0dB=15.10,GRXdB=40,N0=0.00015848931798245758
packet_number=25,correct=False,payload=[0,1,0,3,132,5,6,7,8,9,2,11,12,13,14,15,16,17,18,19,20,23,22,23,24,24,26,27,28,29,30,31,160,49,34,35,36,37,39,55,44,41,42,35,172,45,46,39,176,49,178,51,52,53,54,55,56,56,58,59,60,61,62,63,64,65,64,65,68,69,6,71,72,73,74,75,108,77,78,79,80,81,82,35,20,85,86,87,88,89,90,91,92,92,94,95,112,97,226,99,100,101,118,39,120,104,106,47,100,109,110,111,112,113,114,115,116,113,118,119,120,61,121,59,124,125,126,127,128,129,130,131,132,5,134,135,140,137,138,139,200,141,142,143,144,145,146,147,148,149,150,151,152,153,154,155,142,159,158,31,160,161,162,163,164,181,198,167,168,169,170,171,172,173,174,175,176,177,178,179,182,177,190,183,184,184,154,187,188,189,190,191,192,225,194,227,196,197,198,199,200,201,206,203,204,205,207,207,208,209,210,195,212,213,214,199,200,217,218,219,220,221,222,223,224,225,224,227,228,229,230,231,232,233,234,235,236,237,238,239,240,241,242,243,244,245,246,247,248,249,250,251,252,253,254,255,0,1,2,3,4,5,6,7,8,9,10,11,12,13,14,15,16,17,18,19,22,5,22,3,24,25,26,27,28,28,30,31,32,33,34,35,52,5,38,39,40,45,58,43,44,45,46,47,48,49,58,51,52,53,182,55,56,57,58,59,60,61,62,63,64,65,66,67,68,101,70,71,72,9,74,11,76,109,79,79,80,81,210,83,84,85,86,87,24,89,90,91,92,93,94,95,96,33,98,99,100,101,102,103,40,105,106,107,108,109,110,111,112,113,114,115,116,119,118,127,120,121,122,123,124,125,126,127,192,193,130,131,132,133,134,135,136,137,138,139,140,141,134,143,144,145,146,147,148,149,150,151,152,153,154,159,156,156,158,159,176,161,162,163,164,165,182,167,168,169,186,175,172,173,174,175,240,177,178,179,180,181,182,51,184,185,187,187,188,189,190,159,192,193,194,195,196,197,198,199,200,201,202,203,204,205,206,207,208,209,210,211,212,213,214,223,216,217,218,219,220,221,206,79,224,225,226,227,228,229,246,231,232,233,170,235,236,239,238,239,240,241,242,243,244,245,246,247,248,249,251,251,252,253,254,255,0,1,2,3,4,5,6,7,8,9,10,11,12,13,14,15,16,17,26,19,20,21,22,23,24,25,26,27,28,29,30,31,32,33,34,35,36,37,54,39,40,41,42,43,44,45,46,47,48,49,50,51,52,53,54,55,56,25,58,57,60,61,62,63,64,64,66,67,68,69,70,71,72,73,78,75,76,79,78,79,80,81,82,83,84,85,86,87,88,89,90,91,76,93,94,95,96,97,98,99,100,101,102,103,104,105,106,107,108,109,110,111,112,113,115,115,116,117,114,119,120,121,122,123,124,61,126,127,128,129,130,131,132,133,134,131,136,137,138,139,140,141,142,143,144,17,146,211,132,149,150,151,152,153,154,155,156,157,158,159,160,161,162,163,164,165,166,167,168,169,170,171,172,173,174,175,176,177,178,179,180,181,182,183,184,185,186,187,190,189,190,191,192,193,194,195,196,197,198,199,200,201,200,207,204,205,206,207,208,209,210,211,212,213,214,215,216,201,218,219,220,221,223,223,224,225,226,225,228,229,230,231,232,233,234,235,236,237,238,239,240,241,242,243,244,245,246,247,248,249,250,251,252,253,254,255,0,1,2,3,4,5,6,7,8,9,2,11,12,13,14,15,16,25,18,19,20,21,22,23,24,25,26,27,28,29,30,31]
CFO=7373.4396492983315,STO=3
EsN0dB=15.23,GRXdB=40,N0=0.00015848931798245758
packet_number=26,correct=True,payload=[0,1,2,3,4,5,6,7,8,9,10,11,12,13,14,15,16,17,18,19,20,21,22,23,24,25,26,27,28,29,30,31,32,33,34,35,36,37,38,39,40,41,42,43,44,45,46,47,48,49,50,51,52,53,54,55,56,57,58,59,60,61,62,63,64,65,66,67,68,69,70,71,72,73,74,75,76,77,78,79,80,81,82,83,84,85,86,87,88,89,90,91,92,93,94,95,96,97,98,99,100,101,102,103,104,105,106,107,108,109,110,111,112,113,114,115,116,117,118,119,120,121,122,123,124,125,126,127,128,129,130,131,132,133,134,135,136,137,138,139,140,141,142,143,144,145,146,147,148,149,150,151,152,153,154,155,156,157,158,159,160,161,162,163,164,165,166,167,168,169,170,171,172,173,174,175,176,177,178,179,180,181,182,183,184,185,186,187,188,189,190,191,192,193,194,195,196,197,198,199,200,201,202,203,204,205,206,207,208,209,210,211,212,213,214,215,216,217,218,219,220,221,222,223,224,225,226,227,228,229,230,231,232,233,234,235,236,237,238,239,240,241,242,243,244,245,246,247,248,249,250,251,252,253,254,255,0,1,2,3,4,5,6,7,8,9,10,11,12,13,14,15,16,17,18,19,20,21,22,23,24,25,26,27,28,29,30,31,32,33,34,35,36,37,38,39,40,41,42,43,44,45,46,47,48,49,50,51,52,53,54,55,56,57,58,59,60,61,62,63,64,65,66,67,68,69,70,71,72,73,74,75,76,77,78,79,80,81,82,83,84,85,86,87,88,89,90,91,92,93,94,95,96,97,98,99,100,101,102,103,104,105,106,107,108,109,110,111,112,113,114,115,116,117,118,119,120,121,122,123,124,125,126,127,128,129,130,131,132,133,134,135,136,137,138,139,140,141,142,143,144,145,146,147,148,149,150,151,152,153,154,155,156,157,158,159,160,161,162,163,164,165,166,167,168,169,170,171,172,173,174,175,176,177,178,179,180,181,182,183,184,185,186,187,188,189,190,191,192,193,194,195,196,197,198,199,200,201,202,203,204,205,206,207,208,209,210,211,212,213,214,215,216,217,218,219,220,221,222,223,224,225,226,227,228,229,230,231,232,233,234,235,236,237,238,239,240,241,242,243,244,245,246,247,248,249,250,251,252,253,254,255,0,1,2,3,4,5,6,7,8,9,10,11,12,13,14,15,16,17,18,19,20,21,22,23,24,25,26,27,28,29,30,31,32,33,34,35,36,37,38,39,40,41,42,43,44,45,46,47,48,49,50,51,52,53,54,55,56,57,58,59,60,61,62,63,64,65,66,67,68,69,70,71,72,73,74,75,76,77,78,79,80,81,82,83,84,85,86,87,88,89,90,91,92,93,94,95,96,97,98,99,100,101,102,103,104,105,106,107,108,109,110,111,112,113,114,115,116,117,118,119,120,121,122,123,124,125,126,127,128,129,130,131,132,133,134,135,136,137,138,139,140,141,142,143,144,145,146,147,148,149,150,151,152,153,154,155,156,157,158,159,160,161,162,163,164,165,166,167,168,169,170,171,172,173,174,175,176,177,178,179,180,181,182,183,184,185,186,187,188,189,190,191,192,193,194,195,196,197,198,199,200,201,202,203,204,205,206,207,208,209,210,211,212,213,214,215,216,217,218,219,220,221,222,223,224,225,226,227,228,229,230,231,232,233,234,235,236,237,238,239,240,241,242,243,244,245,246,247,248,249,250,251,252,253,254,255,0,1,2,3,4,5,6,7,8,9,10,11,12,13,14,15,16,17,18,19,20,21,22,23,24,25,26,27,28,29,30,31]
CFO=8669.368437382855,STO=7
EsN0dB=15.26,GRXdB=40,N0=0.00015848931798245758
packet_number=27,correct=False,payload=[9,128,0,0,128,128,0,3,1,192,6,194,6,195,6,7,135,192,4,64,12,128,1,71,1,198,12,198,14,198,14,71,135,152,0,17,24,152,25,129,17,148,2,24,131,143,10,11,151,152,28,156,153,139,11,77,13,220,14,221,30,142,30,207,15,208,32,16,17,193,17,81,161,196,50,5,130,198,2,3,147,172,36,129,28,140,11,229,19,220,6,182,172,191,63,159,23,144,16,24,25,208,25,25,145,252,28,16,186,211,54,223,183,188,56,56,24,152,31,157,25,222,28,61,156,159,30,63,159,192,0,65,160,192,99,65,129,192,96,96,34,227,38,67,35,192,44,193,200,225,44,235,233,238,70,237,174,230,46,71,71,200,0,97,0,193,107,121,25,240,64,72,21,234,42,243,31,252,40,205,104,216,72,249,15,254,30,205,13,239,79,223,31,224,32,96,96,241,49,99,241,242,34,247,97,226,114,99,55,252,40,241,44,228,37,113,45,228,102,229,166,239,111,103,63,248,48,248,184,241,114,121,115,250,50,253,114,246,50,251,51,252,60,124,60,252,122,249,121,254,124,252,60,255,62,255,127,192,0,0,128,193,1,1,1,196,4,3,4,195,2,67,131,204,0,0,137,196,0,13,1,204,12,69,133,143,7,15,143,144,16,136,16,128,18,89,17,152,0,6,158,214,10,7,15,136,24,136,153,200,12,13,13,204,12,221,28,222,14,207,31,208,0,16,33,176,34,161,129,166,2,51,7,230,7,7,183,240,32,16,148,184,23,25,33,174,30,134,39,135,38,191,175,144,48,49,145,145,58,147,145,220,20,117,48,179,22,63,19,188,24,184,24,185,59,157,159,158,28,94,156,254,30,159,31,224,32,225,97,194,2,195,161,226,98,98,70,199,67,67,71,192,72,233,0,226,36,105,43,238,6,236,141,206,102,207,143,192,56,121,96,233,80,67,163,236,102,237,34,194,2,195,159,236,28,120,72,221,56,123,73,204,124,239,63,222,62,79,79,224,96,113,176,240,32,243,33,226,96,226,96,226,50,231,51,240,120,124,113,252,36,249,35,252,38,236,44,238,38,255,47,240,112,241,112,248,112,113,241,246,114,126,188,246,118,115,183,248,56,120,249,249,122,121,185,252,126,125,254,254,126,255,127,192,0,128,1,128,1,65,1,128,6,130,4,130,6,131,7,136,4,129,0,134,14,9,137,196,12,78,13,134,6,199,7,152,0,145,1,216,25,83,17,218,24,153,4,155,26,211,139,200,12,25,153,139,10,137,11,140,12,28,28,223,14,15,15,128,32,1,176,160,0,193,33,132,32,52,35,150,18,39,35,184,32,33,61,176,60,71,19,158,36,158,12,175,7,143,151,144,16,176,25,144,18,147,179,252,50,113,23,182,22,27,59,216,24,153,56,185,62,191,61,220,62,254,28,158,62,223,191,192,32,97,0,227,97,65,1,192,64,69,4,230,66,227,7,200,96,204,44,200,67,67,169,196,12,196,228,199,111,207,7,200,112,193,113,192,2,113,83,194,76,253,180,210,86,127,131,220,28,89,217,250,9,203,201,236,92,93,93,223,14,223,159,224,32,225,32,226,114,225,115,242,96,246,101,230,98,231,115,232,100,249,240,224,104,127,99,236,52,100,181,231,102,255,111,248,112,240,49,250,112,241,121,244,48,114,116,246,62,119,119,248,120,249,125,249,59,251,123,254,124,252,60,254,62,127,127,128,0,1,1,128,0,3,129,128,2,5,5,130,6,7,131,140,8,136,128,194,8,1,1,142,4,142,4,206,6,79]
CFO=7814.179424153253,STO=0
EsN0dB=15.06,GRXdB=40,N0=0.00015848931798245758
packet_number=28,correct=False,payload=[0,1,2,3,4,5,6,7,8,9,10,11,12,9,14,15,16,17,18,19,20,21,22,23,24,25,26,27,28,29,30,31,32,1,2,35,36,37,38,39,40,41,42,43,44,45,46,47,48,49,50,51,52,53,54,55,56,57,58,59,60,61,62,63,64,65,66,67,196,69,68,71,72,73,202,75,76,77,78,79,80,81,82,83,84,85,86,87,120,89,90,91,92,93,94,95,96,65,98,99,100,101,102,71,104,105,122,107,108,109,110,111,112,113,114,115,116,117,118,119,120,121,122,123,124,125,126,127,128,129,130,131,132,133,134,135,136,137,138,139,140,141,142,143,144,145,146,147,148,181,150,135,152,25,154,155,156,157,158,159,160,161,162,167,164,165,166,175,168,169,170,171,172,141,174,175,176,177,178,179,180,181,182,183,184,185,186,187,188,189,191,191,192,193,194,195,196,197,198,199,200,201,202,203,200,205,206,207,208,209,210,211,212,213,214,215,216,217,218,251,220,221,222,159,224,225,226,227,224,229,230,231,232,233,226,235,236,237,238,239,240,225,242,243,244,245,246,247,248,249,250,251,252,253,254,255,0,1,2,7,4,5,6,7,8,9,10,11,12,13,14,15,16,17,50,19,20,21,22,23,16,25,26,27,28,29,30,31,32,33,34,35,100,37,38,39,40,41,42,11,44,109,46,47,48,49,50,55,52,53,62,55,56,57,58,59,60,61,62,63,64,65,66,67,68,69,70,71,72,73,74,75,76,77,78,79,80,81,82,211,84,85,86,87,88,89,90,91,92,93,126,95,96,97,98,99,68,101,102,231,112,105,106,107,108,109,110,111,112,113,114,115,116,116,118,103,120,121,122,123,124,125,126,127,128,129,2,131,133,133,134,135,136,137,138,143,12,141,143,143,0,177,146,147,148,149,150,151,152,153,154,155,156,157,158,159,160,161,162,227,164,165,166,167,168,169,170,187,172,173,174,175,176,177,178,243,180,181,182,247,184,185,186,187,252,189,62,191,192,193,194,195,197,197,198,135,200,201,200,207,204,205,206,207,240,209,214,215,212,209,214,215,216,217,218,219,220,221,222,255,193,225,226,227,224,229,230,231,232,233,250,235,236,237,238,239,240,241,246,243,244,241,246,247,248,249,250,251,252,253,254,255,0,1,2,3,4,5,6,7,8,9,10,11,12,13,14,15,16,17,18,19,20,21,22,23,24,25,26,27,28,31,30,31,32,35,36,35,36,45,38,39,32,41,42,43,44,12,46,47,48,51,50,51,52,53,54,55,56,57,58,59,60,125,62,63,64,1,66,3,68,68,78,71,72,75,74,91,72,76,206,79,80,81,82,83,84,69,86,87,208,89,82,91,28,93,94,95,64,97,98,99,100,101,102,103,104,233,106,107,108,109,110,111,112,113,114,115,116,125,118,119,120,120,122,115,124,125,124,127,128,131,130,131,132,133,134,135,136,137,138,139,140,141,140,143,144,145,146,131,148,21,150,23,152,153,154,155,152,157,156,159,160,33,162,163,164,165,166,167,168,161,170,175,168,169,174,175,176,225,178,179,180,185,182,183,184,185,186,187,189,189,190,191,192,193,194,195,196,197,198,199,200,201,202,203,200,207,206,207,208,209,210,195,196,197,214,215,216,219,210,219,220,223,222,223,224,225,226,227,228,229,230,231,248,233,250,235,204,205,206,239,224,241,242,243,244,245,254,247,240,249,250,251,252,253,254,255,0,1,2,3,4,4,6,7,8,9,10,11,12,12,14,15,16,17,18,19,20,21,22,23,24,25,18,27,28,29,30,31]
CFO=7047.900026850831,STO=4
EsN0dB=15.29,GRXdB=40,N0=0.00015848931798245758
packet_number=29,correct=False,payload=[0,17,2,3,4,5,6,7,8,9,10,11,12,13,14,15,16,17,18,19,20,21,22,23,24,25,26,27,28,29,30,31,32,33,34,35,36,37,38,39,40,41,42,43,44,45,46,47,48,49,50,51,52,53,54,55,56,57,58,59,60,61,62,63,64,65,66,67,68,69,70,71,72,73,74,75,76,77,78,79,80,81,82,83,84,85,86,87,88,89,90,91,92,93,94,95,96,97,98,99,100,101,102,103,104,105,106,107,108,109,110,111,112,113,114,115,116,117,118,119,120,121,122,123,124,125,126,127,128,129,130,131,132,133,134,135,136,137,138,139,140,141,142,143,144,145,146,147,148,149,150,151,152,153,154,155,156,157,158,159,160,161,162,163,164,165,166,167,168,169,170,171,172,173,174,175,176,177,178,179,180,181,182,183,184,185,186,187,188,189,190,191,192,193,194,195,196,197,198,199,200,201,202,203,204,205,206,207,208,209,210,211,212,213,214,215,216,217,218,219,220,221,222,223,224,225,226,227,228,229,230,231,232,233,234,235,236,237,238,239,240,241,242,243,244,245,246,247,248,249,250,251,252,253,254,255,0,1,2,3,4,5,6,7,8,9,10,11,12,13,14,15,16,17,18,19,20,21,22,23,24,25,26,27,28,29,30,31,32,33,34,35,36,37,38,39,40,41,42,43,44,45,46,47,48,49,50,51,52,53,54,55,56,57,58,59,60,61,62,63,64,65,66,67,68,69,70,71,72,73,74,75,76,77,78,79,80,81,82,83,84,85,86,87,88,89,90,91,92,93,94,95,96,97,98,99,100,101,102,103,104,105,106,107,108,109,110,111,112,113,114,115,116,117,118,119,120,121,122,123,124,125,126,127,128,129,130,131,132,133,134,135,136,137,138,139,140,141,142,143,144,145,146,147,148,149,150,151,152,153,154,155,156,157,158,159,160,161,162,163,164,165,166,167,168,169,170,171,172,173,174,175,176,177,178,179,180,181,182,183,184,185,186,187,188,189,190,191,192,193,194,195,196,197,198,199,200,201,202,203,204,205,206,207,208,209,210,211,212,213,214,215,216,217,218,219,220,221,222,223,224,225,226,227,228,229,230,231,232,233,234,235,236,237,238,239,240,241,242,243,244,245,246,247,248,249,250,251,252,253,254,255,0,1,2,3,4,5,6,7,8,9,10,11,12,13,14,15,16,17,18,19,20,21,22,23,24,25,26,27,28,29,30,31,32,33,34,35,36,37,38,39,40,41,42,43,44,45,46,47,48,49,50,51,52,53,54,55,56,57,58,59,60,61,62,63,64,65,66,67,68,69,70,71,72,73,74,75,76,77,78,79,80,81,82,83,84,85,86,87,88,89,90,91,92,93,94,95,96,97,98,99,100,101,102,103,104,105,106,107,108,109,110,111,112,113,114,115,116,117,118,119,120,121,122,123,124,125,126,127,128,129,130,131,132,133,134,135,136,137,138,139,140,141,142,143,144,145,146,147,148,149,150,151,152,153,154,155,156,157,158,159,160,161,162,163,164,165,166,167,168,169,170,171,172,173,174,175,176,177,178,179,180,181,182,183,184,185,186,187,188,189,190,191,192,193,194,195,196,197,198,199,200,201,202,203,204,205,206,207,208,209,210,211,212,213,214,215,216,217,218,219,220,221,222,223,224,225,226,227,228,229,230,231,232,233,234,235,236,237,238,239,240,241,242,243,244,245,246,247,248,249,250,251,252,253,254,255,0,1,2,3,4,5,6,7,8,9,10,11,12,13,14,15,16,17,18,19,20,21,22,23,24,25,26,27,28,29,30,31]
CFO=7683.460038450441,STO=3
EsN0dB=15.22,GRXdB=40,N0=0.00015848931798245758
packet_number=30,correct=False,payload=[227,199,231,248,0,24,8,24,96,88,96,120,136,152,160,184,200,216,224,241,1,9,33,49,64,89,97,113,128,129,177,153,193,193,225,250,2,18,162,50,66,82,99,114,130,146,96,146,194,210,98,243,3,19,35,59,65,19,99,115,131,131,227,243,195,211,227,244,4,4,36,52,4,84,96,116,132,20,164,180,196,220,228,245,7,21,37,181,69,85,100,117,133,133,165,181,193,245,229,246,6,22,38,54,70,86,102,118,134,134,166,182,194,214,230,247,7,7,35,55,71,215,39,119,199,151,167,151,199,215,231,248,8,8,8,56,104,88,108,120,136,152,168,184,192,216,236,249,8,9,41,188,72,89,101,121,137,136,177,153,201,217,233,250,10,27,42,58,72,26,106,122,202,154,168,178,194,218,234,253,3,27,59,59,79,91,107,123,139,159,169,187,203,251,235,252,14,28,46,60,76,92,108,124,140,158,172,188,204,254,236,125,13,28,173,61,77,93,109,61,141,157,173,189,205,221,237,254,14,30,46,62,110,94,126,62,142,30,174,190,206,222,110,255,15,15,47,63,239,31,111,127,143,159,175,191,207,223,239,240,0,16,32,48,64,24,96,120,128,144,160,184,192,208,224,240,1,17,32,49,97,81,161,113,128,145,225,177,193,208,225,243,2,18,48,50,98,90,98,114,130,154,162,242,66,218,226,243,3,19,35,51,67,83,227,115,131,147,163,179,195,211,227,244,4,20,36,20,68,80,100,48,132,148,228,180,196,246,224,245,5,21,37,53,69,117,101,117,197,213,229,181,199,213,229,243,6,6,38,54,70,86,102,114,134,150,166,54,198,86,226,119,135,19,39,55,71,119,119,55,135,151,167,191,199,215,231,248,8,24,40,56,72,88,104,120,136,152,168,184,232,216,232,249,9,25,33,56,201,89,121,121,137,136,137,185,201,217,233,250,10,30,42,58,10,90,106,122,202,138,174,58,202,218,234,251,11,25,35,59,3,91,107,123,139,155,169,187,203,219,235,252,12,30,44,60,76,92,124,124,204,158,172,188,204,220,108,253,13,29,45,61,77,93,37,125,141,157,173,253,205,221,237,254,14,30,46,62,78,94,46,126,142,158,190,190,206,222,254,255,15,31,47,63,79,95,127,127,207,159,175,191,207,223,239,240,0,16,32,48,64,16,32,112,128,144,160,144,192,208,224,241,1,17,33,49,65,209,97,121,129,145,161,177,193,209,225,242,2,16,34,50,64,82,98,114,130,18,178,114,194,210,226,243,3,19,35,51,67,83,99,123,131,145,227,179,195,211,227,244,4,20,36,48,68,84,100,116,128,148,164,180,196,212,228,245,6,21,37,53,69,85,101,119,133,149,165,181,199,213,229,246,6,22,6,54,70,86,102,118,134,150,166,182,70,214,226,247,7,23,39,55,7,87,103,119,135,151,167,183,199,215,231,248,8,24,48,56,72,88,104,120,136,152,168,184,200,216,104,249,9,25,41,25,73,89,105,121,201,153,173,185,201,217,233,250,10,26,11,58,75,90,106,122,138,222,170,186,202,218,234,251,11,27,43,59,75,91,107,251,139,155,171,187,207,219,251,252,12,28,44,60,76,92,108,124,140,156,236,188,204,220,252,253,13,29,45,61,77,93,109,125,141,157,173,189,205,205,237,254,14,30,46,62,78,94,110,126,142,158,174,190,206,222,238,255,15,31,47,63,79,31,111,127,143,159,175,191,207,223,231,240,0,16,32,48,64,80,32,112,128,144,160,176,192,208,224,241,1,17,33,49,129,81,97,113,129,145,161,177]
CFO=8224.634899138246,STO=3
EsN0dB=14.12,GRXdB=40,N0=0.0001995262282434851
packet_number=31,correct=False,payload=[0,1,2,3,4,5,6,39,8,9,10,11,12,13,14,15,16,17,18,19,20,21,22,19,24,25,26,27,28,29,30,31,32,33,34,3,36,5,38,39,40,41,42,43,44,45,46,47,48,49,50,19,52,53,54,55,56,57,58,59,60,61,62,63,64,65,66,67,68,69,71,71,72,73,74,75,76,77,78,79,80,81,82,83,84,85,86,87,88,88,90,91,92,93,94,95,96,97,98,115,100,101,102,103,104,105,106,107,124,109,110,111,112,113,114,115,116,117,118,119,120,121,122,123,124,125,126,127,128,128,130,131,132,133,134,135,136,137,136,139,140,141,142,143,144,17,146,147,148,149,150,151,152,153,154,155,156,157,158,159,160,161,226,163,164,165,166,167,168,169,170,171,172,173,174,175,176,177,178,179,244,181,246,183,184,185,184,187,188,189,190,191,192,193,194,195,196,197,198,199,200,201,202,203,204,205,206,207,208,209,210,211,212,213,214,215,216,217,218,219,220,221,222,223,224,225,226,227,228,229,230,231,232,233,234,235,236,237,238,239,240,241,242,243,244,245,247,247,248,249,250,251,252,253,254,255,0,1,2,3,4,5,6,7,8,9,10,11,12,13,14,15,16,17,18,19,20,21,22,23,24,25,26,27,28,29,30,31,0,33,34,35,36,37,38,39,40,41,42,43,44,45,46,47,48,49,50,51,52,53,54,55,56,57,58,59,60,61,62,63,64,65,66,67,68,69,70,71,88,73,66,75,76,77,78,79,80,81,82,83,84,85,86,87,88,89,90,91,92,93,94,95,96,97,96,99,100,101,102,103,104,105,106,107,108,109,110,110,112,113,114,115,116,117,118,119,120,121,122,123,124,125,126,127,128,129,130,131,132,133,134,135,136,137,136,131,140,140,142,143,144,145,146,147,148,149,150,151,152,157,154,155,156,157,158,159,160,161,162,163,164,165,166,167,168,169,170,171,172,173,174,175,176,177,178,51,180,181,182,183,184,185,186,187,188,189,190,191,192,193,194,195,196,197,198,199,200,201,202,203,204,205,206,207,208,209,210,211,212,213,214,215,216,217,218,219,220,221,222,223,224,225,226,227,228,229,230,231,232,233,234,235,236,237,238,239,240,241,242,243,244,245,246,247,248,249,250,251,252,253,254,255,0,1,2,3,4,5,6,7,8,9,10,11,12,13,14,15,16,17,18,19,20,21,22,23,24,25,26,27,28,29,30,31,32,33,34,35,36,37,38,39,40,41,42,43,44,45,46,47,48,49,50,51,52,53,54,55,56,57,58,59,60,61,62,63,64,65,66,67,68,69,70,71,72,73,74,75,76,77,78,79,80,81,82,83,84,85,86,87,88,89,90,91,92,93,94,95,96,97,98,99,100,101,102,103,104,109,106,107,108,109,110,111,112,113,114,115,116,117,118,127,120,121,122,123,124,125,126,127,128,129,130,131,132,133,134,135,136,137,138,139,142,141,142,143,144,145,146,211,148,149,150,151,152,153,154,155,156,157,158,159,160,161,162,163,164,165,166,167,168,169,170,171,172,173,174,175,176,177,178,179,180,180,182,183,184,185,186,187,188,189,190,191,192,193,194,195,196,197,198,199,200,201,202,203,204,197,206,207,208,209,82,211,212,213,214,215,216,217,218,219,220,221,222,223,224,225,226,227,228,229,230,231,232,233,234,235,236,237,238,111,240,241,242,243,244,245,246,247,248,249,250,251,252,253,254,255,0,1,2,131,4,5,6,7,8,9,10,11,12,13,14,15,16,17,18,19,20,21,22,23,24,25,26,27,28,29,30,31]
CFO=7583.511603595921,STO=7
EsN0dB=14.22,GRXdB=40,N0=0.0001995262282434851
packet_number=32,correct=False,payload=[0,1,2,3,4,5,6,7,8,9,10,11,12,13,14,15,16,17,18,19,20,21,22,23,24,25,26,27,28,29,30,31,32,33,34,35,36,37,38,39,40,41,42,35,44,45,46,47,48,49,50,51,52,53,54,55,56,57,58,59,60,61,62,63,64,65,66,67,68,69,70,71,72,201,74,75,76,77,78,79,80,81,82,83,84,85,86,87,88,89,90,91,92,93,30,94,96,97,98,99,100,97,102,103,104,105,106,107,108,109,110,111,112,113,114,115,116,117,118,119,120,121,122,123,124,125,124,127,137,129,130,131,132,133,134,135,152,137,138,139,140,13,142,143,144,145,146,147,148,149,150,151,152,153,154,147,156,157,158,159,160,161,162,163,180,165,166,167,168,169,234,171,172,173,174,175,176,177,178,179,180,181,182,183,184,185,186,187,188,189,190,191,192,193,194,195,196,197,198,199,200,201,202,203,204,205,206,207,208,209,210,211,244,213,214,215,216,217,218,219,220,221,222,223,224,225,226,227,228,229,230,231,104,233,234,203,236,237,238,239,240,241,242,243,244,245,246,247,248,249,250,251,252,253,254,255,0,1,6,3,4,5,6,7,8,9,10,11,12,13,14,15,16,17,18,19,20,21,22,23,24,25,26,27,28,29,30,31,32,1,34,35,36,37,38,55,40,41,42,43,44,45,46,47,48,49,50,50,52,61,54,55,56,57,58,59,60,61,62,63,64,65,66,3,4,68,70,71,72,73,90,75,76,77,78,79,80,81,82,83,84,85,86,118,88,91,90,91,220,93,94,95,96,97,98,99,100,101,102,103,104,105,106,107,108,109,110,111,112,241,114,115,116,117,118,119,120,121,122,123,124,125,126,127,128,129,130,131,132,133,132,135,136,137,139,139,140,141,138,142,144,145,146,147,148,149,150,151,152,153,154,155,156,157,158,159,160,161,162,163,132,165,166,167,168,169,170,171,172,173,174,175,176,177,178,179,180,181,182,183,184,185,186,187,188,191,190,191,192,193,194,195,196,197,198,199,200,201,202,203,204,205,206,207,208,209,210,211,220,213,150,215,216,217,218,219,220,221,222,223,224,225,226,227,228,229,230,231,232,233,234,235,236,237,238,111,240,241,242,243,244,245,246,255,248,249,254,251,252,253,254,255,0,1,2,3,4,5,6,7,8,9,10,11,12,13,14,15,0,16,18,19,20,21,22,55,24,25,26,27,28,29,30,31,32,33,34,35,36,37,38,39,40,41,34,43,44,45,46,47,48,49,50,51,52,53,50,55,56,57,58,51,60,61,62,63,64,65,66,67,68,77,70,71,72,72,74,75,76,77,78,78,80,113,82,83,84,85,86,87,88,89,90,91,92,93,94,95,96,97,98,99,108,101,102,103,104,105,106,107,108,253,110,111,112,113,114,115,116,117,118,119,120,249,122,123,124,124,126,127,128,129,130,131,132,133,134,143,136,137,138,139,141,141,142,143,145,145,146,147,148,149,158,151,152,153,154,155,156,157,158,159,160,161,162,163,164,165,166,167,168,105,186,171,236,189,175,175,176,177,178,179,180,177,182,183,184,251,186,187,188,189,190,191,192,193,194,195,132,197,198,199,200,193,198,203,205,221,206,207,208,209,210,211,212,141,214,215,216,217,218,219,220,221,222,223,225,227,226,227,236,229,230,231,232,233,230,235,236,237,238,239,240,241,242,243,244,245,246,247,248,249,250,251,248,253,254,255,0,1,2,3,0,5,6,7,8,9,10,11,12,15,12,15,16,17,22,19,20,29,22,55,24,25,26,27,28,29,30,31]
CFO=7756.287404794394,STO=7
EsN0dB=14.12,GRXdB=40,N0=0.0001995262282434851
packet_number=33,correct=False,payload=[0,1,2,3,4,1,6,7,8,9,10,11,12,13,14,15,16,17,18,19,20,21,22,23,24,25,58,27,28,29,30,31,32,33,34,35,36,37,6,39,40,41,42,43,44,45,46,46,48,49,50,51,52,53,54,55,56,57,58,59,60,61,62,63,64,65,66,67,68,69,70,71,72,73,74,75,76,77,78,79,80,81,82,83,84,85,86,87,88,89,90,91,92,93,94,95,96,97,98,99,100,101,102,103,104,105,106,107,108,109,110,111,112,113,114,115,116,117,118,119,120,121,122,123,124,127,126,127,128,129,130,131,140,133,134,135,136,137,130,139,140,157,142,143,144,145,146,147,148,181,150,151,152,153,154,155,156,157,142,159,161,161,166,163,164,165,166,167,168,169,170,171,236,173,174,175,176,177,178,147,180,181,182,183,184,249,186,187,188,189,190,191,192,193,194,195,196,197,198,199,200,201,202,203,204,205,206,207,208,209,210,211,212,213,214,215,216,217,218,219,220,221,222,223,224,225,226,227,228,229,230,231,232,233,234,235,236,237,238,239,240,241,242,243,244,245,246,247,248,249,250,251,252,253,254,255,0,1,2,3,4,5,6,7,8,9,10,11,12,13,14,15,16,17,18,19,20,21,22,55,24,25,26,27,28,29,30,31,32,33,2,35,36,37,38,39,40,41,58,43,44,45,46,46,48,49,50,51,52,53,54,55,56,57,50,59,60,61,62,63,64,65,66,3,68,69,198,71,72,73,74,75,76,77,78,79,80,81,82,83,84,85,86,87,88,89,88,83,88,25,94,95,96,97,98,99,108,101,102,103,104,105,106,107,108,109,110,111,112,113,114,115,116,117,118,119,120,121,122,127,124,125,126,127,128,129,130,131,132,133,134,135,136,137,138,139,140,141,142,143,145,145,146,147,148,149,150,151,152,153,154,155,156,157,156,159,160,161,162,163,164,165,166,167,168,9,170,139,172,173,174,175,176,177,178,179,180,181,182,183,184,185,186,187,188,189,190,191,192,193,130,195,196,197,198,199,200,201,202,203,204,205,206,207,209,209,210,147,212,213,214,223,216,217,218,219,220,221,222,223,224,225,224,227,228,229,230,231,232,233,234,235,108,237,238,207,240,241,242,243,244,245,246,247,248,249,250,251,252,253,254,255,0,1,2,3,4,5,6,7,8,9,14,11,12,9,14,15,16,17,18,19,20,21,20,23,24,25,26,91,28,29,30,31,32,33,34,35,36,37,38,39,40,41,42,43,44,45,46,47,48,49,50,51,53,53,54,55,56,57,58,59,56,61,62,63,64,65,66,67,4,69,70,71,72,73,10,75,76,77,78,79,80,65,82,83,84,85,86,23,88,89,90,91,92,93,94,95,96,97,98,99,100,101,230,103,104,105,104,107,236,109,110,111,112,112,114,115,116,117,118,119,120,121,122,123,124,121,126,127,128,129,128,131,132,133,134,135,136,137,138,139,140,137,142,143,144,145,146,147,148,149,150,151,153,153,154,155,156,157,158,159,160,161,162,163,164,165,166,135,168,169,170,139,172,173,174,143,176,177,178,179,180,181,182,183,184,185,186,187,188,189,190,191,192,193,130,67,132,197,199,199,201,201,202,203,204,205,206,207,208,209,210,211,212,213,198,215,216,217,218,219,220,221,222,223,224,225,226,227,228,229,230,231,232,233,202,239,236,237,238,255,240,241,242,227,244,245,246,247,248,249,250,251,252,253,254,255,0,1,2,3,12,5,4,7,8,9,10,11,12,13,14,14,0,17,18,19,20,21,22,23,24,25,26,27,28,29,30,31]
CFO=7343.216062221026,STO=4
EsN0dB=13.87,GRXdB=40,N0=0.0001995262282434851
packet_number=34,correct=False,payload=[0,1,2,3,20,5,6,7,8,9,10,11,12,13,14,15,16,17,18,19,20,29,22,23,24,25,26,27,28,61,28,31,32,33,34,35,36,37,38,39,40,41,42,43,44,45,46,47,48,49,50,51,52,53,54,55,56,57,58,59,60,61,62,63,64,65,66,67,68,69,70,71,72,73,74,75,76,77,78,79,112,81,82,83,84,85,86,87,88,89,90,91,92,93,94,95,96,97,98,99,100,101,102,103,104,105,106,107,108,109,110,111,112,113,114,115,116,117,118,119,248,121,122,123,124,125,126,126,128,129,130,131,132,133,134,135,136,137,138,139,140,141,142,143,144,145,146,179,148,149,150,151,152,153,154,155,156,157,158,159,160,161,162,163,164,165,166,167,168,169,170,171,236,173,174,175,176,177,178,179,180,181,182,183,184,185,186,187,188,189,190,191,192,193,194,195,196,197,198,199,200,201,202,203,204,205,206,207,208,209,210,211,212,213,214,215,216,217,218,219,220,221,222,223,224,225,226,227,228,229,230,231,232,237,234,235,236,237,238,239,240,241,242,243,244,245,246,247,248,249,250,251,252,253,254,255,0,1,2,3,4,5,6,7,8,9,10,11,12,13,14,15,16,17,18,19,20,21,22,23,24,25,26,27,28,29,30,31,32,33,34,35,36,37,38,39,40,41,42,43,44,45,46,47,52,49,50,51,52,53,54,55,56,57,58,59,60,61,62,63,64,65,66,67,68,69,70,71,72,73,74,75,76,77,78,95,80,81,82,83,84,85,86,87,88,89,90,91,92,93,94,95,96,97,98,99,100,101,102,103,104,105,106,107,108,109,110,111,112,113,114,115,116,117,116,119,120,121,122,123,124,125,126,127,128,129,130,131,132,133,134,135,136,137,138,139,140,141,142,143,144,145,146,147,148,149,150,151,152,153,154,155,156,157,158,159,160,161,162,163,164,165,166,167,168,169,170,171,172,173,174,175,176,177,178,179,180,181,182,183,184,185,186,187,188,189,190,191,192,193,194,195,204,197,198,199,200,201,202,203,204,205,206,207,208,209,210,211,212,213,214,215,216,217,218,219,220,221,222,255,224,225,226,227,228,229,230,231,232,233,234,235,236,237,238,239,240,241,242,243,244,245,246,247,248,249,250,251,252,253,254,255,0,1,2,3,4,5,6,7,8,9,10,11,12,13,14,15,16,17,18,19,20,29,22,23,24,25,26,27,28,29,30,31,32,33,34,35,36,37,38,39,40,41,42,107,44,45,46,47,48,49,50,51,52,53,54,55,56,57,58,59,60,61,62,63,64,65,66,67,68,69,70,71,72,73,74,75,76,77,78,79,80,81,82,83,84,85,86,87,88,91,90,91,92,93,94,95,96,97,98,99,100,101,102,103,104,105,106,107,108,109,110,111,112,113,242,115,116,117,126,119,120,121,122,123,124,125,126,127,128,129,130,131,132,133,134,135,136,137,138,139,140,141,142,143,144,145,146,147,148,149,150,151,152,153,154,155,156,157,158,159,160,163,162,163,164,165,166,167,168,169,170,171,172,173,174,175,176,177,178,179,180,181,182,183,184,185,186,187,188,189,190,191,192,195,195,195,196,197,198,199,200,201,202,203,204,205,206,207,208,209,210,211,212,213,214,215,216,217,218,219,220,221,222,223,224,225,226,227,228,229,230,231,233,233,234,235,204,237,238,239,240,241,242,247,244,245,246,247,248,249,250,251,252,255,254,255,0,1,2,3,4,5,14,7,8,9,10,11,12,13,14,15,16,17,18,19,20,21,22,23,24,25,26,27,28,29,30,31]
CFO=6897.318545905359,STO=1
EsN0dB=13.81,GRXdB=40,N0=0.0001995262282434851
packet_number=35,correct=False,payload=[0,1,2,3,4,5,6,39,8,9,10,11,12,13,14,15,16,17,146,19,20,21,30,23,24,29,26,25,28,29,30,31,32,49,34,35,36,37,38,39,40,41,42,43,44,45,46,47,48,49,50,51,52,53,54,55,56,57,58,59,60,61,62,63,64,65,66,67,68,69,70,71,72,77,74,75,76,77,78,79,80,81,82,83,92,85,86,87,120,89,94,91,92,93,94,95,96,97,98,99,100,101,102,103,104,105,58,107,110,109,110,111,112,113,114,115,116,117,118,119,120,121,122,127,124,121,126,127,128,129,130,131,132,133,134,135,136,137,138,139,140,141,142,143,144,145,146,147,148,149,150,151,152,153,154,155,156,157,158,159,160,161,162,163,164,167,166,167,168,169,170,171,172,173,174,175,176,177,178,179,180,181,182,183,184,185,186,187,188,189,190,191,192,193,194,195,196,197,198,198,200,201,202,203,204,205,206,207,208,209,210,211,212,213,214,215,216,217,218,219,220,221,222,223,224,225,226,227,230,229,230,231,232,233,234,235,236,237,238,239,240,241,242,243,244,245,246,247,248,249,250,251,252,253,254,255,0,1,2,3,4,5,6,7,8,9,10,11,12,13,14,15,16,17,18,19,20,21,22,23,24,25,26,27,28,29,30,31,32,33,34,35,36,37,38,39,40,41,42,43,44,45,46,47,48,49,50,51,52,53,54,55,57,57,58,59,60,61,62,63,64,65,98,67,68,69,70,71,104,73,74,75,76,77,206,79,80,81,82,83,84,85,86,87,88,89,90,91,92,93,94,95,96,97,98,99,100,229,102,103,104,105,106,107,108,109,110,111,112,113,114,115,116,117,118,119,120,121,122,123,124,125,126,127,128,129,130,131,132,133,134,135,136,137,138,139,140,141,142,143,144,145,146,147,148,149,150,151,152,153,154,155,156,157,158,159,160,161,162,163,164,37,166,167,168,169,170,171,140,173,174,175,176,177,178,179,180,181,182,183,184,185,186,187,188,189,190,191,192,193,194,195,196,197,198,199,200,201,202,203,204,205,206,207,208,209,210,211,212,213,214,215,216,217,218,219,220,221,222,223,224,225,226,227,228,229,230,231,232,233,234,235,236,237,238,239,240,241,242,243,244,245,246,247,248,249,250,251,252,253,254,255,0,1,2,1,4,5,6,7,8,9,10,11,12,13,14,15,16,17,18,19,20,21,22,23,24,25,26,27,28,29,30,31,32,33,34,35,36,37,38,39,40,41,42,43,44,45,46,47,48,49,50,51,52,53,54,55,56,57,58,59,60,61,62,63,64,65,66,67,68,69,71,71,72,73,74,75,76,77,78,79,80,81,82,83,84,85,86,87,88,89,90,91,92,93,94,95,96,97,98,99,100,101,102,103,104,105,106,107,108,109,110,111,112,113,114,115,116,119,118,119,120,121,122,123,124,125,126,127,129,129,130,131,132,165,134,199,136,137,136,155,140,141,142,143,144,145,146,147,148,149,150,151,152,153,154,155,156,157,158,159,160,161,162,163,164,165,134,167,168,169,170,171,172,173,174,175,176,145,178,179,180,181,182,183,168,185,186,187,188,189,190,191,192,193,194,195,196,197,198,199,200,201,202,203,204,205,206,207,208,209,210,211,212,213,214,215,216,219,218,219,220,221,222,223,224,225,226,227,228,245,230,231,232,233,234,235,236,237,238,239,240,241,242,243,244,245,246,247,248,249,250,251,252,253,254,255,0,1,2,3,4,5,6,7,8,9,10,11,12,13,14,15,16,17,18,19,21,21,22,23,24,25,154,27,28,29,30,31]
CFO=7921.576085433933,STO=3
EsN0dB=13.58,GRXdB=40,N0=0.0001995262282434851
packet_number=36,correct=False,payload=[0,1,2,3,4,5,6,7,8,9,10,11,12,13,14,15,16,17,18,19,20,21,22,23,24,25,26,27,28,29,30,15,32,33,34,35,36,37,38,39,40,41,42,43,44,47,46,47,48,49,50,51,52,53,54,55,56,57,58,59,60,61,62,63,64,65,66,67,68,69,70,71,72,77,74,75,76,77,76,79,16,81,82,83,80,85,86,87,88,89,90,91,92,93,94,95,96,97,98,99,100,101,102,103,104,105,106,107,108,109,110,111,48,113,114,115,116,117,118,127,120,121,122,123,124,125,126,127,128,129,130,131,132,133,134,135,136,137,138,139,140,141,142,143,144,145,146,147,148,149,150,151,152,153,154,155,156,157,158,159,160,161,162,163,164,165,166,167,168,169,170,171,236,173,174,175,176,177,178,179,180,181,182,183,184,185,186,187,188,189,190,191,192,193,194,195,196,197,198,199,200,201,202,203,204,205,206,207,208,209,210,211,212,213,214,215,216,217,216,219,220,221,222,223,224,225,226,227,228,228,230,231,232,237,234,235,236,239,238,239,240,241,242,243,244,245,246,247,248,249,250,219,252,255,254,255,0,3,2,3,4,5,6,5,0,9,10,11,12,13,14,15,16,17,18,19,20,21,22,23,24,25,26,11,28,29,30,31,32,33,34,35,36,37,38,39,40,41,42,43,44,45,46,47,48,49,50,51,52,53,54,55,56,57,58,59,60,61,62,63,64,65,66,67,68,69,70,71,8,73,74,73,76,77,78,79,80,81,82,83,84,85,86,87,88,89,26,91,92,93,94,95,96,97,98,99,100,101,102,119,104,105,106,107,108,109,110,111,112,121,114,115,116,117,118,119,120,121,122,123,124,125,126,127,128,129,130,131,132,133,134,135,136,137,138,139,140,141,142,143,144,145,144,147,148,149,150,151,152,153,154,155,156,157,158,159,160,161,162,163,164,165,166,167,168,169,170,171,172,173,174,175,144,177,178,179,180,181,54,183,184,185,186,187,188,189,190,191,192,193,194,195,196,197,198,231,200,201,202,203,204,205,206,207,208,209,210,211,212,213,214,215,216,217,218,219,220,221,222,223,224,225,226,227,228,229,230,231,232,233,234,235,236,237,238,239,240,241,242,243,244,245,246,247,248,249,250,251,252,253,254,255,0,1,2,3,4,5,6,7,8,9,10,11,12,13,14,15,16,17,18,19,20,21,22,23,26,25,26,25,28,29,30,31,32,33,34,35,36,37,38,39,40,41,42,43,44,45,46,47,48,49,50,51,52,53,54,55,56,57,58,59,60,61,62,63,64,65,66,67,68,69,70,71,72,73,74,75,76,77,78,79,80,81,82,83,84,85,86,87,88,89,90,91,92,93,94,95,96,97,98,99,100,100,102,103,104,105,106,107,108,109,110,111,112,113,114,115,52,117,118,119,56,121,122,123,124,125,126,127,128,129,130,131,132,5,134,135,136,137,138,139,132,141,142,143,144,145,146,147,148,149,150,151,152,153,154,155,156,157,158,159,160,161,162,163,164,165,166,167,168,169,170,171,172,173,174,175,176,177,178,179,180,181,182,183,184,185,186,187,188,189,190,191,192,193,194,195,196,197,198,199,200,201,202,203,204,205,206,207,208,209,210,211,212,213,214,215,216,217,218,219,220,221,222,223,224,225,226,227,228,229,230,231,232,233,234,235,236,237,238,239,240,241,242,243,244,245,246,247,248,249,250,251,252,253,254,255,0,1,2,3,4,5,6,7,8,9,2,11,12,13,14,15,16,17,146,19,20,21,22,23,24,25,26,27,28,29,30,31]
CFO=8125.608539821677,STO=0
EsN0dB=13.56,GRXdB=40,N0=0.0001995262282434851
packet_number=37,correct=False,payload=[112,0,24,48,48,64,96,96,48,0,144,32,144,192,80,224,241,1,145,49,49,192,217,241,184,128,145,176,240,224,192,241,242,0,16,48,24,98,122,98,115,130,17,131,121,227,226,224,113,1,155,35,51,35,209,97,241,131,147,179,243,193,219,227,252,6,26,52,20,66,22,114,126,128,216,150,84,196,214,100,242,4,153,149,183,100,239,240,53,193,151,179,243,193,196,231,250,7,2,54,30,6,122,103,62,135,7,38,18,102,195,242,243,7,7,35,55,39,87,35,247,199,159,227,151,199,215,103,248,8,12,32,56,104,120,32,120,76,152,12,60,236,72,224,252,128,9,41,61,100,29,97,253,200,140,237,217,237,249,237,250,3,24,13,27,96,57,35,123,72,142,111,59,66,74,104,251,9,143,33,57,79,203,37,191,131,157,163,187,239,255,237,254,6,28,4,30,78,76,124,125,204,140,230,124,100,92,254,252,140,14,175,28,12,13,110,60,197,141,173,189,205,255,255,255,14,14,38,62,111,78,103,127,142,30,238,159,230,254,238,255,143,31,39,159,111,95,111,127,135,223,151,159,199,223,255,248,0,16,0,48,64,80,96,112,128,144,128,208,64,248,96,241,128,16,1,49,65,177,97,240,128,129,128,177,193,193,225,240,2,10,2,18,98,90,98,114,130,146,224,146,194,242,242,249,129,11,35,19,67,91,35,113,195,195,163,147,195,211,227,240,4,16,36,26,4,84,50,56,132,4,196,124,224,76,228,126,13,21,36,186,37,197,164,125,132,143,165,253,196,221,228,247,7,6,55,62,71,70,102,118,6,150,134,94,239,86,102,127,7,27,23,63,39,87,39,119,199,159,135,255,231,255,231,248,0,16,32,56,32,8,32,124,192,152,228,184,196,120,236,248,1,24,9,184,65,89,120,121,132,153,161,185,201,249,113,252,12,28,62,60,42,10,122,126,138,152,172,251,200,124,106,123,139,11,55,187,203,95,105,123,139,155,227,249,203,251,251,252,4,28,12,62,68,78,44,60,140,140,172,252,236,222,244,254,13,29,53,28,108,77,189,253,140,156,173,188,197,220,229,254,6,30,38,62,14,94,102,126,14,95,174,190,239,222,102,127,15,31,175,63,79,95,239,127,207,143,159,223,207,207,255,242,0,16,32,16,32,48,32,120,128,152,176,16,64,240,224,240,1,16,0,49,225,89,33,241,129,144,129,177,193,193,225,242,0,18,34,48,34,82,120,48,131,146,178,114,99,82,99,243,1,19,115,179,65,91,99,115,131,145,163,243,195,211,227,240,4,18,4,54,68,86,32,112,4,144,180,180,192,244,224,117,4,31,37,52,68,81,229,117,133,145,180,213,196,212,240,247,7,18,38,18,99,82,98,55,135,206,7,62,195,222,98,243,7,151,39,55,7,95,99,119,131,135,167,179,199,223,231,248,12,8,12,60,104,88,108,124,8,152,180,184,72,200,232,121,8,157,13,57,73,25,235,127,227,39,107,111,113,119,59,63,131,135,143,143,147,131,155,159,163,167,137,175,177,179,251,191,195,199,203,199,211,199,203,255,227,231,235,231,243,243,249,252,0,4,8,12,16,16,24,30,32,4,4,12,50,48,56,62,64,4,8,68,88,116,24,76,112,100,104,108,56,116,120,126,80,77,175,148,27,123,171,76,114,121,77,186,148,107,190,2,24,141,157,197,31,94,92,129,145,76,141,227,44,84,194,152,15,179,148,180,107,230,85,178,200,113,96,183,156,32,91,37,157,57,233,220,9,19,212,121,47,208,133,157,105,193,158]
CFO=6095.285954210074,STO=6
EsN0dB=13.96,GRXdB=40,N0=0.0001995262282434851
packet_number=38,correct=False,payload=[0,0,6,7,4,5,6,7,8,24,14,15,12,31,14,30,16,17,54,19,20,21,30,63,24,57,62,26,60,28,62,31,0,35,38,38,44,101,102,15,40,1,44,107,124,125,44,47,48,51,34,50,124,127,62,38,120,121,60,95,124,125,62,63,64,64,70,70,76,197,78,71,216,201,90,219,220,77,14,207,192,209,114,87,244,103,220,78,88,89,26,211,124,92,94,126,224,99,98,99,236,228,236,231,120,74,238,107,108,205,254,239,240,113,242,247,248,231,126,239,240,121,250,123,120,124,126,127,128,131,130,131,128,143,140,143,24,155,138,151,157,141,142,143,176,131,150,131,180,157,151,151,152,155,186,31,153,63,191,191,33,131,162,231,164,167,167,231,152,225,159,227,168,239,238,63,161,179,178,163,180,191,126,183,184,179,182,247,60,253,254,191,192,195,195,195,141,205,206,143,201,153,196,203,221,137,222,207,209,145,214,179,241,247,214,247,249,91,248,215,248,221,252,223,224,227,224,227,228,199,230,239,249,195,251,255,237,237,223,255,241,243,243,247,252,249,252,255,249,249,242,251,252,255,255,255,0,9,2,7,8,13,6,15,8,11,10,15,12,25,14,31,48,19,22,119,20,31,54,55,56,59,24,63,60,61,60,31,32,35,4,35,44,108,110,47,56,33,122,107,44,63,110,30,112,51,114,38,116,125,62,127,56,187,58,59,124,124,62,127,0,65,2,198,204,5,6,15,200,194,202,203,28,93,14,223,80,211,82,231,236,218,110,255,88,122,186,90,92,253,124,63,64,192,98,231,100,103,206,110,240,104,238,79,120,249,254,95,240,242,112,242,116,126,110,255,120,123,124,255,120,254,126,127,128,131,163,7,132,141,142,143,192,153,155,147,141,155,159,159,145,179,135,179,148,191,174,159,185,27,151,187,153,153,159,191,224,161,130,163,160,167,14,167,232,251,229,111,252,223,206,111,176,51,99,243,241,227,255,247,249,251,120,255,253,253,253,255,193,193,195,199,133,199,134,199,201,219,222,155,220,207,204,223,241,243,241,199,237,223,134,191,248,251,223,223,188,219,190,255,224,225,231,227,225,195,207,231,249,251,235,235,252,223,207,255,241,243,242,247,252,247,254,239,241,249,254,247,249,255,255,255,0,2,4,3,8,11,13,15,16,9,22,11,28,13,30,15,32,1,0,39,12,31,52,55,56,56,62,51,60,63,158,31,96,65,98,39,108,66,46,38,8,66,42,19,92,110,110,15,32,115,118,103,124,33,54,63,120,59,58,63,60,127,62,63,64,131,70,7,204,204,134,143,64,195,216,74,28,26,222,222,208,96,118,198,100,79,182,222,112,123,254,251,220,253,254,255,96,97,226,103,232,205,196,230,112,242,110,99,236,90,238,255,240,112,116,242,124,237,254,119,248,123,122,251,124,127,126,255,128,131,129,131,132,139,141,143,136,9,28,151,156,143,31,159,48,179,51,19,172,189,189,167,25,187,56,159,152,187,159,31,128,163,224,167,205,199,47,111,88,179,220,223,236,63,191,47,32,243,245,183,253,39,62,247,184,121,255,187,184,127,189,127,193,129,199,211,205,131,205,143,153,155,219,207,221,157,204,207,145,243,195,195,153,203,231,223,209,249,240,187,217,223,255,159,193,227,230,231,196,237,238,207,232,249,214,255,233,235,204,255,241,241,243,243,245,235,254,231,240,243,255,255,248,253,253,254,0,1,6,3,8,1,6,15,24,19,20,15,12,24,30,31,48,33,20,54,52,29,46,46,56,17,58,63,24,61,62,30]
CFO=1938.1272455227597,STO=5
EsN0dB=-16.19,GRXdB=40,N0=0.0001995262282434851
packet_number=39,correct=False,payload=[221,119,184,114,4,56,147,112,138,175,167,195,192,196,147,2,171,193,93,178,194,209,82,122,82,23,127,43,145,60,108,157,26,68,88,0,104,122,14,149,4,211,42,250,88,173,154,52,230,203,219,227,246,23,59,28,219,69,140,72,39,211,157,21,123,105,37,207,128,187,1,130,244,40,82,234,53,68,88,38,98,31,237,189,22,59,142,212,104,212,82,27,104,129,130,7,98,31,102,230,139,193,39,92,204,205,139,104,39,160,7,229,85,242,254,178,25,104,154,85,25,195,182,43,109,207,47,129,223,242,143,174,202,16,76,73,200,94,156,17,177,160,130,216,244,198,34,113,4,202,136,246,241,71,208,87,78,114,168,190,63,116,222,167,96,168,44,140,108,180,188,157,174,178,147,53,118,18,148,173,86,60,186,228,236,11,99,156,94,44,172,59,79,100,7,150,80,6,103,0,118,112,247,165,168,33,8,172,146,135,208,155,178,55,200,7,41,85,225,47,154,0,63,90,121,7,208,30,207,151,42,33,181,54,44,18,168,147,101,241,182,136,142,214,193,198,19,219,246,59,168,35,89,155,23,152,136,172,65,93,73,96,68,205,239,196,211,218,209,130,210,97,180,57,173,102,195,240,61,80,152,238,202,57,92,44,50,232,139,100,0,21,246,166,10,6,236,157,228,244,184,234,36,13,175,190,54,65,119,9,151,228,72,82,28,51,61,192,88,219,33,162,12,107,242,255,75,184,219,17,34,219,52,248,248,28,216,158,27,230,109,103,78,177,184,202,77,177,228,241,109,41,175,99,91,162,208,1,188,106,16,189,255,144,136,61,12,80,118,131,114,197,78,140,0,94,186,201,92,222,110,117,14,111,116,53,186,100,166,148,253,26,74,81,165,92,11,68,131,254,4,192,48,46,158,27,126,203,165,248,222,111,35,191,234,49,16,25,62,61,111,245,33,41,190,231,26,125,0,144,170,80,202,77,3,243,86,14,34,86,16,71,29,27,212,168,181,21,249,38,14,166,3,190,182,25,12,126,123,146,67,243,149,225,49,159,49,175,137,82,225,186,232,212,133,127,165,167,123,14,0,128,120,5,233,171,147,194,253,221,171,211,177,188,24,198,180,53,231,204,35,250,17,221,41,100,177,252,240,103,80,208,108,79,214,155,104,50,142,155,72,218,130,242,228,127,7,108,111,100,132,33,147,157,127,28,75,62,4,164,8,251,158,6,242,115,168,123,204,227,185,128,108,81,139,82,133,74,247,165,47,213,142,225,11,17,84,33,109,75,212,170,196,33,191,113,248,227,190,190,219,42,151,96,87,71,156,81,14,174,179,177,149,88,87,134,170,252,253,35,170,226,155,15,135,38,100,198,121,218,17,43,70,91,243,32,212,132,162,136,14,244,217,29,226,209,238,73,169,143,156,66,67,222,200,79,248,91,34,11,206,138,218,196,66,177,98,106,105,16,196,100,142,218,194,207,44,49,158,228,54,84,52,87,214,118,52,55,92,106,204,182,89,117,195,3,46,108,29,124,64,52,118,246,134,116,201,76,105,63,236,161,102,18,141,129,158,69,201,48,148,194,55,118,73,153,150,85,67,87,140,80,109,127,121,181,72,255,27,219,85,57,13,75,17,120,127,160,57,115,52,104,164,134,229,150,22,95,203,178,208,7,147,38,47,234,164,49,50,3,103,12,25,104,56,156,176,69,204,23,236,15,216,64,146,73,42,48,173,7,230,168,251,242,39,179,203,132,186,251,131,96,130,8,214,241,18,11,185,151,151,138,33,4,183,218,116,133,76,210]
CFO=7961.319722985638,STO=1
EsN0dB=14.16,GRXdB=40,N0=0.0001995262282434851
packet_number=40,correct=False,payload=[249,1,103,220,0,0,8,28,48,36,24,24,0,4,32,108,32,120,112,120,0,196,192,220,64,204,120,92,96,104,192,108,112,252,112,120,128,129,136,137,0,12,184,156,32,69,144,172,176,53,121,57,128,132,136,220,160,197,192,156,225,224,200,200,241,229,249,255,3,5,10,15,33,31,27,56,96,35,99,14,96,50,58,126,0,203,194,13,3,149,18,124,97,205,75,79,240,113,120,125,3,135,9,143,145,183,19,61,163,205,203,187,163,161,177,191,195,205,147,157,177,249,147,221,193,197,227,253,241,247,249,254,0,14,10,28,18,4,18,60,100,14,32,78,34,36,126,62,64,204,8,30,224,86,154,222,66,70,200,206,244,124,248,126,0,134,134,28,18,132,187,28,132,39,8,174,54,246,180,254,130,207,152,205,192,183,154,190,226,230,235,239,231,229,249,255,3,15,18,14,38,15,19,30,102,39,78,14,54,38,62,126,130,79,79,95,67,198,87,222,195,238,198,110,119,118,115,255,3,143,143,15,147,143,191,31,39,199,175,47,231,191,119,127,135,143,139,223,227,255,215,255,195,199,219,239,227,255,255,248,0,4,24,8,16,52,16,28,96,44,64,40,32,44,112,120,0,76,200,72,96,136,112,24,96,100,80,92,112,224,248,253,1,133,24,13,128,0,184,57,65,37,32,124,225,168,121,57,192,192,136,205,208,176,209,156,224,232,233,236,240,252,249,249,3,7,9,11,34,26,27,62,98,70,26,41,97,49,56,56,66,140,136,89,34,137,146,24,97,205,99,216,113,103,251,249,129,7,137,157,177,5,19,157,99,97,27,169,115,173,115,121,193,205,153,223,179,193,243,249,225,207,233,249,225,225,251,254,6,4,2,30,16,38,60,62,0,14,40,44,118,60,58,126,0,78,18,12,52,228,24,60,224,232,86,204,242,236,248,255,3,142,25,14,132,167,26,159,164,46,232,62,118,117,48,191,196,133,156,141,244,148,183,223,224,206,194,236,243,253,252,255,2,7,7,14,19,15,63,63,39,15,18,47,103,54,114,126,7,71,211,31,211,127,178,255,195,207,114,127,225,255,243,255,7,135,19,143,55,63,55,159,7,39,15,143,39,183,187,191,135,207,147,207,179,158,187,223,199,207,255,239,247,247,251,248,0,8,16,12,0,40,56,56,64,0,72,92,48,96,48,120,192,192,72,216,48,160,176,220,64,204,208,72,224,232,120,120,1,1,145,136,17,16,176,56,65,45,209,252,224,120,240,184,128,204,216,157,113,168,144,253,193,225,216,220,224,241,241,254,1,2,10,10,18,54,17,27,0,104,91,75,96,39,49,123,130,204,128,25,66,247,58,250,66,226,98,110,224,108,115,249,131,3,17,155,163,49,25,159,227,1,145,123,227,107,251,123,131,141,193,141,145,129,251,159,195,231,195,217,243,235,243,252,0,4,22,28,4,44,22,28,68,36,68,28,116,108,60,124,134,134,142,222,68,14,18,60,224,70,88,94,112,236,250,255,0,13,135,29,128,167,55,189,132,174,93,141,36,237,178,252,192,197,156,205,128,175,181,157,225,204,213,221,227,239,244,254,7,15,6,30,35,63,54,63,38,110,54,127,103,111,26,126,134,142,151,151,134,135,58,159,198,206,83,110,103,238,255,127,131,143,143,159,35,39,151,191,247,111,199,223,99,47,51,127,131,207,207,207,215,143,223,159,231,199,227,239,227,239,247,248,0,8,16,8,32,40,16,56,0,104,80,24,96,56,48,124,64,196,88,136,96,137,16,28,224,192,72,76]
CFO=-1084.2072719545722,STO=7
EsN0dB=-10.22,GRXdB=40,N0=0.0001995262282434851
packet_number=41,correct=False,payload=[243,13,241,128,198,163,249,65,50,21,114,63,187,78,253,236,167,2,119,156,23,121,0,155,237,97,237,119,169,22,220,62,40,39,121,18,62,109,114,76,254,187,127,202,139,73,243,58,138,182,49,25,135,76,215,146,140,236,166,131,8,171,73,233,3,216,217,33,168,171,227,202,67,241,166,163,243,218,106,61,35,13,66,96,208,141,155,88,159,116,131,210,64,248,70,10,59,219,245,236,122,196,37,85,241,236,244,117,1,101,9,151,106,53,252,20,127,125,109,24,146,221,211,143,186,5,106,174,62,2,94,75,220,215,44,232,69,242,36,218,55,139,133,133,210,30,152,145,213,153,169,10,216,140,127,126,79,23,135,59,69,4,195,138,250,102,250,86,184,20,233,232,76,51,146,133,14,13,174,142,107,127,231,18,199,228,82,40,231,101,147,52,211,114,183,139,165,135,60,162,114,158,124,17,167,229,246,247,139,18,21,149,171,159,245,248,99,24,148,33,57,246,47,214,137,165,224,30,104,156,24,200,63,126,139,28,175,230,88,1,38,55,133,40,37,172,10,20,130,186,163,55,12,113,106,134,152,72,7,84,28,30,83,89,29,58,176,66,224,121,165,3,182,155,2,5,34,93,26,42,248,107,215,119,225,169,24,182,123,74,93,139,197,3,52,23,105,161,123,141,6,222,242,100,211,35,184,90,155,180,167,205,194,233,184,75,74,31,196,23,54,222,96,185,13,168,14,102,169,175,254,238,192,76,89,154,161,18,122,104,115,249,235,44,36,70,59,246,233,206,102,106,181,58,7,85,57,216,45,214,38,154,127,26,102,187,50,25,54,93,254,147,149,112,9,223,246,252,116,249,177,209,101,52,120,120,3,164,86,38,102,216,12,208,250,200,33,164,196,171,174,168,234,202,156,215,124,104,233,143,139,106,34,90,81,130,38,178,80,96,219,68,43,157,33,39,166,75,82,154,226,136,148,215,243,144,170,122,151,233,188,113,210,3,142,107,21,227,136,15,191,107,195,193,128,242,164,100,171,3,220,17,181,31,181,75,125,205,224,9,203,186,218,94,216,218,196,243,201,11,166,9,110,23,239,149,172,192,53,110,105,76,84,64,53,135,81,231,190,246,57,164,172,192,122,156,153,193,74,62,249,13,82,215,215,21,144,61,36,96,176,143,72,184,236,110,184,154,25,0,83,8,156,139,73,32,233,243,68,207,48,209,83,70,136,44,6,144,238,227,29,167,162,94,84,78,32,77,64,1,139,234,18,38,143,72,86,2,200,186,19,213,174,221,178,3,191,111,244,29,246,24,104,120,58,194,87,141,239,214,142,213,147,152,72,48,78,102,222,68,39,163,210,71,231,211,242,6,146,46,58,250,180,112,234,144,166,119,246,156,30,6,7,240,231,23,195,157,204,135,4,17,95,50,73,126,21,130,31,72,34,124,86,76,18,150,182,238,135,159,51,255,102,255,200,211,82,0,251,15,83,167,238,13,165,138,120,73,252,24,246,109,52,88,4,2,4,145,253,35,253,141,25,10,236,183,161,250,213,8,251,23,40,17,218,64,171,36,119,161,27,89,76,0,150,40,158,144,119,160,110,202,119,41,219,135,8,149,156,213,206,187,245,38,84,165,153,74,133,172,45,91,55,246,48,114,153,27,220,244,255,140,93,19,175,83,109,51,91,72,244,125,47,110,158,160,164,68,108,47,175,174,239,82,176,135,159,252,24,24,217,150,204,147,82,4,185,165,106,72,226,157,138,23,79,40,142,63,208,176,149,49,213,229,88,220,218,152,249,193]
CFO=7935.834579645028,STO=6
EsN0dB=14.23,GRXdB=40,N0=0.0001995262282434851
packet_number=42,correct=False,payload=[0,1,2,3,4,5,6,7,8,9,10,11,12,13,14,15,16,17,18,19,20,21,22,23,24,25,26,27,28,29,30,31,32,33,34,35,36,37,38,39,40,41,42,43,44,37,46,47,48,49,50,51,52,53,54,55,56,57,58,59,60,61,62,63,64,65,66,67,68,69,70,71,72,73,74,75,76,77,78,79,80,81,82,83,84,85,86,23,88,89,90,91,92,93,94,95,96,97,98,99,100,101,102,103,104,105,106,107,108,109,110,111,112,113,114,115,116,117,118,119,120,121,122,123,124,125,126,127,128,129,130,131,132,133,134,135,136,137,138,139,140,141,142,143,144,145,146,147,148,149,150,151,152,153,154,155,156,157,158,159,160,161,162,163,164,165,166,167,168,169,170,171,172,173,174,175,176,177,178,179,180,181,182,183,184,185,186,187,188,189,190,191,192,193,194,195,196,197,198,199,200,201,202,203,204,205,206,207,208,209,210,211,212,213,214,215,216,217,218,219,220,221,222,223,224,225,226,227,228,229,230,231,232,233,234,235,236,237,238,239,240,241,242,243,244,245,246,247,248,249,250,251,252,253,254,255,0,1,2,3,4,5,6,7,8,9,10,11,12,13,14,15,16,17,18,19,20,21,22,23,24,25,26,27,28,29,30,31,32,33,34,35,36,37,38,39,40,41,42,43,44,45,46,47,48,49,50,51,52,53,54,55,56,57,58,59,60,61,62,63,64,65,66,67,68,69,70,71,72,73,74,75,76,77,78,79,80,81,82,83,84,85,86,87,88,89,90,91,92,93,94,95,96,97,98,99,100,101,102,103,104,105,106,107,108,109,110,111,112,113,114,115,124,117,118,119,120,121,122,123,124,125,126,127,128,129,130,131,132,133,134,135,136,137,138,139,140,141,142,143,144,145,146,147,148,149,150,151,152,153,154,155,156,157,158,159,160,161,162,163,164,165,166,167,168,169,170,171,168,173,174,175,176,177,178,179,180,181,182,183,152,185,186,187,188,189,190,191,192,193,194,195,196,197,198,199,200,201,202,203,204,205,206,207,208,209,210,211,212,213,214,215,216,217,218,219,220,221,222,223,226,225,226,227,228,229,230,231,232,233,234,235,236,237,238,239,240,241,242,243,244,245,246,247,248,249,250,251,252,253,254,255,0,1,2,3,4,5,6,7,8,9,10,11,12,13,14,15,16,17,18,19,20,21,22,23,24,25,26,27,28,29,30,31,32,33,34,35,36,37,38,39,40,41,42,43,44,45,46,47,48,49,50,51,52,53,54,183,56,57,58,59,60,61,62,63,64,65,66,67,68,69,70,71,72,73,74,75,76,77,78,79,80,81,82,83,84,85,86,87,88,89,90,91,92,93,94,95,96,97,98,99,100,101,102,103,104,105,106,107,108,109,110,111,112,113,114,115,116,117,118,119,120,121,122,123,124,125,126,127,128,129,130,131,132,133,134,135,136,137,138,139,140,141,142,143,144,145,146,147,148,149,150,151,152,153,154,155,156,157,158,159,160,161,162,163,164,165,166,167,168,169,170,171,172,173,174,175,176,177,178,179,180,181,182,183,184,185,186,187,188,189,190,191,192,193,194,195,196,197,198,199,200,201,202,203,204,205,206,207,208,209,210,211,212,213,214,215,216,217,218,211,220,221,222,223,224,225,226,227,228,229,230,231,232,233,234,235,236,237,238,239,240,241,242,243,244,245,246,247,248,249,250,251,252,253,254,255,0,1,2,3,4,5,6,7,8,9,10,11,12,13,14,15,16,17,18,19,20,21,22,23,24,25,26,27,28,29,30,31]
CFO=7634.476672771525,STO=6
EsN0dB=13.25,GRXdB=40,N0=0.0002511886414140463
packet_number=43,correct=False,payload=[0,1,0,3,4,5,6,7,8,9,10,11,12,13,14,15,16,17,18,19,20,21,6,23,24,25,26,27,28,29,30,31,32,33,34,35,36,37,38,39,40,41,42,43,44,45,46,47,48,49,50,55,52,53,54,55,56,57,58,59,60,61,62,63,64,65,66,83,68,69,70,71,72,73,74,75,76,76,78,79,80,81,82,83,84,85,86,87,88,89,90,91,92,93,94,95,96,97,98,99,100,101,102,103,104,105,106,107,108,109,110,111,112,113,114,115,116,117,118,119,120,121,122,123,124,125,126,127,128,129,130,131,132,133,134,135,136,137,138,139,140,141,142,143,144,145,146,147,148,149,150,151,152,153,154,155,156,149,158,159,160,161,162,163,164,165,166,167,168,169,170,171,172,165,174,175,176,177,178,179,180,181,182,183,184,185,186,187,188,189,190,191,192,193,194,195,196,197,198,199,200,201,202,203,238,205,206,207,208,209,210,211,212,213,214,215,216,217,218,219,220,221,222,223,224,225,226,227,228,229,102,231,232,233,234,235,236,237,238,239,240,241,242,243,244,245,246,247,248,249,250,251,252,253,254,255,1,1,2,3,4,5,6,7,8,9,10,11,12,13,14,15,16,17,18,19,20,21,22,23,24,25,26,27,28,29,30,31,32,33,34,35,36,37,38,39,40,41,42,43,44,45,46,47,48,49,50,51,52,53,54,55,40,57,58,59,60,61,62,63,64,65,66,67,68,69,70,71,72,73,74,75,76,77,78,79,80,81,82,83,84,85,86,87,88,89,90,91,92,93,94,95,96,97,98,97,100,101,102,103,104,105,106,107,108,109,110,111,112,113,114,51,116,117,118,119,120,121,122,123,124,125,126,127,128,129,130,131,132,133,134,135,136,137,138,139,140,141,142,143,144,145,146,147,148,149,150,151,152,153,154,155,156,157,158,159,160,161,162,163,164,165,166,167,168,169,170,171,172,173,174,175,176,177,178,179,180,181,182,183,184,185,186,187,188,189,190,191,192,193,194,195,196,197,199,199,200,201,202,203,204,205,206,207,208,209,210,211,212,213,214,215,216,217,218,219,220,221,222,223,224,225,226,227,228,229,230,231,232,233,234,235,236,237,238,239,240,241,242,243,244,245,246,247,248,249,250,251,252,253,254,255,0,1,2,3,4,5,6,7,8,9,74,11,12,13,14,15,16,17,18,19,20,53,22,23,24,25,26,27,28,29,30,31,32,33,34,35,36,37,38,39,40,41,42,43,44,45,46,47,48,49,50,51,52,53,54,55,56,57,58,59,60,61,62,63,64,65,66,67,68,69,70,71,72,73,74,203,76,77,78,79,80,81,82,83,84,85,86,87,88,89,90,83,92,93,94,95,96,97,98,99,100,101,102,103,104,105,106,107,108,109,110,111,112,113,114,115,116,117,118,119,120,121,122,123,124,125,124,127,128,129,130,131,132,133,134,135,136,137,138,139,140,141,142,143,144,145,146,147,148,149,150,151,152,153,155,155,156,157,158,159,160,161,162,163,164,165,166,167,168,169,170,171,172,173,174,175,176,177,178,179,180,181,182,183,184,185,186,187,188,189,190,191,192,193,194,195,196,197,198,199,200,201,202,203,204,205,206,207,208,209,210,211,212,213,214,215,216,217,218,219,220,221,222,223,224,225,226,227,228,229,230,231,232,233,234,235,236,237,238,239,240,241,242,243,244,245,246,247,248,249,250,251,252,253,254,255,0,1,2,3,4,5,6,7,8,9,10,11,12,13,14,15,16,17,146,19,20,21,22,23,24,25,26,27,28,29,28,31]
CFO=8028.937647131379,STO=3
EsN0dB=13.38,GRXdB=40,N0=0.0002511886414140463
packet_number=44,correct=False,payload=[0,1,2,3,4,5,6,7,8,9,10,11,12,13,14,15,16,16,18,27,6,21,22,23,24,25,10,27,28,29,30,31,32,33,34,3,36,53,38,7,8,41,34,42,44,63,174,47,48,48,50,19,60,50,54,55,56,25,58,63,60,29,62,63,64,65,194,67,68,69,70,71,72,73,74,75,76,77,78,71,80,81,66,67,86,85,86,87,88,89,90,75,92,93,30,31,96,97,98,99,100,100,102,103,104,97,106,107,108,109,102,111,112,113,114,115,116,117,118,119,120,121,122,123,124,125,126,127,128,129,130,1,132,133,134,135,140,137,138,139,140,141,206,143,144,145,147,147,148,133,210,151,152,137,154,155,156,221,158,159,160,161,162,227,164,165,166,179,160,169,170,171,172,141,174,47,240,177,178,179,180,181,182,151,184,185,186,187,188,189,190,191,192,193,195,195,198,197,198,199,200,201,234,203,204,205,206,207,208,209,210,211,212,213,210,215,216,217,218,219,220,221,222,223,224,225,224,227,224,229,230,231,232,233,234,235,238,237,238,231,240,241,242,243,244,244,242,247,248,249,250,187,252,253,254,255,0,1,2,3,4,5,6,7,8,9,10,11,142,13,14,15,16,17,18,19,20,21,22,23,24,25,26,27,12,29,30,31,32,33,34,35,36,37,38,39,40,41,42,43,44,45,46,47,48,49,50,59,52,53,54,55,60,61,58,59,60,61,63,63,64,65,66,67,68,69,66,7,104,73,74,75,76,77,78,79,80,81,82,83,84,85,94,87,120,89,90,91,92,29,94,95,96,97,98,99,100,101,102,103,104,97,106,107,108,125,102,111,112,113,114,115,116,119,118,119,120,121,122,123,124,125,126,127,128,129,130,131,132,133,134,135,136,137,138,137,140,141,142,143,144,145,210,147,148,149,150,147,152,153,154,159,140,157,158,159,160,161,162,179,164,37,166,167,168,169,162,171,172,175,170,175,176,177,178,179,176,53,183,183,184,185,186,185,188,188,190,191,192,193,194,195,196,197,194,199,200,201,202,203,204,205,206,207,208,208,210,211,212,213,199,211,216,217,216,217,252,221,222,223,224,225,226,227,228,229,246,231,232,233,235,239,236,237,238,239,240,241,242,243,252,245,246,247,248,249,250,251,252,253,254,255,0,1,2,1,4,5,6,7,8,9,10,11,12,13,14,15,16,17,18,19,20,21,22,23,24,9,26,27,28,29,30,31,32,33,34,35,36,37,38,39,8,41,42,43,44,45,46,47,48,49,50,51,52,55,54,55,56,57,26,58,60,61,62,63,64,65,66,67,68,69,70,71,72,73,74,75,76,77,78,79,80,80,18,83,70,85,22,71,88,89,90,91,92,77,94,95,224,97,99,99,100,101,102,103,104,105,106,107,108,109,78,103,112,113,114,115,112,117,118,119,120,121,122,123,124,125,126,127,128,128,130,131,132,133,198,135,136,137,138,139,140,141,142,143,208,145,146,147,148,149,150,151,152,153,154,155,156,157,159,159,160,161,178,163,164,180,166,167,168,169,170,171,172,173,174,175,176,177,178,179,180,181,182,183,184,185,186,187,188,189,158,63,192,193,194,195,228,196,198,199,200,201,202,203,204,205,206,207,208,209,210,211,212,213,214,215,216,216,216,219,220,221,222,223,224,225,226,227,228,229,230,231,232,233,234,235,236,237,238,111,240,113,242,243,244,245,246,183,248,249,250,255,252,253,254,255,0,1,2,3,4,5,6,7,8,9,10,11,12,13,14,15,16,17,18,19,20,21,22,23,24,25,26,27,28,29,30,31]
CFO=7837.852670089041,STO=3
EsN0dB=13.47,GRXdB=40,N0=0.0002511886414140463
packet_number=45,correct=False,payload=[0,1,130,3,4,69,6,7,8,9,10,11,12,13,14,15,16,17,18,19,20,21,22,23,24,25,26,27,29,29,30,31,32,33,2,35,36,37,38,39,40,40,42,43,44,45,46,47,48,49,50,51,52,53,54,55,56,57,58,59,60,61,62,63,64,65,66,67,68,69,70,71,72,73,74,75,76,77,78,79,80,81,82,83,84,21,86,87,88,89,90,91,92,93,78,95,96,97,98,99,100,101,102,103,104,105,106,107,108,109,110,111,112,113,114,115,116,117,118,119,120,121,122,121,124,125,126,127,128,129,130,131,132,133,134,135,136,137,138,139,140,141,142,143,144,145,146,19,148,149,150,151,152,153,154,155,156,157,158,159,160,161,162,163,164,165,166,167,168,169,170,171,172,173,174,175,176,177,178,179,180,181,182,183,184,185,186,171,188,189,191,191,192,193,194,195,196,197,196,199,200,201,202,203,204,205,238,207,208,209,210,211,212,213,214,215,216,89,218,219,220,221,222,223,224,225,226,227,228,229,230,231,232,233,226,235,236,237,238,239,240,241,242,243,244,245,246,247,248,249,250,251,252,253,254,255,0,1,2,3,4,5,6,7,8,9,10,11,12,13,14,15,16,17,18,19,20,21,22,23,24,25,26,27,28,29,30,30,32,33,34,35,36,37,38,39,40,41,42,43,44,45,46,47,48,49,50,51,52,53,54,55,56,57,58,59,60,61,62,63,64,65,66,67,68,69,70,71,72,73,74,75,76,77,78,79,80,81,82,83,84,85,86,87,88,89,90,91,92,93,94,95,96,96,98,99,100,101,102,103,104,105,106,107,108,109,110,111,112,113,114,115,116,117,118,119,120,121,120,123,124,125,126,127,128,129,130,131,132,133,134,135,136,137,138,139,140,141,142,143,144,145,146,147,148,149,150,151,152,153,154,155,156,157,158,159,160,161,162,163,164,165,166,167,168,169,170,171,172,173,174,175,176,177,178,179,180,181,182,183,184,185,186,187,188,189,190,191,192,193,194,195,196,197,198,199,200,201,202,203,204,205,206,207,208,209,210,211,212,213,214,215,216,217,218,219,220,221,222,223,224,225,226,227,228,229,230,231,232,233,234,235,236,237,238,239,240,241,242,243,244,245,246,247,248,249,250,251,252,253,254,255,0,1,2,3,4,5,6,7,0,9,10,11,12,13,14,15,16,17,18,19,20,21,22,23,24,25,26,27,28,29,30,31,32,33,34,35,36,37,38,39,40,41,42,43,44,45,46,47,48,49,50,51,52,53,54,55,56,57,58,59,124,61,62,63,64,65,66,67,68,69,70,71,72,73,74,75,76,77,78,79,80,81,82,83,84,85,86,87,88,89,90,91,92,93,94,95,96,97,98,99,100,101,102,103,104,105,106,107,108,109,110,111,112,113,114,115,116,117,118,119,120,121,122,123,124,125,126,127,128,129,130,131,132,133,134,135,136,137,138,139,140,141,142,143,144,145,146,147,148,149,150,151,152,153,154,155,156,157,158,159,160,161,162,163,164,165,166,167,168,169,170,171,172,173,174,175,176,177,178,179,180,181,182,183,184,185,186,187,188,189,190,191,192,193,194,193,196,197,198,199,200,201,202,203,204,205,206,207,208,209,210,211,244,215,214,215,216,217,218,219,220,221,222,223,224,225,226,227,228,229,230,231,232,233,234,235,236,237,238,239,240,241,242,243,244,245,246,247,248,249,250,251,252,253,254,255,0,1,2,3,4,5,6,7,8,9,10,11,12,13,14,15,16,17,18,19,20,21,22,23,24,25,26,25,28,29,30,31]
CFO=7205.284660800849,STO=7
EsN0dB=13.56,GRXdB=40,N0=0.0002511886414140463
packet_number=46,correct=False,payload=[0,3,2,3,12,1,4,7,0,9,0,31,28,15,14,15,16,49,16,23,44,5,22,7,24,27,60,50,28,29,62,31,0,32,38,39,36,78,46,111,0,41,122,107,12,127,46,47,240,52,114,55,164,127,62,118,48,121,58,127,120,63,126,63,128,65,192,71,64,1,78,71,192,89,8,223,92,27,76,223,112,209,66,83,112,244,254,223,240,113,88,211,252,223,222,254,96,67,66,71,228,199,102,111,248,121,90,255,76,237,94,239,96,98,240,114,244,107,102,119,120,249,248,251,120,253,254,127,128,1,2,131,13,137,142,7,137,139,11,135,141,143,15,159,48,17,178,147,28,55,54,15,24,57,188,31,156,189,190,191,33,163,39,231,224,37,140,103,144,239,161,83,12,13,47,31,225,97,242,179,176,237,100,55,56,185,122,191,185,63,124,255,192,193,198,195,64,207,134,135,137,217,140,207,157,221,206,143,209,147,209,227,208,237,246,215,241,219,187,251,157,251,255,223,225,195,226,227,228,237,239,231,192,235,233,199,236,239,236,255,240,227,227,243,244,247,245,231,249,251,250,247,252,253,254,255,0,2,6,3,4,9,4,7,24,3,10,15,12,15,28,30,32,51,2,19,32,41,20,63,48,56,48,63,28,56,28,31,32,65,98,97,72,1,102,39,56,121,66,59,56,72,126,46,49,35,116,34,44,121,118,119,56,48,122,126,60,57,126,127,64,193,198,199,12,135,206,79,8,200,134,19,8,152,78,143,192,163,240,114,188,49,189,87,184,123,208,115,216,125,62,190,96,96,70,70,196,225,70,238,232,97,254,223,200,236,78,239,240,96,114,243,228,125,116,127,112,122,254,250,248,255,126,127,0,65,3,135,12,133,133,135,152,19,8,155,141,31,143,15,48,131,167,39,29,63,46,191,152,153,62,155,28,157,159,191,64,33,199,199,141,99,46,103,240,137,44,163,153,187,236,63,224,227,228,167,232,255,246,103,241,243,48,59,61,189,255,255,193,195,194,195,193,135,199,135,136,203,206,219,156,203,159,223,160,131,177,247,184,187,165,255,216,209,245,187,188,255,159,223,225,227,228,195,236,205,230,199,249,219,255,227,205,201,223,255,240,225,240,231,224,253,246,239,248,251,251,251,248,253,254,254,0,0,2,7,12,13,6,7,16,8,10,10,12,30,12,31,16,25,34,3,16,23,4,23,24,48,16,27,60,62,28,62,96,98,68,34,32,79,100,39,24,106,126,43,72,78,44,127,32,48,48,35,60,59,102,102,48,113,60,123,56,121,62,62,193,3,70,70,196,136,134,71,144,200,206,11,204,157,206,15,176,193,48,231,204,153,20,30,208,24,146,122,220,121,190,255,96,224,196,66,204,200,198,78,200,242,194,99,92,111,76,238,96,242,224,99,252,224,238,110,248,123,120,123,248,123,252,127,128,137,4,135,9,137,143,7,9,17,153,147,137,27,30,143,33,33,6,179,184,137,143,183,145,27,30,179,157,155,60,191,32,35,229,99,197,133,76,167,225,209,159,59,184,45,62,95,97,227,113,231,248,167,191,55,177,243,125,179,61,185,125,191,197,129,129,227,201,135,143,199,152,219,210,159,141,205,159,159,176,163,179,215,201,183,223,223,177,147,209,255,184,191,222,191,224,193,197,231,237,199,237,239,216,251,212,247,253,255,220,223,224,243,226,243,245,241,229,239,240,241,255,255,252,253,254,254,0,0,6,6,12,9,4,15,0,26,28,30,24,25,12,30,16,50,70,6,24,11,36,14,24,58,22,55,28,62,28,63]
CFO=7580.350743830021,STO=7
EsN0dB=13.60,GRXdB=40,N0=0.0002511886414140463
packet_number=47,correct=False,payload=[0,1,2,2,4,5,6,6,8,1,24,11,12,9,14,15,16,3,2,3,20,23,54,23,24,25,28,59,28,29,28,31,96,33,2,39,4,37,38,39,40,41,42,63,44,45,44,47,48,49,50,51,48,117,62,54,56,57,50,59,60,61,60,127,64,65,66,67,4,65,14,71,72,81,74,75,72,79,78,95,80,81,98,83,116,85,94,31,88,89,90,83,88,93,94,127,224,65,96,98,100,101,102,103,232,73,106,107,236,108,126,111,240,113,114,99,116,101,118,119,112,121,120,123,121,125,126,127,128,128,2,135,132,129,142,143,152,137,138,139,140,141,158,143,144,145,178,147,148,147,149,151,152,57,154,155,156,157,158,191,160,161,162,35,172,165,167,103,136,137,234,171,44,237,174,175,176,177,50,51,180,181,182,183,248,185,186,251,252,249,190,255,192,193,198,195,196,197,198,199,192,201,218,203,204,205,207,207,208,209,195,243,132,209,198,215,216,153,187,219,216,221,220,223,224,225,226,227,229,229,230,231,248,225,234,251,236,237,237,223,240,241,242,243,244,245,254,247,248,241,251,243,253,255,254,255,0,0,2,6,4,1,6,7,8,9,26,11,12,13,14,15,16,16,2,3,20,20,30,23,24,57,26,59,28,31,30,31,32,33,34,35,0,45,38,39,72,57,74,11,12,45,46,47,96,49,98,35,60,61,54,55,56,57,58,63,56,59,126,63,64,1,0,11,68,76,78,79,216,75,72,75,8,141,78,14,80,80,82,215,84,85,102,87,24,89,90,58,28,93,30,127,96,97,194,71,68,101,230,231,72,105,106,107,108,253,110,126,112,113,118,243,252,117,118,126,248,121,122,118,124,125,126,127,129,129,130,131,132,135,142,7,136,137,154,155,140,141,142,15,148,145,146,179,148,29,30,143,24,155,27,155,152,191,60,159,161,195,160,163,141,173,166,167,8,43,169,167,172,45,172,239,176,177,55,179,244,241,54,183,248,185,50,187,188,191,189,63,192,129,195,199,196,197,198,135,200,219,202,203,205,201,220,223,240,129,210,243,212,221,212,247,216,145,218,243,220,155,220,223,224,227,227,227,237,229,206,239,232,201,232,227,237,237,238,239,240,241,243,243,237,245,246,255,240,249,250,251,252,255,254,255,0,1,2,7,4,5,4,7,24,8,14,11,8,28,30,15,16,17,22,19,52,31,22,55,16,49,58,27,28,57,28,31,32,97,36,39,36,47,38,38,96,41,42,43,120,43,46,47,48,33,50,115,48,60,118,119,56,121,62,59,60,60,62,63,64,192,66,67,68,69,70,70,72,73,74,78,12,76,206,15,208,19,114,55,100,1,86,214,216,89,90,90,92,93,190,223,96,227,98,67,68,111,102,103,104,89,222,123,108,105,126,111,224,241,240,243,244,101,116,119,120,248,120,123,124,125,126,127,0,129,128,131,132,129,14,135,152,25,142,159,140,153,140,143,144,177,146,163,36,135,30,159,152,153,151,155,28,153,158,159,160,193,34,163,164,135,111,167,232,137,234,227,44,171,206,47,224,177,178,243,188,181,174,255,177,177,248,51,60,63,188,191,129,193,194,195,205,207,206,199,200,217,202,203,205,205,207,207,209,209,211,151,252,211,182,215,208,217,248,255,220,249,190,223,224,193,226,231,224,237,206,239,233,233,192,195,236,207,254,239,240,241,242,231,244,253,229,255,241,249,250,251,252,255,255,255,0,1,4,3,4,13,4,15,0,25,12,18,12,30,30,15,16,1,6,19,4,21,54,86,16,17,28,27,28,61,30,63]
CFO=8416.432302856512,STO=1
EsN0dB=12.90,GRXdB=40,N0=0.0002511886414140463
packet_number=48,correct=False,payload=[0,1,6,3,4,5,6,7,8,9,10,11,12,13,142,15,16,17,18,19,20,21,22,23,24,25,26,27,28,29,30,31,32,33,34,35,36,37,38,39,32,41,42,43,44,45,46,47,48,48,50,51,52,53,54,55,56,57,58,51,60,61,62,63,64,65,66,67,68,68,70,71,72,73,74,75,76,77,78,79,80,81,82,83,84,85,87,23,88,89,90,75,92,93,94,95,96,97,98,99,100,101,102,103,104,105,98,235,108,109,110,111,112,113,114,115,116,117,118,119,120,121,122,123,126,125,126,127,128,129,130,131,132,133,134,131,136,201,138,139,140,141,142,143,144,145,146,147,148,149,150,151,152,153,250,155,156,157,158,159,128,161,170,131,160,165,166,167,168,169,170,171,172,173,174,175,176,177,242,147,180,181,182,183,184,185,186,187,188,189,190,191,192,193,194,195,196,197,198,199,200,201,202,203,204,205,206,207,208,209,210,211,212,213,214,215,216,217,218,219,220,221,222,223,224,225,226,226,228,229,230,231,232,233,234,235,236,237,234,239,240,241,242,243,252,245,246,247,248,249,250,251,252,253,254,255,0,1,2,3,4,5,6,7,8,9,10,11,12,13,14,15,16,25,18,19,20,21,22,23,24,25,26,27,28,29,30,23,32,33,34,35,36,39,38,39,40,41,42,43,44,45,46,47,48,48,50,51,52,53,54,55,56,57,56,59,60,61,62,63,64,65,66,67,68,69,70,71,72,73,74,75,76,77,206,79,80,81,82,83,80,85,82,87,88,89,90,91,92,93,94,95,96,97,98,99,100,69,98,103,104,105,106,107,108,109,238,111,112,113,114,115,116,117,118,119,120,120,122,127,124,125,126,127,128,129,130,131,132,133,134,135,136,136,138,139,140,141,142,143,144,145,146,147,148,149,150,151,152,153,154,155,156,157,158,159,160,161,162,163,164,165,166,167,168,169,170,163,172,173,172,175,176,177,178,179,180,181,182,183,184,185,186,187,188,189,190,191,192,193,202,195,196,197,198,199,200,201,202,203,204,205,206,207,208,209,210,83,212,213,214,215,216,217,218,203,220,221,222,223,224,225,226,227,228,229,230,231,232,233,234,107,236,237,238,239,240,241,242,243,244,245,247,247,248,249,250,251,236,253,254,247,0,1,2,3,4,5,6,7,8,9,10,11,12,13,14,15,16,17,18,19,20,21,22,23,24,25,26,27,28,29,30,31,32,1,34,35,36,37,38,39,40,41,42,43,44,45,46,47,48,49,50,51,52,53,54,55,56,57,58,59,60,61,190,63,64,65,66,67,68,69,70,71,72,73,74,67,76,79,78,79,80,81,82,83,84,85,86,87,88,89,90,91,92,77,94,95,96,97,98,99,100,101,102,103,104,105,106,107,108,109,110,111,112,113,114,115,116,117,118,119,120,121,122,123,60,125,126,127,128,129,130,131,132,133,134,135,136,137,138,139,140,141,142,143,144,145,146,147,148,149,150,23,152,153,154,155,156,157,158,159,160,161,162,163,164,165,166,167,168,169,170,139,172,173,174,175,176,177,178,179,180,181,182,151,184,185,186,187,188,189,190,191,192,193,194,195,192,197,198,199,200,201,202,203,204,205,206,207,208,209,210,211,212,213,214,215,216,217,218,219,220,221,222,223,224,225,226,227,228,229,230,231,224,233,234,235,236,237,238,239,240,241,242,243,244,245,246,231,232,121,250,251,252,253,254,255,0,1,66,3,4,5,6,7,8,9,10,11,12,13,14,15,144,17,18,19,20,21,22,19,24,25,26,27,28,29,30,31]
CFO=7847.243231560424,STO=6
EsN0dB=12.95,GRXdB=40,N0=0.0002511886414140463
packet_number=49,correct=False,payload=[0,1,2,2,68,5,6,7,8,9,10,3,12,13,30,15,48,17,22,19,20,4,20,158,24,25,26,59,28,60,30,27,32,97,32,99,44,5,38,46,104,57,62,11,44,45,46,46,48,33,50,115,60,61,118,119,56,57,58,59,60,61,62,127,64,65,66,195,68,69,70,71,200,73,74,75,76,93,76,79,64,113,34,83,84,7,84,87,88,91,218,219,220,93,94,254,224,96,98,99,100,71,100,103,104,233,98,107,108,109,110,111,112,241,114,115,116,117,246,118,120,249,122,123,124,121,94,127,129,129,130,131,132,129,134,135,136,137,138,139,28,141,143,159,144,147,19,131,20,149,23,159,184,153,154,159,156,29,158,159,160,161,162,163,160,165,135,167,168,41,234,171,140,173,46,47,160,177,50,179,181,183,182,183,58,177,179,187,253,189,190,191,193,193,194,195,196,197,198,135,136,203,202,195,205,207,206,207,208,209,209,147,212,213,214,215,216,251,218,222,220,221,222,255,192,225,194,230,196,231,230,231,225,233,194,235,236,237,205,239,240,241,226,243,244,229,246,247,177,241,242,251,252,253,252,255,0,1,2,3,4,9,6,6,8,9,26,11,12,13,12,15,16,17,18,19,20,21,22,23,56,17,26,19,24,29,30,31,32,35,2,7,36,4,38,103,40,33,42,51,44,47,44,47,48,33,50,51,52,51,54,55,56,57,58,58,56,61,62,63,136,1,66,199,68,196,198,79,72,73,78,79,92,143,14,79,80,1,82,83,84,105,118,87,88,25,218,123,92,221,94,95,96,193,98,99,68,101,108,103,96,105,110,75,120,109,94,110,112,113,98,115,240,117,244,119,120,249,114,123,124,126,126,127,128,129,130,131,132,133,134,143,136,131,142,147,12,13,142,143,144,179,130,163,172,145,158,151,152,177,154,155,156,153,158,191,128,161,162,35,160,165,166,167,40,169,234,131,168,237,238,175,176,49,178,179,48,181,182,167,176,57,250,179,186,61,254,191,192,193,195,199,192,197,142,199,216,193,202,159,140,221,206,207,208,209,210,215,144,213,214,215,216,217,222,219,220,221,222,223,224,225,230,227,228,229,228,231,232,233,194,207,236,249,238,239,240,241,224,243,244,229,246,247,248,249,250,251,232,253,252,255,0,1,2,6,4,1,6,7,8,25,26,27,12,15,14,15,16,17,18,2,20,21,62,23,24,25,26,27,28,29,30,63,32,32,34,39,100,37,46,46,8,57,34,42,44,30,46,47,48,113,48,34,40,53,118,62,56,121,56,63,60,57,62,63,128,64,70,67,72,197,196,199,8,65,26,91,76,89,78,14,16,80,80,86,76,117,222,199,88,209,82,127,220,156,94,126,64,98,64,98,100,101,100,70,104,105,202,74,76,125,78,111,112,241,114,115,244,245,126,119,112,241,122,119,120,124,126,127,136,129,130,135,132,133,14,135,137,137,139,3,12,141,142,15,144,145,146,147,132,149,134,159,152,153,27,155,156,157,158,159,128,161,162,163,32,237,134,231,136,43,170,171,184,175,158,191,176,177,178,179,164,187,183,183,249,251,122,187,188,253,253,255,128,129,194,131,192,197,199,199,152,137,202,207,205,207,205,159,209,209,180,211,212,209,246,247,216,209,218,219,252,219,220,223,224,193,98,227,229,229,228,239,248,251,234,195,200,237,238,255,241,113,242,243,244,253,244,255,249,249,251,251,252,255,254,255,0,3,2,0,4,7,14,15,16,11,10,15,28,9,14,14,48,19,18,19,20,23,20,15,56,49,24,59,28,29,30,30]
CFO=8818.305455421907,STO=0
EsN0dB=13.16,GRXdB=40,N0=0.0002511886414140463
packet_number=50,correct=False,payload=[0,1,1,3,4,4,6,7,136,0,138,11,4,13,12,15,16,1,2,19,4,151,2,19,24,24,14,27,30,29,15,31,0,1,2,35,36,21,182,7,32,56,153,59,36,47,191,47,48,57,48,51,52,21,54,55,184,56,56,59,60,60,62,31,0,65,66,65,68,69,198,67,8,77,67,67,108,77,14,111,80,17,82,19,22,84,86,23,24,93,27,9,220,93,30,95,96,97,226,35,96,101,114,39,104,105,98,99,108,109,102,103,120,112,112,51,116,117,114,115,124,121,61,123,252,61,127,63,128,65,195,131,128,1,134,195,200,192,138,139,140,14,143,143,208,145,144,147,144,132,134,155,152,152,26,27,156,30,158,223,176,160,178,163,224,165,166,39,168,233,218,163,188,173,166,175,176,49,242,179,152,177,190,191,156,189,184,155,156,157,159,223,192,193,194,195,196,197,230,195,200,77,234,203,198,77,206,199,192,209,210,211,212,212,211,247,220,216,217,219,220,93,222,95,224,225,226,99,224,100,230,231,232,248,234,107,236,109,238,127,240,241,240,113,244,246,246,119,248,248,250,251,252,253,254,255,128,1,0,3,68,4,6,7,8,9,10,3,4,13,14,15,0,17,19,19,148,0,30,23,24,25,24,27,28,13,14,31,48,1,34,35,4,33,162,19,32,40,34,43,12,45,174,47,16,49,50,51,180,61,22,55,60,57,186,61,60,61,14,63,64,1,2,3,4,5,70,71,72,65,195,77,100,101,78,15,64,81,218,83,84,86,214,87,88,72,10,27,126,94,94,127,112,112,98,97,36,96,102,103,44,33,234,105,108,109,110,103,112,113,50,113,116,49,118,127,56,56,56,57,60,127,124,127,128,129,130,131,132,135,198,135,136,140,134,139,140,77,142,207,128,129,146,145,148,197,158,223,156,137,154,11,156,157,222,159,160,161,162,1,128,167,166,135,168,41,168,163,164,237,174,175,176,209,178,179,180,176,190,191,188,184,154,187,188,189,156,159,192,225,194,195,196,197,194,227,192,201,226,75,206,79,198,207,208,208,208,83,222,212,214,223,216,217,218,235,220,220,222,223,96,97,226,227,228,229,226,243,232,105,238,243,252,237,238,239,240,241,242,243,240,125,247,247,248,249,250,123,252,253,254,127,128,1,33,3,4,4,6,7,8,9,8,11,14,5,14,15,16,17,18,3,20,5,150,7,136,25,152,9,28,13,14,31,32,32,34,35,36,1,38,39,40,41,10,43,36,45,7,47,48,17,50,49,52,49,54,55,56,61,58,57,190,61,62,63,64,65,64,67,0,7,70,71,8,105,74,75,68,109,78,15,80,65,82,67,80,101,94,83,88,89,90,27,76,93,30,127,112,97,226,35,100,101,102,39,104,105,58,107,108,47,110,55,112,121,120,115,116,117,119,51,120,125,250,59,252,125,126,63,128,129,130,131,134,133,131,135,136,137,138,203,140,133,143,143,144,145,210,19,16,148,150,147,152,153,138,159,156,29,158,143,176,33,162,163,132,165,150,131,232,169,170,171,172,188,174,175,176,176,178,179,176,245,182,155,184,185,186,187,188,188,190,191,192,193,226,195,196,195,198,67,200,201,202,207,204,205,206,207,240,209,210,83,116,197,207,199,216,217,204,91,220,221,207,223,224,225,226,227,228,101,230,231,224,97,226,107,236,229,238,231,240,241,242,251,244,245,242,243,248,249,250,251,252,253,254,255,64,1,2,1,132,5,134,7,8,9,14,11,12,7,143,15,16,17,18,19,22,21,22,23,24,25,26,27,28,29,30,31]
CFO=8648.309636079368,STO=5
EsN0dB=11.80,GRXdB=40,N0=0.0003162277571391314
packet_number=51,correct=False,payload=[0,1,2,3,4,5,6,7,8,9,10,11,12,13,14,15,16,17,18,19,20,21,22,23,24,25,26,27,28,29,30,31,32,33,34,35,36,37,38,39,40,33,42,43,44,45,46,15,48,49,50,51,52,53,54,55,56,57,58,59,60,61,62,63,64,65,66,67,68,69,78,71,72,73,74,75,76,77,78,79,80,81,66,83,84,85,86,87,88,89,90,91,92,93,94,95,96,97,98,99,100,101,102,103,104,105,106,107,108,109,110,111,112,113,114,115,116,117,118,119,120,121,122,123,124,125,126,127,128,129,130,131,132,133,134,135,136,137,138,139,140,137,142,143,144,153,146,147,148,149,150,151,152,153,154,155,156,157,158,31,160,161,162,163,164,165,166,167,168,169,170,171,172,173,174,175,176,49,178,179,180,181,180,183,184,185,184,187,188,189,186,191,192,193,194,195,196,197,198,199,200,201,202,203,204,205,206,207,208,209,210,211,212,213,212,215,216,217,218,219,220,221,222,223,224,225,226,227,228,229,230,231,232,233,234,235,236,237,238,239,240,241,242,243,244,245,246,247,248,249,122,251,252,253,254,255,0,1,2,3,4,5,6,7,8,9,2,11,12,13,14,15,16,17,18,19,20,21,22,23,56,25,26,27,28,29,30,31,32,33,34,35,36,53,38,167,40,41,42,43,44,45,46,47,48,49,50,51,52,53,55,55,56,57,58,59,60,61,62,63,64,65,66,66,68,69,70,71,72,73,78,75,76,77,94,79,80,81,82,83,84,85,86,87,88,25,90,91,92,85,94,93,96,97,98,107,100,229,102,103,104,105,106,107,108,109,110,111,112,113,114,115,116,117,118,119,120,249,122,123,124,125,126,127,128,129,130,131,132,133,134,135,136,137,138,139,140,141,140,143,144,145,146,147,148,149,150,151,24,153,154,155,156,157,158,159,160,161,162,163,164,165,166,167,168,169,170,171,172,173,174,175,176,177,178,179,180,181,182,183,184,185,186,187,188,189,190,191,192,65,194,195,196,197,198,199,200,201,202,203,76,205,206,207,208,209,210,211,212,213,214,215,216,217,218,155,220,221,222,223,224,225,226,227,228,229,230,231,232,233,234,235,236,237,238,239,240,241,242,243,244,245,246,247,248,249,250,251,252,253,254,255,0,1,2,3,4,5,6,7,8,9,10,11,12,13,14,15,80,17,18,19,20,21,22,23,24,25,26,27,28,29,30,31,32,33,34,35,36,37,38,39,40,41,42,43,44,45,46,47,48,49,50,51,52,53,54,55,56,57,58,59,60,61,62,63,64,65,66,67,68,69,70,71,72,201,74,75,76,77,78,79,80,81,82,83,84,85,84,87,24,91,90,83,124,93,94,95,96,97,34,227,100,96,102,231,104,105,74,107,108,236,110,111,112,113,114,115,116,117,118,119,120,121,122,123,124,125,126,127,128,129,2,131,132,133,134,135,152,137,138,138,142,141,140,143,16,149,146,147,148,133,150,151,152,153,154,155,156,157,158,159,160,161,162,163,164,165,132,167,168,169,170,171,188,173,174,191,176,177,178,179,180,181,182,167,184,185,186,251,188,189,190,191,192,193,194,195,196,197,198,199,192,201,202,203,204,205,206,207,208,209,210,211,212,209,214,151,216,217,218,219,220,221,222,223,224,225,224,227,228,229,230,231,232,233,234,235,236,237,238,239,240,241,242,243,228,245,246,247,250,249,250,123,252,253,254,255,0,1,2,3,4,5,6,7,8,9,10,11,12,13,10,15,16,17,16,19,20,21,18,23,24,25,26,27,28,29,30,31]
CFO=8124.3278793523,STO=1
EsN0dB=12.06,GRXdB=40,N0=0.0003162277571391314
packet_number=52,correct=False,payload=[0,1,2,3,4,4,6,37,8,9,2,11,12,13,14,15,16,0,18,19,20,21,22,23,24,9,26,27,28,29,14,31,32,33,2,35,0,32,39,7,40,41,40,43,44,41,46,46,16,49,50,51,52,37,54,23,28,25,58,59,60,61,46,63,64,65,64,65,4,69,70,67,72,105,202,75,12,77,78,79,80,81,66,83,80,85,214,23,88,89,90,95,92,92,127,95,96,113,226,99,4,100,102,39,232,104,104,123,228,45,110,127,112,113,114,123,116,117,118,119,60,125,123,123,124,125,126,127,128,129,194,137,132,133,134,135,136,136,138,11,132,141,143,207,144,145,146,147,152,223,134,19,156,157,154,155,156,156,158,159,160,225,163,35,164,165,166,167,136,105,170,171,172,173,174,175,176,177,146,179,180,149,183,179,184,61,184,187,188,189,190,191,192,193,194,195,196,197,198,71,200,201,202,75,236,207,207,207,208,217,218,211,212,221,210,215,216,216,218,219,220,221,222,223,224,225,226,227,224,231,231,231,232,233,234,107,236,237,234,111,240,241,240,113,116,245,246,183,248,249,251,251,252,253,254,255,0,1,2,1,4,5,6,7,8,9,10,11,12,13,134,15,16,1,2,19,20,21,22,23,24,25,10,27,28,28,30,31,32,33,34,35,100,37,54,39,60,41,43,43,44,13,46,47,48,49,50,51,52,53,55,55,60,56,58,59,60,61,62,63,64,65,66,67,68,71,70,3,8,73,78,67,76,77,78,79,80,81,202,83,84,125,86,87,104,81,90,219,92,93,94,95,96,97,98,99,100,101,110,39,104,105,104,107,46,125,110,43,112,113,114,115,116,117,118,127,120,124,94,59,124,123,62,127,128,129,194,131,132,132,134,135,136,137,138,139,140,133,142,143,144,209,146,147,150,145,150,19,152,153,154,27,156,157,158,159,160,161,160,161,164,164,166,167,168,137,171,171,172,173,142,175,176,177,178,147,148,29,182,151,184,153,186,187,188,189,190,159,192,192,194,227,196,197,198,199,200,201,202,203,206,237,198,205,208,209,210,211,212,213,214,215,216,217,219,219,220,221,222,223,224,240,226,226,228,229,230,231,228,237,234,227,238,237,238,239,240,241,246,243,244,244,246,119,248,249,250,249,252,125,254,255,0,1,130,3,4,37,6,7,8,9,10,3,12,13,14,14,16,17,18,3,12,21,22,23,24,25,26,155,28,29,30,31,34,33,34,35,36,37,38,39,40,40,58,43,44,45,174,47,48,49,51,51,52,53,18,55,56,57,58,59,60,61,62,63,64,97,67,67,64,37,70,71,72,9,74,75,76,76,206,77,16,81,50,67,84,85,214,85,88,89,218,91,92,93,94,95,224,113,114,83,100,97,102,103,104,105,106,123,108,109,110,111,48,113,114,115,116,117,118,119,120,113,120,121,117,125,126,127,128,129,130,3,132,133,134,131,136,201,134,9,12,13,142,207,144,145,146,147,148,221,146,149,152,153,154,155,156,157,143,159,160,161,162,163,164,165,166,167,168,169,170,171,164,237,174,175,176,177,178,179,180,177,182,179,184,189,186,187,188,189,158,191,192,65,194,227,228,199,198,199,204,201,202,203,204,205,206,219,208,213,210,211,212,213,222,215,216,217,218,219,222,237,222,223,224,225,226,227,228,229,230,231,232,233,234,235,236,105,238,239,240,241,242,242,244,245,246,247,248,249,250,251,248,253,254,255,0,1,2,3,4,5,2,71,8,9,10,11,4,13,14,47,16,17,26,19,20,17,6,23,24,17,24,27,28,29,30,31]
CFO=2933.9907637501406,STO=6
EsN0dB=-15.01,GRXdB=40,N0=0.0003162277571391314
packet_number=53,correct=False,payload=[101,208,222,246,215,168,241,9,186,118,82,114,199,102,161,145,72,141,17,209,57,22,102,133,125,156,234,229,143,199,109,208,233,113,124,233,246,12,93,102,200,241,2,12,240,88,5,207,135,202,108,147,215,231,32,155,246,37,163,110,8,174,110,214,78,146,168,100,199,76,196,113,129,107,93,231,176,4,226,211,46,183,171,184,186,234,219,34,3,203,153,228,252,112,151,190,173,70,42,70,90,101,104,2,186,229,205,14,232,245,248,253,121,196,146,131,99,126,255,159,66,169,144,255,66,189,82,227,170,125,175,253,181,88,63,91,74,255,76,28,233,194,63,221,215,106,3,211,101,102,5,222,9,7,230,155,93,16,139,8,155,122,153,164,43,30,84,216,181,144,244,27,36,71,72,122,18,145,20,225,178,234,49,166,98,255,132,156,165,142,206,26,185,224,192,168,146,129,79,107,204,246,213,190,175,92,61,147,223,232,224,222,184,39,165,225,63,231,36,12,96,191,44,180,111,97,87,52,71,64,20,87,104,178,180,140,53,45,216,34,248,110,31,205,180,214,54,44,45,191,221,233,57,25,207,180,104,236,129,1,57,217,107,139,11,47,200,44,14,13,73,219,113,46,136,77,91,119,217,36,171,50,38,91,91,114,243,79,213,224,86,174,183,234,161,200,174,171,15,16,235,69,73,56,35,45,73,86,128,130,109,94,67,238,250,80,109,20,226,210,41,29,239,181,191,89,175,26,157,11,242,207,91,86,66,54,162,91,167,140,120,184,30,8,76,249,112,35,195,77,221,21,59,210,83,0,253,116,227,20,234,189,63,12,139,48,220,170,157,214,169,201,85,33,196,237,156,183,200,190,167,37,112,64,96,70,11,119,24,2,235,59,255,224,115,219,225,23,137,179,182,53,88,81,227,127,153,170,96,7,218,115,13,211,161,12,164,201,226,161,30,67,114,89,250,49,216,36,151,65,191,134,206,6,102,13,10,148,15,228,201,92,153,148,163,88,249,72,192,121,96,7,132,79,108,144,182,126,251,179,5,138,54,173,142,108,114,113,39,78,117,7,60,15,18,125,195,5,180,208,66,20,102,64,73,111,87,236,171,203,165,86,194,34,231,71,237,45,199,224,23,202,181,131,81,60,227,246,58,189,18,255,113,123,64,111,121,206,165,42,4,165,218,187,123,158,205,253,227,72,147,40,34,241,128,121,196,135,81,208,34,36,85,84,32,95,14,224,98,187,2,247,175,223,105,114,45,0,174,168,105,186,13,140,115,200,32,109,218,252,65,43,73,162,170,219,96,201,102,129,252,21,170,42,6,76,136,150,247,40,178,192,188,107,140,216,16,47,133,196,47,86,111,144,98,42,102,157,5,36,200,97,207,43,236,92,243,29,68,42,126,225,41,235,173,177,231,108,92,119,176,142,222,69,17,252,14,139,152,148,110,200,228,6,62,130,94,43,62,62,70,61,173,142,54,221,191,245,156,197,20,68,152,120,248,103,37,173,54,23,218,186,60,102,51,245,60,99,39,178,160,110,152,234,228,39,73,126,47,126,119,157,111,140,230,90,86,124,180,133,186,170,5,210,5,193,13,92,81,144,87,250,183,179,91,205,186,222,190,4,177,144,108,251,229,27,87,69,68,10,252,186,10,171,107,174,25,212,67,207,185,38,178,92,228,204,87,18,71,56,7,163,85,9,99,138,193,9,108,20,32,197,228,12,57,6,154,156,239,255,17,177,120,165,89,0,143,75,90,123,125,177,143,25,222,71,10,83,51,169,96,39,1,150,85,6,99,180,215,126]
CFO=7121.3411615827,STO=2
EsN0dB=12.21,GRXdB=40,N0=0.0003162277571391314
packet_number=54,correct=False,payload=[0,1,2,3,4,133,6,7,8,9,10,11,12,13,14,15,16,17,18,19,20,21,22,23,24,25,26,27,28,29,30,31,32,33,34,35,36,37,38,39,40,41,42,171,44,45,46,111,176,49,50,51,52,117,54,55,56,57,58,59,60,61,62,63,64,65,70,67,68,69,70,71,72,73,74,75,76,77,78,79,80,81,82,83,84,85,86,87,88,89,90,89,92,93,94,95,96,97,98,99,100,101,102,103,104,105,104,107,108,109,110,111,113,241,114,115,116,117,118,119,120,121,122,123,124,125,126,127,128,129,130,131,132,133,134,135,136,137,138,139,140,141,142,143,144,145,146,147,148,149,150,151,152,153,218,187,156,157,158,159,160,161,162,163,164,165,182,167,168,169,170,171,172,173,174,175,176,177,178,179,180,181,182,183,184,185,186,187,188,189,190,191,200,193,194,195,196,197,198,215,200,201,202,203,204,205,206,207,144,209,210,211,212,213,214,215,216,217,218,219,220,221,222,223,224,225,230,227,228,229,230,231,232,233,234,235,236,237,238,239,240,241,242,243,244,245,246,247,248,251,250,251,252,253,254,255,0,1,2,3,4,21,6,7,8,9,10,27,12,13,14,15,16,17,18,19,20,21,22,23,24,25,26,27,28,29,30,31,32,33,34,35,36,5,38,39,40,41,42,43,44,45,46,47,48,49,50,51,52,53,54,55,56,57,58,59,60,61,62,63,64,97,66,67,68,69,70,71,72,73,74,75,76,77,78,79,80,81,82,83,84,85,118,87,80,89,90,91,92,93,94,95,224,97,98,99,100,101,102,103,120,105,106,107,108,109,110,111,112,113,118,115,116,117,118,119,121,125,122,123,124,125,126,127,160,129,130,131,132,133,134,135,136,137,138,139,140,141,142,143,144,17,146,147,148,149,150,151,152,153,154,155,156,157,158,159,160,161,162,163,164,165,166,167,168,169,170,171,172,173,190,175,176,177,178,179,180,181,182,183,184,185,186,187,252,189,190,191,192,193,194,195,196,197,198,199,200,217,202,203,204,77,206,207,208,209,210,211,212,213,214,215,216,217,218,219,220,221,222,223,224,225,226,227,228,229,230,231,232,233,234,235,236,237,238,239,240,241,242,243,244,245,246,247,248,249,250,251,252,253,222,255,0,1,2,3,4,5,6,7,8,9,10,11,12,13,14,15,16,17,18,19,20,21,22,23,24,17,26,27,28,29,30,31,32,33,34,35,36,37,38,39,40,41,42,43,44,45,46,47,48,49,50,19,54,53,54,55,56,57,58,59,60,61,62,63,64,65,66,67,68,69,70,71,72,73,74,75,76,77,94,79,80,81,82,83,84,85,86,87,88,89,90,91,92,93,94,95,96,97,98,99,100,101,102,103,104,105,106,107,109,109,110,111,112,113,114,115,116,117,118,119,120,113,122,123,124,125,126,125,128,129,130,131,132,133,134,135,136,137,138,139,140,141,174,143,144,145,146,147,148,149,150,151,152,153,154,155,152,157,158,159,160,161,162,163,164,133,166,167,168,169,170,171,172,173,174,175,176,177,178,179,180,181,182,183,184,185,186,187,188,189,190,191,192,209,194,195,196,197,198,199,200,201,202,203,204,205,206,207,208,209,210,211,220,213,214,215,216,217,218,219,220,221,222,223,224,225,162,227,228,229,230,231,232,233,234,235,236,237,238,239,240,241,242,243,244,245,244,247,248,249,250,251,252,253,254,255,0,1,2,3,4,5,6,7,8,9,10,11,12,13,10,15,16,17,18,19,20,21,22,23,24,25,26,27,28,29,30,95]
CFO=7862.051461135965,STO=2
EsN0dB=12.15,GRXdB=40,N0=0.0003162277571391314
packet_number=55,correct=False,payload=[0,1,2,3,4,5,6,7,8,9,10,11,12,13,14,15,16,17,16,19,20,21,22,23,8,25,26,27,28,29,30,31,32,33,34,35,36,37,38,39,40,41,42,43,44,45,46,47,48,49,50,51,52,53,54,55,56,57,58,59,60,61,62,63,64,65,66,67,68,69,70,71,72,73,74,75,92,205,78,79,208,81,82,83,84,85,86,87,88,89,90,91,92,93,94,95,96,97,98,99,100,101,102,103,104,105,106,107,108,109,110,111,112,113,114,115,116,101,118,119,120,121,122,123,124,125,126,127,128,129,130,131,132,133,134,135,138,137,138,139,140,141,14,143,144,145,146,147,148,149,150,151,152,153,154,155,156,157,158,159,160,161,162,163,164,165,166,167,168,169,170,171,172,165,174,175,176,177,146,179,180,181,182,183,184,185,186,187,190,189,190,191,192,193,194,195,196,196,198,199,200,201,203,203,204,221,206,207,208,209,210,211,214,213,214,215,216,217,218,219,220,221,222,223,224,225,194,227,228,229,230,231,232,233,234,235,236,237,238,239,240,241,242,227,244,245,246,247,248,249,250,251,252,253,254,255,0,1,2,3,4,5,6,7,8,9,10,11,12,13,14,143,16,17,26,19,4,21,22,23,24,153,26,27,28,29,30,31,32,33,34,35,36,37,38,39,40,41,42,43,44,45,46,47,48,49,50,35,52,53,54,55,56,57,58,59,60,61,62,63,64,65,66,67,68,69,70,71,72,73,74,75,76,77,78,75,80,81,82,83,84,85,86,87,88,89,26,89,92,93,94,95,96,107,98,99,228,101,38,103,104,104,106,107,108,237,110,111,112,112,114,115,116,117,118,103,120,113,122,123,124,125,126,95,128,129,130,135,132,133,134,135,136,9,138,139,140,141,142,143,144,145,146,147,148,149,150,151,152,153,154,155,158,141,158,159,160,161,162,163,164,165,166,167,168,169,170,171,172,173,174,239,176,177,178,179,180,181,182,183,184,185,58,187,188,189,190,191,192,193,194,195,196,197,198,199,200,201,234,203,204,205,206,207,208,209,210,211,213,213,214,215,216,217,218,219,220,221,222,223,224,225,226,227,236,229,230,231,232,249,234,227,237,237,238,239,240,241,242,243,244,245,254,215,248,249,250,251,252,253,254,255,1,1,2,3,4,5,6,7,9,9,74,11,12,13,14,15,16,17,18,19,20,21,22,23,24,25,26,27,28,29,30,31,32,33,34,35,36,37,38,39,40,41,42,43,44,45,46,47,48,49,50,51,52,53,54,55,56,57,58,59,60,61,62,55,64,65,66,67,68,69,70,71,72,73,74,75,76,77,14,79,84,81,82,83,84,85,86,87,88,89,90,91,92,93,94,95,96,97,98,99,100,101,102,103,104,105,106,107,108,109,110,111,112,241,114,115,116,117,118,119,120,121,122,123,124,125,126,127,128,129,130,131,4,133,134,135,136,137,138,139,140,141,142,143,144,145,18,147,148,149,150,151,152,153,154,155,148,157,158,159,160,161,162,163,160,165,166,167,168,169,170,171,172,173,174,175,176,177,178,179,180,181,182,183,184,185,250,187,188,189,190,191,192,193,194,195,196,197,198,199,200,201,202,203,204,205,206,207,208,209,210,211,212,213,214,215,216,217,218,219,220,221,222,223,224,225,98,227,228,229,230,231,232,233,234,235,236,253,238,239,240,241,242,243,244,245,246,247,248,249,250,251,252,253,254,127,0,1,2,3,4,5,6,7,8,9,10,11,12,13,14,15,16,17,18,19,20,21,22,23,24,25,26,27,28,29,30,31]
CFO=8309.648935645057,STO=5
EsN0dB=12.14,GRXdB=40,N0=0.0003162277571391314
packet_number=56,correct=False,payload=[0,1,2,3,4,5,6,39,8,1,10,11,12,13,14,15,16,17,18,19,20,20,20,23,24,25,26,27,28,29,30,95,32,33,42,35,36,37,38,39,40,41,42,43,45,45,38,47,48,49,50,115,52,37,54,55,56,49,186,59,60,61,62,63,64,65,70,67,68,69,70,71,72,73,74,75,76,76,78,79,80,17,82,83,84,85,86,87,88,89,94,91,92,93,94,127,96,97,98,99,108,101,102,103,104,104,106,107,108,77,110,111,112,113,114,115,116,117,118,119,112,121,122,123,124,125,126,127,128,129,130,131,132,133,134,135,128,137,138,139,140,141,142,143,144,17,18,147,180,145,150,151,152,185,154,155,152,149,30,159,160,185,162,163,164,165,166,167,168,169,170,163,172,173,190,175,176,177,178,179,180,181,182,183,184,185,186,187,188,185,190,191,192,193,66,195,196,197,198,203,200,201,202,203,204,205,206,207,208,209,210,211,212,213,214,215,216,217,218,219,220,221,254,223,224,225,226,227,228,229,230,199,232,225,234,235,204,237,238,239,240,97,242,243,244,245,246,247,248,249,248,251,252,253,254,255,0,1,2,3,4,5,6,7,8,9,10,11,12,9,14,15,16,17,18,19,20,53,22,23,24,25,26,27,28,29,30,31,32,33,34,33,36,37,38,39,40,41,42,47,44,173,62,175,16,49,50,51,52,53,54,55,56,57,58,59,60,61,62,63,64,193,2,67,68,69,70,71,72,73,74,75,76,77,78,15,80,81,86,83,84,21,86,87,80,89,90,95,92,93,94,95,96,97,98,99,100,101,102,103,104,105,106,123,124,77,110,111,112,113,114,115,116,85,246,119,120,113,122,123,124,125,126,127,128,129,130,131,132,129,134,135,136,137,138,139,140,141,142,143,144,145,144,147,148,149,150,151,152,153,154,155,156,157,158,159,160,161,162,163,164,165,134,167,169,185,170,235,172,173,174,175,176,177,243,179,180,181,182,183,184,185,186,187,188,189,190,191,192,195,194,195,132,197,206,199,200,201,206,203,204,205,206,207,192,209,242,211,212,213,22,215,216,217,222,219,220,221,254,153,224,225,226,227,228,225,198,231,232,233,234,235,236,205,238,239,224,241,240,243,244,247,230,247,248,249,250,251,252,253,254,255,0,0,2,3,4,5,6,7,8,9,10,11,12,13,14,15,16,17,18,19,20,21,22,23,24,25,26,27,28,25,30,31,40,33,34,35,36,37,38,39,40,41,42,43,44,45,46,47,48,49,54,51,52,49,62,54,56,56,58,59,60,60,62,63,0,65,66,67,68,5,70,71,72,73,74,75,76,73,78,79,80,81,82,115,84,85,70,87,88,91,90,91,92,93,94,223,96,97,98,99,100,97,102,103,104,233,106,107,108,109,110,111,96,113,114,115,116,117,118,118,120,121,114,123,124,125,94,127,129,129,130,131,132,133,134,135,136,137,142,203,140,141,142,143,0,145,146,19,132,133,166,147,152,153,154,155,28,157,158,159,32,161,162,163,160,165,166,163,168,41,170,171,172,173,174,175,176,179,178,179,180,181,180,183,184,185,186,187,188,189,190,255,192,193,192,195,196,197,198,199,200,137,202,139,204,141,206,207,208,241,210,211,212,213,214,215,216,217,218,219,220,221,222,223,160,225,226,227,228,229,230,231,232,233,234,251,236,237,238,207,240,241,242,243,244,229,246,247,249,249,250,251,252,253,252,255,0,1,2,3,4,5,6,7,72,9,10,11,12,15,14,31,16,17,18,18,20,21,22,23,24,25,26,19,28,29,30,31]
CFO=7061.028219618026,STO=1
EsN0dB=-14.53,GRXdB=40,N0=0.0003162277571391314
packet_number=57,correct=False,payload=[253,151,174,218,60,110,249,73,244,73,7,209,99,127,225,79,180,130,46,106,110,47,33,228,1,70,167,63,187,31,1,234,237,41,41,7,127,214,73,199,205,29,163,41,49,78,189,87,144,65,244,80,103,205,242,27,151,91,36,150,28,163,33,226,223,30,223,7,120,80,83,80,229,129,1,164,108,55,57,198,224,106,123,147,145,185,200,167,86,89,228,139,243,49,115,227,179,130,39,74,153,230,3,54,103,82,17,42,10,189,124,141,209,77,92,71,54,74,171,0,109,85,28,191,207,8,128,40,26,138,159,159,182,63,145,81,47,71,192,201,29,163,159,159,151,60,223,117,244,106,19,88,196,152,227,42,39,219,8,141,26,139,182,131,146,219,58,239,146,230,179,134,65,39,196,130,61,69,126,129,227,141,12,187,6,55,208,247,167,170,1,233,34,192,82,71,163,236,223,70,72,128,194,52,175,165,222,185,239,162,4,215,17,186,197,196,253,166,92,22,211,34,1,19,173,176,1,2,50,91,42,130,228,168,108,191,253,116,180,62,153,104,134,105,106,74,147,227,83,236,146,204,17,215,38,39,247,56,128,177,211,244,116,231,66,250,138,69,88,14,41,205,89,114,211,36,218,135,6,242,171,64,146,162,188,94,30,214,201,51,128,0,116,91,107,120,43,15,123,206,36,97,56,118,157,146,129,86,101,51,21,79,164,206,203,34,96,161,106,222,166,149,183,48,17,229,132,208,91,74,180,3,39,239,93,102,40,92,250,105,202,71,99,59,32,34,173,255,120,209,47,127,210,197,123,220,182,119,95,124,85,41,247,115,60,44,34,79,178,154,99,206,40,34,20,78,58,43,202,105,139,223,221,194,155,222,55,223,36,137,103,69,35,22,201,189,55,20,253,27,254,254,19,4,64,230,142,149,181,143,244,194,18,126,222,239,119,219,154,89,14,155,204,121,49,44,120,49,196,79,4,100,116,201,180,164,175,72,182,74,134,179,121,75,27,145,112,75,45,62,150,48,5,37,40,133,143,228,104,177,150,1,164,132,76,205,251,5,89,26,73,57,191,178,167,50,7,25,104,47,193,202,233,73,55,53,35,168,146,218,57,108,218,77,4,29,78,191,36,209,226,132,41,147,194,255,178,166,190,154,228,45,181,194,101,37,215,109,232,15,97,91,113,245,64,253,146,235,171,9,89,251,245,55,143,175,139,36,112,110,67,124,226,91,27,238,2,180,251,14,81,72,103,66,5,106,69,215,23,25,249,240,178,164,130,86,157,136,174,20,155,130,105,194,50,168,112,182,117,176,134,220,169,194,121,99,171,216,51,173,93,140,61,196,24,197,203,229,200,3,83,138,99,253,208,250,20,53,73,230,137,198,160,222,48,108,33,186,220,13,249,142,216,94,89,178,26,153,116,75,116,25,148,30,24,40,246,241,44,222,45,59,247,7,92,225,32,206,7,203,82,239,249,43,215,30,36,78,26,100,28,81,186,71,100,243,147,165,73,188,62,43,168,86,68,178,211,197,195,190,123,75,232,102,11,11,99,159,178,236,222,82,245,164,241,196,136,119,7,18,239,230,0,67,198,34,0,14,129,245,175,43,51,74,61,124,38,142,109,109,208,158,191,248,55,184,230,242,32,9,149,27,10,136,103,125,126,210,121,51,188,119,81,254,30,12,8,244,32,231,157,224,84,68,97,52,105,214,160,24,220,130,135,237,184,85,31,184,97,56,42,68,98,128,19,48,186,253,128,62,183,131,98,57,122,171,108,171,234,213,8,64,36,233,40,119,156,238,165,172]
CFO=8859.640432186485,STO=6
EsN0dB=12.20,GRXdB=40,N0=0.0003162277571391314
packet_number=58,correct=False,payload=[0,1,2,3,4,4,6,4,8,11,10,11,12,13,14,15,16,19,18,19,20,21,22,23,16,24,26,27,28,29,30,31,32,33,34,35,36,37,38,39,40,41,42,42,40,45,46,47,48,49,50,51,48,52,54,55,56,56,58,59,60,61,62,63,64,65,64,67,68,69,70,71,72,73,74,75,76,77,78,15,80,113,82,83,92,87,86,86,88,89,90,83,92,93,94,93,96,96,98,99,100,101,102,103,96,104,74,107,232,77,110,239,48,113,114,115,116,117,118,127,112,121,122,123,120,125,126,127,128,129,130,131,132,133,134,135,136,137,138,139,140,143,142,143,144,145,146,147,148,149,150,151,152,153,154,155,152,157,158,159,160,161,162,131,164,225,167,163,168,169,170,171,172,173,174,167,176,177,178,163,180,165,182,55,184,177,186,187,188,189,190,191,193,193,194,195,196,197,198,199,192,201,202,203,204,221,206,207,208,209,210,211,212,213,214,215,152,217,152,219,220,221,222,223,224,225,226,227,236,197,230,231,232,233,234,235,236,236,238,239,240,241,242,243,244,245,246,247,248,249,248,251,248,253,254,255,0,1,2,3,4,5,6,6,8,9,10,11,8,8,14,15,16,1,18,19,20,21,22,23,24,25,26,27,28,29,30,31,32,99,34,39,36,37,38,39,40,33,42,43,44,45,46,47,48,48,50,35,52,53,54,55,24,57,58,59,60,61,62,63,96,64,66,67,70,68,70,15,76,73,74,75,68,77,78,79,80,81,82,83,52,85,94,215,88,88,90,91,92,125,94,31,96,97,98,99,100,101,102,198,96,97,106,107,108,108,110,111,112,113,98,67,116,117,118,119,120,120,122,251,116,125,126,127,128,1,130,131,132,133,134,135,136,137,128,137,140,141,142,143,16,145,146,147,180,157,150,135,144,153,154,155,156,157,158,191,160,129,162,163,165,165,166,135,168,169,170,171,45,141,174,159,176,177,178,179,180,229,166,183,184,185,186,187,188,189,254,191,192,129,194,131,196,197,198,199,200,201,202,203,140,201,206,207,208,209,194,193,84,213,150,213,248,217,218,219,216,221,222,223,224,225,226,227,204,229,230,231,233,233,234,203,236,205,238,239,240,241,226,243,228,245,246,231,248,249,242,251,252,253,222,255,0,1,2,3,4,5,6,7,8,8,10,3,12,13,30,14,16,49,18,51,20,21,22,23,24,25,26,27,28,29,30,31,0,33,2,34,36,37,38,39,40,106,42,43,44,45,30,15,48,33,50,51,52,53,54,55,48,57,50,59,60,189,62,62,64,65,66,67,68,69,70,7,72,64,74,74,76,77,78,79,80,80,82,83,84,81,86,70,24,89,90,91,92,93,95,94,96,97,98,99,108,101,102,231,104,72,98,106,108,109,110,79,112,113,114,115,116,117,118,119,248,105,122,123,124,125,126,127,128,129,2,135,128,133,132,135,128,137,154,139,140,13,142,143,144,177,146,147,149,149,148,151,144,153,154,147,156,157,158,159,128,163,34,163,132,165,166,166,168,161,234,131,173,141,174,175,160,177,162,179,180,165,182,182,184,185,186,187,188,189,190,191,192,193,194,131,196,133,198,199,200,201,202,203,204,203,206,207,208,209,210,211,212,215,214,151,216,249,218,155,220,221,222,159,224,193,226,199,100,229,230,199,200,233,234,195,236,237,236,255,240,241,242,243,236,245,246,247,248,249,250,251,253,255,254,255,0,1,2,3,4,5,6,7,8,9,10,10,12,8,14,15,16,17,2,19,20,17,22,22,16,25,26,27,28,28,30,31]
CFO=8032.354638991155,STO=6
EsN0dB=12.11,GRXdB=40,N0=0.0003162277571391314
packet_number=59,correct=False,payload=[0,1,2,3,12,13,6,7,8,9,26,11,12,13,14,14,48,17,2,19,20,21,22,31,24,25,58,27,28,29,30,31,32,33,34,35,36,5,38,39,40,105,8,43,104,44,46,47,48,48,51,50,52,53,54,55,56,57,58,59,60,61,62,63,64,65,66,67,68,69,70,71,72,73,74,67,204,221,78,15,80,81,82,83,85,85,84,71,216,153,26,91,92,125,94,95,96,97,98,99,100,101,102,110,104,105,106,107,108,109,110,125,112,113,114,115,116,117,118,55,120,120,126,123,124,125,126,127,128,129,130,131,132,133,134,135,136,137,74,139,140,141,142,143,145,177,146,147,20,23,150,159,152,17,186,147,156,157,158,159,161,161,162,167,164,165,164,39,160,57,170,171,172,173,175,255,176,177,179,179,180,165,182,167,120,187,184,171,60,189,190,191,128,193,194,195,196,197,198,199,200,203,202,195,205,205,223,207,208,209,194,211,208,213,214,215,216,217,218,219,156,221,222,223,225,225,230,227,228,229,239,231,232,233,234,235,236,237,238,239,240,225,241,179,244,245,246,231,248,249,250,251,252,253,254,255,0,1,2,3,0,5,6,7,8,9,10,11,8,13,14,15,16,17,18,19,20,21,54,23,24,27,24,27,28,29,30,30,32,33,34,35,4,4,38,47,56,41,42,43,44,45,46,46,48,17,50,51,52,53,54,119,56,57,58,59,60,61,62,63,64,65,66,99,68,69,70,71,72,9,72,75,76,77,78,78,80,81,82,82,84,85,86,87,216,91,26,91,88,93,95,31,192,97,98,99,100,101,102,71,224,107,234,107,108,105,110,111,112,113,114,98,116,117,126,119,120,248,250,123,124,124,126,127,128,129,128,131,132,133,134,135,136,137,136,139,156,141,158,143,144,17,147,147,148,145,150,151,25,25,138,155,157,157,158,159,32,161,162,163,164,165,167,103,168,171,170,235,173,45,142,175,176,179,162,227,52,183,36,247,56,249,250,251,188,189,190,191,192,193,194,194,196,199,198,199,216,201,202,195,140,205,140,207,208,209,210,211,204,221,246,215,152,185,218,219,220,157,222,223,224,225,226,227,232,229,228,231,224,201,238,219,252,253,238,239,240,241,240,243,236,245,255,255,248,249,250,251,252,253,254,255,0,1,2,3,4,5,4,7,8,9,14,15,12,13,14,15,0,3,18,23,20,20,6,23,24,25,26,63,28,28,30,31,32,35,34,34,40,37,38,39,40,41,42,10,44,45,46,47,112,49,50,51,52,53,54,55,56,121,58,59,60,125,62,63,64,65,66,67,68,67,198,71,136,73,72,11,76,29,78,77,24,83,50,83,20,84,94,87,88,89,90,91,92,92,94,63,96,97,98,98,100,101,102,103,104,105,106,106,108,252,104,207,112,243,114,99,124,117,100,119,56,121,120,122,124,124,126,127,128,129,130,135,132,133,135,135,136,137,142,139,137,141,14,143,144,145,146,19,148,147,150,183,152,185,26,187,153,157,30,159,160,163,162,163,132,37,166,175,160,169,171,155,172,165,254,191,176,177,178,243,180,189,180,229,184,185,186,179,176,185,252,191,192,193,131,231,196,205,207,199,200,201,217,219,204,205,206,207,208,145,82,195,212,197,255,159,240,249,218,219,220,223,220,223,225,225,226,227,196,229,228,239,232,225,254,227,236,237,255,239,242,241,240,243,244,247,230,231,248,249,250,251,252,253,254,255,0,1,2,3,4,9,6,7,8,9,10,3,13,12,14,14,16,17,2,18,20,29,54,55,24,25,26,27,28,29,30,31]
CFO=8001.7677237954995,STO=6
EsN0dB=12.23,GRXdB=40,N0=0.0003162277571391314
packet_number=60,correct=False,payload=[0,1,2,3,4,1,6,7,8,9,10,11,12,13,14,15,16,17,18,23,20,21,6,23,24,25,26,27,28,29,30,63,32,33,34,35,36,37,38,39,32,41,42,43,44,45,46,47,48,49,50,51,52,53,50,55,56,57,58,59,60,61,62,63,64,64,66,67,68,69,70,71,72,73,74,75,12,77,78,79,80,81,82,211,84,85,70,7,88,89,90,91,92,93,94,95,96,96,98,99,100,101,102,103,104,105,106,107,108,111,110,111,112,117,114,115,116,117,118,119,120,121,122,123,116,125,126,127,128,129,131,3,132,133,134,135,136,137,138,143,140,141,142,143,144,145,146,147,148,149,151,151,152,153,154,155,156,189,158,159,160,161,162,163,128,165,166,167,168,171,170,187,173,173,174,175,176,179,178,179,180,181,182,183,184,185,186,187,188,189,190,191,192,193,194,195,196,197,198,199,200,193,202,203,204,205,206,207,208,145,210,211,213,213,214,215,216,217,218,215,216,221,158,223,224,225,226,227,196,229,230,231,233,233,170,235,236,237,238,239,240,225,246,243,244,245,246,247,248,249,250,251,252,253,255,255,2,1,2,3,4,5,6,7,8,11,10,11,12,29,14,14,16,17,22,19,20,21,6,23,24,25,26,27,28,29,30,31,32,33,2,35,36,37,38,39,32,41,42,43,12,45,46,47,48,49,50,115,52,53,50,55,120,57,122,59,60,57,62,63,64,65,66,67,68,65,70,71,72,9,74,75,76,77,14,79,80,81,82,115,80,85,86,87,88,89,90,91,92,93,92,95,96,97,98,99,100,101,102,103,104,105,106,107,108,109,110,111,112,113,114,115,116,117,118,119,120,121,58,123,124,125,124,127,128,129,130,131,4,133,6,135,136,137,138,137,140,141,142,139,145,145,146,147,148,149,150,151,152,153,154,147,156,157,158,159,160,161,162,163,164,165,164,167,168,169,170,171,140,237,174,175,48,177,178,179,52,181,178,183,184,184,186,187,188,189,190,191,192,193,194,193,196,197,196,199,200,201,202,203,204,200,206,207,208,209,242,211,212,213,214,215,216,217,218,219,252,221,222,223,224,225,227,195,224,229,230,231,232,233,234,235,236,237,238,239,240,241,242,243,228,245,246,247,184,249,250,251,120,253,254,255,16,1,2,3,4,5,6,7,8,8,8,75,12,13,14,15,17,25,18,23,20,21,22,22,24,25,26,31,28,29,30,31,32,33,38,35,36,37,38,39,40,41,42,43,44,44,46,47,48,57,50,55,52,53,54,55,120,185,58,59,60,61,62,63,64,64,66,195,68,69,70,71,88,73,74,75,76,77,78,79,80,83,208,83,84,21,86,87,88,93,90,91,92,92,94,95,96,65,98,99,100,101,98,103,232,105,106,111,108,109,110,111,112,113,114,115,116,117,118,119,120,121,122,122,120,125,126,127,128,129,131,131,132,131,132,135,136,137,138,139,140,141,142,143,144,147,160,147,148,149,150,23,153,25,154,155,156,157,156,159,160,161,162,163,164,165,166,167,168,169,170,171,172,45,174,167,32,177,178,179,52,181,166,183,176,177,242,187,188,61,254,191,192,195,194,195,196,197,198,199,200,193,202,219,204,205,206,207,192,209,210,211,212,213,214,247,216,217,216,251,220,221,222,223,224,225,226,195,230,229,230,231,200,233,72,235,236,237,238,239,240,241,242,243,244,245,246,247,248,249,250,251,252,253,254,247,0,9,2,3,4,5,6,7,8,9,10,11,4,13,14,15,0,1,18,19,20,21,4,23,24,25,50,27,28,29,30,31]
CFO=7094.206812148747,STO=7
EsN0dB=12.25,GRXdB=40,N0=0.0003162277571391314
packet_number=61,correct=False,payload=[0,3,2,7,4,9,4,14,1,9,10,2,12,9,12,15,16,1,54,3,56,23,62,23,56,17,22,59,28,13,30,31,96,1,4,227,0,33,102,15,40,98,40,107,28,109,62,95,96,113,50,51,120,127,54,102,56,57,58,127,120,123,62,63,64,64,130,131,0,68,6,142,64,211,202,71,76,92,30,94,208,192,0,115,244,103,254,7,120,123,62,223,220,254,158,94,64,97,64,99,104,234,76,78,104,89,200,74,232,95,108,255,240,241,242,98,120,245,118,247,248,123,176,123,124,127,124,127,129,129,134,135,4,141,135,135,137,139,141,159,141,159,142,143,176,19,178,147,145,39,183,23,145,185,148,155,24,153,63,159,224,129,231,103,229,203,39,39,168,129,10,103,168,217,236,207,49,163,34,39,52,225,166,191,121,51,253,191,184,61,254,189,192,193,196,131,204,237,197,135,160,203,194,203,153,219,207,159,145,147,194,215,244,245,247,231,208,243,219,155,213,159,188,223,224,193,228,227,197,239,198,231,232,201,249,227,205,221,235,255,224,227,243,243,252,245,236,231,240,251,249,243,252,255,255,255,0,67,1,7,4,3,12,14,24,16,14,3,8,31,30,95,16,3,34,51,20,4,30,63,24,56,16,27,60,56,62,63,32,131,66,103,104,20,6,102,120,57,70,35,108,62,108,126,48,49,38,102,116,47,46,39,112,123,120,55,56,59,190,63,64,192,192,135,196,71,206,207,216,88,142,194,200,95,206,79,176,17,20,119,188,90,238,23,248,249,120,95,188,251,30,127,96,227,96,99,232,97,110,111,104,96,26,126,108,237,110,239,112,243,114,119,212,230,118,231,120,120,252,115,252,120,126,95,129,131,131,135,128,133,6,135,153,147,136,15,137,139,158,143,176,161,6,151,44,145,149,175,152,17,24,155,157,185,61,191,97,161,32,195,196,143,110,199,248,187,1,35,172,157,174,43,96,49,246,247,61,227,252,111,185,59,251,127,61,61,189,247,193,195,195,195,137,129,206,199,137,147,218,219,217,137,223,207,177,211,183,247,197,249,215,247,153,153,253,147,220,155,254,223,97,225,230,198,197,231,238,231,232,235,224,207,232,207,254,207,240,227,247,227,237,241,252,255,241,243,249,255,252,255,255,255,0,3,6,7,12,6,6,15,24,25,16,11,28,15,29,31,48,32,2,55,60,15,54,63,56,48,50,27,28,63,30,62,72,34,70,103,104,39,46,46,72,104,126,74,76,41,62,63,96,113,116,183,56,101,118,103,56,59,54,127,124,62,60,63,192,195,64,3,72,199,142,7,192,10,154,211,76,203,142,207,176,99,214,147,92,56,246,143,120,210,48,218,252,122,124,159,224,195,70,194,196,67,70,102,64,250,118,203,252,234,94,207,96,227,114,103,96,120,228,103,120,121,246,115,124,120,126,255,128,131,135,131,136,137,141,7,24,155,7,215,136,137,141,15,129,145,144,7,144,157,4,63,185,19,156,179,28,189,191,191,128,163,163,67,45,137,45,103,105,27,124,195,24,191,205,95,96,227,18,167,240,53,228,231,184,187,120,59,60,127,124,63,128,131,195,135,193,193,199,207,200,155,147,223,205,141,157,223,176,225,247,211,212,153,229,191,249,209,245,251,253,223,190,255,192,227,198,195,236,235,197,207,204,195,248,255,216,233,207,239,225,225,240,231,225,245,246,231,248,241,243,251,252,251,255,254,0,2,6,3,9,5,12,14,0,27,4,27,28,13,28,30,32,33,6,20,60,31,36,63,16,58,26,59,56,61,28,31]
CFO=7056.792079376541,STO=5
EsN0dB=10.88,GRXdB=40,N0=0.0003981071640737355
packet_number=62,correct=False,payload=[0,1,2,2,4,7,14,7,8,9,10,11,12,13,12,45,16,17,18,19,60,21,22,23,24,25,26,27,156,29,30,30,32,161,34,34,44,109,38,47,8,41,42,43,44,45,46,63,48,49,50,51,60,53,54,55,56,57,58,59,60,61,60,63,64,65,66,67,68,69,6,71,88,73,74,203,12,77,78,207,80,81,82,195,84,85,86,215,88,217,90,219,92,29,94,127,224,97,114,98,108,103,102,103,96,109,106,171,100,111,102,207,112,113,113,115,116,116,102,119,120,121,122,123,124,125,126,127,129,129,130,131,132,149,142,135,136,137,154,11,156,133,142,143,144,17,146,155,148,157,151,151,184,155,155,155,156,157,190,159,160,169,99,35,165,165,230,167,184,137,174,11,174,253,142,231,120,177,178,179,178,177,183,183,56,185,186,187,188,185,190,191,192,195,226,195,196,205,198,207,200,201,202,203,204,205,206,143,208,209,210,211,220,213,214,151,241,219,218,218,220,157,222,223,224,233,226,235,228,231,230,231,232,233,238,235,236,255,254,239,240,241,242,247,244,253,246,247,248,249,250,249,252,253,254,191,0,1,2,3,4,5,14,7,8,1,10,15,12,9,14,15,48,82,48,19,20,29,54,23,24,24,26,27,29,29,30,31,32,35,34,3,100,37,38,39,8,41,58,43,124,13,46,47,48,51,50,55,52,117,46,55,120,121,50,59,60,61,62,127,64,65,66,66,196,101,70,71,72,73,72,75,76,93,204,79,16,85,210,83,116,85,86,119,208,88,94,91,220,93,30,95,224,97,96,225,108,101,102,39,232,113,106,79,108,77,108,111,112,113,114,115,116,117,118,117,120,121,250,91,124,125,122,127,128,139,134,7,132,129,134,135,137,137,130,131,172,143,142,159,144,145,150,151,149,18,23,151,152,25,190,155,156,157,158,159,160,225,162,163,228,101,47,111,169,41,170,171,188,175,190,175,176,243,179,179,188,181,174,183,184,249,250,187,188,191,190,191,193,195,130,131,196,199,196,135,200,207,218,207,204,205,140,207,192,209,211,211,212,229,150,215,216,249,158,219,188,157,222,223,224,193,226,227,228,229,230,199,232,225,226,235,237,253,174,239,242,240,242,227,244,245,246,247,248,249,251,251,253,253,254,255,0,4,2,3,68,5,6,21,8,11,2,43,8,13,30,15,48,145,50,18,16,29,22,23,24,17,24,27,28,28,62,30,32,1,34,99,37,5,38,39,8,121,58,31,44,45,108,111,176,49,50,35,52,49,54,119,57,113,58,251,60,63,62,63,64,69,194,67,64,65,70,71,0,73,88,75,12,77,78,31,80,83,82,115,116,85,86,87,88,25,90,123,92,93,94,94,96,225,98,99,228,69,100,71,96,107,110,233,108,205,78,111,112,233,98,247,116,121,54,119,248,121,58,91,124,125,126,126,128,1,130,131,132,141,132,135,136,129,42,207,12,141,142,143,144,179,150,147,53,133,158,134,152,145,158,19,28,153,158,31,225,161,162,35,164,175,174,37,168,169,170,143,232,239,174,175,176,179,178,179,180,165,62,47,56,185,186,59,188,189,186,191,192,193,198,163,197,205,199,135,200,217,206,203,205,205,206,143,208,209,210,211,212,213,214,215,217,219,222,123,220,157,222,223,240,225,226,227,228,197,246,231,232,233,234,239,204,237,239,239,241,241,240,243,253,245,246,247,249,249,250,251,252,253,254,255,0,1,2,3,4,5,6,7,8,25,10,11,12,15,30,15,0,17,22,19,20,21,22,23,16,25,58,27,60,29,62,31]
CFO=7561.757925408123,STO=4
EsN0dB=11.24,GRXdB=40,N0=0.0003981071640737355
packet_number=63,correct=False,payload=[0,1,2,3,12,5,6,7,12,25,10,11,12,13,14,15,16,17,18,19,20,21,22,23,24,25,26,27,28,29,30,31,32,97,34,35,36,37,38,39,40,41,42,43,44,45,46,47,49,49,50,51,52,53,54,55,56,57,58,59,124,61,62,63,64,65,66,1,68,69,70,71,72,75,74,75,76,77,78,79,80,81,82,83,84,85,86,87,88,89,90,91,92,93,94,95,64,101,98,99,100,101,102,101,104,105,106,107,108,109,110,111,112,113,114,115,116,117,118,119,120,121,90,123,124,125,126,127,144,129,130,131,132,133,6,135,136,137,138,139,140,141,143,143,144,145,146,151,148,149,22,151,153,153,158,155,156,157,158,159,160,161,162,163,164,165,166,167,168,169,170,171,172,173,174,175,176,176,178,51,180,181,180,183,56,185,186,187,180,189,190,191,194,201,194,195,196,197,198,199,200,201,138,75,204,205,206,207,208,209,210,211,220,212,214,215,216,217,218,219,220,221,222,223,224,225,226,227,228,229,230,231,232,233,234,235,236,221,238,239,240,249,242,243,244,245,246,247,248,249,250,251,252,253,254,255,0,129,2,3,4,5,6,7,8,9,10,11,12,13,10,15,18,17,18,19,20,21,22,23,24,25,26,27,28,29,30,31,32,33,34,35,36,37,38,39,40,41,42,43,44,45,46,47,48,33,50,51,52,53,54,55,56,57,58,59,60,189,60,63,64,67,66,67,68,69,70,71,72,73,74,75,76,77,78,79,80,81,82,83,84,85,86,87,88,89,90,91,92,93,94,95,96,97,98,99,104,101,102,119,104,105,106,107,108,109,110,111,112,121,114,115,116,117,118,119,120,121,122,123,124,125,127,127,128,129,134,131,132,133,134,135,136,137,138,139,204,141,143,143,145,145,146,147,148,148,148,151,152,153,154,155,156,157,158,159,160,161,162,163,164,165,166,167,40,169,170,171,172,173,174,175,176,177,242,179,180,181,182,183,184,185,186,187,188,189,190,191,192,193,194,195,196,197,198,199,196,201,202,203,204,205,206,207,208,209,210,211,212,213,215,215,216,217,218,219,220,93,222,223,224,225,226,227,228,229,230,227,233,233,226,235,238,237,238,239,240,241,242,243,244,245,246,247,240,249,250,251,252,253,254,255,0,0,2,3,4,5,6,7,8,9,10,11,12,13,14,15,16,17,18,51,20,21,23,22,24,25,26,27,28,29,30,31,32,33,34,35,36,37,38,39,40,41,42,43,44,61,46,47,48,49,50,51,52,52,54,55,56,57,58,63,60,61,62,63,64,1,98,67,68,69,70,71,72,73,74,75,76,77,78,79,80,81,82,83,84,85,86,87,88,89,90,91,92,93,94,95,96,97,98,99,100,101,102,103,104,121,106,107,108,109,110,111,112,121,114,114,116,117,102,119,120,121,122,123,124,125,126,127,128,128,130,131,132,133,134,135,136,137,138,155,140,141,142,143,144,145,146,147,148,149,150,215,152,153,154,155,156,157,222,159,160,161,162,225,164,165,166,167,168,41,170,171,172,173,174,175,176,177,178,179,180,181,182,55,184,185,186,187,188,189,190,191,192,193,194,195,196,197,198,199,200,201,218,203,204,205,206,207,208,209,210,211,212,213,214,215,152,217,218,219,220,221,222,221,224,225,234,227,228,229,230,229,232,233,202,235,236,237,230,239,240,209,242,243,244,241,246,243,248,249,250,251,244,253,254,255,0,1,2,3,4,5,6,71,8,9,10,11,12,13,14,15,16,17,18,19,20,5,22,23,24,25,26,59,28,29,30,31]
CFO=7474.837127758017,STO=1
EsN0dB=11.81,GRXdB=40,N0=0.0003981071640737355
packet_number=64,correct=False,payload=[2,1,2,3,4,5,2,7,8,9,10,139,12,13,14,15,16,17,18,19,20,21,22,23,8,25,26,27,28,29,30,31,32,33,2,35,36,5,38,39,24,41,42,41,46,45,46,47,48,49,50,50,52,53,62,55,57,57,58,59,60,61,62,63,64,65,66,67,69,69,70,71,72,73,72,75,76,77,79,79,80,81,210,211,84,21,86,87,88,89,78,91,92,93,94,95,96,97,98,99,100,101,102,103,104,105,106,123,108,69,110,47,48,113,114,115,116,55,126,119,120,121,122,123,252,125,62,127,128,129,130,131,132,133,134,135,136,137,138,131,140,141,134,143,144,145,146,155,148,149,150,151,152,153,154,155,156,157,150,159,176,161,162,163,164,37,166,167,168,121,170,171,172,173,174,175,184,177,178,155,188,181,182,183,152,185,190,187,188,189,190,190,192,193,194,195,196,197,198,199,200,233,202,203,196,205,206,207,208,209,210,211,212,213,214,215,216,217,218,219,220,221,222,223,224,225,226,99,228,229,230,231,232,233,234,227,238,237,238,239,240,241,242,243,244,245,254,247,248,249,251,251,252,253,254,255,0,1,2,3,4,5,6,7,8,9,11,11,12,13,14,15,16,17,18,19,20,21,22,7,24,25,26,27,28,29,30,31,32,33,34,35,36,37,38,39,40,41,42,43,44,45,46,47,48,49,50,49,180,55,54,55,56,57,58,59,60,61,190,63,64,65,66,3,68,69,70,71,88,73,74,75,76,109,78,79,80,85,82,211,84,85,82,87,88,73,90,91,92,77,94,95,100,97,226,99,100,101,103,103,104,105,106,107,108,109,110,111,121,113,114,115,116,117,86,119,120,125,122,121,124,125,126,127,128,129,130,131,132,4,134,135,136,139,138,139,140,141,142,143,144,145,146,147,148,149,150,151,152,153,154,153,156,157,158,159,160,161,162,163,228,165,166,167,168,169,170,171,172,173,174,175,176,185,178,179,180,181,182,183,152,185,186,187,190,189,62,191,224,193,194,195,196,197,198,199,200,201,202,203,204,207,206,207,208,217,210,211,212,245,214,215,216,249,218,203,220,220,222,223,224,225,226,227,228,229,230,231,232,233,234,235,236,237,174,239,240,241,242,247,244,245,247,247,248,249,250,123,252,239,254,255,0,1,2,3,4,5,6,7,8,41,10,11,12,13,14,15,24,1,18,19,20,21,22,23,28,25,26,27,28,29,30,31,32,33,34,35,36,37,38,39,40,41,42,47,40,45,46,47,48,49,50,51,60,53,54,55,184,56,58,59,60,61,62,63,64,65,66,67,68,69,66,71,72,73,74,79,76,77,94,111,80,80,82,83,84,85,70,87,88,89,90,91,92,93,94,95,96,97,98,67,100,101,102,103,104,105,106,107,108,109,110,111,112,113,112,115,52,113,246,115,120,121,122,123,124,125,126,127,128,129,194,135,132,133,134,135,136,137,138,139,140,141,134,143,144,145,146,147,148,213,150,159,152,153,154,155,156,157,158,159,160,161,162,163,164,165,166,135,168,169,170,171,172,173,46,175,176,145,178,179,148,181,182,247,184,185,186,187,188,189,190,191,192,193,194,195,196,197,198,199,200,193,202,203,204,205,206,235,208,209,210,211,212,85,214,215,216,217,218,219,220,221,222,223,224,225,226,227,228,229,166,231,232,233,234,235,236,237,238,239,240,241,242,243,244,245,246,247,250,249,250,251,252,253,254,255,0,1,2,3,4,5,6,7,8,9,2,11,12,13,14,15,16,17,18,19,20,21,22,23,28,25,26,27,28,29,30,31]
CFO=7348.81349710959,STO=6
EsN0dB=nan,GRXdB=40,N0=0.0003981071640737355
packet_number=65,correct=False,payload=[169,242,85,27,161,95,41,62,114,7,159,48,10,19,186,99,14,239,244,248,206,229,132,99,199,66,93,170,43,41,69,155,13,100,155,191,210,75,14,61,109,62,15,37,76,148,181,17,130,87,66,53,4,124,152,93,158,162,149,190,11,209,82,52,187,202,124,195,74,209,213,87,15,15,215,24,33,67,176,215,188,116,53,162,28,177,141,152,159,32,112,91,39,212,124,192,132,114,109,88,36,129,196,78,21,4,184,22,254,220,202,97,67,27,212,91,59,244,186,40,2,74,111,189,67,97,208,136,173,62,168,134,221,188,10,68,182,123,118,248,191,193,25,255,184,239,0,5,193,147,98,234,59,71,186,58,47,8,81,181,33,231,113,179,71,202,253,63,98,200,0,145,17,89,158,48,178,179,40,130,157,11,164,27,209,219,36,218,58,46,176,8,215,15,234,247,196,110,217,71,32,40,96,176,20,145,65,0,122,154,207,45,223,114,121,219,70,113,143,138,200,48,122,97,45,84,187,42,159,58,89,101,219,156,65,202,146,75,91,73,190,65,147,138,163,186,247,167,42,15,178,250,100,191,15,229,64,65,185,163,208,85,153,65,70,155,226,54,218,82,199,19,205,60,100,190,126,139,6,47,108,119,34,204,109,194,39,109,113,138,15,51,41,46,209,139,5,35,11,158,34,126,170,191,57,79,201,23,41,107,113,158,84,164,82,86,148,152,76,7,230,91,232,107,146,68,49,111,69,125,166,161,31,68,87,136,51,255,143,3,55,6,112,14,32,63,197,164,11,123,143,96,204,223,137,51,210,239,38,18,187,103,85,84,82,1,131,104,30,80,3,31,106,225,116,176,213,178,193,253,226,189,122,179,253,147,114,66,48,183,126,167,106,53,102,91,127,60,167,150,0,3,70,146,104,160,153,196,171,210,9,62,247,89,182,188,45,216,168,154,174,41,57,189,136,86,16,86,78,27,58,203,172,86,70,82,194,7,238,172,169,96,186,153,72,196,231,157,171,7,23,20,149,228,150,253,81,135,169,97,154,81,246,5,9,247,80,78,86,152,245,31,186,92,240,136,118,55,212,229,211,10,74,14,54,250,27,202,137,119,85,245,108,218,83,49,113,181,252,61,157,186,157,47,49,9,154,115,139,81,32,6,192,237,15,222,147,117,12,112,21,141,21,156,208,221,58,55,204,140,243,238,13,64,123,195,56,144,229,188,208,159,38,14,142,228,210,78,160,173,206,76,126,19,252,135,69,221,117,204,12,238,206,168,38,118,104,9,71,27,68,121,21,25,206,177,139,140,220,3,160,10,92,23,76,185,138,150,3,88,219,167,110,212,55,179,255,25,196,157,134,3,102,96,193,65,66,7,117,112,21,196,204,237,152,64,102,243,100,141,79,221,163,253,212,27,10,109,221,114,202,179,65,76,201,216,23,161,19,7,162,239,23,144,225,223,180,108,215,26,198,127,54,248,157,86,93,29,120,55,78,183,133,189,144,180,177,20,220,184,2,10,25,49,56,78,140,182,192,98,220,238,210,34,160,98,229,86,63,179,77,80,11,124,88,149,246,122,107,10,106,205,121,208,130,161,244,0,28,226,111,226,120,213,54,28,234,195,16,179,41,203,32,64,103,43,11,11,196,29,60,161,121,189,202,128,210,101,56,202,51,22,130,20,58,131,72,131,33,8,163,141,99,233,69,1,211,83,131,193,12,67,16,87,102,133,27,135,230,38,169,76,232,37,52,42,11,27,161,173,249,56,61,26,7,136,135,202,45,208,212,212,118,133,54,4,217,230,43,108]
CFO=7235.982092251826,STO=2
EsN0dB=11.18,GRXdB=40,N0=0.0003981071640737355
packet_number=66,correct=False,payload=[30,19,74,191,128,0,131,3,132,5,23,3,12,1,139,7,140,12,142,7,16,24,10,3,156,16,30,23,136,9,139,11,28,14,143,31,128,33,146,3,22,16,179,7,128,14,171,87,188,10,190,55,176,57,48,49,57,19,183,59,60,61,27,189,62,31,159,31,0,65,224,35,224,70,131,7,96,0,207,39,4,4,70,39,176,80,179,57,186,114,78,55,236,104,153,73,76,76,222,79,48,17,96,35,100,37,103,119,124,97,168,121,124,44,174,119,240,56,248,49,112,100,123,127,188,125,220,117,252,125,190,127,192,0,130,195,132,193,135,71,196,136,198,143,206,206,197,199,208,81,155,17,206,65,206,151,200,29,219,25,221,223,222,95,212,80,243,225,148,144,134,163,240,240,248,179,228,15,158,95,240,91,240,185,214,221,251,247,248,253,152,157,188,94,223,79,224,225,194,99,198,68,194,195,204,228,205,227,196,196,238,79,220,64,139,243,232,104,247,247,232,236,254,207,254,126,207,207,192,240,224,107,246,229,246,243,252,104,234,245,246,117,255,255,112,121,240,243,248,121,247,251,248,249,252,123,252,123,255,255,0,0,136,11,0,2,6,3,12,5,13,5,142,7,143,15,16,25,176,27,6,10,30,15,8,13,156,9,140,14,159,31,32,32,42,115,52,0,43,19,40,40,184,27,188,62,46,63,48,49,25,49,52,21,31,27,152,57,187,30,60,31,31,63,192,96,99,67,36,69,103,71,192,5,102,68,140,38,15,207,208,89,216,49,114,58,126,103,156,88,152,105,14,60,222,79,48,113,114,35,166,55,102,117,240,105,123,111,38,101,190,119,56,57,114,59,118,62,251,55,120,61,248,123,124,60,126,127,128,192,128,129,134,129,134,135,140,133,198,27,206,206,207,135,200,88,138,83,140,155,207,135,140,253,159,139,158,12,138,143,160,145,162,163,180,147,183,243,132,4,174,31,254,230,230,75,176,248,242,55,184,249,62,191,156,184,189,57,158,222,190,191,224,229,195,195,228,197,227,99,200,192,198,207,236,108,231,231,200,216,218,211,208,223,214,215,248,217,250,251,252,125,207,95,240,224,224,115,244,240,243,99,252,245,228,227,230,125,255,255,248,244,240,249,240,247,243,247,248,252,255,127,254,253,255,255,0,0,1,7,132,4,2,3,4,9,9,11,6,15,135,15,24,17,131,131,158,13,22,27,24,25,138,13,12,31,14,15,160,33,38,3,132,37,130,3,60,21,208,43,6,31,159,23,176,17,18,51,50,57,183,55,28,57,152,61,190,60,30,63,160,129,160,67,32,68,198,39,68,93,130,9,46,77,78,71,152,89,195,75,100,105,87,123,24,76,63,123,108,31,255,77,48,97,115,99,242,53,118,35,248,41,116,109,228,101,110,111,113,121,240,113,52,118,246,119,120,125,58,59,124,127,127,127,128,128,194,3,128,6,135,135,132,205,142,11,196,204,206,7,208,56,147,83,134,87,194,151,200,152,153,79,222,156,222,159,128,161,192,161,240,182,166,35,252,136,170,219,142,38,238,207,176,161,146,49,214,181,255,251,252,249,184,249,188,188,182,63,200,193,227,195,226,231,198,103,192,172,201,203,236,78,206,199,216,217,251,211,198,208,242,83,248,233,248,201,254,253,206,95,176,225,224,243,228,225,231,99,240,232,224,233,230,253,239,255,240,121,120,241,180,243,242,255,252,249,248,185,252,237,254,127,0,1,3,3,4,7,7,7,40,1,129,11,14,5,7,15,0,16,27,25,20,25,30,31,24,29,31,25]
CFO=9353.83687230799,STO=4
EsN0dB=11.15,GRXdB=40,N0=0.0003981071640737355
packet_number=67,correct=False,payload=[0,1,2,0,4,5,6,3,24,9,10,11,14,15,14,15,16,17,80,19,20,21,22,23,24,25,26,27,28,29,30,31,32,33,34,34,4,53,38,39,40,41,43,43,44,45,46,47,48,49,50,51,52,53,54,55,56,57,58,59,60,61,63,63,64,65,66,67,64,69,70,71,72,73,74,67,76,77,78,79,80,209,82,83,84,85,86,87,88,89,90,91,28,93,95,95,96,97,98,99,100,101,102,119,104,41,106,99,108,109,110,110,112,113,114,115,116,117,118,119,120,121,90,123,124,125,106,127,128,133,130,131,128,133,134,135,136,137,136,139,140,141,134,143,144,145,146,147,144,149,150,149,152,153,154,155,157,149,158,159,160,161,162,163,164,165,166,167,168,169,170,171,140,173,174,175,176,177,178,179,180,181,182,183,184,185,186,171,188,189,190,159,192,193,202,203,196,197,198,199,200,217,218,203,204,205,206,207,208,209,214,195,212,213,214,214,216,217,218,219,220,221,222,207,224,225,226,227,228,229,230,231,232,233,234,235,236,237,238,239,240,241,114,241,244,245,246,247,248,249,250,251,252,253,254,247,0,1,2,2,4,5,6,7,8,9,10,11,12,13,14,15,16,81,18,19,20,21,22,22,24,25,26,27,28,93,30,31,32,33,34,35,36,37,38,37,40,41,42,43,44,45,46,47,48,49,50,51,20,55,54,54,120,57,58,59,60,29,62,63,64,65,66,67,68,69,70,7,72,75,74,75,76,77,78,79,80,85,82,83,85,85,86,87,88,89,90,91,28,93,94,79,96,97,98,99,100,33,102,103,104,105,106,107,108,109,110,111,112,97,114,115,116,117,118,118,120,121,120,123,124,125,126,127,128,1,130,131,132,133,134,135,136,137,138,138,140,141,142,143,144,145,146,147,148,149,150,151,137,153,158,27,156,157,158,159,160,161,162,161,164,165,134,163,168,169,138,170,172,165,174,175,128,177,178,179,180,165,178,183,184,185,186,187,156,189,190,191,192,193,226,195,196,197,198,199,200,201,202,203,204,205,206,207,208,209,210,147,212,213,212,215,216,217,218,219,220,221,206,219,224,225,226,227,228,229,230,231,232,233,235,171,237,237,238,239,240,241,242,243,244,229,246,215,248,249,250,219,252,249,254,255,160,1,2,35,4,5,6,7,8,9,10,75,12,13,14,15,16,145,18,19,20,21,22,21,24,25,26,26,28,29,30,31,32,33,34,35,36,37,38,35,40,105,42,43,44,45,46,47,48,49,50,49,180,53,54,55,56,57,51,59,60,61,62,63,64,65,66,67,68,69,70,71,72,73,74,75,76,205,78,79,80,81,83,83,84,85,86,87,88,89,90,91,92,93,94,95,96,97,102,99,100,101,102,103,96,105,106,107,108,109,110,111,112,113,114,115,116,117,116,119,120,121,122,123,124,125,126,127,0,129,130,131,132,133,134,135,136,137,138,139,140,141,142,143,144,145,146,19,148,149,150,151,24,153,154,155,156,157,158,143,161,161,162,35,166,165,166,167,168,169,170,171,172,173,174,175,176,161,178,179,164,181,182,183,184,184,250,187,188,189,190,191,192,193,194,194,196,197,198,199,200,201,138,203,204,205,206,207,208,209,210,209,212,213,214,87,216,217,218,219,220,207,222,219,224,225,98,226,228,229,230,231,232,232,234,235,236,237,238,239,240,241,242,179,240,245,246,183,248,249,250,251,220,253,254,235,0,1,2,3,4,5,6,7,8,13,10,11,12,13,14,15,16,17,18,19,20,21,22,23,24,25,26,27,28,29,30,31]
CFO=1164.2579190848332,STO=6
EsN0dB=-19.06,GRXdB=40,N0=0.0003981071640737355
packet_number=68,correct=False,payload=[102,21,45,214,191,24,209,218,163,168,170,45,244,182,4,87,114,141,231,136,235,155,25,143,31,100,38,224,69,38,8,203,203,119,35,128,20,182,217,94,177,125,47,129,180,168,131,4,142,111,180,29,4,243,111,178,245,58,90,69,24,0,215,88,182,134,26,1,32,63,8,214,181,134,115,50,241,172,193,208,225,149,159,9,80,203,194,144,180,178,184,185,74,15,2,147,253,241,176,80,227,129,108,145,63,233,185,88,20,111,133,64,189,182,178,207,213,161,66,34,240,181,148,152,91,78,2,77,18,144,101,141,116,84,63,9,235,205,19,100,176,225,209,61,98,94,12,247,22,198,144,31,114,132,104,41,164,213,13,47,95,35,36,67,227,24,231,239,2,161,156,21,123,118,62,49,39,226,108,77,91,1,116,235,179,188,236,108,79,155,187,2,184,155,0,164,85,2,211,217,143,197,154,90,86,90,27,248,143,93,86,204,161,102,146,14,158,72,98,57,164,210,182,28,74,215,119,69,73,199,86,74,132,17,54,95,154,151,227,217,141,72,100,81,137,170,221,217,200,184,10,79,71,148,192,167,234,154,55,67,227,142,58,183,102,35,35,155,63,1,101,223,212,245,40,120,102,115,248,254,208,118,82,187,197,157,232,153,53,69,93,186,34,171,232,130,127,6,3,219,19,85,26,147,69,5,49,198,241,166,108,81,34,189,76,251,79,214,135,118,100,123,228,145,163,245,188,13,137,108,17,14,99,176,23,177,74,168,49,206,114,134,119,126,119,15,31,111,111,247,216,102,98,239,134,204,86,177,161,90,147,87,117,50,145,190,137,50,61,88,94,54,205,231,215,177,39,62,100,124,72,242,214,150,112,231,175,121,31,232,101,156,122,90,168,139,28,36,114,170,63,52,49,247,219,142,255,88,5,24,76,47,66,255,226,25,21,255,128,42,6,135,207,52,83,216,30,51,243,140,147,153,12,31,153,119,45,209,245,73,95,200,50,25,44,132,129,106,117,250,4,94,199,82,159,197,249,167,243,150,197,153,190,99,156,108,205,255,215,223,33,250,41,139,251,172,142,134,217,211,194,49,224,123,23,46,100,68,237,73,237,120,18,82,135,136,238,57,206,243,233,25,205,187,168,87,74,36,90,214,127,160,251,107,64,233,43,94,103,164,47,103,240,9,33,235,179,101,190,60,40,145,23,146,91,73,145,57,9,127,129,184,187,203,130,129,103,5,167,151,141,160,156,161,217,38,181,200,21,249,150,140,129,15,244,105,145,72,1,150,72,179,245,56,232,119,245,79,113,250,199,34,31,247,202,129,102,106,168,170,179,40,63,182,251,123,231,37,166,190,8,121,100,157,248,127,119,164,77,163,216,244,244,144,63,245,215,139,70,222,62,172,6,88,71,99,47,115,142,186,74,199,244,39,221,24,227,43,126,128,242,53,222,107,112,62,153,49,248,62,245,239,177,108,215,55,97,59,243,247,142,126,56,155,223,17,44,51,131,164,131,141,121,141,197,245,223,82,228,209,172,172,189,131,6,112,83,197,146,68,70,213,205,187,110,208,90,120,30,35,230,240,90,42,47,198,196,46,244,86,52,233,216,218,10,205,252,189,52,225,52,102,224,194,233,229,49,141,32,1,205,207,22,235,108,67,35,243,176,126,190,240,47,96,106,60,153,0,247,64,217,140,233,159,90,178,43,188,18,197,230,73,81,18,67,163,158,73,136,65,45,121,90,154,141,163,90,253,189,138,165,192,122,78,68,167,139,40,129,153,244,255,22,179,96,209,48,78,76,123]
CFO=7785.116020597464,STO=3
EsN0dB=11.21,GRXdB=40,N0=0.0003981071640737355
packet_number=69,correct=False,payload=[16,1,2,3,4,5,6,6,8,9,10,11,12,13,14,15,16,17,18,19,20,21,22,23,24,25,26,27,28,31,30,63,32,35,34,35,36,37,38,39,42,41,42,43,44,45,62,47,48,49,114,49,52,53,54,55,56,57,58,59,60,61,62,63,64,65,66,67,68,69,70,71,72,73,74,75,76,77,78,79,80,81,82,83,116,85,86,87,92,89,94,91,92,93,94,95,96,97,98,99,100,101,102,103,104,105,106,107,108,109,110,111,112,121,114,115,116,117,118,119,120,121,122,123,124,125,126,127,128,129,130,130,132,133,135,135,136,137,138,139,140,141,142,143,144,145,146,147,148,149,150,151,152,153,154,155,156,157,158,159,160,161,162,163,164,165,182,167,168,169,170,171,172,173,174,175,184,177,178,147,180,181,182,183,184,185,178,187,188,189,190,191,192,193,194,195,196,213,198,199,200,201,202,203,204,205,206,207,208,209,210,211,212,213,214,247,216,249,218,219,220,221,222,223,224,225,226,227,228,237,230,231,232,105,234,235,236,237,206,239,240,241,242,243,244,245,246,247,248,249,250,251,237,253,254,191,0,1,2,3,4,5,6,7,8,9,10,11,12,13,14,15,16,17,18,19,20,21,22,23,24,25,26,27,28,29,78,31,32,33,34,35,36,39,38,39,40,41,42,43,44,45,46,47,48,49,51,55,52,53,54,55,56,56,58,59,60,61,62,63,64,65,66,67,68,69,70,71,72,73,74,75,76,77,78,79,80,81,82,83,84,85,86,87,88,89,90,91,92,93,94,95,96,97,98,107,100,101,102,103,104,105,106,107,108,109,110,111,112,113,114,115,100,117,118,119,120,89,122,123,124,125,126,127,132,129,130,131,132,133,134,7,136,137,138,139,140,141,138,143,144,145,146,147,148,151,150,151,152,153,154,139,156,157,158,159,160,161,162,167,164,165,166,167,168,169,170,171,172,173,174,175,176,177,178,179,180,181,182,183,184,185,186,187,188,189,190,191,192,193,194,195,196,197,198,199,200,201,202,203,204,205,206,207,208,209,210,211,212,213,214,215,216,217,218,219,220,221,222,221,224,97,227,195,228,229,230,231,232,169,234,235,236,237,238,207,240,241,242,243,244,245,246,247,248,249,254,251,252,253,254,255,4,1,2,3,4,5,6,7,8,9,10,11,12,13,14,15,16,17,18,19,20,21,22,23,24,25,26,27,28,157,30,31,96,161,35,3,36,37,38,38,40,41,42,47,44,45,174,47,32,17,50,48,52,53,54,55,61,57,58,59,60,61,62,127,64,65,66,67,68,69,70,71,72,73,74,75,76,77,78,79,80,81,82,83,84,84,86,87,88,81,90,91,92,93,94,31,97,97,98,99,100,101,102,103,40,105,106,107,108,109,110,111,240,113,114,115,116,117,118,118,120,121,122,123,124,125,126,127,128,129,128,3,132,135,134,135,136,137,138,139,140,205,142,143,144,145,146,147,148,149,150,151,152,145,154,153,156,157,158,159,160,161,162,163,164,173,166,167,168,169,170,171,173,173,174,175,176,177,242,179,180,181,182,167,184,185,186,187,188,189,190,183,192,193,226,195,196,197,198,199,200,201,202,203,204,205,222,207,208,209,210,211,212,85,214,215,216,217,218,219,220,221,222,223,192,225,226,227,228,229,230,231,232,233,234,235,236,237,238,239,240,243,242,243,244,245,246,231,232,249,250,179,252,125,254,255,0,1,2,3,4,5,6,7,9,9,10,11,12,13,14,15,16,17,18,19,20,23,22,23,24,25,27,27,28,29,30,31]
CFO=7560.782251857934,STO=1
EsN0dB=10.83,GRXdB=40,N0=0.0003981071640737355
packet_number=70,correct=False,payload=[0,1,2,3,4,7,6,7,28,9,10,11,12,12,14,15,16,17,146,19,20,21,18,151,152,25,154,10,156,29,28,15,32,33,38,33,36,165,38,55,40,41,43,43,12,45,174,47,16,57,50,51,48,52,54,63,56,49,174,59,60,61,62,63,80,65,66,35,198,69,70,99,8,72,66,75,69,72,78,79,80,89,210,19,80,84,118,71,72,121,122,25,92,29,94,79,96,113,98,99,100,100,102,103,232,105,10,123,124,109,111,111,116,113,242,115,116,117,118,119,124,121,124,123,124,125,127,127,128,129,130,131,132,135,14,135,128,137,138,11,134,77,143,15,144,145,215,147,148,213,148,147,156,152,159,155,152,221,223,27,177,161,242,163,164,228,167,135,168,137,186,187,172,191,174,175,176,177,178,179,188,181,158,181,185,185,187,251,190,189,254,191,192,193,194,193,196,197,199,231,200,204,202,203,204,207,198,207,208,241,243,211,212,219,222,211,152,216,222,219,216,221,206,223,226,225,226,225,224,229,230,231,232,233,234,235,204,236,238,239,240,240,242,243,242,245,242,247,232,249,251,255,252,253,254,255,0,1,2,3,4,69,134,14,0,9,162,11,12,13,14,15,16,18,18,19,20,5,6,23,24,13,26,27,12,31,30,31,0,33,161,3,36,5,39,39,44,41,42,35,44,47,174,47,48,49,50,51,180,53,54,55,56,57,62,61,60,61,62,31,72,65,66,67,68,69,68,69,72,73,79,79,204,77,102,79,80,113,18,83,80,85,70,87,88,89,88,91,124,94,222,95,112,32,226,99,36,103,99,103,8,97,106,111,124,109,46,103,112,49,114,115,116,125,114,119,40,113,122,123,124,125,127,123,128,129,130,131,132,133,134,135,152,137,130,131,140,141,206,143,208,145,155,145,148,149,130,183,156,156,154,200,156,221,190,159,128,225,163,162,128,165,182,135,168,169,172,171,172,239,174,175,176,177,178,179,180,181,182,55,184,185,186,187,188,156,190,191,192,193,210,195,196,197,230,199,200,205,206,205,220,205,206,79,208,208,210,243,196,213,198,215,216,217,90,219,220,221,222,207,224,225,230,227,228,229,230,231,232,233,234,235,236,237,238,239,240,241,242,243,244,245,247,215,252,187,250,251,252,245,254,255,128,1,2,3,4,5,2,7,8,9,11,11,12,13,142,15,0,17,18,31,20,21,23,23,24,153,26,27,28,28,30,31,32,33,34,35,36,37,54,103,40,33,47,11,44,61,46,47,184,49,50,19,52,53,180,51,184,56,62,59,60,63,62,63,192,64,66,99,68,69,102,71,200,73,74,75,104,77,78,79,208,81,82,87,84,85,86,87,80,89,90,91,124,93,94,95,100,97,98,227,100,101,98,111,104,105,232,107,36,109,110,111,112,113,242,115,116,85,118,119,120,123,122,123,124,61,126,127,128,193,130,135,196,197,134,135,72,141,138,11,206,141,142,207,144,145,178,147,132,21,134,215,152,157,154,155,148,157,158,31,164,161,161,163,164,165,166,175,168,169,162,43,172,173,174,46,176,145,178,187,180,181,182,183,176,185,250,187,188,189,190,191,200,193,194,203,196,197,198,199,192,201,204,203,220,143,94,207,208,209,210,211,212,215,214,215,248,217,202,95,220,221,222,215,224,225,226,225,228,228,231,231,232,105,250,235,236,109,238,207,112,245,242,242,244,245,247,243,216,249,250,251,252,253,255,255,0,1,2,3,4,5,6,39,8,9,10,11,12,13,15,15,16,21,18,19,20,21,22,23,24,25,154,27,28,28,30,31]
CFO=8366.016020407971,STO=1
EsN0dB=10.89,GRXdB=40,N0=0.0003981071640737355
packet_number=71,correct=False,payload=[0,1,2,3,4,5,6,7,8,129,14,7,8,13,14,47,0,33,0,18,12,21,14,7,24,25,18,58,20,25,30,30,0,1,98,3,36,7,38,7,24,9,10,43,44,45,46,14,32,49,98,51,100,49,60,35,176,120,104,58,60,57,126,63,64,64,128,67,4,64,68,199,72,75,82,75,140,79,78,93,0,209,80,211,16,1,118,118,216,89,18,85,92,31,222,95,96,97,98,227,100,101,100,102,104,41,216,202,204,77,110,79,64,113,96,113,116,125,118,231,248,122,120,115,120,253,126,255,129,129,130,67,132,141,133,15,152,139,155,11,136,29,15,142,145,129,148,131,17,149,132,151,184,153,30,155,152,153,30,159,192,161,34,35,236,1,109,167,40,203,202,139,77,173,42,155,240,229,98,243,181,165,60,247,57,184,250,187,189,61,126,255,192,193,192,199,129,197,198,230,200,193,158,211,204,201,136,143,208,193,211,215,204,165,220,135,216,219,158,211,220,219,220,223,192,225,98,227,228,197,206,239,248,249,242,255,252,207,254,239,224,241,242,243,244,229,244,239,240,217,252,251,253,253,252,127,64,0,2,3,0,21,4,6,22,9,8,10,12,8,14,15,48,17,18,7,8,20,6,23,48,51,18,30,30,61,29,62,32,35,32,35,44,6,110,39,24,11,38,63,44,13,62,127,48,49,54,115,244,37,54,55,56,48,48,123,60,57,60,59,64,1,198,67,128,133,70,71,144,225,74,66,204,11,30,15,64,16,150,35,116,25,62,86,216,75,94,51,24,218,94,223,96,227,34,102,108,85,102,167,248,201,96,106,108,237,108,127,112,113,114,98,104,114,118,127,116,113,250,123,248,252,126,127,129,1,2,35,128,135,134,7,152,9,143,11,12,41,140,15,145,144,177,115,21,165,133,151,144,217,186,27,188,157,62,191,160,227,195,167,168,229,166,131,216,137,172,43,236,79,174,47,225,241,179,183,160,181,54,63,248,123,248,59,60,59,126,191,192,193,192,141,200,141,198,207,220,201,200,211,200,201,156,143,208,209,211,131,232,197,252,247,240,241,156,95,156,223,159,223,224,225,227,199,192,193,236,199,224,243,234,170,221,236,238,223,240,225,246,117,237,241,246,247,248,241,254,247,248,251,253,255,0,0,2,7,0,13,6,7,24,17,10,11,8,31,10,30,48,16,54,19,52,41,22,38,56,17,18,27,52,24,30,31,32,97,34,99,40,38,12,102,56,56,110,115,12,41,110,47,96,53,50,103,32,48,54,63,56,40,62,123,124,25,126,62,128,193,66,131,4,141,68,207,68,64,8,75,76,137,78,78,64,81,66,19,100,73,84,87,80,17,26,179,152,93,254,126,96,163,64,98,100,233,68,102,200,99,106,106,76,105,78,239,112,97,98,247,224,105,54,102,120,121,118,251,108,120,124,95,128,129,134,131,133,4,132,143,8,131,154,151,152,137,159,143,145,179,178,131,177,5,47,191,189,49,31,187,148,191,159,95,193,129,67,103,100,233,47,231,168,27,63,179,121,191,28,47,49,33,162,167,181,181,188,247,248,177,121,243,60,185,189,191,128,193,131,195,164,205,142,207,128,129,11,199,216,205,207,223,128,209,224,211,169,213,239,215,156,217,174,255,254,187,158,159,193,195,199,231,236,197,228,199,97,241,224,255,236,237,236,255,241,225,228,227,236,215,254,231,248,241,240,247,244,253,252,255,0,1,0,7,0,10,6,46,0,1,0,31,24,8,30,15,0,17,6,50,40,4,78,15,24,24,62,27,24,63,62,31]
CFO=3493.8691962745097,STO=7
EsN0dB=nan,GRXdB=40,N0=0.0003981071640737355
packet_number=72,correct=False,payload=[204,133,7,40,62,124,97,131,54,157,61,226,156,111,200,104,184,64,41,197,71,181,204,36,150,11,198,168,110,141,250,187,65,201,74,222,227,232,199,32,193,177,116,196,236,191,63,96,211,232,137,78,70,183,77,56,142,108,17,40,246,126,137,188,50,15,113,188,51,174,18,175,161,126,252,87,25,231,157,115,101,220,101,109,159,103,129,221,62,107,161,7,218,220,211,11,12,26,105,37,44,198,46,175,7,181,63,208,155,182,56,131,23,249,251,9,126,76,192,186,254,161,144,172,86,75,13,232,176,79,210,169,214,56,191,206,196,152,32,95,209,174,136,195,119,213,52,156,40,116,138,41,225,108,250,162,86,23,130,125,141,205,215,98,169,58,24,97,85,74,166,217,199,189,237,30,255,14,191,124,153,37,97,157,195,179,123,164,51,57,17,181,57,53,225,155,27,165,103,63,74,26,84,168,8,220,239,25,151,205,229,150,232,62,57,50,49,183,104,176,50,49,220,148,68,67,243,26,227,53,226,45,102,157,55,241,89,144,58,34,108,1,73,19,1,24,120,36,21,16,129,61,226,242,189,225,189,9,118,242,133,252,229,13,91,56,238,145,122,40,21,88,161,36,72,153,177,122,73,86,112,133,254,237,118,180,150,239,225,199,168,208,7,9,147,70,45,133,47,68,169,208,166,86,211,57,148,108,35,161,178,141,28,139,249,122,171,97,137,81,71,171,157,171,119,48,38,222,54,178,24,29,40,26,121,30,221,220,107,68,186,31,46,18,158,51,251,11,147,26,138,36,80,134,93,46,210,148,63,14,61,8,64,58,37,129,3,31,45,103,219,66,102,224,134,189,48,181,136,161,162,242,187,69,55,245,106,216,23,7,227,65,120,200,23,161,211,188,159,121,39,19,135,75,135,33,128,156,87,37,198,169,252,159,38,236,102,151,185,153,229,129,132,32,164,216,206,49,109,20,135,122,96,131,252,85,244,25,232,118,60,87,182,206,103,42,79,208,147,29,180,120,241,113,84,234,184,231,175,167,112,22,100,234,229,127,81,29,244,117,157,206,34,165,27,134,192,187,62,68,161,153,82,163,113,228,89,226,135,72,18,136,231,0,17,124,20,149,134,139,32,255,137,11,19,158,180,110,115,36,186,221,94,27,74,222,151,78,250,115,74,66,219,63,85,250,238,104,72,208,106,237,33,28,48,12,110,171,111,190,63,32,228,64,253,246,150,49,15,49,38,143,132,103,53,129,120,104,90,136,32,71,67,213,157,174,151,177,36,145,142,6,150,235,48,65,252,240,223,157,36,14,105,108,253,21,235,24,93,14,94,222,97,170,225,131,85,201,142,174,82,78,98,111,174,209,72,118,194,15,109,21,87,228,103,122,7,155,6,180,156,72,123,78,101,107,168,184,252,14,99,82,61,12,91,200,50,182,44,246,223,76,133,24,41,189,220,212,21,103,171,243,32,250,140,249,42,252,150,167,202,91,94,7,205,205,208,120,132,76,114,76,213,171,151,89,106,255,142,22,67,210,1,195,134,233,89,245,244,1,170,128,96,229,122,207,47,253,146,7,144,5,212,16,0,10,86,78,49,207,204,126,179,34,252,19,125,107,114,72,216,254,163,67,111,218,128,223,77,218,232,206,97,51,226,189,186,26,148,118,136,189,41,54,144,173,114,154,223,241,53,233,20,92,173,193,114,236,6,128,194,29,75,92,198,149,117,46,245,170,150,105,175,95,97,16,72,211,211,238,140,145,212,185,133,152,162,64,159,69,147,28,105,200,39,153,186,160,105,137]
CFO=8730.425585375846,STO=5
EsN0dB=9.96,GRXdB=40,N0=0.0005011872272007167
packet_number=73,correct=False,payload=[2,9,2,3,4,3,2,7,136,11,42,11,12,13,14,15,16,17,146,19,20,21,18,22,24,25,26,27,28,29,62,31,32,33,34,51,37,33,6,39,32,41,170,43,44,45,110,47,48,49,50,51,36,53,54,55,56,40,58,59,60,45,62,63,64,65,66,74,68,5,70,71,74,73,202,75,92,77,78,79,84,81,82,83,84,85,86,87,88,89,90,91,92,93,94,95,96,97,98,103,100,101,102,103,104,105,106,107,108,109,108,79,224,113,82,115,116,117,118,119,120,121,122,123,124,125,126,111,128,129,130,131,148,133,134,150,152,137,138,139,140,141,142,143,144,145,146,147,149,149,150,151,152,153,154,155,156,221,158,159,160,161,160,163,164,165,166,167,168,169,170,171,172,173,174,175,48,177,178,177,180,181,182,183,152,249,186,187,188,189,190,190,128,193,194,195,196,198,198,195,200,201,202,203,204,205,206,207,208,209,146,210,212,213,150,215,216,217,218,219,220,221,222,219,224,225,226,243,100,229,230,231,200,233,234,235,236,237,230,207,225,241,242,227,244,245,246,87,248,253,251,122,252,253,254,255,0,1,2,3,4,5,6,7,8,9,10,11,12,9,14,15,16,17,18,26,20,21,22,7,24,25,26,94,28,29,27,29,32,49,34,35,36,37,38,39,40,41,42,43,44,45,46,47,48,49,50,51,52,53,54,39,24,57,58,59,52,61,62,63,64,99,66,67,68,69,70,71,72,73,74,67,76,77,78,79,80,49,114,83,84,85,70,87,88,89,94,90,92,93,94,95,96,97,98,97,100,101,102,103,104,105,106,107,108,45,110,111,112,113,114,115,116,117,118,119,120,121,58,91,124,125,126,127,192,129,130,131,140,133,134,135,136,137,138,137,136,133,14,143,144,145,146,19,148,149,150,151,152,153,154,155,158,13,158,159,160,161,162,163,164,165,166,167,168,161,170,171,172,173,190,175,176,177,179,176,52,181,182,183,184,185,186,191,60,189,190,191,192,193,194,195,196,197,198,199,200,233,202,203,72,205,206,207,208,209,82,210,212,213,214,215,216,209,219,219,220,221,222,223,224,225,226,99,228,245,246,231,200,233,234,235,236,237,174,239,210,177,242,115,244,245,242,119,248,185,250,203,248,249,254,255,0,1,2,3,4,7,6,7,8,9,10,11,12,13,14,13,16,17,18,19,20,85,22,23,24,25,26,27,30,29,30,31,32,33,34,35,36,36,34,55,40,43,42,171,44,13,46,47,48,49,50,51,52,53,54,55,56,57,58,27,60,61,62,63,64,65,66,67,68,69,70,71,72,73,74,203,4,77,78,79,80,81,114,91,84,85,86,85,88,25,90,91,92,77,94,95,96,97,98,97,100,101,102,103,232,97,106,107,108,97,110,43,96,113,114,115,116,117,118,127,120,89,122,123,124,125,106,111,128,129,130,131,132,133,134,134,136,137,130,139,140,141,142,143,144,145,146,147,20,149,182,151,152,153,154,155,28,157,158,159,160,161,162,162,164,165,166,135,168,169,170,139,172,173,174,175,176,177,178,179,180,181,182,183,184,185,186,187,188,189,190,191,64,193,194,195,196,197,198,199,200,201,203,201,204,205,206,207,208,209,208,211,212,213,214,215,216,217,218,219,220,221,222,223,224,225,226,227,228,229,230,231,232,232,234,203,236,237,238,239,240,241,242,243,244,245,230,247,248,249,250,249,253,253,254,255,0,1,34,3,4,5,14,7,8,9,10,11,12,77,14,15,16,16,6,19,20,21,22,23,24,25,26,27,28,29,26,31]
CFO=9128.933921137625,STO=5
EsN0dB=10.14,GRXdB=40,N0=0.0005011872272007167
packet_number=74,correct=False,payload=[0,0,2,3,68,5,6,7,8,73,10,11,12,13,14,14,16,17,18,19,16,21,22,23,24,25,30,27,28,29,62,31,32,97,34,35,36,37,46,37,40,40,42,43,44,45,46,47,48,51,50,51,52,117,54,183,56,57,58,59,60,61,62,63,64,65,66,3,68,69,70,71,72,73,74,75,76,72,78,79,80,81,82,83,84,85,86,85,88,89,90,91,92,93,94,31,96,97,98,99,108,105,102,230,104,105,74,107,108,109,110,111,112,113,114,115,100,117,118,119,120,105,122,123,108,125,126,95,128,129,2,131,132,5,134,143,128,137,138,139,158,143,142,143,16,145,146,147,148,149,150,151,152,155,154,155,156,157,191,159,160,161,162,163,164,165,166,167,168,171,170,171,172,173,172,175,176,33,178,179,180,181,182,183,184,187,186,187,188,189,190,191,65,193,194,195,68,197,198,199,204,201,202,203,196,205,222,207,208,209,210,209,84,213,214,215,216,217,218,219,220,213,222,223,224,225,226,227,230,101,230,231,232,233,234,251,236,237,238,207,240,225,242,211,244,245,246,246,249,249,250,251,252,253,218,255,0,1,2,3,4,5,6,7,0,17,10,11,8,14,14,15,16,17,18,19,20,21,150,23,152,24,26,27,28,29,30,31,32,33,34,35,36,37,38,39,40,1,42,43,44,73,46,47,48,49,50,19,52,53,54,55,56,41,58,59,60,29,62,63,64,65,66,67,64,69,70,71,74,73,74,75,76,77,78,79,80,81,82,83,84,85,86,87,88,89,90,91,92,93,94,95,96,97,34,67,100,100,102,103,106,105,106,43,110,125,110,111,48,113,114,115,116,117,118,119,120,121,122,123,116,125,116,127,128,129,130,130,132,133,134,135,137,137,138,139,140,141,142,135,152,145,144,147,148,149,150,151,152,153,154,139,188,157,158,191,160,163,162,131,164,165,166,227,168,169,170,171,172,173,174,175,176,177,146,179,180,181,182,183,152,185,186,171,188,189,254,191,192,193,194,67,196,69,198,199,200,201,202,203,237,237,206,207,208,145,210,211,212,213,222,199,216,153,218,218,220,221,222,223,224,225,226,227,228,229,230,231,232,233,234,235,204,237,174,239,240,241,242,243,244,245,242,247,216,249,250,251,252,253,254,255,0,1,66,3,4,5,14,7,8,13,42,11,12,13,14,15,16,16,18,19,148,21,22,23,8,25,26,27,28,29,30,27,32,37,34,35,37,37,102,39,40,41,46,43,44,45,42,47,48,49,50,51,52,53,54,55,24,57,58,59,60,45,62,63,64,65,66,67,68,69,70,70,72,73,78,75,76,93,11,15,80,83,82,83,84,21,86,87,88,89,90,219,84,93,86,95,96,97,98,99,100,101,78,127,72,105,74,107,78,109,106,111,112,113,114,115,116,117,102,119,120,121,122,127,124,125,126,127,128,129,2,3,132,133,132,135,136,137,138,139,132,141,206,143,144,145,146,147,148,181,150,159,152,153,154,155,156,157,158,157,160,161,162,163,0,133,166,166,8,169,160,171,172,173,174,175,160,177,178,179,148,181,182,183,186,177,186,187,188,185,62,191,192,193,194,134,68,197,198,199,204,201,202,203,196,205,204,143,208,209,210,83,212,213,198,215,217,216,218,219,220,221,222,223,224,225,226,227,204,229,230,231,232,169,234,203,236,237,238,237,241,241,210,251,148,245,246,231,248,253,250,251,252,253,254,255,0,0,2,115,6,5,0,6,8,9,10,143,12,13,14,15,16,145,18,51,20,21,22,23,26,27,26,11,28,29,30,31]
CFO=9045.477547216531,STO=6
EsN0dB=10.27,GRXdB=40,N0=0.0005011872272007167
packet_number=75,correct=False,payload=[16,1,2,67,4,1,6,7,8,9,10,15,44,13,10,15,16,17,18,19,20,21,22,23,24,25,26,27,28,29,30,31,32,33,34,35,36,37,39,6,41,41,42,43,44,45,174,47,48,49,50,51,52,53,54,63,56,121,58,187,60,61,46,39,64,81,66,67,70,69,70,71,72,73,74,73,76,77,94,79,80,113,82,83,84,85,70,87,88,217,90,91,92,93,94,95,96,96,66,99,100,101,102,71,104,105,106,107,108,109,110,111,112,113,82,115,116,117,118,119,120,89,122,123,124,125,126,255,176,129,130,131,132,133,134,131,136,169,138,139,140,141,142,141,0,161,146,146,20,149,150,151,152,153,154,155,156,157,158,159,160,161,162,163,164,165,166,167,32,169,170,171,172,173,174,175,176,177,178,179,180,177,182,183,184,185,250,186,188,189,190,191,192,193,194,195,132,229,206,135,216,201,202,139,204,205,206,207,208,209,210,83,214,213,214,215,88,217,218,219,220,221,222,215,224,225,226,227,228,229,198,231,232,169,234,233,236,237,238,207,112,241,250,243,244,245,230,247,248,249,250,251,252,252,238,255,0,1,2,3,4,1,6,135,8,1,74,11,60,13,14,15,16,17,2,19,20,21,22,23,24,25,26,27,28,29,14,31,32,33,34,35,36,37,70,39,40,41,42,43,108,57,42,47,48,49,50,51,52,53,54,55,56,57,58,59,60,57,62,63,64,65,2,67,100,69,70,71,104,73,74,11,76,77,30,77,208,80,114,83,84,85,86,87,72,89,90,27,92,85,94,127,96,97,66,99,68,101,102,103,104,105,106,107,108,109,110,111,112,113,115,115,116,117,118,119,120,125,122,123,120,125,126,127,132,129,130,130,4,133,135,135,138,137,138,139,140,140,142,143,144,144,146,147,148,145,150,151,152,152,154,219,24,157,158,159,177,33,162,163,164,165,38,167,168,41,170,171,172,173,174,175,144,177,176,179,52,181,182,183,248,185,186,251,188,189,190,191,192,193,194,211,196,229,198,199,200,201,200,203,204,205,222,199,208,209,210,243,212,213,214,215,216,217,218,219,220,217,222,223,224,225,98,227,228,237,230,231,74,233,234,235,228,237,174,239,240,241,242,243,220,245,246,127,249,249,250,255,252,253,254,255,0,1,2,3,6,5,6,39,8,9,10,11,12,13,14,15,16,17,16,19,20,21,22,23,56,25,24,27,28,29,30,31,32,33,34,39,36,37,34,39,40,41,34,43,44,45,46,47,48,49,50,51,54,53,54,183,56,49,58,59,56,61,62,63,64,65,66,67,100,69,70,67,64,73,74,11,76,77,78,79,80,81,83,83,84,77,82,87,88,89,91,91,92,93,30,95,96,97,98,99,100,101,102,103,104,105,106,107,76,109,110,127,112,113,82,115,244,117,118,119,120,121,122,123,60,61,126,127,128,129,130,131,128,133,134,135,136,137,138,187,140,141,142,143,144,145,146,147,148,149,146,151,152,153,154,155,156,157,158,159,160,161,162,34,166,165,166,179,168,169,170,171,172,173,174,175,176,177,178,179,52,181,182,183,184,169,186,179,188,189,190,191,192,65,194,195,212,197,230,69,200,201,202,235,76,205,206,207,212,209,210,211,212,213,214,215,208,217,210,219,220,221,222,159,224,225,194,227,228,229,230,231,229,233,234,235,236,141,110,239,240,241,242,243,244,245,246,247,248,249,250,251,244,221,254,253,0,1,2,3,4,5,6,7,8,9,10,11,12,29,14,14,16,17,146,19,20,21,6,23,16,25,26,27,28,29,30,31]
CFO=7642.7355098429325,STO=2
EsN0dB=10.29,GRXdB=40,N0=0.0005011872272007167
packet_number=76,correct=False,payload=[0,1,129,3,132,5,134,7,4,13,68,15,140,12,135,15,152,17,145,1,16,20,18,31,28,29,11,27,158,29,14,31,184,48,98,1,54,37,51,7,144,4,178,19,54,13,15,39,24,48,19,51,152,21,55,51,188,57,26,59,28,63,58,63,0,33,67,67,68,98,70,71,200,105,202,43,108,12,78,103,132,17,0,27,124,118,23,3,216,73,90,121,110,39,158,127,96,224,112,35,164,116,226,103,176,41,61,43,166,47,239,239,176,17,250,59,252,48,246,19,124,121,126,121,42,61,118,127,192,131,131,3,134,133,198,135,128,137,201,3,206,205,134,199,208,137,19,211,84,133,209,87,152,25,187,219,220,205,222,14,160,49,241,227,182,245,134,195,233,177,70,171,244,173,231,191,176,217,150,179,220,116,147,183,254,184,187,189,158,189,155,255,192,97,193,195,198,192,199,119,234,109,238,195,236,77,207,79,216,193,209,227,212,212,226,103,204,153,250,217,252,93,222,223,224,160,225,227,96,227,226,231,236,224,230,247,236,237,254,231,248,241,218,243,250,240,246,247,248,249,249,251,254,124,255,127,0,1,2,3,0,7,6,37,172,8,2,2,12,15,135,7,144,1,130,27,26,20,22,47,12,29,27,27,28,13,15,31,32,1,160,35,39,17,7,11,48,9,35,63,44,125,46,23,48,57,61,49,148,52,50,55,60,61,190,61,156,61,63,63,96,65,35,65,38,101,194,7,192,109,12,103,110,69,206,103,208,25,80,107,212,85,86,31,72,60,91,91,76,93,223,78,112,96,113,51,55,97,102,55,104,125,110,121,100,45,110,103,116,113,115,113,118,119,54,127,56,121,126,123,124,183,126,127,128,129,130,131,132,65,194,195,136,13,138,157,140,4,198,135,144,137,146,19,148,79,150,135,156,217,222,155,220,141,158,159,160,161,162,177,162,37,166,167,188,25,232,237,188,180,142,175,248,177,240,187,188,188,147,247,188,153,187,187,188,191,175,127,196,201,195,227,200,229,194,198,196,200,202,203,192,239,231,207,208,209,194,211,212,214,206,187,220,157,218,219,220,221,223,223,242,224,226,227,224,228,246,227,248,233,234,251,238,245,238,239,244,241,240,249,118,241,246,255,252,249,254,123,252,253,254,255,0,0,32,1,4,1,6,71,0,77,14,11,44,13,6,15,24,17,8,19,24,25,26,31,8,24,30,25,28,13,15,159,176,49,34,33,164,33,38,35,8,41,38,25,118,188,14,47,25,49,59,59,60,61,55,23,56,57,62,185,61,60,62,31,0,101,192,83,6,4,6,71,72,76,75,75,100,76,175,79,19,81,226,115,68,65,87,71,94,25,94,75,78,29,94,127,32,113,54,99,96,101,102,99,104,105,106,107,46,108,239,47,112,113,115,115,116,117,243,118,56,121,238,121,126,125,62,63,128,0,130,129,132,132,134,3,128,13,138,139,140,143,206,143,144,17,146,83,212,17,151,131,216,185,130,155,220,157,142,159,128,173,162,129,228,165,162,183,224,41,42,171,142,45,166,71,176,209,177,241,180,177,146,183,188,153,248,219,156,188,254,255,192,225,194,225,197,197,71,135,232,137,194,203,236,77,206,199,208,216,214,211,244,213,199,211,216,217,218,219,220,93,223,255,224,97,226,243,226,164,230,247,232,233,226,235,236,229,246,231,248,240,250,227,118,121,246,255,248,121,250,251,252,125,254,127,0,1,2,67,4,133,18,6,0,9,14,11,132,4,7,15,16,81,18,51,28,21,2,7,8,9,26,9,156,29,30,31]
CFO=8213.915296690864,STO=2
EsN0dB=10.52,GRXdB=40,N0=0.0005011872272007167
packet_number=77,correct=False,payload=[0,1,130,3,4,5,134,7,8,9,10,9,12,12,14,15,16,17,18,19,20,21,22,31,24,25,26,27,28,29,30,63,32,33,34,35,36,165,38,39,40,41,42,43,36,45,34,47,48,53,18,59,180,53,54,51,56,56,154,57,60,61,62,63,64,1,66,67,68,69,70,103,72,73,78,75,76,77,78,79,80,81,82,83,84,84,86,71,120,88,90,27,92,93,94,31,96,97,98,35,36,101,70,103,104,201,106,43,76,45,110,127,80,113,114,99,116,117,102,55,120,105,251,123,124,125,126,127,128,129,138,195,200,133,150,135,136,153,138,139,140,141,206,143,144,209,147,19,148,149,150,151,152,153,154,155,156,157,158,157,128,161,162,163,164,165,38,231,232,169,170,137,168,173,174,191,176,161,178,177,180,181,182,247,184,185,186,187,188,61,190,191,192,193,194,195,196,197,198,199,200,201,202,201,196,205,206,207,240,209,194,211,244,85,198,215,216,217,218,219,220,221,222,223,224,225,227,99,228,229,230,231,236,233,234,235,236,237,238,239,240,240,242,243,244,245,246,211,248,249,250,243,252,125,254,251,0,1,2,3,4,5,6,7,0,9,10,11,12,13,14,15,16,17,18,19,20,21,30,23,24,25,24,27,28,29,30,31,32,32,34,35,4,37,54,39,40,41,46,43,40,45,38,47,112,49,50,59,53,53,54,55,56,57,58,59,124,61,63,63,64,69,66,67,4,69,70,79,200,73,72,75,76,69,70,77,208,85,66,83,84,85,86,83,88,217,89,219,88,93,94,95,64,97,98,99,100,100,102,103,104,41,106,43,108,109,102,239,113,81,242,115,116,117,118,119,120,121,120,123,124,117,126,127,128,129,131,195,134,133,134,133,128,137,138,139,140,141,142,139,144,145,146,147,148,148,150,215,156,153,154,155,156,253,158,159,160,161,162,35,164,165,39,167,168,169,170,171,164,189,174,175,176,177,178,185,180,177,182,179,184,249,186,187,188,157,190,191,192,193,98,195,196,197,198,197,200,193,202,203,204,141,206,207,192,209,242,211,220,209,214,223,216,216,218,221,220,205,222,223,224,225,226,227,102,229,230,231,232,237,234,235,236,237,238,239,240,241,242,247,246,245,182,247,248,249,250,251,236,252,254,127,0,9,2,3,4,5,6,7,8,9,10,11,12,13,14,15,80,17,18,3,20,21,22,23,24,25,30,27,28,29,22,31,32,33,34,35,36,37,38,38,40,41,42,11,44,45,46,47,48,17,50,51,20,53,22,54,56,57,58,123,62,61,63,63,64,65,66,65,68,69,70,71,76,10,74,75,220,77,78,79,80,81,82,83,84,85,86,85,88,89,90,91,88,93,30,95,96,97,96,107,100,109,238,99,104,105,106,105,108,45,110,79,112,113,114,115,52,116,82,87,122,121,122,127,124,93,94,127,0,1,130,147,128,133,134,135,128,137,138,139,140,141,142,143,144,145,144,147,148,149,22,151,152,145,154,155,156,157,158,151,160,161,162,163,36,165,166,167,168,169,170,171,172,173,174,175,176,177,146,179,176,181,182,183,184,185,186,59,188,189,190,191,192,193,194,195,196,197,198,199,200,201,202,203,204,205,206,207,208,209,211,215,220,213,214,213,216,217,218,219,212,93,222,223,160,225,224,227,228,231,230,231,104,233,250,235,236,237,238,239,240,241,242,243,244,245,246,255,248,249,250,251,252,253,254,255,128,1,6,3,0,69,6,7,8,9,10,11,4,141,14,15,16,17,18,19,20,21,22,23,25,25,10,27,60,29,30,30]
CFO=7741.0020106143365,STO=4
EsN0dB=10.51,GRXdB=40,N0=0.0005011872272007167
packet_number=78,correct=False,payload=[0,5,2,3,68,5,6,7,8,9,10,11,12,13,76,13,16,16,18,3,20,21,22,23,24,25,26,27,28,29,30,31,32,33,34,35,36,37,38,54,40,61,42,43,172,37,46,47,48,49,50,19,52,53,54,55,56,57,122,43,52,61,62,63,128,65,66,67,84,69,70,71,72,77,74,75,76,77,78,79,80,81,82,83,84,85,86,87,88,81,90,91,92,93,126,223,224,97,66,99,100,101,102,103,96,105,122,107,108,109,78,111,112,113,114,115,116,117,54,119,120,249,106,123,124,125,124,255,128,129,130,131,132,133,134,135,136,129,138,139,140,141,142,143,144,145,146,147,156,149,150,151,184,153,154,155,156,157,159,159,160,163,163,163,164,161,166,231,168,169,42,171,168,173,174,175,176,177,176,179,180,180,182,181,184,185,186,187,188,157,182,191,192,193,194,195,196,197,198,71,200,201,202,203,204,205,206,207,208,209,210,211,212,213,214,215,216,217,218,219,156,217,222,223,224,225,226,227,228,229,230,231,232,233,234,235,252,237,206,111,240,241,250,243,244,245,246,247,248,249,250,251,249,253,254,255,0,1,10,3,4,5,6,7,152,9,138,43,46,13,14,15,16,17,18,19,20,21,22,23,26,57,26,27,28,29,94,31,33,97,34,35,36,5,38,39,40,169,42,43,44,47,110,47,48,49,50,51,52,53,54,51,56,57,58,59,60,61,54,63,64,67,194,67,68,68,70,71,192,201,74,75,92,77,78,79,80,81,82,67,92,81,86,87,88,89,90,91,92,93,94,95,64,107,98,99,100,101,102,103,120,107,106,107,104,109,110,111,112,113,114,115,116,117,102,119,120,121,122,123,124,125,126,127,128,129,146,131,132,151,134,143,136,137,139,139,12,141,142,143,144,145,22,147,148,149,150,147,24,153,154,155,156,159,158,159,160,161,162,163,164,165,166,167,168,169,170,171,172,173,166,175,176,177,146,179,244,181,182,183,184,185,186,187,188,189,190,255,192,197,194,195,132,197,198,199,200,201,202,203,204,205,206,207,192,209,210,211,212,213,214,215,216,216,222,219,216,221,222,223,225,225,226,227,228,229,198,231,248,233,234,239,236,237,238,239,240,241,242,241,246,244,246,247,248,249,250,251,252,253,252,255,0,1,2,3,4,7,3,7,8,9,10,75,14,13,14,15,16,17,18,3,20,21,22,23,56,25,26,27,28,29,26,31,32,49,34,35,36,37,6,39,40,57,106,42,108,45,46,15,56,53,50,51,52,53,62,55,56,56,58,59,60,61,30,63,96,65,194,67,68,69,70,71,8,73,94,75,76,205,78,111,80,81,82,83,84,85,86,87,88,89,90,91,92,92,94,95,96,97,98,99,100,117,102,103,104,105,106,107,110,109,102,111,112,113,114,114,112,117,118,119,120,120,122,123,124,125,126,127,128,129,131,131,132,133,134,135,152,168,154,139,140,141,142,159,146,17,146,147,188,149,150,151,156,153,18,155,156,157,158,159,160,161,162,163,164,165,182,167,200,169,170,171,168,173,174,175,176,161,178,179,244,181,182,191,184,185,250,187,188,189,190,191,192,193,194,195,196,196,198,199,200,201,202,139,204,205,206,207,208,241,210,211,220,149,214,199,216,217,254,219,220,77,222,223,224,241,226,227,228,197,230,231,232,233,234,235,236,237,238,239,240,241,242,243,228,245,246,247,248,253,248,251,252,253,255,251,0,1,2,3,5,5,6,15,8,9,10,11,12,13,14,15,16,17,2,18,20,21,22,23,56,25,26,91,92,29,30,62]
CFO=8233.684899788514,STO=6
EsN0dB=10.32,GRXdB=40,N0=0.0005011872272007167
packet_number=79,correct=False,payload=[2,1,2,3,4,5,6,7,8,25,10,11,12,13,6,15,16,17,66,19,20,21,22,23,24,25,26,19,22,29,30,31,0,33,50,35,36,37,38,7,40,33,42,43,44,45,46,47,50,49,50,51,52,53,54,55,184,57,58,59,60,61,62,63,64,65,66,66,68,69,70,87,88,73,72,75,76,77,78,79,80,81,82,83,84,85,22,71,88,89,90,91,93,93,94,91,96,97,98,99,100,101,102,103,104,105,120,107,108,109,110,111,80,113,82,113,116,117,246,87,40,41,122,119,124,109,126,127,128,129,2,131,4,133,134,135,136,137,138,139,140,141,142,143,144,147,146,147,148,149,150,159,152,153,154,155,158,157,142,159,160,160,162,163,164,229,166,135,168,169,168,171,140,173,174,171,160,177,178,179,180,181,182,55,184,169,186,187,188,185,158,191,64,193,198,195,196,197,198,199,200,201,203,203,204,205,206,207,192,209,210,211,212,213,214,215,216,211,218,155,220,217,222,223,224,225,226,227,228,231,226,231,248,233,226,233,204,233,238,239,248,241,242,243,244,245,246,247,248,249,250,251,252,253,254,255,0,1,2,3,4,5,6,7,8,9,10,11,12,13,14,15,16,17,18,19,20,21,22,23,24,29,26,27,28,29,30,31,0,37,34,33,36,37,38,39,40,41,58,46,44,45,46,47,16,49,48,59,52,52,54,23,56,57,26,59,60,61,62,63,64,97,66,65,68,69,70,79,64,73,74,75,76,77,78,79,80,17,82,83,84,21,86,87,72,81,90,91,92,93,94,95,96,97,96,243,100,101,98,103,104,233,104,107,108,109,110,111,112,113,112,115,244,117,116,119,120,121,122,91,124,253,126,93,128,133,130,3,134,133,134,135,136,137,138,139,140,141,142,135,144,145,146,151,148,149,150,151,152,153,154,155,156,157,158,159,160,161,162,163,164,165,166,39,172,169,170,170,173,173,174,175,176,183,178,163,180,189,180,191,184,185,186,187,188,189,190,143,192,193,194,195,196,197,198,199,216,201,202,203,204,205,206,207,208,209,210,211,212,213,214,215,216,217,218,211,220,205,222,255,226,225,230,227,228,229,226,231,232,232,234,203,237,253,238,239,112,249,242,243,244,244,246,247,248,253,250,251,252,253,254,255,0,1,2,3,4,5,6,7,1,9,10,11,12,29,14,15,16,17,18,19,20,20,22,23,24,9,26,27,28,29,30,31,32,33,34,34,36,37,38,39,32,41,170,43,44,45,44,47,48,49,50,35,52,53,182,55,56,57,26,59,60,57,62,63,72,1,66,67,70,69,70,71,72,9,74,73,76,77,76,78,80,81,82,83,84,85,86,87,88,81,82,91,92,93,94,95,64,97,98,99,100,101,198,103,104,105,74,43,108,109,110,111,112,113,114,115,116,117,118,119,124,121,122,115,124,125,94,127,128,128,130,131,132,133,134,135,136,169,138,139,140,141,142,143,144,145,146,211,156,149,150,151,144,153,154,154,156,157,148,159,160,33,162,163,164,165,166,167,168,137,170,139,172,165,174,175,144,177,178,179,180,181,182,183,184,185,186,187,188,189,190,191,192,193,194,195,196,213,198,199,192,201,202,203,196,205,207,207,208,209,210,211,212,221,212,215,216,217,218,219,220,221,220,223,224,227,98,227,228,229,230,167,233,233,234,235,236,237,238,239,240,241,242,243,220,213,246,247,248,249,250,251,252,253,238,255,0,1,2,131,4,5,6,7,8,9,10,3,12,13,14,15,16,17,18,19,20,21,22,15,24,25,26,19,24,29,22,30]
CFO=6918.701306875731,STO=5
EsN0dB=10.57,GRXdB=40,N0=0.0005011872272007167
packet_number=80,correct=False,payload=[241,245,121,250,2,6,14,14,18,22,90,30,34,38,42,46,50,54,58,62,66,70,74,78,82,86,90,126,98,102,106,110,114,118,122,126,130,134,138,159,146,150,158,158,162,166,162,174,178,180,184,188,192,196,232,204,208,212,200,220,224,228,232,236,240,244,248,253,1,5,9,13,17,53,25,29,161,37,41,45,49,53,25,61,1,69,73,205,81,85,89,93,225,101,105,109,113,117,121,125,129,133,137,141,145,149,157,157,169,133,169,173,177,181,185,189,193,197,201,205,209,213,217,221,225,245,233,237,241,245,121,250,2,6,14,14,18,22,90,30,34,38,42,46,50,54,58,62,66,70,74,78,82,86,90,126,98,102,106,110,114,118,122,126,130,134,138,159,146,150,158,158,162,166,162,174,178,182,186,190,194,198,202,206,210,214,218,222,226,230,234,238,242,246,250,255,3,7,11,47,19,23,27,95,99,39,41,47,51,55,59,63,67,71,75,95,83,87,91,95,103,103,106,111,115,119,91,127,147,135,139,143,147,151,155,159,163,167,171,175,179,183,251,181,195,199,203,207,211,215,218,223,227,231,235,235,243,247,251,252,0,4,8,12,16,20,24,28,32,36,40,44,48,20,56,60,64,68,72,76,80,84,88,92,96,100,104,108,112,118,120,124,128,132,136,140,148,148,152,156,160,164,168,172,176,180,184,188,192,196,200,204,208,212,217,220,224,228,232,236,240,180,248,253,1,5,9,13,17,21,25,29,35,37,41,45,51,117,57,61,67,69,73,75,83,117,89,93,97,101,123,109,113,117,121,125,129,133,137,141,145,149,209,157,33,167,169,173,177,181,185,189,193,199,201,205,209,213,209,221,225,229,233,237,209,245,249,254,2,6,42,14,2,22,26,30,98,38,42,46,50,22,58,63,66,70,202,78,82,86,90,92,98,102,122,110,114,116,122,126,130,134,138,142,146,214,154,158,162,182,170,174,178,182,186,190,194,198,202,206,210,214,222,220,226,230,234,238,250,246,250,255,131,3,11,15,23,23,27,31,35,39,43,175,19,55,59,63,67,71,75,79,81,87,123,95,99,119,106,111,115,119,123,127,131,135,139,143,147,151,153,159,163,167,171,175,179,183,187,191,195,199,203,207,211,151,219,222,163,231,235,239,243,247,251,252,0,4,8,12,16,20,25,24,32,36,40,44,48,52,56,44,64,68,72,76,80,84,90,92,96,100,72,108,112,116,88,124,128,133,136,140,144,148,156,190,164,228,168,172,176,180,184,188,192,197,200,204,208,214,216,220,224,228,232,236,240,244,248,253,1,5,9,13,17,29,25,29,33,37,41,45,49,117,185,61,65,69,75,77,81,85,89,93,97,101,105,109,113,117,121,125,129,165,153,205,145,149,153,29,161,165,169,237,177,181,185,189,193,197,217,205,209,213,219,221,225,229,235,237,241,229,249,254,2,6,10,14,82,22,26,30,34,38,42,46,50,54,58,62,66,86,74,78,83,86,90,94,98,102,106,110,114,118,122,126,130,135,138,142,150,150,154,158,162,166,168,174,178,182,186,190,194,198,202,206,210,214,218,222,226,230,234,238,242,246,250,255,3,7,27,15,19,23,27,31,35,39,43,47,51,55,59,63,67,71,11,79,87,87,123,94,115,103,107,111,115,119,127,127,130,135,139,143,147,151,155,159,163,167,175,175,179,183,187,191,195,199,203,79,219,214,219,223,235,231,235,239,227,151,251,236,0,4,8,14,16,20,24,28,32,36,40,44,16,52,56,60,64,68,72,76,81,84,88,92,96,100,104,100]
CFO=7822.341025892726,STO=6
EsN0dB=10.55,GRXdB=40,N0=0.0005011872272007167
packet_number=81,correct=False,payload=[0,1,0,83,4,5,6,5,9,9,10,11,12,13,14,15,16,17,18,19,20,21,22,23,28,89,26,27,28,29,30,31,32,33,34,35,36,37,38,39,40,41,42,43,44,45,38,47,48,49,50,51,36,53,54,55,56,57,58,59,60,61,62,63,64,65,70,3,68,69,70,71,72,73,74,75,76,77,78,207,80,81,82,83,84,85,86,87,88,217,218,91,92,93,94,95,96,97,98,99,100,101,102,103,104,105,106,75,108,109,110,111,112,113,114,115,116,117,118,117,120,121,122,187,124,125,126,127,128,129,146,135,148,135,134,135,136,137,142,139,140,173,206,143,144,145,146,147,148,149,150,151,152,137,154,219,156,157,158,159,160,161,162,163,164,161,166,167,168,169,170,179,172,173,174,175,48,177,178,179,180,181,182,183,184,185,187,187,184,253,190,191,192,193,195,195,197,197,215,199,192,201,206,139,205,205,206,207,208,209,86,211,212,213,87,215,216,217,218,219,220,221,222,223,224,225,226,231,228,229,230,231,232,233,234,243,236,237,238,239,240,241,242,243,244,245,182,247,248,249,250,251,252,253,254,255,8,1,2,3,4,5,22,7,8,137,10,11,12,13,14,7,16,17,22,19,20,21,22,23,24,25,26,27,28,21,30,31,40,33,34,35,36,37,6,39,40,105,42,43,44,109,44,46,48,49,50,51,52,53,54,55,56,57,58,59,60,61,62,63,64,65,98,66,68,69,70,71,72,73,74,75,76,205,110,77,80,81,82,83,69,85,86,86,88,125,218,91,124,93,94,95,96,97,98,99,100,101,102,103,104,105,106,235,236,125,46,111,113,121,114,115,116,117,118,118,120,121,122,123,124,125,126,127,128,145,130,131,132,197,134,135,136,137,138,139,140,141,142,143,144,145,146,147,148,149,150,151,152,145,154,155,156,157,30,223,160,161,162,163,164,165,166,167,168,136,170,171,236,45,174,175,176,177,178,177,180,181,182,183,186,185,186,187,188,189,190,191,192,193,194,195,196,205,199,199,200,201,202,251,76,205,78,207,208,209,194,211,212,212,210,215,216,217,218,251,220,221,220,223,224,225,226,227,228,229,230,231,232,233,234,235,236,237,238,239,241,241,242,243,244,245,246,247,248,249,250,251,253,253,254,255,0,1,66,7,4,5,6,7,40,9,10,11,12,13,14,15,16,17,18,19,20,21,22,23,24,25,26,27,28,29,30,159,32,33,34,35,36,37,38,39,40,57,106,43,36,45,38,47,52,49,50,51,52,53,54,55,56,57,58,59,44,61,62,63,64,113,66,71,68,69,70,71,64,73,74,75,76,93,78,95,80,81,82,81,84,85,86,87,88,89,90,91,92,93,94,95,96,97,70,99,100,101,102,103,104,105,106,107,108,105,110,111,112,113,114,115,116,117,118,119,104,121,122,123,124,125,126,127,128,129,130,131,132,135,134,135,136,137,138,139,141,141,142,143,144,145,146,211,20,149,134,149,136,153,154,155,156,157,158,159,160,161,162,163,164,167,38,167,168,169,170,171,172,133,174,175,176,177,178,179,180,181,182,183,184,185,186,187,188,191,190,255,192,193,194,195,196,197,230,199,200,201,202,202,204,77,206,239,144,241,146,211,212,213,214,215,216,153,218,219,220,221,214,223,224,225,162,227,228,229,246,227,232,233,234,235,236,237,238,231,240,241,114,243,236,245,247,243,248,249,250,251,236,253,254,255,0,1,2,3,4,5,6,7,8,9,10,43,13,13,14,15,16,17,18,27,20,21,22,23,24,25,26,27,29,29,30,31]
CFO=9104.178279945867,STO=3
EsN0dB=9.66,GRXdB=40,N0=0.000630957365501672
packet_number=82,correct=False,payload=[0,1,98,3,4,5,6,7,136,9,10,11,12,15,15,15,144,25,2,19,20,5,22,23,18,25,26,27,28,31,30,31,32,33,34,35,36,37,4,34,40,9,43,42,40,37,34,63,48,17,62,51,52,53,54,55,120,57,58,59,124,60,62,63,80,193,66,67,68,69,70,86,138,72,74,75,78,69,76,39,80,65,210,19,100,85,86,87,72,121,90,27,88,93,94,95,96,97,98,99,100,101,102,103,40,105,74,99,76,125,111,127,112,112,114,115,116,117,114,118,120,113,58,59,94,124,126,63,128,128,130,195,132,132,134,151,136,139,138,139,140,143,142,207,144,145,146,147,148,149,151,145,152,153,154,155,140,157,158,159,160,224,166,163,164,161,162,162,168,168,168,139,172,172,174,207,176,177,179,177,148,181,182,183,188,57,154,185,188,190,190,191,192,193,194,195,196,197,206,195,192,201,206,137,140,205,206,142,208,209,210,19,212,213,86,215,216,217,210,219,220,157,206,223,224,225,226,227,228,229,230,231,234,233,234,235,236,237,230,239,240,241,242,115,244,247,246,247,248,249,242,250,252,253,175,191,0,0,2,3,0,5,4,7,8,9,11,10,12,13,12,13,16,25,82,19,148,21,22,23,24,29,11,31,28,21,30,31,32,1,34,35,36,37,34,39,48,41,42,43,44,45,46,47,48,48,34,51,52,53,55,183,56,25,59,59,60,61,62,62,80,65,64,99,68,69,70,71,72,77,2,75,76,9,110,79,66,65,66,89,16,84,86,23,88,89,91,91,221,93,126,95,233,33,99,99,100,37,118,99,104,105,122,99,108,77,46,111,112,81,114,121,116,117,126,53,56,121,122,121,124,125,126,111,128,128,130,131,128,133,134,131,136,9,10,155,140,13,142,135,144,145,144,131,144,149,150,23,128,153,154,155,156,29,158,30,160,131,162,131,160,165,166,39,168,169,234,163,140,173,174,175,176,177,178,179,180,181,182,191,184,251,250,187,188,189,190,55,192,193,194,193,196,196,194,231,200,201,202,203,140,205,198,175,208,145,208,215,196,149,212,215,216,201,218,219,220,221,94,223,160,225,226,227,228,229,230,231,232,233,234,235,244,237,238,111,240,177,122,227,180,245,246,247,248,249,250,126,252,189,126,191,0,1,2,3,7,5,6,7,8,9,10,75,12,13,6,15,0,17,146,51,20,17,6,23,24,25,26,27,28,29,30,95,128,32,34,35,36,37,38,39,40,41,40,43,172,45,46,39,48,48,50,51,52,53,60,54,62,57,58,59,188,61,62,31,64,64,66,65,68,103,70,67,12,72,74,75,76,205,78,79,112,89,114,99,84,87,87,71,88,25,90,83,92,29,18,95,96,97,98,99,96,97,102,103,44,233,106,106,108,45,110,111,112,113,114,243,54,117,102,118,120,121,122,107,124,125,95,111,128,129,130,131,132,129,134,135,160,137,138,155,140,229,142,143,144,145,146,147,148,149,150,151,152,153,154,155,28,157,158,159,160,163,160,163,160,177,166,167,168,169,170,43,172,173,174,175,176,177,178,131,180,181,182,183,184,187,186,187,252,189,190,191,192,193,194,195,196,196,199,199,200,201,194,203,204,205,238,205,192,81,130,210,196,197,198,215,216,217,154,219,220,221,222,223,193,225,226,227,228,229,246,247,232,233,234,235,108,237,238,239,240,241,242,243,244,253,244,243,216,248,250,251,244,253,126,223,0,1,2,11,4,69,6,7,72,9,26,11,12,13,142,7,16,17,18,19,20,17,22,23,24,25,26,27,28,28,22,31]
CFO=7883.652883023515,STO=1
EsN0dB=9.74,GRXdB=40,N0=0.000630957365501672
packet_number=83,correct=False,payload=[0,0,128,224,128,64,128,130,1,74,67,197,3,65,195,198,6,70,0,240,3,37,133,230,2,67,7,131,133,231,199,204,8,29,140,68,141,69,193,229,0,64,202,225,7,13,201,230,140,46,70,204,15,164,133,239,6,78,78,199,15,135,203,224,16,120,128,97,145,161,200,249,3,35,147,251,131,67,147,212,16,82,80,244,159,230,220,215,18,14,2,203,23,39,159,201,8,104,200,217,156,249,216,248,9,78,153,107,15,9,219,220,28,78,220,94,28,84,142,222,30,79,79,207,159,159,141,224,32,104,240,97,5,48,224,242,3,99,192,97,3,225,225,228,36,100,240,119,3,102,130,230,22,39,167,247,55,34,231,236,56,58,60,97,53,228,237,224,10,110,139,241,11,111,239,238,28,126,188,119,44,126,237,247,46,102,159,239,23,247,191,248,48,112,48,112,56,249,217,242,57,115,217,115,19,185,177,176,54,116,20,246,16,120,237,255,22,119,122,247,183,247,155,252,56,56,244,249,189,124,252,249,25,120,59,249,61,59,219,254,30,124,188,254,156,125,191,254,26,126,62,127,63,255,253,192,0,64,196,225,0,160,129,193,34,66,130,195,3,67,193,196,6,36,128,132,13,102,129,70,35,2,134,67,131,195,199,200,4,76,196,70,145,97,136,233,2,40,141,199,99,235,131,206,4,4,78,109,12,205,141,206,14,78,199,111,7,15,135,176,28,24,192,241,24,49,145,216,56,83,16,80,80,35,211,208,100,92,68,117,164,119,12,206,19,46,6,31,147,103,155,216,20,24,92,253,9,29,156,235,20,42,12,203,31,109,187,250,28,124,220,76,149,31,143,222,15,12,14,223,27,79,159,224,112,32,128,241,32,169,208,224,17,115,196,195,3,81,179,228,36,40,64,96,37,230,177,230,35,54,166,103,71,115,150,244,44,56,160,233,57,73,193,105,14,62,119,106,47,106,171,252,52,62,236,115,39,108,189,230,71,126,175,239,47,39,173,240,56,48,56,113,49,49,157,250,58,114,16,243,19,115,155,254,18,52,214,253,182,62,245,254,124,54,158,127,167,119,215,248,24,120,168,249,57,125,249,254,58,63,26,241,159,123,189,254,44,62,156,61,188,62,252,254,30,126,62,127,63,255,190,224,0,0,64,225,0,1,193,203,2,97,2,193,131,35,131,196,6,4,132,226,133,35,133,198,151,67,6,231,3,7,135,236,8,12,136,229,13,137,137,233,10,42,203,105,15,115,195,238,4,5,68,229,133,108,133,238,14,78,135,199,15,111,199,240,0,80,216,248,17,89,201,239,10,105,210,215,19,107,139,150,20,86,8,213,29,87,144,218,26,18,199,199,149,243,223,216,24,72,72,93,137,169,153,223,28,88,147,75,30,139,173,220,28,60,220,95,159,191,141,190,31,30,206,127,31,31,203,240,48,112,128,97,49,96,160,211,35,114,0,227,129,103,179,230,36,38,144,101,149,112,229,243,183,51,163,227,7,246,231,232,84,104,236,105,8,169,173,232,62,35,160,103,33,227,175,238,62,108,180,231,55,173,175,238,47,71,38,231,159,247,239,208,120,48,176,241,49,57,177,242,50,120,146,243,19,115,185,242,58,112,52,244,49,245,169,242,26,62,182,231,63,255,183,252,56,120,184,249,57,124,152,250,186,51,184,251,63,123,253,254,28,124,28,125,191,124,157,251,60,126,186,255,191,111,191,192,0,0,128,216,1,67,193,195,2,66,131,3,1,65,199,198,2,64,196,201,4,64,133,199,7,98,7,115,7,67,195,206]
CFO=8657.476319127956,STO=6
EsN0dB=9.83,GRXdB=40,N0=0.000630957365501672
packet_number=84,correct=False,payload=[0,1,2,3,4,5,38,7,8,9,10,11,8,13,14,15,16,17,18,19,84,21,22,23,24,25,26,27,28,29,60,27,0,33,34,35,36,37,38,39,40,105,42,43,44,175,47,15,48,49,50,35,52,53,54,55,56,59,50,59,52,53,62,63,66,65,66,75,68,65,70,71,8,73,74,75,76,77,76,79,208,81,82,81,84,85,86,93,216,88,90,91,92,93,90,95,40,65,98,99,100,101,98,103,104,107,106,235,124,109,110,107,112,113,114,115,52,117,126,119,120,125,126,123,124,127,127,119,128,133,3,131,132,133,134,135,136,137,138,139,132,141,142,141,144,145,146,155,148,149,150,151,152,153,154,155,156,141,158,159,160,161,162,163,164,165,166,165,168,169,170,171,172,173,174,175,176,177,178,177,180,181,182,183,184,145,187,187,188,189,255,191,192,193,194,195,196,129,70,199,200,201,202,203,200,205,198,207,208,209,210,211,212,213,214,215,216,217,218,219,204,221,222,223,224,225,226,227,236,229,230,231,232,235,232,79,236,205,238,239,240,241,242,242,212,245,247,247,248,249,250,251,236,253,254,251,64,1,2,2,4,37,6,135,8,73,10,3,12,13,14,14,16,17,18,19,20,21,6,23,24,9,26,155,28,29,30,31,32,33,35,35,36,37,38,7,40,41,42,43,44,45,46,111,48,49,50,51,52,53,54,55,56,57,58,59,60,61,62,63,64,65,66,67,68,65,6,199,72,9,74,75,76,77,74,207,80,81,80,115,84,21,94,86,88,89,90,26,124,93,94,87,96,97,102,99,100,101,102,103,104,105,106,106,108,109,110,111,112,113,114,99,116,117,118,119,120,125,90,123,124,125,58,127,0,129,130,131,164,133,206,135,200,137,138,139,140,141,142,139,144,144,146,147,148,149,150,151,152,153,26,155,156,155,158,159,32,161,162,163,166,165,164,167,40,169,170,171,172,173,142,175,176,181,178,179,150,181,182,183,184,185,186,185,188,181,190,191,68,193,195,195,196,197,198,199,200,201,194,203,204,201,206,207,208,209,208,211,212,213,214,215,216,217,218,219,221,221,214,223,224,225,230,227,228,229,230,231,232,233,234,235,236,173,234,237,240,241,242,243,244,245,246,247,248,219,234,251,252,253,254,253,0,1,130,35,68,5,6,7,8,0,10,11,28,13,14,15,16,25,18,3,20,21,22,23,24,57,26,27,28,29,30,31,40,33,42,35,36,101,38,39,40,41,42,43,44,45,40,47,48,49,50,51,52,53,54,55,56,57,42,59,60,61,62,63,64,129,66,64,68,69,78,71,72,88,74,75,76,77,78,95,80,81,80,83,84,213,118,87,88,89,90,91,92,93,94,95,96,97,98,67,36,101,102,103,104,107,106,107,108,109,108,111,112,113,98,115,52,117,118,119,120,121,122,123,124,125,126,127,128,137,130,131,132,133,134,135,136,137,142,139,140,140,142,143,16,145,146,147,144,149,150,151,152,145,154,155,156,29,158,191,160,161,162,161,164,133,166,167,172,169,170,171,172,173,174,175,176,177,180,179,180,181,182,167,184,185,186,187,188,189,190,191,192,193,194,194,196,199,198,199,200,201,202,203,204,205,206,205,208,193,210,211,220,85,214,215,216,217,210,219,220,221,222,223,224,224,226,243,228,229,228,231,232,233,234,235,236,237,238,207,240,241,242,243,244,245,246,183,248,113,248,251,252,253,246,253,0,1,130,3,4,5,70,39,8,9,10,11,13,13,14,15,16,17,18,19,20,21,22,23,8,25,26,27,28,13,30,31]
CFO=8402.954062894354,STO=5
EsN0dB=9.97,GRXdB=40,N0=0.000630957365501672
packet_number=85,correct=False,payload=[0,9,34,7,4,1,6,7,8,9,10,10,12,13,14,15,16,17,82,17,20,21,22,23,16,25,26,59,28,29,30,31,32,33,34,35,36,37,38,39,104,41,42,43,44,45,110,47,48,179,50,51,52,53,54,55,58,57,58,59,44,61,62,62,64,65,66,67,76,69,70,71,72,73,74,75,72,77,78,95,112,81,82,83,84,21,86,87,88,89,90,91,92,92,94,95,116,97,98,99,100,101,102,103,104,105,106,107,108,109,110,111,112,113,114,113,124,117,118,119,112,121,126,123,124,125,254,127,128,145,130,131,132,133,134,135,136,137,138,139,140,141,134,143,144,17,146,147,148,149,148,23,24,153,154,155,152,157,158,159,160,161,162,195,164,173,166,39,168,169,40,171,188,173,174,173,176,177,178,179,180,181,182,183,184,184,186,187,188,189,158,191,194,233,194,195,196,197,198,103,200,203,202,203,204,205,206,203,210,209,210,211,212,85,214,215,88,217,216,219,220,221,220,223,224,225,226,227,228,229,230,231,232,233,234,139,76,237,238,239,240,241,242,243,244,245,246,215,248,249,250,251,252,253,254,223,0,17,2,3,4,5,14,7,72,9,10,11,12,13,14,31,16,17,18,21,20,21,22,23,24,25,18,27,28,29,30,31,32,33,34,35,36,45,38,39,40,41,42,42,44,165,46,43,48,49,50,51,52,53,54,55,56,57,42,59,60,125,46,63,64,65,66,67,68,69,70,71,73,73,74,75,78,77,204,79,80,81,82,83,84,85,86,23,24,89,90,91,76,93,94,95,96,97,98,99,100,101,118,103,104,105,107,98,100,109,110,47,112,113,114,115,116,117,118,117,56,121,122,121,124,95,126,127,192,161,130,131,132,133,134,135,136,137,138,139,140,141,142,143,144,145,210,147,20,149,150,149,144,152,154,155,156,157,159,159,160,161,130,163,164,164,166,39,168,41,168,171,172,45,175,190,160,185,178,179,180,53,182,247,184,185,186,187,188,189,182,191,192,193,130,195,204,197,214,199,200,201,202,203,204,205,142,207,208,209,208,83,212,209,214,215,216,217,218,219,220,221,94,223,192,225,226,225,228,197,230,231,232,233,234,235,236,109,238,175,240,209,242,243,116,245,244,231,248,249,250,251,252,237,254,237,2,1,6,3,4,7,6,7,8,9,74,11,12,13,14,47,24,17,18,19,20,113,22,23,25,25,26,27,28,29,30,31,2,33,34,35,36,37,38,55,40,41,42,43,44,45,46,45,48,49,50,51,52,53,54,183,56,57,58,43,60,61,60,191,64,65,66,67,68,69,70,71,8,73,74,75,77,205,78,199,208,65,82,83,84,85,215,87,72,89,26,91,92,93,94,95,96,97,98,33,108,103,102,103,72,105,106,107,44,109,110,127,112,97,114,115,100,117,118,119,120,121,122,123,124,125,126,127,128,129,130,131,132,133,134,132,136,137,10,153,140,141,142,143,208,145,147,147,148,213,150,151,152,157,154,219,156,157,158,175,160,129,162,35,164,165,166,167,168,171,170,171,164,141,170,175,176,177,178,179,180,181,178,179,184,185,58,187,188,189,62,191,192,193,194,195,196,197,198,199,200,201,194,203,204,205,252,207,208,209,210,209,212,213,215,215,216,221,218,219,220,221,222,223,224,224,226,227,228,237,214,231,232,233,106,233,236,205,230,236,240,241,96,115,244,213,118,247,248,249,250,187,244,237,254,255,64,1,2,3,4,5,2,7,8,9,10,43,12,13,14,79,16,1,18,19,148,21,22,23,0,89,26,27,148,31,30,31]
CFO=7695.616352216986,STO=4
EsN0dB=9.78,GRXdB=40,N0=0.000630957365501672
packet_number=86,correct=False,payload=[0,1,2,35,20,5,6,7,8,25,14,11,12,13,14,15,16,17,18,19,20,149,22,31,8,25,26,27,28,29,46,63,34,33,43,35,36,37,38,37,40,41,42,41,236,45,46,47,48,49,54,50,53,53,54,183,60,61,58,59,60,61,62,127,64,65,66,67,84,69,70,71,72,73,74,75,72,77,94,79,80,17,82,83,84,85,86,87,88,81,90,91,92,125,94,94,96,97,98,99,100,101,102,103,104,233,106,107,124,109,110,111,112,113,114,115,116,117,86,119,120,121,122,123,124,125,254,127,152,129,130,130,132,149,132,135,136,9,138,169,140,141,142,143,144,145,146,147,148,149,150,151,152,155,154,155,156,157,158,159,160,161,162,161,164,165,38,167,168,169,170,171,172,236,174,167,241,145,178,179,182,181,182,183,152,121,186,59,188,189,190,247,192,193,194,195,68,197,206,195,200,203,200,203,204,205,206,203,80,209,211,211,212,245,214,215,152,221,218,219,220,221,222,223,224,193,162,227,228,229,230,229,234,249,106,235,236,237,238,239,240,241,178,242,116,245,246,247,252,249,250,251,252,253,254,255,0,1,2,3,4,5,134,7,136,33,10,11,12,13,14,15,16,17,146,19,20,21,22,23,24,25,26,27,28,29,28,61,32,35,34,35,37,36,38,39,41,43,42,43,44,45,46,47,48,49,50,51,52,53,118,55,56,57,58,35,60,125,62,62,66,64,66,67,69,69,206,71,8,73,74,75,72,77,78,79,80,64,82,83,84,213,86,87,88,89,90,91,92,93,94,223,64,97,98,99,100,101,102,103,104,225,106,107,108,109,110,111,112,113,114,115,116,117,118,119,120,121,122,126,124,127,126,127,128,128,130,131,228,133,134,133,136,137,138,139,140,141,142,143,208,145,150,179,148,159,134,214,144,153,154,155,156,157,158,159,160,161,162,163,164,149,166,167,168,169,170,171,172,173,174,175,176,177,178,178,180,181,182,245,184,185,186,187,252,189,190,191,192,193,194,195,196,197,198,229,200,205,202,201,204,205,206,207,208,145,242,211,212,213,215,215,216,217,208,219,204,221,222,223,224,225,226,227,229,229,230,231,232,169,234,235,236,173,238,111,244,241,242,243,240,245,182,247,248,121,250,251,252,253,254,255,64,1,2,3,4,5,6,7,72,9,10,11,12,13,46,15,16,49,22,19,20,21,20,23,152,25,26,27,28,29,30,31,32,33,34,39,36,37,102,39,40,43,42,43,12,45,174,47,48,49,50,51,52,53,51,55,56,57,56,59,60,61,62,63,66,65,66,67,100,71,70,71,72,73,74,75,76,77,79,79,80,81,82,83,84,85,214,86,216,81,90,91,28,89,94,95,224,97,98,107,100,100,102,103,104,105,106,106,44,105,110,111,112,113,114,115,116,245,118,119,120,121,122,123,124,125,126,127,128,129,130,131,132,133,198,135,128,137,136,139,12,157,142,143,144,145,178,147,148,149,151,151,152,157,154,155,184,157,190,155,166,160,130,227,164,165,166,135,40,185,170,171,172,189,174,175,240,177,178,179,180,181,182,183,56,185,186,187,184,185,190,191,224,193,202,203,196,197,214,199,200,201,194,217,204,205,206,199,208,217,210,151,212,213,198,151,152,217,218,219,212,217,222,95,234,205,226,227,228,229,228,231,232,233,250,235,204,229,238,239,240,241,242,243,244,245,246,245,248,249,250,251,252,253,238,251,16,1,2,135,12,5,4,7,8,9,10,3,13,13,14,15,16,17,18,19,20,5,22,23,24,25,26,27,29,29,30,31]
CFO=8015.779097967873,STO=3
EsN0dB=9.77,GRXdB=40,N0=0.000630957365501672
packet_number=87,correct=False,payload=[0,1,2,3,4,133,6,7,8,9,11,11,76,13,14,14,25,17,22,19,20,21,18,23,24,25,26,19,28,8,14,31,32,33,2,35,36,37,38,39,41,41,42,43,36,45,38,47,48,56,50,51,52,53,54,53,184,49,62,59,60,61,62,29,2,65,194,3,68,69,198,71,72,201,66,75,77,77,78,79,80,81,82,83,80,85,86,83,88,89,90,91,92,93,222,95,96,97,114,99,102,101,102,99,104,41,234,111,124,77,110,103,112,113,114,179,116,53,118,119,88,121,123,121,124,115,126,63,128,129,130,131,128,133,135,135,136,137,138,139,140,137,142,207,145,144,144,147,148,149,150,151,152,153,154,155,222,221,158,159,176,161,162,163,164,133,230,167,168,169,170,171,236,141,142,175,176,176,162,177,180,181,182,183,176,169,186,179,188,189,190,191,200,193,194,195,197,199,199,71,200,203,202,203,206,204,198,207,144,209,210,211,196,213,214,151,216,217,218,219,220,213,206,223,224,233,226,227,228,229,226,231,232,233,234,239,236,237,230,239,240,241,242,243,244,245,246,119,240,189,250,251,248,253,254,223,0,1,10,3,4,5,134,39,8,13,10,143,12,13,14,15,16,25,18,19,20,21,22,23,20,25,26,27,29,31,30,31,32,33,34,35,36,37,46,39,104,121,42,43,44,45,42,111,32,49,51,51,53,53,54,55,58,57,58,59,60,61,46,63,0,65,70,67,84,69,38,7,72,73,79,75,76,77,78,111,80,81,82,83,212,93,86,87,88,89,218,91,92,93,14,95,96,65,98,67,100,101,102,103,96,105,122,107,108,125,110,111,112,113,112,115,52,117,102,119,120,121,122,127,124,125,126,127,128,129,144,147,132,135,134,135,136,129,202,137,140,141,142,143,176,145,146,155,156,149,210,151,24,153,154,155,156,157,222,191,192,129,170,163,164,177,162,167,172,169,170,171,164,173,172,175,176,177,178,179,180,181,178,182,184,185,186,59,188,181,190,191,192,193,194,195,196,197,198,71,201,201,202,235,204,77,206,199,208,211,210,215,212,213,214,215,216,217,218,219,220,223,222,223,224,193,226,227,228,229,238,231,232,233,234,235,204,237,238,239,240,241,243,211,244,245,246,247,250,241,250,251,221,253,254,255,64,1,2,3,4,5,4,39,8,9,10,74,12,13,14,15,16,49,18,19,68,21,22,23,24,25,18,31,156,29,30,31,32,33,38,35,36,33,38,55,40,41,42,43,44,45,46,47,48,33,50,51,48,181,54,55,184,121,58,59,60,61,62,63,64,67,66,67,68,65,70,71,72,73,74,75,236,77,78,79,84,81,82,83,92,85,86,87,88,89,26,91,92,93,94,95,96,101,98,99,100,37,102,103,104,105,106,43,108,109,110,111,112,113,114,115,116,117,118,117,89,121,122,123,124,125,126,119,128,137,210,131,132,133,134,135,136,137,130,131,140,141,142,143,144,145,146,147,148,151,148,151,152,153,154,153,140,157,150,159,164,161,162,179,37,165,166,175,170,169,168,171,172,173,174,171,176,177,178,179,180,181,182,183,184,185,186,187,188,189,62,183,192,193,192,195,196,197,230,199,192,201,202,203,204,205,206,207,208,209,210,211,214,245,214,219,216,217,218,219,220,156,206,223,224,224,226,227,228,229,230,199,232,249,200,107,108,237,238,239,240,241,242,247,228,245,246,247,120,249,250,251,252,237,254,223,0,65,2,3,4,5,6,134,8,9,10,11,12,15,14,7,20,17,18,19,84,21,22,23,24,25,26,27,28,12,30,31]
CFO=7483.073197532191,STO=6
EsN0dB=9.08,GRXdB=40,N0=0.000630957365501672
packet_number=88,correct=False,payload=[0,144,2,3,4,13,4,6,24,73,10,11,8,29,14,15,16,1,22,51,22,5,22,53,56,25,26,29,60,63,158,27,0,113,34,103,44,36,100,7,0,25,46,59,60,173,44,111,32,113,50,62,60,52,52,127,17,121,124,121,56,127,62,63,64,67,2,19,108,69,84,69,72,91,70,91,76,93,14,79,208,81,66,115,252,103,118,231,88,91,158,242,92,223,222,91,96,96,224,98,118,109,102,79,120,79,200,74,236,65,126,239,176,113,226,115,236,103,116,86,120,120,243,119,120,125,190,63,128,128,3,7,132,5,142,151,248,153,139,11,156,143,137,143,144,25,178,135,4,157,132,135,49,185,159,151,29,191,157,31,160,51,163,163,36,161,167,39,1,25,234,203,46,175,174,31,112,177,51,103,228,255,188,183,252,249,58,51,252,173,190,191,65,17,196,215,197,133,47,15,200,209,142,203,200,141,206,159,196,144,199,215,197,213,198,223,216,185,222,223,156,141,151,191,224,193,50,227,100,237,199,255,233,227,248,231,228,249,238,239,241,241,209,234,244,247,120,247,248,249,251,243,252,255,246,239,136,3,4,7,0,5,4,71,88,8,8,10,24,11,14,15,17,17,50,23,148,0,22,54,24,1,28,31,28,61,28,29,96,0,102,35,37,41,102,110,56,105,74,40,61,56,108,63,96,51,54,54,124,101,46,55,56,57,62,59,60,58,124,63,0,3,66,3,68,132,6,67,208,25,74,15,72,205,204,111,112,97,210,115,84,79,86,71,120,19,52,75,92,251,222,255,96,98,176,99,36,111,68,103,105,105,226,123,108,77,206,111,112,80,199,115,124,103,76,119,112,241,250,90,120,45,254,126,136,1,185,3,132,141,159,5,129,9,154,143,172,141,158,143,144,17,18,227,148,149,138,23,24,177,186,219,157,159,158,31,128,163,160,103,108,133,164,131,8,9,34,171,232,253,141,111,176,177,32,179,189,181,151,247,185,177,186,251,184,252,189,191,128,195,194,131,197,195,220,143,136,64,192,203,204,203,207,223,240,211,130,211,220,145,196,199,187,217,154,207,213,145,222,223,224,225,226,195,193,229,230,231,216,169,209,203,204,221,254,237,240,225,242,243,244,237,253,239,248,249,251,243,248,253,255,254,0,7,22,3,14,5,15,7,154,17,136,3,24,77,60,143,16,17,86,18,52,17,22,6,16,19,48,19,24,57,29,63,96,97,0,35,12,98,4,78,104,1,14,43,92,13,30,31,96,113,50,51,56,115,244,247,56,57,56,58,188,235,124,61,32,66,196,2,68,197,6,215,200,8,194,154,76,207,76,78,224,32,230,230,24,229,52,71,96,25,48,83,88,248,126,95,64,226,226,195,100,206,102,111,232,106,122,78,236,239,92,207,112,97,242,119,100,247,244,247,88,121,112,255,253,120,94,127,130,1,4,3,12,141,142,143,140,13,134,151,28,157,159,31,21,129,8,147,160,221,135,142,57,185,191,149,188,157,22,47,160,129,228,101,36,197,173,207,72,33,235,195,233,249,63,159,144,183,114,183,252,183,167,87,184,185,179,243,56,125,62,63,128,193,198,131,128,143,6,230,73,217,211,203,205,223,207,143,193,131,214,179,249,135,150,159,240,185,156,155,217,221,140,223,192,195,227,227,196,229,238,239,232,235,218,219,253,197,204,239,224,245,244,243,212,183,244,183,233,217,250,250,252,221,252,255,32,2,2,3,140,5,6,7,24,2,18,10,12,46,12,31,16,17,22,19,44,23,54,55,24,0,30,50,56,190,20,62]
CFO=7005.983061050723,STO=6
EsN0dB=9.05,GRXdB=40,N0=0.000630957365501672
packet_number=89,correct=False,payload=[0,3,66,2,32,5,6,71,8,9,26,3,8,13,14,31,16,49,18,51,20,14,22,23,56,0,26,59,60,31,90,63,32,33,34,163,36,37,46,231,56,41,46,58,236,13,126,15,32,26,56,51,4,53,62,61,120,58,186,59,60,57,63,127,68,97,66,83,196,108,70,71,8,201,26,75,76,77,110,111,112,81,240,83,80,229,214,85,89,249,24,31,88,221,126,95,64,193,96,227,100,205,134,231,92,233,40,235,236,108,110,110,114,179,112,243,252,103,118,119,121,249,122,123,124,253,126,127,129,129,134,131,140,149,4,134,136,72,138,27,13,143,142,141,176,147,146,139,148,149,158,183,184,25,179,27,28,157,159,30,129,33,162,231,164,44,174,167,41,169,174,171,229,189,111,95,240,177,226,179,189,181,183,183,176,185,58,155,189,63,59,255,192,225,195,195,196,135,199,143,201,137,203,203,204,205,206,199,144,211,218,211,212,247,158,207,184,153,216,219,92,221,223,255,192,195,235,195,228,229,226,247,232,233,238,243,236,237,234,207,241,241,250,247,236,254,244,247,240,249,243,115,252,255,238,255,1,65,10,3,4,53,14,7,24,9,40,75,44,13,14,31,56,1,50,17,48,21,30,23,24,56,30,27,30,29,30,63,32,97,38,35,36,40,70,7,56,41,46,42,56,45,62,63,48,51,114,35,124,181,38,118,40,58,124,59,60,61,62,62,68,65,66,195,64,69,198,71,64,65,142,198,76,205,78,142,196,81,116,82,84,81,94,87,152,121,222,219,28,125,222,94,224,96,98,99,100,227,68,101,108,105,170,106,105,201,126,111,112,113,118,103,116,125,126,55,88,249,242,126,60,121,126,255,129,135,2,131,17,141,134,135,8,137,210,143,140,141,12,143,144,243,2,151,144,181,149,151,144,209,150,147,152,29,190,31,160,163,162,163,197,165,174,167,176,155,171,143,189,175,230,191,176,49,226,183,228,181,254,215,248,177,186,179,188,157,188,191,0,161,130,131,196,217,206,199,233,143,200,223,203,237,220,207,208,248,208,227,208,213,215,219,249,249,218,251,148,137,222,223,240,225,227,231,228,237,231,167,232,136,234,250,252,141,236,250,240,241,114,191,245,231,247,255,216,123,250,251,253,253,255,255,0,1,2,135,134,22,6,6,0,0,2,27,12,15,28,13,0,1,0,19,2,17,22,51,16,89,50,30,28,29,62,31,32,3,39,35,44,37,102,47,8,121,74,83,40,45,44,63,97,112,50,35,49,23,102,54,56,56,50,123,56,61,30,63,96,0,70,14,76,69,69,206,136,75,74,91,108,77,76,143,48,248,198,82,16,246,222,82,89,120,90,91,88,29,28,95,224,128,224,195,236,100,84,71,104,43,90,235,124,104,78,127,240,113,112,115,120,61,118,119,120,120,114,123,124,61,122,255,129,129,131,195,140,135,150,143,0,137,15,139,140,13,158,143,144,129,178,183,60,21,167,151,249,221,158,191,148,25,158,211,168,131,224,231,160,233,198,175,96,243,178,59,124,37,239,47,176,177,225,179,125,247,60,247,56,177,122,251,252,253,186,191,200,193,225,195,237,13,198,199,201,211,206,155,217,75,206,142,128,241,211,211,240,248,246,215,201,209,242,159,220,219,254,217,224,231,227,163,196,247,198,199,232,249,206,203,238,253,238,207,241,245,179,243,236,229,230,229,240,251,251,211,252,253,220,95,16,3,26,35,12,8,13,3,0,137,58,30,28,13,14,14,144,27,48,98,36,19,54,119,56,184,16,155,16,31,158,30]
CFO=7201.32077948878,STO=0
EsN0dB=9.09,GRXdB=40,N0=0.000630957365501672
packet_number=90,correct=False,payload=[216,64,4,48,92,16,40,24,28,64,72,88,44,101,52,120,92,160,140,208,153,240,12,88,24,64,228,192,252,112,124,120,124,131,156,16,157,84,155,176,60,160,108,192,189,32,20,185,60,192,132,241,220,224,220,145,88,225,236,233,248,240,224,251,253,1,12,77,25,17,55,32,127,1,33,43,123,51,47,123,176,27,130,153,158,224,95,144,124,66,253,251,76,112,115,243,247,1,132,131,159,87,55,185,25,65,225,35,187,225,97,57,61,195,193,155,203,131,227,219,223,235,207,235,201,227,243,251,252,8,10,0,30,50,15,24,30,98,38,43,94,50,6,62,60,98,78,216,78,80,126,220,222,70,110,110,206,242,254,124,127,6,134,154,159,146,151,143,157,32,238,133,92,46,183,183,62,102,142,155,204,214,198,186,158,231,236,251,108,196,229,224,254,135,7,12,15,18,23,27,191,229,98,123,47,118,39,59,126,195,135,10,31,214,54,23,29,99,231,250,207,103,246,115,127,11,134,155,95,179,63,223,159,167,167,227,207,179,39,51,155,139,207,203,207,211,191,223,255,195,231,239,255,251,245,243,248,0,8,56,28,48,16,24,60,192,4,104,76,240,60,120,56,128,68,64,8,35,124,24,88,80,108,104,76,80,108,112,124,0,141,152,29,160,0,153,157,97,173,248,45,176,241,184,252,131,133,145,136,193,201,248,153,65,204,72,201,240,245,248,249,3,13,19,15,1,57,57,56,65,48,99,120,65,45,122,125,67,76,122,217,197,214,50,221,96,230,74,237,113,245,249,123,1,7,139,141,1,173,187,187,129,225,177,237,176,239,57,191,195,204,219,93,209,203,154,155,225,233,233,243,224,243,243,236,138,6,18,22,38,30,16,62,4,108,104,15,112,100,114,62,196,246,26,174,30,76,118,62,199,204,106,252,116,252,242,255,16,26,9,143,16,150,185,63,162,182,60,157,96,255,49,124,194,207,209,157,242,254,156,253,229,197,207,141,231,252,240,254,2,7,3,14,18,31,51,62,99,39,70,79,103,111,55,63,67,78,195,15,50,254,123,222,119,79,74,110,227,238,242,255,135,15,159,159,19,255,159,159,135,47,247,127,231,63,255,95,131,135,135,199,177,223,151,183,231,139,223,247,243,247,187,252,1,12,16,149,0,56,16,28,32,112,0,124,48,105,24,60,64,96,144,124,113,124,112,248,192,64,192,236,96,232,112,121,0,136,220,140,176,141,177,28,97,229,173,137,240,120,144,61,1,221,194,201,240,245,177,217,224,209,240,255,216,96,241,249,131,7,21,10,33,60,24,25,3,44,107,58,115,39,121,59,67,206,89,156,208,16,147,120,227,98,155,80,226,234,117,121,137,137,1,27,225,153,171,29,193,129,33,43,113,245,122,127,192,197,3,221,193,149,145,253,195,205,139,255,225,253,243,254,4,46,24,6,50,62,24,28,42,78,212,110,112,102,60,110,192,222,10,94,52,245,80,188,162,196,122,76,226,116,248,125,7,134,135,29,181,26,189,189,165,140,12,173,241,55,189,60,199,75,215,255,224,205,61,191,167,196,198,253,240,254,245,253,3,6,22,30,34,31,174,63,7,119,111,30,51,111,63,63,11,15,214,78,35,63,113,126,70,110,246,222,114,111,115,127,3,135,31,15,159,183,19,159,71,71,171,207,103,127,119,63,195,207,215,207,135,167,223,254,225,239,219,223,241,239,243,252,132,12,80,16,0,24,56,56,32,40,88,92,32,120,112,124,0,68,64,200,166,184,210,152,195,102,81,204,224,232,240]
CFO=7455.953551977702,STO=7
EsN0dB=9.14,GRXdB=40,N0=0.000630957365501672
packet_number=91,correct=False,payload=[185,191,0,1,2,3,4,3,6,15,8,1,10,162,28,15,12,30,0,51,54,54,16,59,6,53,88,24,170,62,60,58,30,62,64,2,38,7,36,37,38,47,40,251,14,90,124,45,46,79,96,224,96,119,104,84,38,126,120,57,54,51,124,254,62,62,192,208,82,150,78,68,4,6,128,25,222,79,72,203,204,222,114,145,242,83,36,80,221,119,144,240,126,83,212,91,222,78,64,226,66,230,72,228,100,230,114,105,72,203,72,89,236,127,104,68,240,55,116,113,254,255,240,243,106,114,252,124,126,127,0,0,2,135,44,7,70,135,9,145,26,139,12,157,29,159,137,19,17,179,182,29,16,39,144,185,24,51,184,185,156,61,32,162,5,199,5,41,54,231,201,145,249,39,185,125,141,223,177,49,118,179,180,177,245,191,185,121,187,155,189,249,124,127,193,197,128,199,128,199,196,207,209,217,151,139,207,207,206,207,225,209,226,179,252,247,206,159,153,153,190,155,252,157,191,159,224,193,192,103,232,233,237,239,224,211,254,255,204,205,253,239,225,225,226,243,97,185,245,239,241,241,252,231,248,255,254,255,0,3,6,7,20,15,4,142,24,29,14,10,8,41,30,31,42,34,20,19,61,10,54,47,16,59,58,59,56,44,126,31,96,97,34,35,74,98,108,39,120,2,54,54,44,111,46,111,80,99,114,175,189,33,60,54,56,114,232,59,120,61,62,61,0,128,130,195,76,69,78,79,0,80,212,198,204,73,158,223,176,211,182,147,60,160,118,31,56,83,250,222,252,26,138,127,64,163,194,198,200,205,237,231,216,51,78,122,108,175,76,254,112,242,251,211,104,39,228,100,248,249,127,127,112,254,252,191,128,1,7,3,136,45,132,7,154,147,12,135,252,31,77,143,145,161,48,131,8,33,23,14,16,177,179,147,148,153,62,190,128,65,38,35,108,77,4,167,241,113,224,179,40,61,63,207,112,115,103,163,248,125,124,63,96,115,178,179,49,155,63,63,128,131,195,135,203,131,206,237,184,131,207,155,217,209,158,223,192,194,134,195,240,251,248,151,144,144,187,211,249,219,223,175,68,195,225,227,174,205,205,247,200,225,100,199,249,249,253,239,224,227,247,243,241,236,255,255,249,251,244,255,217,255,253,255,6,0,2,2,0,15,20,6,24,25,0,11,30,10,30,142,48,34,22,51,16,30,206,151,48,48,52,59,56,31,30,31,98,1,46,119,36,100,38,111,40,90,24,43,108,76,60,126,112,51,54,55,244,60,46,110,112,82,117,127,60,58,52,62,2,19,198,7,4,9,134,71,2,200,70,214,76,86,206,79,116,98,52,103,232,124,148,174,176,25,56,31,152,127,28,154,162,192,230,231,228,203,238,102,248,105,254,227,72,117,206,255,240,242,230,118,251,255,116,230,232,121,188,127,216,250,253,127,128,7,34,3,133,13,133,143,0,155,13,155,12,157,159,14,32,131,36,203,173,59,191,31,185,27,90,27,184,187,60,31,129,43,128,67,92,91,207,135,8,162,139,143,93,253,28,191,115,243,50,19,188,61,175,127,208,251,122,187,125,185,61,191,129,131,128,199,134,143,141,207,200,219,185,155,153,199,221,223,241,195,149,195,192,163,247,243,208,209,248,99,220,217,189,159,225,225,193,195,197,231,237,223,209,209,242,147,232,219,93,239,240,241,245,115,165,233,253,239,229,241,243,243,255,249,252,255,0,64,10,2,0,192,4,143,0,26,16,30,12,154,60,14,48,35,6,54,188,123,14,62,16,19,156,27,24,61]
CFO=6870.022453797312,STO=7
EsN0dB=8.09,GRXdB=40,N0=0.0007943282253108919
packet_number=92,correct=False,payload=[1,39,2,67,4,17,199,7,8,9,138,171,12,13,14,15,16,17,16,155,84,28,86,7,56,25,10,31,28,29,30,159,0,33,34,37,36,37,42,35,40,42,40,42,44,45,174,63,48,49,52,51,49,51,54,191,60,57,50,59,60,217,62,62,64,65,194,83,148,71,70,71,72,9,74,75,76,77,78,239,80,97,83,83,84,85,94,127,122,89,90,123,157,89,94,79,96,97,98,66,101,127,103,71,120,41,111,234,108,233,46,110,113,121,242,115,116,119,118,119,56,113,122,251,116,253,126,127,136,129,130,147,133,132,134,135,136,137,138,155,140,141,14,141,9,153,130,145,148,149,148,151,144,153,158,159,188,157,156,159,176,97,227,231,165,161,182,39,168,161,170,171,189,191,172,173,177,177,182,147,164,181,182,55,49,185,58,251,249,249,190,191,216,129,194,198,200,129,134,199,216,203,202,203,140,207,74,15,192,209,210,243,244,145,255,81,217,217,218,217,92,221,222,223,233,225,234,163,100,225,193,229,168,233,235,239,236,236,190,239,241,211,244,115,228,253,118,247,216,121,254,218,252,255,246,251,0,1,6,3,21,13,6,5,136,73,24,79,61,13,14,11,17,21,70,83,20,181,23,2,24,17,10,27,156,31,30,31,16,32,34,35,36,33,46,39,41,41,42,43,108,52,43,175,176,49,118,55,52,53,55,190,56,56,30,59,28,61,46,59,88,65,66,99,69,68,70,77,90,73,202,75,76,73,78,199,210,81,82,67,28,85,86,87,88,121,24,219,220,93,94,87,103,105,38,225,100,109,103,103,96,105,234,106,124,125,238,127,113,113,116,113,116,47,246,119,120,121,107,59,220,109,124,127,193,128,130,195,204,133,134,135,144,157,170,139,159,133,143,151,240,145,146,147,148,165,150,190,152,153,190,191,188,157,184,31,164,163,98,163,164,165,166,231,169,161,170,187,63,45,238,239,176,177,177,55,181,245,182,183,186,185,56,235,189,189,60,191,208,193,194,195,166,199,198,199,192,201,201,195,200,207,206,223,208,209,195,211,252,213,150,214,223,192,75,223,72,221,222,127,224,225,227,227,232,229,198,239,249,233,106,235,236,237,238,239,240,249,240,243,244,241,255,247,240,125,250,219,244,249,255,245,0,133,2,13,20,5,6,199,18,25,10,139,12,13,14,175,0,48,98,51,20,19,22,31,56,127,26,27,25,29,30,31,109,225,50,35,36,37,6,39,40,56,42,35,32,105,110,15,48,35,50,35,62,63,54,119,48,57,58,50,189,31,190,63,66,65,194,71,76,77,86,79,72,8,74,66,76,79,46,14,0,80,64,87,92,221,94,87,92,89,114,91,116,93,204,222,104,67,98,75,76,97,102,103,235,121,106,107,108,109,70,127,112,113,122,115,116,113,68,118,120,112,122,241,116,254,126,127,128,3,162,11,133,1,135,135,136,173,138,43,136,141,158,15,152,133,58,131,156,149,182,150,136,153,154,219,153,159,222,159,227,33,2,163,162,167,166,167,232,57,168,171,174,169,174,222,49,185,178,177,148,177,246,183,216,59,186,178,188,189,190,191,217,161,214,143,192,197,199,71,200,201,218,211,205,237,142,207,208,193,210,211,212,215,212,215,213,249,146,219,253,251,222,255,160,229,241,211,196,237,222,235,232,243,237,239,236,109,232,239,240,119,250,99,245,117,246,255,176,251,250,255,252,221,127,237,0,17,2,3,0,33,46,135,8,153,10,79,46,13,30,57,48,16,18,35,180,21,54,19,26,27,94,27,60,93,158,31]
CFO=9440.735851298245,STO=4
EsN0dB=8.20,GRXdB=40,N0=0.0007943282253108919
packet_number=93,correct=False,payload=[0,1,2,3,4,5,134,39,128,1,18,11,8,13,14,143,18,81,26,19,20,31,150,51,16,25,138,19,24,28,14,95,0,1,34,35,166,37,36,39,40,41,42,43,36,45,12,47,48,49,115,51,52,53,54,53,60,41,58,171,60,61,62,191,64,1,66,67,68,71,70,71,72,73,138,75,76,77,74,79,208,81,82,83,212,85,86,23,88,73,90,83,92,93,94,95,97,97,102,99,100,69,98,103,232,105,106,107,124,102,110,175,112,112,98,115,84,117,82,119,120,125,122,123,92,109,94,119,136,129,146,130,148,133,134,197,200,136,10,187,141,141,142,143,145,145,154,131,148,5,150,151,144,9,154,155,144,157,158,29,162,161,162,163,164,165,166,167,168,137,170,225,168,173,174,175,176,179,178,179,164,181,182,183,248,153,186,155,12,189,186,187,192,153,192,243,196,196,198,199,200,201,202,218,136,207,198,207,208,209,210,210,212,213,214,214,216,217,90,219,220,31,222,223,228,225,130,195,164,165,210,101,234,233,235,235,44,237,239,231,248,241,242,243,92,253,246,247,248,185,250,251,252,253,222,255,0,1,2,3,4,5,22,7,8,8,10,11,12,8,14,14,21,17,18,131,20,21,18,23,56,25,58,27,28,29,54,23,37,37,32,35,32,37,38,39,40,57,42,43,44,45,46,38,48,113,178,51,20,53,54,55,56,56,63,59,60,53,62,61,0,105,66,67,68,69,70,71,72,72,74,73,76,77,14,79,80,83,18,83,84,85,74,71,88,89,90,91,92,93,94,90,96,96,34,74,100,101,102,118,104,105,106,227,108,109,110,15,112,113,114,115,116,125,118,53,120,105,120,123,120,124,126,125,140,129,146,193,132,133,196,135,200,141,138,139,140,141,140,143,144,209,146,147,20,149,150,159,153,153,154,155,28,157,158,159,161,161,162,171,160,165,134,135,136,233,170,171,172,175,172,166,48,177,144,179,244,181,182,182,124,185,186,187,156,181,190,191,216,196,194,195,196,129,198,71,200,201,130,219,140,204,206,207,208,197,210,211,212,209,214,211,216,185,218,219,216,221,214,223,225,97,226,163,228,229,230,227,232,201,234,169,236,101,238,239,192,209,122,243,224,244,182,243,120,185,218,187,248,245,254,255,0,5,3,41,4,7,6,35,42,13,10,139,68,13,15,10,16,1,18,50,20,149,86,23,24,25,26,27,28,29,27,31,32,41,34,35,0,37,36,38,40,41,42,107,44,39,46,47,48,49,50,50,52,53,118,55,56,61,58,59,60,61,58,63,0,65,66,131,69,77,70,71,72,89,74,11,108,69,78,14,81,81,18,115,84,84,86,7,72,217,90,10,82,93,86,95,32,97,98,99,100,37,103,39,104,97,104,107,104,108,238,79,112,33,48,115,116,117,86,115,120,121,122,107,120,109,126,127,160,1,162,131,132,133,134,131,136,153,138,139,140,133,142,143,16,145,147,146,188,133,150,151,24,217,138,154,156,157,158,159,160,163,163,35,166,165,166,167,168,169,234,171,172,172,46,47,176,241,178,187,148,245,162,183,56,185,186,187,188,173,186,159,193,195,130,147,164,197,198,198,216,201,202,203,204,197,140,207,240,209,83,209,84,213,212,195,208,217,210,155,204,93,222,223,228,225,196,227,165,229,196,167,232,233,234,235,236,73,234,253,240,241,227,243,244,181,228,247,250,249,242,121,254,253,254,254,16,1,66,3,36,5,22,135,8,41,10,11,12,13,14,6,16,17,2,23,20,21,22,53,88,17,90,27,28,29,10,31]
CFO=8458.9217713183,STO=3
EsN0dB=8.17,GRXdB=40,N0=0.0007943282253108919
packet_number=94,correct=False,payload=[128,1,2,1,4,1,6,71,40,41,42,11,12,94,14,79,20,7,18,19,20,22,22,23,24,25,26,27,28,61,30,95,32,33,34,35,70,37,36,103,40,41,170,41,38,45,46,47,52,57,54,51,48,61,54,51,60,57,59,63,60,29,63,63,64,67,66,67,68,69,70,14,72,65,202,11,76,77,78,141,80,80,82,121,84,85,82,87,88,89,90,219,220,221,94,95,97,65,96,99,110,101,102,230,105,97,104,107,108,45,110,109,88,113,114,123,116,52,246,119,248,89,122,123,125,127,127,127,128,129,130,131,132,135,134,135,136,137,139,170,140,133,142,207,144,145,144,147,180,181,144,151,24,153,146,217,156,157,158,159,160,164,162,171,164,165,46,231,152,161,170,171,188,173,170,159,176,161,178,183,180,183,190,183,248,169,186,184,188,189,191,174,192,217,194,131,196,199,198,199,200,201,202,203,204,221,79,205,88,147,214,211,214,213,94,215,88,25,218,91,252,95,222,223,96,225,234,225,228,165,230,231,232,169,226,227,228,237,102,239,240,241,242,243,116,252,214,191,248,217,250,235,188,253,190,247,0,3,130,19,4,5,68,69,8,41,29,10,12,15,12,15,16,16,2,19,20,53,118,23,24,25,26,58,28,29,62,27,0,33,34,35,37,161,36,37,40,41,42,47,44,45,46,47,48,145,54,51,52,39,54,39,56,59,2,63,60,61,46,62,84,65,66,67,68,69,70,71,42,73,66,67,76,77,78,79,208,17,82,83,80,85,82,87,88,89,216,219,90,93,31,95,112,97,66,99,228,101,102,102,104,105,99,75,100,109,46,40,112,49,114,115,240,119,102,247,120,121,90,123,92,253,126,127,129,129,194,195,4,149,134,147,138,141,142,139,238,141,142,143,144,145,150,147,148,151,150,159,152,153,154,219,152,189,26,159,32,161,162,187,228,167,230,167,34,41,174,162,172,173,62,173,177,177,178,179,188,181,182,183,56,185,190,155,188,187,182,191,192,192,194,195,198,197,134,134,136,193,202,139,203,205,206,206,208,209,211,211,244,213,252,213,220,217,218,250,220,221,254,221,224,225,98,227,228,197,198,229,96,192,234,195,236,237,238,239,240,177,242,243,214,245,246,243,216,121,250,251,252,253,254,127,0,1,3,67,4,5,6,7,41,9,26,11,12,5,14,75,144,145,18,19,149,149,22,23,40,24,24,11,28,29,62,23,32,35,98,35,36,37,38,39,40,33,42,107,60,163,46,47,5,32,51,51,36,23,54,37,24,57,58,59,60,61,60,63,64,65,66,119,68,85,66,71,72,73,74,11,12,77,78,79,80,81,82,83,84,85,70,87,88,89,90,95,92,88,90,31,96,104,98,99,116,229,102,55,100,105,106,235,108,108,126,111,112,33,114,114,116,117,86,119,92,91,122,123,124,253,94,127,129,129,130,135,132,133,134,135,200,169,138,11,141,137,138,143,144,145,146,147,148,149,150,119,153,221,142,155,156,157,158,143,176,161,162,163,36,133,166,167,172,169,170,42,172,173,230,47,144,177,178,179,148,181,182,183,248,185,186,155,188,189,186,191,192,192,196,195,213,197,134,215,200,201,202,201,204,141,206,207,146,209,210,211,212,213,214,215,216,201,219,203,220,221,222,151,64,193,99,227,100,229,230,231,232,233,234,235,236,237,174,235,244,115,178,243,212,245,242,247,248,249,250,123,252,125,254,255,2,1,18,3,6,5,14,7,8,9,10,11,28,13,12,15,16,17,18,19,20,149,22,22,16,25,26,27,28,89,95,31]
CFO=9357.35536836793,STO=1
EsN0dB=8.17,GRXdB=40,N0=0.0007943282253108919
packet_number=95,correct=False,payload=[0,33,0,67,12,1,4,3,136,8,1,7,4,12,15,15,16,21,144,82,166,21,141,87,216,24,24,9,142,31,30,31,160,49,130,35,32,99,179,7,236,4,35,51,40,12,103,55,48,176,23,25,56,55,150,54,56,57,188,57,16,56,158,63,128,72,66,67,192,5,210,71,72,9,42,105,69,69,15,79,208,73,2,99,220,73,34,231,104,17,70,121,20,56,252,79,96,32,98,103,50,35,98,103,104,33,127,89,108,125,102,45,112,185,113,27,54,52,250,247,120,112,90,47,46,126,126,59,144,146,16,3,196,9,194,167,168,8,131,11,204,206,175,143,24,1,144,19,192,132,214,147,28,152,136,25,158,14,150,159,160,48,178,161,197,134,166,7,100,40,165,171,168,196,230,255,178,153,179,59,148,189,182,155,152,57,182,25,156,124,182,191,192,193,194,195,192,133,130,194,104,73,203,97,202,206,230,205,232,64,234,81,196,223,194,215,216,120,91,219,206,135,234,79,240,192,130,115,228,225,230,231,233,73,230,75,244,46,254,102,216,241,242,255,240,213,218,251,252,121,248,251,252,252,254,191,17,32,3,3,0,5,7,67,0,9,15,11,4,4,14,15,16,25,7,3,20,6,18,39,28,25,30,157,4,28,10,93,160,33,38,33,36,37,38,7,28,1,2,11,60,46,164,36,0,49,50,49,52,61,22,51,48,25,62,57,60,62,60,63,32,64,2,99,70,70,130,67,72,100,24,135,252,101,79,78,16,48,102,73,212,67,71,19,92,105,154,107,40,125,14,31,66,37,96,33,108,39,51,111,42,105,40,109,222,61,126,111,52,0,56,115,244,53,54,117,220,88,104,121,252,120,62,127,130,129,137,135,68,5,194,1,136,72,140,207,140,142,15,207,144,145,129,147,188,137,22,83,184,153,141,158,158,13,142,159,232,193,160,99,160,176,214,39,172,213,202,163,174,7,175,79,50,177,178,241,178,56,54,147,188,177,190,251,140,28,254,156,193,201,192,195,196,69,194,206,172,233,200,107,205,68,78,199,208,193,134,98,210,197,214,87,216,216,218,123,236,77,206,223,224,233,228,227,224,243,114,230,184,105,185,239,234,101,254,221,240,241,114,243,80,117,241,49,121,184,250,112,190,252,254,63,4,1,6,19,8,7,22,71,8,12,3,11,8,5,10,7,128,145,18,2,144,9,18,18,136,28,27,31,12,12,158,15,128,38,166,19,38,36,34,61,44,44,63,13,106,28,46,63,24,57,18,3,20,53,22,18,58,123,154,59,16,56,191,63,64,1,2,11,70,65,6,5,64,65,200,67,92,71,77,15,80,73,48,194,92,53,82,83,220,88,218,91,28,29,30,95,64,241,234,35,36,97,115,103,168,105,120,105,236,77,106,15,112,113,122,99,112,84,58,127,32,25,184,59,56,61,190,125,64,131,194,195,128,133,134,131,76,129,134,11,132,103,140,143,128,153,147,139,20,23,151,151,152,221,138,155,200,156,158,159,160,177,226,225,160,130,198,199,160,121,136,3,236,140,174,231,208,176,186,147,182,241,220,183,156,57,184,187,188,157,254,63,224,229,226,195,100,229,198,167,196,129,202,205,76,78,238,143,112,209,233,209,148,241,210,207,221,249,154,251,214,138,204,79,224,97,224,241,230,229,198,227,224,233,230,251,228,197,238,205,184,240,240,243,228,244,208,117,248,121,248,249,252,150,255,255,0,1,2,3,4,2,7,7,8,9,3,25,4,12,142,47,16,17,7,3,22,94,7,23,24,29,159,26,28,79,222,31]
CFO=8823.228883448624,STO=3
EsN0dB=8.00,GRXdB=40,N0=0.0007943282253108919
packet_number=96,correct=False,payload=[186,63,160,8,129,128,6,2,195,67,196,4,37,68,134,70,135,7,104,8,169,25,138,10,131,3,140,76,158,45,138,174,143,12,144,16,145,17,146,146,147,51,20,16,157,85,22,86,151,87,152,24,155,24,178,154,153,27,152,28,157,29,190,30,158,31,160,36,161,49,162,34,162,38,36,4,181,37,166,38,165,3,184,168,25,73,170,42,170,43,172,40,172,12,170,46,175,137,176,48,177,49,178,51,147,51,150,52,181,53,182,54,183,63,184,184,57,57,186,58,187,123,188,60,173,29,190,62,191,55,224,64,192,192,198,66,195,67,196,64,196,69,134,70,199,71,200,136,201,73,74,202,203,74,204,68,205,76,206,204,207,79,208,80,208,81,194,50,194,81,212,84,221,85,214,86,215,95,252,88,217,90,210,126,219,75,220,124,220,93,222,94,215,31,224,96,225,97,226,50,227,99,228,101,245,101,230,226,231,39,232,104,168,105,234,106,239,107,236,104,237,109,238,106,15,107,224,48,177,113,242,120,242,115,208,116,213,113,242,242,87,115,240,122,249,121,250,82,155,123,252,124,217,125,110,126,127,47,128,0,129,8,130,2,131,1,132,5,133,21,134,134,135,23,136,8,137,15,138,10,139,11,140,12,13,13,134,30,135,15,144,24,145,16,146,18,155,19,144,56,149,5,146,22,151,22,24,88,25,57,154,24,27,11,158,156,157,61,158,31,187,15,164,33,161,41,166,178,163,34,176,36,177,37,166,34,167,37,40,40,105,41,170,42,170,59,172,44,229,45,174,174,175,43,176,48,161,49,194,48,147,51,132,52,165,53,190,54,179,54,168,56,185,57,154,58,187,50,188,60,189,61,186,58,191,47,64,64,65,1,130,67,195,66,196,68,229,101,198,68,199,71,200,200,201,73,202,74,203,75,204,78,205,79,206,78,207,78,208,80,209,83,210,82,211,83,212,68,213,85,150,82,215,83,80,88,217,123,218,89,154,27,220,92,221,77,222,30,223,94,224,100,237,97,226,98,161,243,228,228,100,109,230,6,231,103,236,104,233,105,234,106,106,107,228,104,238,109,107,110,239,107,224,112,241,49,210,114,227,115,246,116,245,217,246,119,247,127,250,120,249,89,187,120,219,115,220,28,253,61,62,90,254,127,160,0,137,32,2,2,147,1,204,38,165,13,134,6,135,7,136,9,139,9,130,74,138,14,140,20,143,11,142,30,175,15,144,80,147,17,146,18,151,23,148,20,28,21,150,22,144,23,152,24,153,25,154,19,155,26,156,24,157,29,154,30,159,31,160,0,161,1,178,34,243,34,228,44,165,37,162,38,183,36,168,168,161,33,138,42,131,41,172,44,173,45,186,46,175,47,176,48,177,48,176,178,51,51,180,36,151,33,182,54,247,55,184,40,40,57,190,58,187,43,188,44,189,61,190,62,255,127,64,64,197,65,194,82,195,1,196,69,197,5,198,70,211,71,208,75,201,89,202,72,203,73,140,76,205,77,206,78,207,71,208,16,209,81,146,82,83,35,212,84,213,85,150,86,215,93,208,88,217,125,222,74,219,83,220,92,221,85,111,94,217,95,224,96,225,97,226,82,226,99,228,101,229,101,246,102,71,103,232,104,233,9,234,107,235,123,238,78,237,109,238,106,239,111,240,112,161,113,114,112,243,98,244,117,117,117,230,102,215,117,250,122,177,122,250,106,219,123,236,110,253,125,254,110,247,239,128,4,1,1,130,2,131,3,196,4,149,5,129,130,135,7,136,8,137,25,130,26,163,139,164,14,141,29,158,14]
CFO=8446.34283959686,STO=3
EsN0dB=7.87,GRXdB=40,N0=0.0007943282253108919
packet_number=97,correct=False,payload=[0,65,0,3,4,4,6,7,8,73,2,11,92,77,142,15,16,81,22,27,20,5,20,31,18,25,24,31,29,29,62,31,32,33,38,131,44,39,230,39,40,57,42,41,44,45,46,39,48,57,178,51,20,117,38,55,24,61,59,59,173,37,50,45,65,65,66,107,68,69,68,77,72,73,90,75,72,77,78,77,84,89,80,115,80,85,70,114,88,89,90,94,20,93,126,31,104,97,98,67,100,101,100,231,72,105,106,107,108,12,126,111,52,113,114,115,85,93,116,119,120,122,122,115,116,127,126,119,128,133,162,131,140,245,134,135,156,192,130,139,138,141,142,134,152,17,146,145,149,148,134,151,216,217,18,23,28,157,158,159,160,161,178,163,228,165,166,167,168,169,187,235,172,189,44,43,178,177,178,179,180,181,182,183,176,248,186,59,252,189,158,187,96,229,194,195,196,196,198,199,216,201,222,203,204,221,78,205,208,25,210,211,220,197,214,215,217,217,216,218,220,209,218,222,224,225,226,146,229,245,194,167,169,169,235,235,236,221,174,239,246,244,114,179,244,247,246,167,248,249,234,123,124,253,254,255,9,64,98,1,70,1,4,15,8,9,10,3,12,76,6,143,16,17,22,19,20,13,22,23,92,25,18,43,28,92,26,31,40,33,66,35,36,37,38,103,104,41,98,25,40,28,46,111,48,49,178,115,34,21,54,55,56,57,59,51,188,61,60,63,72,71,66,67,92,71,70,71,72,73,42,107,204,77,78,79,80,81,82,211,84,69,22,119,88,89,91,75,220,15,94,95,96,97,98,99,102,101,38,102,104,233,106,103,236,109,74,127,112,115,230,115,116,117,102,118,120,249,114,122,125,125,110,127,8,129,2,131,148,133,134,135,128,129,138,131,140,157,142,159,144,129,146,147,148,149,150,183,152,153,26,155,156,157,142,175,160,129,162,161,148,165,166,167,168,169,170,163,140,173,46,47,176,161,130,179,180,181,178,183,174,57,186,187,28,188,174,186,192,195,194,195,132,133,135,199,8,203,202,203,204,197,206,207,192,209,209,243,214,5,214,215,152,121,90,203,212,93,206,223,192,161,226,163,244,229,230,231,8,233,238,203,236,229,234,239,216,241,244,243,244,245,246,247,248,249,250,251,252,189,254,254,0,1,2,3,4,21,6,39,8,13,10,11,12,141,10,30,16,16,26,23,4,21,18,7,24,29,27,16,28,29,14,31,33,97,34,35,36,37,38,47,40,171,42,43,40,45,47,47,48,113,50,35,52,53,118,119,56,107,42,59,58,21,62,31,64,65,67,67,68,69,6,199,72,73,74,75,76,76,78,79,64,197,82,83,84,85,222,85,90,89,122,115,92,93,94,95,114,233,98,103,116,101,102,103,120,105,106,107,109,105,110,255,120,113,82,115,116,113,118,119,120,113,90,122,126,121,126,127,128,129,162,130,132,133,150,135,152,137,142,139,12,141,142,207,17,145,128,147,151,149,182,183,152,25,222,155,141,157,150,31,160,177,162,163,164,164,166,161,168,131,170,43,140,173,172,175,240,177,178,179,180,181,54,183,248,185,186,187,180,189,159,175,192,193,194,243,204,193,230,199,248,201,203,202,204,197,214,205,209,208,210,195,148,212,246,215,216,217,152,155,216,221,94,207,224,225,170,67,228,229,230,230,224,233,74,203,216,253,238,239,244,176,226,119,246,245,246,247,248,233,242,251,252,253,94,251,0,0,2,3,4,4,134,7,40,9,10,11,12,12,70,15,20,17,22,17,20,5,22,85,24,25,26,27,148,53,30,27]
CFO=5220.719599441408,STO=1
EsN0dB=8.00,GRXdB=40,N0=0.0007943282253108919
packet_number=98,correct=False,payload=[64,149,1,130,3,175,7,156,13,13,13,222,68,174,7,25,91,139,31,128,26,11,7,141,12,27,12,142,135,15,15,128,48,185,57,144,18,219,3,172,28,129,13,46,6,151,61,62,48,150,49,18,63,154,155,158,220,153,59,31,143,159,158,128,33,99,51,230,71,162,7,160,73,133,33,78,36,161,103,56,52,163,49,238,57,171,126,252,61,220,45,138,63,239,111,176,96,161,112,160,55,246,119,180,49,185,55,188,119,182,63,240,121,123,249,54,55,184,123,191,60,188,125,126,190,255,127,146,72,203,145,70,194,199,67,196,69,199,73,206,78,207,95,192,224,211,9,206,10,227,19,208,9,204,77,218,204,207,223,176,241,243,145,242,71,199,211,196,40,145,55,222,6,246,31,218,41,251,219,218,218,243,86,222,57,251,95,252,254,253,95,224,105,227,115,230,167,102,99,228,228,237,97,238,76,230,198,248,234,89,105,202,236,239,255,252,253,201,127,254,253,239,203,242,114,242,225,226,243,226,231,252,121,247,125,255,240,246,111,248,123,251,65,242,122,190,127,254,124,126,125,252,252,254,255,136,192,131,1,178,2,159,135,172,5,165,3,238,21,46,14,154,25,129,9,14,93,135,11,136,29,152,29,190,54,143,7,152,50,145,48,176,118,135,39,36,10,158,175,149,150,159,31,153,48,58,59,58,152,154,55,188,57,159,186,190,31,254,63,36,41,1,35,110,51,183,35,128,132,173,103,46,100,230,111,248,192,13,27,250,105,127,95,184,76,73,105,72,125,239,79,176,97,152,49,50,54,183,59,184,52,172,127,116,46,183,119,252,121,57,51,250,56,243,126,248,125,253,123,190,254,63,127,128,225,203,195,194,64,131,99,204,84,143,199,166,132,143,143,216,193,198,19,156,29,206,75,216,73,143,223,95,174,175,215,240,193,241,1,230,115,194,151,181,113,215,207,188,126,239,239,153,185,219,251,252,246,191,95,152,105,191,217,252,223,150,63,192,104,161,113,238,100,227,227,196,228,235,45,238,206,135,247,234,249,217,203,250,123,214,127,216,125,139,255,239,127,238,127,240,112,179,241,246,231,182,247,254,228,187,127,240,230,126,255,248,249,249,251,251,251,182,243,252,252,254,253,255,63,255,127,144,65,131,106,142,1,7,151,204,13,142,3,14,14,142,151,0,25,163,9,143,96,138,67,26,25,140,31,222,141,95,30,144,1,19,23,166,82,51,39,173,20,29,41,28,62,94,181,176,81,181,49,156,30,240,19,188,124,31,30,60,110,126,63,161,48,67,65,166,4,7,239,136,63,45,35,76,79,143,159,235,10,127,41,124,119,234,95,121,45,124,41,78,110,110,47,96,32,32,226,228,55,167,183,248,125,236,47,158,118,54,47,124,88,178,121,240,57,235,119,249,61,125,123,62,126,60,125,224,81,129,131,142,202,213,199,200,12,207,109,141,124,199,15,200,137,243,205,153,89,215,111,188,221,202,205,143,95,207,207,178,144,179,55,228,49,150,115,184,161,222,201,140,174,126,55,177,59,187,155,209,23,91,191,240,60,223,187,223,126,190,127,192,96,194,226,164,96,227,102,232,239,226,231,234,231,231,239,240,241,193,75,202,153,203,247,208,252,253,236,206,108,255,255,241,113,247,241,244,230,247,225,245,253,242,238,254,119,239,119,244,248,251,251,246,117,251,255,252,248,189,125,252,127,255,255,128,73,3,35,0,3,2,3,16,5,193,15,14,46,15,35,216,11,128,17,148,181,150,27,156,25,23,29,30,28,174,175,10]
CFO=7840.580476888815,STO=3
EsN0dB=7.99,GRXdB=40,N0=0.0007943282253108919
packet_number=99,correct=False,payload=[0,33,2,3,22,5,134,7,168,40,138,11,12,77,142,41,16,81,35,27,21,117,22,23,16,25,26,27,156,20,30,31,100,33,34,35,36,37,47,167,40,105,42,43,44,41,46,47,49,48,59,43,52,39,55,23,42,57,26,58,60,61,46,47,64,100,66,67,68,69,68,71,8,25,74,75,76,77,78,77,80,80,82,65,212,213,102,87,88,83,94,91,94,93,94,123,96,97,98,99,101,103,102,71,104,105,106,107,108,109,110,111,242,113,114,97,180,92,114,119,120,121,122,127,124,117,127,61,128,128,130,131,128,213,130,135,136,137,130,139,140,29,166,141,144,149,147,19,149,149,214,151,152,145,10,155,156,153,142,151,160,161,162,39,165,165,166,162,160,32,174,171,172,237,174,239,182,177,146,179,176,165,150,183,184,136,154,179,60,189,174,183,192,225,194,131,224,199,195,198,200,201,203,203,76,205,204,207,208,209,210,211,197,213,210,247,218,217,218,219,212,157,94,223,96,225,166,227,225,197,230,103,104,172,238,202,236,239,238,175,240,241,242,243,118,245,246,215,248,249,250,251,252,157,126,253,0,1,3,3,36,69,70,71,8,13,10,139,12,141,30,31,16,29,146,19,20,85,54,23,58,27,10,10,28,28,61,31,49,49,34,231,36,37,38,38,172,41,42,173,32,47,46,46,49,16,50,163,54,117,54,25,13,57,58,59,28,127,126,63,80,193,66,67,68,69,70,7,73,89,75,203,72,77,14,77,90,81,82,75,85,85,214,213,88,73,18,91,92,89,94,79,104,113,98,99,76,109,102,103,104,105,74,107,236,109,110,111,112,113,106,114,84,245,118,119,120,121,122,123,124,125,126,253,129,161,134,35,132,5,130,134,136,137,139,139,140,141,142,135,137,145,150,155,156,213,150,151,152,153,138,155,156,157,222,157,160,177,130,179,160,165,174,183,168,161,174,171,172,45,174,175,177,177,162,163,244,181,191,183,184,185,154,187,180,188,190,191,196,65,202,195,196,229,70,199,200,201,202,203,140,205,142,71,88,209,210,211,214,213,198,215,88,217,154,219,212,217,222,159,224,225,194,227,164,245,230,103,232,233,106,99,236,237,206,239,240,241,242,179,180,245,246,247,216,249,250,251,252,252,254,255,128,1,0,2,4,5,6,7,9,73,10,9,76,13,30,13,48,17,144,18,22,17,20,23,88,91,26,27,28,25,30,31,32,35,34,35,36,165,39,39,41,41,40,45,44,44,46,111,48,49,50,51,48,53,36,55,186,57,42,59,56,61,62,63,64,65,70,67,69,69,70,71,72,89,74,75,206,76,77,111,80,213,82,83,84,113,86,23,88,217,90,74,92,93,214,95,96,97,98,99,36,69,226,119,104,233,42,107,12,109,110,111,120,113,82,115,116,117,118,53,120,123,115,59,124,63,126,127,128,129,134,129,132,133,142,135,138,137,138,139,140,141,141,207,144,145,146,146,148,149,150,151,152,153,26,155,222,157,158,159,168,33,35,171,228,165,183,163,168,169,170,171,172,44,174,191,240,179,182,179,244,181,178,183,124,185,178,179,189,189,190,187,224,209,194,195,196,69,70,198,200,201,138,203,204,93,206,207,212,217,210,209,212,213,214,215,216,89,122,219,220,203,222,151,242,226,234,195,232,197,102,239,232,236,234,203,45,111,174,239,240,227,242,243,180,245,86,247,248,249,249,254,252,253,254,255,32,1,34,2,2,5,6,7,8,1,72,43,12,13,70,15,16,81,18,17,53,53,22,23,152,25,26,51,28,29,30,31]
CFO=6535.180493155207,STO=3
EsN0dB=7.87,GRXdB=40,N0=0.0007943282253108919
packet_number=100,correct=False,payload=[0,33,2,3,37,4,6,7,46,13,10,27,12,25,10,15,17,17,18,83,53,17,86,23,24,28,42,27,29,95,30,31,36,59,50,35,108,39,34,231,34,41,43,43,234,172,44,47,48,49,54,51,55,53,54,191,48,57,58,59,60,61,62,63,64,73,66,195,96,197,70,71,90,73,74,75,108,77,78,111,82,81,82,87,20,85,86,95,92,89,90,123,92,29,94,95,98,97,98,99,228,229,230,99,120,97,107,105,108,237,110,127,112,113,66,51,252,85,118,119,120,123,58,123,125,120,87,51,128,133,162,162,132,135,142,7,136,137,10,143,141,173,142,143,144,129,146,147,156,213,158,151,157,153,90,139,156,157,158,159,176,227,162,35,180,167,134,167,161,169,171,235,44,173,175,239,184,185,178,179,156,165,190,181,240,177,186,179,190,189,190,191,192,193,194,146,196,143,199,199,192,201,206,202,204,221,206,207,208,213,210,215,220,213,214,213,220,153,250,219,220,221,223,221,227,225,228,226,244,229,226,199,236,232,234,233,108,173,239,239,240,249,242,243,244,245,246,183,248,249,250,251,220,236,254,251,32,1,2,7,4,5,39,23,10,9,10,139,44,77,14,79,16,81,50,19,20,145,22,23,24,25,26,59,24,21,28,31,32,33,34,39,102,37,38,39,9,41,111,43,46,45,46,111,50,49,50,55,180,53,54,55,56,61,59,43,60,61,190,63,72,64,74,3,68,229,70,69,72,201,74,75,76,73,94,79,64,81,82,211,22,81,86,213,88,89,90,91,92,89,79,95,98,97,66,107,100,101,102,103,104,105,107,107,44,109,110,111,114,115,242,115,116,117,118,119,24,121,122,251,124,252,124,127,128,131,194,131,196,133,134,133,136,169,138,15,156,199,138,143,192,145,210,147,148,149,182,151,152,155,155,155,156,157,158,159,225,161,134,163,164,129,166,231,60,169,170,171,172,173,174,239,176,177,178,179,180,181,190,179,62,187,186,185,188,189,190,179,248,193,194,195,204,197,198,65,200,201,138,203,205,205,206,207,208,208,211,83,196,212,214,87,216,221,218,191,92,253,222,159,224,225,226,227,228,229,230,167,200,225,202,235,236,237,106,239,240,241,243,115,244,245,254,247,123,251,250,251,236,252,254,237,0,1,2,3,4,5,78,39,12,65,202,9,12,45,78,47,16,17,50,23,22,149,30,23,88,9,90,19,28,29,30,127,225,161,35,35,36,37,38,183,168,57,170,41,41,45,174,47,48,51,50,51,61,117,62,181,56,57,58,59,30,61,62,63,66,67,66,3,196,101,70,70,104,77,74,91,76,77,78,79,80,81,114,91,86,85,214,87,72,25,218,91,92,221,92,223,96,98,104,99,101,101,110,103,104,105,106,123,44,111,110,111,80,241,16,114,116,85,116,247,124,121,106,99,124,125,249,239,160,129,131,195,132,21,150,199,136,153,138,137,136,141,143,223,144,149,22,211,148,133,150,151,152,153,186,154,156,158,158,157,160,165,162,171,228,165,162,39,40,169,170,171,188,173,44,239,144,177,178,243,180,181,183,181,187,57,155,187,188,189,190,191,148,193,226,203,212,197,198,197,200,201,194,207,222,205,206,223,144,209,210,211,212,213,158,215,248,219,154,219,216,201,252,223,242,101,243,99,228,241,230,230,169,161,107,239,233,237,239,207,225,243,242,243,244,245,247,183,88,249,250,243,252,253,254,255,0,1,2,139,68,5,14,71,8,9,8,11,12,10,78,31,16,17,18,27,20,61,150,23,24,89,26,91,28,13,30,30]
CFO=12412.25328703199,STO=0
EsN0dB=nan,GRXdB=40,N0=0.0007943282253108919
packet_number=101,correct=False,payload=[126,157,148,254,38,88,193,46,109,0,205,216,1,52,22,25,2,64,74,160,38,116,104,223,115,0,243,174,88,171,219,193,1,226,216,250,228,10,223,72,203,2,131,165,175,65,123,176,113,5,93,148,143,163,221,173,26,118,84,129,100,168,213,87,134,232,57,246,75,19,119,187,133,113,164,156,52,54,153,39,25,144,151,196,122,52,118,247,246,8,198,253,58,246,74,225,206,172,166,241,159,113,98,153,68,193,238,206,214,176,130,195,176,217,91,48,206,156,79,153,152,163,77,164,168,88,48,81,147,208,222,236,82,211,76,139,233,193,77,182,100,144,244,251,102,157,78,143,122,132,66,153,117,234,240,38,171,225,118,99,153,131,207,51,241,37,89,118,26,11,24,88,146,47,217,7,137,112,76,153,78,99,130,3,118,251,114,118,202,253,102,28,196,100,241,187,124,192,116,97,242,93,134,61,150,33,254,221,196,231,7,4,116,17,88,137,204,165,217,215,173,187,97,49,253,98,115,193,38,168,84,59,71,247,188,250,222,72,165,140,95,222,78,49,172,96,78,183,226,150,51,161,229,42,163,0,97,115,122,39,126,34,105,126,91,183,6,184,167,102,0,244,45,117,153,255,252,62,223,68,117,42,230,33,115,156,250,72,189,184,183,187,177,154,237,129,255,51,60,165,129,106,4,250,222,252,93,62,162,104,175,240,85,9,200,203,106,87,179,122,19,133,92,159,98,29,41,86,101,73,22,55,66,93,43,141,201,145,120,28,124,86,16,158,150,72,237,138,142,59,68,95,172,77,27,37,103,110,172,2,196,135,198,153,45,175,11,59,51,12,153,32,250,105,68,238,56,114,163,240,247,134,33,90,42,1,9,111,168,40,195,29,228,112,161,166,229,172,117,253,238,173,16,133,25,17,96,25,118,196,18,228,249,173,54,239,83,79,110,37,18,135,235,44,211,88,38,90,224,75,250,225,83,44,57,44,77,133,163,23,17,157,128,32,141,170,166,65,120,106,241,147,251,215,1,61,151,172,71,98,47,19,188,201,221,111,239,84,72,13,25,37,223,192,96,224,144,136,159,143,85,31,140,85,114,217,184,200,211,45,143,116,110,1,8,210,250,143,176,122,3,21,24,208,132,244,108,237,8,75,246,62,27,41,106,81,24,108,203,222,218,175,56,84,189,212,119,161,230,42,116,244,169,171,33,175,93,166,90,195,249,201,68,231,28,48,237,159,216,117,4,219,203,32,44,220,73,45,187,14,133,111,249,148,195,223,79,50,189,33,120,214,200,164,104,131,65,169,120,96,3,249,254,60,55,20,132,84,42,85,161,166,172,84,88,105,101,69,14,17,113,253,18,117,9,22,143,105,249,214,25,112,252,165,212,18,48,22,2,33,27,212,27,72,204,115,52,196,174,146,159,42,213,63,70,39,102,84,111,207,133,234,82,239,99,89,204,233,223,109,3,73,197,105,96,95,137,127,44,135,249,5,252,34,229,74,136,187,150,37,145,91,108,242,237,39,6,40,213,208,227,17,133,3,50,57,211,82,187,229,47,36,37,223,193,255,253,243,134,27,207,88,10,225,53,129,137,175,245,241,16,110,94,31,105,147,210,134,176,58,240,175,216,178,218,11,221,91,115,162,40,135,91,107,6,115,254,1,22,159,235,219,65,217,137,154,182,111,169,210,152,148,79,227,31,24,62,165,17,34,161,115,203,46,104,39,127,236,220,106,227,247,156,251,195,253,149,103,208,173,122,215,248,110,67,202,135,11,247,92,58,142,188,211,95,147,202,112,24,166]
CFO=5746.877530329031,STO=1
EsN0dB=6.96,GRXdB=40,N0=0.0010000000474974513
packet_number=102,correct=False,payload=[207,185,0,24,58,28,164,120,97,121,137,140,194,112,65,120,240,120,161,152,133,17,96,160,229,123,197,131,177,240,133,217,241,246,22,0,32,31,66,41,114,117,129,152,48,58,197,238,118,249,131,7,163,187,67,81,113,251,195,129,227,211,233,249,98,252,22,22,167,58,34,78,246,120,165,144,164,182,200,234,228,117,95,20,165,53,229,29,191,191,193,203,244,255,38,213,214,249,6,14,83,178,71,127,39,62,14,199,182,222,98,215,117,103,183,27,63,59,227,255,47,119,191,215,179,255,199,99,255,252,0,16,168,56,225,92,59,122,12,81,240,122,220,74,236,255,13,29,173,124,89,252,41,185,141,220,169,145,206,197,241,123,51,14,86,62,107,127,57,55,174,248,30,30,109,219,124,255,133,51,140,191,237,219,121,57,195,187,167,187,225,223,243,252,44,12,36,30,69,124,62,127,108,86,78,28,206,220,244,127,138,157,36,28,228,239,45,119,199,156,220,205,199,255,246,126,143,30,62,60,102,60,118,47,143,223,230,219,71,228,215,253,5,63,183,191,79,47,203,255,15,207,231,255,239,254,255,252,0,48,32,24,104,60,72,120,72,80,130,88,240,232,247,245,25,153,33,177,65,24,225,249,193,180,245,241,225,211,245,104,3,30,59,58,99,82,114,59,98,25,234,114,224,243,178,251,163,143,83,243,67,18,163,59,128,155,131,243,195,219,243,240,64,48,54,50,66,14,226,124,210,154,166,232,194,254,117,252,133,25,115,62,65,195,118,122,230,154,173,172,135,245,230,127,5,172,39,50,39,124,119,99,135,132,87,59,231,219,19,127,199,131,163,51,71,47,147,119,193,207,99,183,211,199,251,249,44,88,44,45,64,93,84,56,208,88,112,124,228,252,104,124,1,201,148,125,167,95,241,125,193,221,106,220,73,217,245,252,150,12,113,154,43,30,46,190,7,195,26,186,202,242,249,127,139,189,172,121,163,203,103,123,203,251,143,155,239,249,251,254,12,12,47,62,40,127,36,110,236,92,188,253,76,237,182,255,5,159,141,255,214,63,119,57,133,159,157,191,237,223,231,255,14,31,98,63,79,110,124,60,206,215,186,190,110,255,239,79,15,141,46,159,79,95,111,115,207,251,247,159,199,239,239,248,0,157,48,120,64,80,33,49,204,180,112,248,224,216,240,113,1,25,183,57,97,25,160,57,193,216,163,251,224,216,97,160,2,21,50,53,210,39,106,98,115,202,89,250,162,203,115,249,131,131,99,214,3,227,65,57,147,213,133,155,194,227,241,254,6,23,180,18,239,68,82,116,12,76,208,240,194,244,238,247,7,71,181,22,161,61,181,94,130,143,119,26,229,206,230,124,6,30,38,23,23,56,103,58,182,146,174,187,71,239,133,255,135,39,47,251,71,199,51,53,214,223,167,55,199,199,227,248,110,14,43,50,72,17,108,248,12,124,96,136,132,216,76,254,137,217,44,189,136,141,61,127,168,203,245,251,204,245,249,203,62,92,20,90,74,94,110,114,15,219,47,249,238,246,113,123,1,11,141,188,109,79,247,154,209,175,172,191,137,201,255,252,14,14,56,148,110,92,102,62,12,140,109,94,239,92,116,255,12,157,135,189,45,221,85,121,204,186,205,249,205,150,254,190,12,29,50,122,77,95,118,62,199,159,7,191,142,239,238,223,87,143,63,159,231,253,239,63,135,143,175,167,231,253,103,80,0,152,176,24,66,96,68,120,193,144,176,82,240,232,100,113,144,48,33,152,98,217,121,189,129,177,225,145,194,209]
CFO=10744.89217142048,STO=4
EsN0dB=7.24,GRXdB=40,N0=0.0010000000474974513
packet_number=103,correct=False,payload=[0,1,40,3,6,5,6,3,64,9,66,15,12,12,14,12,16,21,18,19,21,21,6,183,24,202,10,27,152,29,30,95,32,33,27,3,52,4,46,7,40,9,42,43,44,45,110,39,112,33,48,51,52,61,38,55,56,25,26,9,48,57,124,47,0,1,64,66,68,45,70,70,88,89,192,73,70,69,71,7,80,83,66,83,64,23,86,23,24,121,72,26,92,93,222,222,96,65,106,35,197,100,38,39,40,105,122,107,108,109,6,111,96,112,34,115,113,117,54,119,120,73,80,43,28,125,98,126,128,129,130,3,132,128,134,135,136,139,130,131,140,133,140,159,144,153,19,147,149,133,150,151,26,153,150,179,156,156,206,158,160,129,34,35,128,165,164,39,168,160,170,171,172,140,134,35,160,49,162,179,48,181,182,151,176,184,186,190,60,189,178,239,128,64,194,195,197,5,194,135,193,9,66,74,204,206,204,206,209,81,67,227,20,215,86,213,216,201,226,217,252,88,218,133,224,129,230,227,102,133,102,231,232,161,238,203,238,237,100,239,240,241,210,231,228,245,246,247,88,233,122,217,252,233,86,251,2,1,2,1,4,13,2,7,8,9,10,9,12,37,14,8,0,21,22,59,84,31,54,23,24,25,28,27,24,29,126,27,40,33,98,33,32,37,134,166,40,9,40,51,44,45,6,63,178,57,50,179,52,181,52,115,56,25,58,62,28,61,58,47,64,97,66,67,64,69,98,69,72,1,64,74,92,65,78,70,16,80,66,82,4,92,22,215,88,89,90,88,94,93,30,79,96,73,160,99,64,103,103,103,97,97,106,99,104,77,234,111,80,113,114,115,68,85,102,119,56,82,104,123,200,125,116,247,160,129,194,131,140,133,142,166,136,129,2,135,133,205,26,159,144,144,146,131,132,21,166,151,152,153,154,147,156,137,156,159,128,161,162,167,36,165,166,129,42,169,162,162,172,141,44,175,176,48,154,179,164,181,178,181,184,56,170,171,60,189,188,191,192,209,82,194,198,199,196,119,201,105,202,199,142,132,172,15,144,17,248,83,196,149,86,7,216,217,218,219,220,153,94,215,192,193,208,39,228,167,226,231,96,233,227,203,224,235,230,239,208,225,48,243,244,229,230,247,248,249,122,243,220,249,252,255,128,33,2,3,68,85,6,5,9,1,10,11,12,13,6,10,16,17,80,3,18,21,23,151,24,152,18,27,28,29,22,159,32,33,2,35,44,37,38,38,40,57,42,43,44,45,174,38,49,129,48,179,20,117,51,53,24,123,250,58,60,57,54,62,64,64,66,65,68,69,86,7,72,73,78,75,76,5,74,14,80,209,80,91,84,252,150,71,88,73,90,57,30,85,88,95,96,97,192,107,85,69,114,103,104,105,74,106,110,109,110,90,112,113,115,82,116,117,50,49,120,121,106,123,126,117,126,119,144,209,130,131,132,128,134,135,8,153,139,136,140,141,6,206,128,145,18,23,132,159,150,151,152,145,154,211,28,29,158,159,160,160,130,171,164,165,6,163,32,169,43,171,12,140,170,47,176,49,226,147,148,181,54,179,160,177,129,185,56,61,154,191,192,129,210,195,212,229,198,193,152,204,202,201,204,201,199,203,208,209,218,211,208,208,150,214,248,217,218,217,220,159,92,204,32,248,226,195,196,229,230,227,232,169,234,239,232,237,172,226,48,177,210,243,228,181,22,211,248,249,224,253,200,217,238,235,200,33,34,11,4,13,4,23,12,25,10,9,20,13,56,15,16,0,18,19,20,17,78,21,24,25,27,19,12,29,92,31]
CFO=8032.955126455685,STO=3
EsN0dB=7.22,GRXdB=40,N0=0.0010000000474974513
packet_number=104,correct=False,payload=[16,3,2,67,60,2,13,151,11,137,2,15,12,13,14,7,0,19,56,19,22,53,18,31,24,24,10,151,28,29,158,31,34,97,34,51,56,37,6,39,41,137,50,11,44,45,47,47,48,51,34,51,54,177,22,151,56,57,21,43,188,189,53,127,64,73,2,67,64,101,70,35,73,73,74,195,76,69,74,95,80,81,82,81,205,20,6,90,80,217,90,218,93,92,30,127,96,97,242,99,213,148,36,111,72,104,234,81,44,108,122,47,48,113,118,118,118,245,50,117,20,57,122,58,254,109,254,95,128,1,136,131,132,134,222,3,136,129,202,159,140,141,142,159,129,81,210,153,191,213,210,151,152,29,186,19,204,141,156,143,160,40,226,138,4,173,191,167,164,45,170,185,172,255,110,79,176,185,178,183,188,125,183,183,184,153,187,28,252,188,158,167,192,201,194,131,128,197,196,231,192,233,170,11,236,237,206,175,208,144,211,209,132,215,214,87,216,216,250,211,220,209,222,223,192,192,162,107,226,229,246,238,228,121,234,67,237,236,234,239,244,241,242,242,240,244,242,119,248,243,250,58,244,253,222,255,32,0,6,3,0,0,2,7,8,9,2,3,12,77,14,15,80,8,147,11,23,21,23,19,24,29,24,55,92,92,14,31,33,0,2,67,132,0,36,55,169,57,44,139,13,45,174,15,48,49,50,49,52,49,178,55,185,9,187,27,46,41,58,31,64,73,64,83,68,71,2,199,72,73,66,105,74,69,254,79,82,113,66,83,84,69,86,210,74,89,24,64,92,93,119,95,104,101,96,69,164,117,102,86,56,105,234,91,38,77,111,111,48,113,56,113,180,117,55,118,248,104,122,115,124,117,126,127,32,193,6,131,132,141,166,135,136,153,142,137,252,173,134,135,152,147,210,7,150,21,214,150,152,152,152,135,152,149,28,158,162,161,162,163,164,173,166,181,36,189,42,43,172,14,202,167,241,144,178,211,244,164,183,179,184,185,186,187,62,53,190,190,192,193,98,194,220,196,103,198,200,203,203,219,220,205,204,207,81,211,66,144,212,221,222,83,220,89,218,155,204,223,220,223,96,225,224,115,232,225,190,223,106,249,234,67,236,109,239,207,208,241,254,243,228,213,214,183,240,113,250,247,189,253,250,239,0,1,2,3,4,130,6,15,0,9,138,19,9,140,142,6,16,17,130,3,20,149,22,19,16,121,24,27,157,31,20,31,32,145,50,103,36,101,14,183,40,25,42,43,36,45,46,47,16,21,242,51,60,53,151,103,60,24,61,186,60,61,46,59,72,65,66,99,110,71,70,199,75,64,72,91,76,76,102,79,208,17,54,83,212,84,83,119,76,89,26,11,220,95,90,95,96,33,114,99,224,53,34,103,104,105,66,227,46,109,100,47,96,85,50,51,124,114,118,117,60,25,42,91,244,117,191,63,136,1,130,192,4,39,147,135,136,129,10,234,140,141,142,142,152,145,146,147,208,87,151,151,144,217,152,143,156,156,158,159,160,161,50,163,132,165,166,39,160,171,162,175,141,137,174,142,176,177,176,179,189,181,182,183,250,185,170,251,188,175,175,251,192,193,194,195,212,212,230,199,200,201,202,203,204,197,174,206,210,193,211,209,244,157,198,199,216,217,202,219,124,253,220,250,232,224,234,199,224,101,230,197,232,233,226,207,113,237,175,234,241,241,250,243,212,245,242,247,248,248,250,251,252,237,252,247,64,65,202,17,4,141,2,71,8,41,10,203,4,93,14,15,20,17,16,19,84,13,7,22,28,27,26,27,28,29,30,31]
CFO=-7151.623089859167,STO=1
EsN0dB=-14.06,GRXdB=40,N0=0.0010000000474974513
packet_number=105,correct=False,payload=[187,237,79,254,165,50,81,254,237,146,240,98,172,131,239,216,200,35,194,93,159,42,115,216,81,32,119,234,112,24,254,150,124,175,97,225,7,10,188,140,92,51,104,241,185,75,94,241,180,79,38,161,36,107,129,42,243,96,152,238,171,248,149,236,224,207,250,30,214,159,243,75,75,146,45,58,252,224,157,52,169,54,118,124,246,121,200,164,162,200,179,57,85,100,123,57,77,179,55,131,139,66,242,247,250,216,247,185,9,191,197,12,128,23,224,75,221,59,247,57,31,199,127,115,85,192,244,155,203,243,212,204,15,139,152,197,129,119,118,230,142,65,4,77,97,214,95,30,36,152,130,99,14,235,80,141,39,214,105,208,153,16,59,141,109,254,199,144,160,31,149,237,123,242,72,211,110,56,74,47,181,249,212,101,4,238,10,59,24,70,19,205,235,215,27,244,107,145,181,115,156,58,150,157,98,80,222,175,52,148,134,83,32,52,103,140,69,30,54,97,93,143,69,185,111,149,18,192,59,164,44,32,211,227,104,83,44,58,7,106,75,148,232,0,24,97,220,13,151,99,16,65,67,182,136,165,236,61,152,207,116,46,188,23,249,162,228,37,246,123,183,17,136,235,237,46,184,200,9,248,165,32,65,145,136,110,251,13,120,246,59,37,63,21,145,225,172,162,3,241,52,35,175,71,34,71,75,31,32,229,181,152,244,29,222,24,243,149,12,190,74,140,117,191,171,253,47,95,148,55,3,89,92,156,161,249,62,75,128,173,14,160,110,225,116,120,132,218,215,157,250,113,158,167,184,254,153,220,170,216,233,68,108,177,231,160,184,38,176,192,116,153,215,130,184,59,222,116,100,89,21,227,54,68,148,139,48,119,112,250,244,143,214,253,251,53,237,239,3,216,239,26,64,157,206,196,253,140,33,157,211,131,37,13,33,161,69,223,119,40,34,20,89,63,138,46,170,64,3,106,220,85,100,106,162,213,29,205,136,14,223,62,226,138,155,180,253,247,72,86,244,244,32,24,146,80,146,227,118,108,68,119,155,168,90,124,172,186,85,112,159,50,24,219,50,8,248,94,168,178,181,173,209,206,50,99,151,14,200,95,242,226,68,145,244,252,166,249,58,78,10,252,152,76,193,166,33,213,13,239,220,223,70,210,244,187,177,3,217,158,46,73,38,193,59,125,50,32,199,191,6,245,166,243,17,218,112,190,48,32,70,228,105,128,120,4,215,168,154,24,58,10,138,118,174,101,215,72,58,66,56,179,96,240,41,239,248,43,43,105,231,213,176,249,190,136,252,214,17,220,33,124,7,221,221,133,85,177,2,132,52,252,144,103,144,7,46,181,204,141,220,52,13,210,64,25,132,178,185,186,174,101,172,50,87,220,87,100,101,46,39,149,235,164,100,148,71,65,1,94,8,148,158,75,32,160,167,11,156,200,151,40,53,93,102,40,49,8,86,219,153,15,186,207,9,217,27,37,171,245,37,62,17,62,73,108,73,23,10,195,60,213,20,190,250,179,116,33,85,166,114,111,46,145,92,69,200,205,238,31,48,167,133,154,85,215,135,58,151,208,115,101,81,80,213,166,176,208,153,40,73,179,97,248,232,51,126,105,100,207,51,225,73,226,109,126,177,172,147,51,28,137,80,73,154,224,91,2,156,196,50,123,74,5,103,50,173,191,39,139,178,115,22,43,157,204,99,74,30,190,175,26,179,163,101,122,37,52,58,231,2,42,87,108,151,77,118,169,128,75,99,101,88,183,246,171,99,55,155,66,56,64,3,54,60,130,164,149,146,132]
CFO=6010.024797664543,STO=3
EsN0dB=7.23,GRXdB=40,N0=0.0010000000474974513
packet_number=106,correct=False,payload=[165,239,131,0,18,32,20,96,48,106,112,65,24,138,240,192,81,224,117,129,81,21,27,64,64,41,116,1,208,177,25,128,217,161,251,161,48,34,179,67,123,122,121,128,26,128,177,233,90,225,123,15,131,17,59,67,81,167,115,147,187,179,243,227,145,243,236,38,20,4,20,4,108,74,116,128,212,32,180,132,62,230,241,9,135,69,116,5,87,97,147,163,4,164,189,242,215,245,255,47,159,38,58,111,122,102,122,194,31,166,59,231,211,173,255,3,21,171,182,215,243,227,119,133,151,167,181,87,255,243,232,8,56,56,42,106,74,124,244,12,154,40,252,168,248,248,249,34,13,61,189,221,193,205,249,200,220,232,156,201,217,107,216,131,24,54,62,107,94,106,124,206,156,38,219,199,72,184,123,3,139,59,27,67,191,59,253,201,153,219,115,194,219,187,254,32,14,124,126,108,28,92,60,156,94,170,236,222,220,230,255,143,60,15,188,75,125,45,127,143,221,21,247,236,253,255,255,46,95,127,63,207,63,239,118,130,138,172,191,206,205,215,255,15,31,47,30,79,139,47,127,159,31,239,159,239,222,231,253,32,16,41,20,56,115,96,112,48,16,48,176,232,208,96,245,128,209,57,48,64,65,32,113,197,149,195,187,197,209,249,186,35,26,69,49,192,49,242,243,202,211,186,84,194,222,178,211,131,19,39,187,103,251,235,121,131,147,161,177,195,243,227,248,76,19,36,17,70,55,100,52,196,29,100,188,71,212,231,95,68,149,197,53,82,80,97,103,165,191,176,153,213,105,241,245,6,22,166,58,7,114,238,247,134,148,166,177,230,206,111,115,147,31,7,179,79,87,69,223,199,215,199,179,197,95,231,248,136,24,40,30,68,24,96,112,136,152,168,156,192,89,224,253,13,185,169,203,201,209,120,120,201,153,168,221,253,153,249,223,11,61,57,43,75,123,122,126,74,218,163,122,164,222,236,235,11,24,111,58,43,79,19,59,143,187,251,155,187,91,233,124,12,28,20,189,76,250,100,108,4,62,108,150,108,220,69,255,29,29,127,31,77,92,249,123,143,157,55,188,203,221,239,254,11,25,174,31,102,82,100,123,207,142,174,62,238,191,238,247,15,31,63,63,15,127,103,123,207,159,183,191,239,255,95,253,4,152,36,114,193,216,104,56,156,148,50,244,192,208,240,248,171,25,37,113,161,209,97,121,137,145,161,49,193,251,233,178,2,27,48,50,98,48,97,50,26,179,163,182,194,65,162,59,1,82,48,51,225,211,167,123,129,195,226,217,195,193,227,254,0,20,6,188,36,92,36,116,132,150,4,212,206,208,252,239,165,5,181,21,101,212,245,117,150,149,182,54,135,149,231,246,70,30,39,63,102,246,231,54,134,91,166,191,70,138,111,181,7,7,167,183,79,83,103,159,130,147,229,247,111,215,199,120,24,24,40,60,108,89,40,124,200,136,40,150,136,0,248,253,8,9,189,177,73,89,104,121,138,137,169,152,203,212,249,254,10,26,47,42,10,90,174,60,0,155,137,184,232,251,122,167,11,142,172,59,239,27,108,123,203,159,169,191,203,234,235,180,28,76,47,60,76,92,44,124,174,140,62,188,236,252,238,255,141,23,63,51,207,13,101,125,68,141,165,159,201,255,229,238,15,31,44,63,118,95,102,94,143,159,166,181,238,223,174,127,15,29,183,63,223,87,255,127,223,159,171,191,207,95,255,184,0,144,0,116,100,76,32,124,128,144,232,48,208,217,128,241,33,155,229,145,37,81,97,121,131,145,225,177,193]
CFO=7120.0472201899365,STO=2
EsN0dB=9.04,GRXdB=40,N0=0.0010000000474974513
packet_number=107,correct=False,payload=[0,33,2,2,0,11,7,15,9,25,14,143,12,14,70,15,48,16,0,39,28,25,54,54,176,25,54,178,28,63,92,191,64,34,32,34,108,104,46,6,32,105,106,50,8,41,126,127,112,35,54,35,48,103,62,99,48,35,42,179,60,124,126,62,64,129,196,194,128,133,71,196,144,201,94,78,76,75,158,202,40,50,81,246,104,71,220,103,152,120,218,146,220,89,45,222,64,65,100,66,236,102,228,87,88,248,190,78,216,255,78,255,112,99,226,243,244,127,126,239,240,120,114,251,122,253,124,255,192,131,130,103,136,15,140,143,217,11,22,15,221,15,172,143,152,49,51,53,176,143,164,47,145,27,150,59,61,187,190,15,64,129,32,231,241,63,135,231,96,176,130,151,40,15,108,63,130,179,226,103,252,33,181,189,57,83,249,127,185,189,62,127,136,193,197,131,201,229,198,199,156,197,136,219,141,155,222,223,209,241,119,176,213,151,199,135,57,251,186,155,157,217,222,159,65,227,230,199,200,201,238,231,240,225,229,211,205,204,238,239,225,225,243,247,236,209,236,255,241,249,252,247,253,255,253,175,0,3,4,7,44,130,46,15,12,9,0,22,12,61,28,14,16,35,4,39,48,15,54,28,57,49,24,30,60,24,28,94,129,65,2,55,56,111,4,230,108,88,58,43,105,14,70,111,96,81,118,123,168,37,32,110,56,48,54,62,60,60,127,63,128,75,6,131,172,69,70,134,216,72,210,138,200,221,222,206,128,48,70,102,56,203,166,247,16,148,28,51,88,185,126,127,192,65,226,226,200,193,108,15,104,242,230,204,124,107,204,110,96,243,84,54,244,235,230,102,114,251,244,251,254,122,254,63,0,1,166,3,136,139,134,135,145,147,145,138,28,27,159,31,152,0,176,145,61,21,190,191,184,51,182,191,188,57,63,191,41,227,163,67,77,35,13,151,161,153,93,27,120,15,173,111,241,177,73,231,165,119,223,175,24,249,119,251,121,45,45,191,64,129,128,195,132,133,151,131,232,25,216,139,216,205,239,143,240,101,199,215,240,231,180,223,145,219,219,219,189,251,221,191,192,227,199,199,132,235,238,231,209,195,212,239,248,235,197,223,240,225,241,247,240,239,255,247,249,203,255,255,252,249,252,254,1,2,0,39,12,11,13,13,24,2,178,10,28,10,13,30,50,48,2,27,12,78,158,54,48,58,54,59,24,55,28,30,65,96,64,39,104,9,110,111,112,94,102,79,40,76,94,30,96,33,53,82,96,44,126,103,56,113,114,63,124,61,108,255,224,193,70,3,196,199,198,198,80,130,24,223,216,157,28,31,176,195,240,146,12,56,159,60,248,219,50,215,88,168,156,95,224,233,194,71,104,67,196,231,192,249,219,210,204,254,238,255,242,114,228,231,124,252,116,126,112,122,242,228,252,235,124,255,1,1,6,135,141,11,15,135,146,135,31,159,29,25,15,159,48,35,149,247,13,157,165,39,144,57,182,27,25,123,63,190,5,161,102,71,97,149,229,239,225,177,144,53,73,79,255,223,177,114,194,247,41,51,108,183,112,114,177,119,249,187,127,191,192,195,193,135,136,131,204,207,129,139,138,135,201,155,220,223,176,161,165,230,177,167,206,167,152,145,180,211,249,153,188,159,227,227,229,199,201,219,230,207,49,249,242,239,236,207,239,255,241,243,228,243,200,233,245,255,248,243,242,255,250,249,253,127,40,19,6,23,142,15,4,6,25,9,8,23,142,10,28,14,0,48,32,55,0,62,40,15,0,22,62,22,24,56,30,31]
CFO=8327.158884492292,STO=1
EsN0dB=8.57,GRXdB=40,N0=0.0010000000474974513
packet_number=108,correct=False,payload=[0,5,67,3,4,5,6,7,8,9,10,11,8,77,14,7,18,17,16,3,84,17,84,23,24,25,31,27,78,29,63,191,32,33,32,34,12,37,38,39,40,40,42,99,44,45,46,111,50,177,30,16,52,53,62,119,56,57,50,55,60,25,62,63,80,65,64,67,86,69,70,39,72,65,90,91,68,13,70,79,16,65,82,67,84,85,70,87,88,80,126,91,92,93,222,95,96,97,98,34,108,111,71,103,72,105,106,91,108,121,110,109,112,241,114,99,240,117,214,126,120,121,251,123,252,125,122,95,165,145,130,131,132,141,6,147,137,137,138,139,140,141,143,143,176,145,242,147,53,149,36,151,24,153,218,154,152,221,158,159,176,161,200,167,36,173,36,167,168,241,174,171,160,105,174,191,176,177,50,179,180,85,180,182,60,185,184,187,188,189,189,191,192,193,6,7,81,197,134,199,200,217,206,201,204,207,255,143,209,209,222,194,213,245,214,210,248,217,218,219,204,221,126,159,228,233,194,195,228,197,238,231,233,137,107,235,232,205,204,237,240,243,242,243,237,245,246,247,120,249,250,251,244,125,246,255,16,1,2,39,0,5,14,3,8,27,8,43,12,13,4,143,16,17,18,19,4,17,23,15,24,41,26,19,24,157,30,29,32,49,98,35,36,37,6,39,104,49,43,35,172,47,46,39,48,113,98,51,48,61,62,55,57,57,122,50,52,48,60,103,65,3,66,195,4,64,80,71,200,69,74,79,12,77,78,78,80,17,83,67,20,85,84,215,122,91,90,90,140,92,222,223,96,104,224,115,228,109,70,231,104,105,122,75,108,108,110,107,240,245,114,243,116,112,118,247,121,48,118,251,124,125,254,255,128,131,130,131,134,132,134,135,136,139,138,139,13,13,143,15,144,145,146,25,148,149,150,183,152,136,154,139,28,159,158,191,160,161,160,163,166,133,135,166,168,161,32,171,172,173,172,142,176,184,176,243,180,180,244,167,152,161,184,187,252,189,174,185,192,193,138,199,225,193,134,199,200,203,200,203,204,205,204,143,192,144,210,147,212,133,246,215,208,121,200,251,220,215,142,223,228,161,227,194,231,237,198,231,233,233,234,235,236,237,222,223,240,241,178,245,240,241,180,229,249,185,90,219,252,248,252,253,2,3,2,7,4,15,7,10,0,11,10,11,12,13,46,15,16,49,50,18,180,24,2,23,24,25,26,27,156,57,30,30,0,97,98,35,40,37,39,103,56,41,10,47,44,9,46,15,176,113,82,35,32,53,54,23,48,145,186,55,56,61,126,61,68,65,71,103,208,5,102,71,72,72,2,31,88,12,220,79,116,1,72,83,80,93,198,87,80,88,26,155,92,93,94,31,96,65,96,35,100,45,110,103,112,104,232,106,124,105,110,103,112,113,112,115,112,125,118,119,113,121,248,104,124,20,124,127,128,135,134,131,140,133,134,7,129,155,138,131,12,141,158,79,144,181,130,19,181,213,148,175,216,153,154,155,13,159,152,159,0,1,162,163,164,173,162,231,168,169,170,235,232,169,174,174,48,179,183,163,244,148,166,191,184,57,242,255,60,173,126,191,192,227,128,199,196,197,206,135,200,201,203,207,73,205,234,223,208,211,202,147,241,209,214,247,216,249,202,219,152,157,214,223,200,225,160,225,228,229,100,231,232,233,186,235,236,233,238,207,240,96,246,243,244,229,242,247,248,233,251,251,252,252,254,255,2,1,18,131,45,200,6,142,8,1,6,27,14,13,94,143,16,17,22,19,0,55,38,23,56,16,26,27,24,29,62,63]
CFO=8124.816427605433,STO=0
EsN0dB=8.41,GRXdB=40,N0=0.0010000000474974513
packet_number=109,correct=False,payload=[241,229,251,0,0,48,16,0,40,48,56,64,77,114,56,100,104,112,120,129,65,144,153,33,168,176,176,128,217,192,209,193,248,184,112,71,8,16,25,129,41,113,59,73,73,80,17,96,233,105,251,137,13,35,153,33,189,179,170,199,91,193,131,161,233,241,222,2,30,20,18,100,40,50,50,66,74,48,88,36,200,114,122,130,142,147,30,130,251,242,188,194,202,86,219,224,250,240,211,35,3,19,59,38,47,49,58,3,198,243,84,195,235,227,95,11,15,80,155,167,168,163,119,135,199,227,211,163,227,251,254,4,28,48,24,44,44,60,120,76,205,166,92,224,102,118,253,9,156,152,152,148,28,127,186,197,136,180,156,109,236,245,252,8,5,84,29,5,107,53,126,5,9,103,25,197,251,116,123,135,137,157,63,5,169,185,169,197,205,71,189,229,221,231,252,6,12,92,62,38,78,52,188,12,94,94,76,36,110,102,94,132,156,158,220,102,237,190,174,132,206,213,158,223,124,244,255,14,94,6,31,103,63,54,111,6,111,79,29,71,109,118,126,135,143,159,174,231,15,182,191,221,95,223,223,239,251,151,216,64,8,16,24,96,8,48,112,0,200,102,88,202,204,112,246,129,195,177,160,128,137,244,50,193,232,162,152,225,224,224,241,1,1,160,59,35,10,49,49,193,219,80,1,227,66,97,113,129,155,3,155,33,137,33,56,201,197,210,209,195,233,179,254,16,14,2,26,2,114,54,92,6,200,210,26,68,70,118,182,130,155,183,154,178,163,165,50,194,202,240,210,230,195,241,251,3,11,23,10,2,6,51,54,194,83,211,83,103,82,242,95,135,131,134,19,227,130,51,254,199,155,211,219,39,70,243,232,36,12,12,28,4,12,57,124,12,92,228,28,236,108,112,125,140,140,149,24,101,4,161,177,204,24,212,221,224,236,248,248,5,11,6,28,100,76,113,27,193,220,92,219,192,203,116,109,1,141,21,29,173,57,229,189,197,197,223,153,199,235,227,252,15,14,134,60,38,62,38,60,4,74,94,156,198,94,98,110,135,158,15,28,163,142,173,158,204,206,183,30,225,228,246,159,4,14,15,31,7,47,55,63,71,78,12,141,79,95,111,127,143,207,31,158,103,172,157,95,199,223,247,207,111,175,247,243,0,8,16,25,32,0,48,32,0,216,64,112,65,200,240,217,1,145,211,24,131,216,160,161,192,88,209,241,224,152,129,178,0,17,17,58,0,106,113,88,66,3,208,121,74,249,240,122,129,161,55,147,161,131,49,115,193,153,187,161,113,249,251,251,68,8,22,26,68,2,98,123,2,94,210,82,110,67,112,116,128,23,32,156,2,196,240,168,131,153,215,210,225,206,207,247,7,27,6,23,103,107,50,62,135,2,85,18,67,75,98,251,3,135,55,159,3,39,247,211,135,147,147,19,207,231,242,216,12,12,8,60,0,8,126,92,192,72,128,92,200,108,228,113,128,12,179,221,228,13,165,184,132,156,168,220,129,207,112,249,71,31,1,27,9,47,58,60,69,12,251,24,205,108,245,121,133,137,31,159,7,253,247,255,197,212,245,217,199,186,225,252,12,28,30,30,44,78,111,124,206,206,126,108,70,200,122,124,141,141,15,188,198,140,189,254,196,206,148,126,238,207,254,158,6,31,183,28,111,94,127,62,131,206,79,28,71,204,254,119,139,15,135,239,15,47,239,255,207,142,159,219,207,230,55,184,0,0,0,16,64,0,32,56,128,25,66,184,64,80,112,241,65,128,177,16,64,136,225,56,192,219,241,249,225]
CFO=7965.931049312781,STO=0
EsN0dB=8.54,GRXdB=40,N0=0.0010000000474974513
packet_number=110,correct=False,payload=[0,1,34,7,0,5,6,7,8,73,10,43,28,13,14,15,16,1,18,18,129,21,22,23,59,24,26,26,28,29,29,29,32,33,34,7,44,37,102,45,58,40,42,42,46,9,44,47,180,16,34,59,44,49,52,55,58,57,50,59,62,45,30,57,64,193,70,66,68,85,86,199,72,105,74,91,12,237,78,79,72,208,118,83,84,85,214,151,56,91,88,91,220,125,78,95,96,73,98,99,100,103,106,103,72,104,106,99,104,111,110,109,112,121,70,115,124,117,118,103,120,121,122,63,124,253,126,119,128,129,146,147,132,137,134,135,137,25,138,139,172,143,130,143,160,145,151,179,181,129,150,191,152,145,185,151,156,141,159,159,165,33,227,162,164,37,166,167,168,169,58,43,172,13,142,143,176,177,178,49,180,151,182,55,248,57,182,187,190,253,188,187,192,193,194,195,132,193,202,199,208,201,192,203,200,205,222,207,208,193,210,211,85,149,188,222,220,81,250,219,188,220,222,223,224,225,224,227,196,197,103,239,232,233,250,235,108,237,111,236,240,241,242,243,252,245,254,247,248,249,248,251,244,253,254,247,0,1,3,39,8,5,6,22,8,9,10,11,132,5,6,15,17,17,18,19,8,53,22,21,216,25,16,23,28,28,16,31,0,0,98,35,44,165,103,39,40,41,42,41,76,106,46,47,176,51,242,49,52,52,54,63,88,17,48,191,56,57,46,63,64,97,66,64,64,4,198,71,74,41,78,139,76,13,204,7,96,97,82,87,84,81,86,23,88,89,90,91,204,93,14,92,99,97,224,65,104,101,102,79,104,105,106,75,108,237,110,111,180,120,114,243,112,100,122,119,120,123,62,123,120,125,95,127,160,129,162,131,20,133,142,135,8,75,137,11,4,137,142,142,128,153,176,195,156,149,174,135,152,217,154,139,148,153,158,167,128,97,170,163,161,111,230,164,8,153,170,171,172,173,175,207,50,179,242,183,180,183,191,167,184,185,178,171,188,187,126,173,136,129,139,131,196,195,206,135,216,133,216,203,205,205,213,207,209,209,242,195,220,215,222,183,216,208,30,219,212,221,216,158,225,224,214,99,228,237,164,229,232,233,186,227,236,233,206,239,192,241,242,229,238,221,246,213,252,249,242,123,252,221,255,222,0,128,2,6,12,5,38,7,12,1,2,11,8,13,14,79,17,17,26,3,28,20,30,54,28,27,26,27,28,13,28,30,33,33,98,35,68,37,70,39,41,9,58,43,108,61,74,47,49,49,50,51,36,53,54,53,40,57,42,63,60,45,126,127,0,65,70,83,68,69,70,71,72,73,74,74,76,77,78,27,208,89,211,67,116,87,118,79,24,89,82,223,92,93,94,31,64,97,50,227,230,97,118,103,232,104,106,235,112,237,108,229,112,113,102,99,116,121,112,119,188,185,122,121,124,125,250,127,136,129,130,1,132,5,142,7,138,137,139,3,140,141,206,157,144,1,18,147,148,21,30,151,144,217,154,31,20,157,159,157,160,165,38,129,230,47,132,165,160,235,163,187,189,171,174,255,176,177,176,55,182,177,22,183,57,177,187,187,60,253,183,191,69,129,203,227,196,131,198,135,200,193,198,203,200,141,156,143,209,229,194,211,144,149,244,71,136,217,194,219,220,255,219,223,240,171,96,163,68,225,230,231,232,224,195,235,236,239,206,142,248,241,246,243,188,241,214,247,248,249,218,251,248,191,254,254,0,1,34,7,4,157,7,7,74,1,74,11,140,29,10,13,2,17,2,27,76,21,38,151,24,17,24,30,60,57,42,61]
CFO=10316.690536879456,STO=3
EsN0dB=6.92,GRXdB=40,N0=0.001258925418369472
packet_number=111,correct=False,payload=[223,225,252,16,16,0,48,64,16,5,120,130,136,8,144,72,104,32,113,3,25,129,25,64,93,33,217,136,153,237,184,224,209,225,246,2,26,163,16,2,24,106,49,2,146,33,186,32,193,67,211,33,89,34,17,135,145,227,43,129,155,195,163,195,195,233,246,4,16,4,48,96,12,38,18,0,20,36,176,230,252,116,118,7,147,39,49,4,84,101,53,5,192,132,145,69,213,228,62,6,18,51,54,38,86,118,118,142,150,95,182,78,222,102,65,129,85,183,51,69,71,55,99,135,135,199,179,239,215,231,188,0,24,8,16,64,88,77,72,136,204,128,57,200,224,172,117,17,80,9,25,5,93,41,188,137,25,185,153,232,153,249,241,3,9,9,42,15,42,74,126,203,138,250,57,102,216,96,122,8,25,43,57,201,83,91,249,129,155,35,185,203,155,237,252,0,60,44,60,69,76,44,52,204,14,36,28,196,204,236,221,5,141,8,63,199,76,229,252,141,157,11,188,197,173,228,60,143,18,42,62,126,126,62,40,30,254,198,155,206,90,42,156,11,159,117,191,79,25,47,110,142,158,175,151,227,183,86,112,64,16,32,60,65,80,32,112,160,24,64,112,128,208,64,241,1,1,33,17,197,144,96,48,192,141,162,177,231,212,225,210,2,26,34,50,65,10,18,112,130,210,176,185,194,113,160,241,1,82,3,121,67,11,227,49,129,35,163,145,195,160,227,242,4,20,52,54,64,5,192,112,132,148,164,48,68,240,84,245,16,21,49,53,214,79,121,116,156,133,129,180,197,216,229,246,0,26,54,18,114,150,103,126,22,139,198,26,194,86,162,113,134,23,7,191,6,39,103,101,129,129,167,147,199,150,230,248,0,24,56,42,128,26,56,104,136,136,136,24,72,142,193,72,1,28,225,152,201,64,200,113,73,157,25,26,192,89,225,251,10,90,106,41,79,31,42,122,136,139,175,186,202,194,234,247,9,59,35,27,11,35,235,120,131,90,139,187,171,223,235,252,4,22,12,61,8,78,46,124,140,156,41,40,228,212,100,253,13,29,36,61,77,25,110,44,133,181,137,175,13,217,239,186,44,152,6,26,78,126,74,63,78,156,38,22,205,30,238,207,15,142,111,191,7,5,253,253,131,155,175,143,207,31,233,240,32,16,96,24,0,200,48,112,0,144,160,176,64,192,160,240,32,1,33,51,1,145,225,88,161,137,161,176,225,210,65,241,32,21,2,58,97,86,71,51,2,18,163,176,194,80,226,243,3,3,51,49,66,202,99,119,129,193,129,242,65,211,224,254,0,13,32,14,64,20,96,116,128,128,36,16,192,208,164,119,5,21,36,52,193,119,33,49,133,131,163,244,197,213,231,232,6,22,6,22,38,18,102,123,163,214,162,54,194,218,230,245,7,19,35,55,67,19,39,119,130,145,135,54,135,71,231,120,8,24,40,24,67,88,80,120,140,136,164,152,97,72,224,185,9,25,169,41,9,24,233,77,128,137,169,184,80,121,232,200,10,10,44,16,11,126,42,120,12,157,234,56,200,88,122,239,19,151,167,122,79,88,107,123,131,153,187,191,195,153,235,252,0,24,44,44,71,12,100,120,132,148,166,30,228,216,236,125,13,157,51,56,106,92,12,125,132,157,44,28,205,221,205,251,46,28,62,95,14,30,118,60,78,158,162,190,133,199,224,255,69,26,13,53,15,31,102,127,175,139,163,219,207,223,171,248,0,0,48,56,64,64,32,114,160,81,128,28,224,0,232,225,1,153,32,177,96,80,240,121,2,41,129,176,193]
CFO=10036.018142498553,STO=3
EsN0dB=1.25,GRXdB=40,N0=0.001258925418369472
packet_number=112,correct=False,payload=[160,16,80,42,214,69,65,84,88,102,193,242,168,64,240,160,209,133,113,119,49,69,85,41,241,193,245,72,178,67,121,209,152,55,146,55,58,115,65,19,82,1,16,32,208,4,40,200,163,98,11,53,52,161,17,107,119,19,147,171,55,195,145,195,150,68,17,44,224,198,19,0,100,198,124,164,241,82,192,160,241,69,65,116,181,52,179,231,54,169,0,191,215,129,191,97,59,77,62,86,103,130,22,37,74,7,23,194,133,231,94,106,240,6,62,43,35,90,118,71,118,23,23,142,55,151,159,255,114,33,12,4,58,65,124,168,122,224,140,170,139,128,152,252,139,8,168,49,129,79,29,105,248,137,155,149,241,96,185,44,232,138,143,138,34,74,40,81,91,141,16,178,155,92,152,66,200,143,84,34,33,138,90,209,217,152,146,145,195,200,143,170,90,205,68,24,16,181,93,5,45,141,153,172,209,143,192,236,85,28,10,38,5,91,212,204,178,128,205,169,29,199,189,213,151,15,91,59,61,66,206,98,51,238,151,167,19,140,142,248,89,43,190,239,20,197,180,7,96,4,190,125,169,63,73,238,221,32,131,36,220,116,21,72,97,164,178,34,240,224,90,25,97,41,212,33,181,196,19,224,219,136,178,164,161,192,209,225,160,8,72,58,48,198,91,108,244,162,142,41,113,148,247,134,163,3,17,183,97,195,103,96,113,131,130,187,141,203,80,34,197,4,4,35,62,116,116,228,68,166,150,234,117,228,136,230,249,9,244,37,53,245,149,65,55,173,53,175,134,150,223,94,178,5,218,47,182,14,70,225,177,133,128,142,210,138,214,150,119,103,232,190,49,66,93,247,51,129,180,43,223,219,188,101,237,105,20,105,28,193,209,112,154,192,208,176,185,72,208,107,251,88,13,46,56,95,149,73,13,209,61,170,57,147,1,161,110,44,64,142,42,76,94,178,11,142,206,171,113,194,80,166,187,202,31,114,43,158,21,109,92,19,145,47,42,199,169,248,246,8,210,36,252,128,56,117,205,140,159,40,137,140,152,173,243,4,93,168,40,107,69,216,95,137,159,125,220,206,84,189,94,12,30,162,46,46,254,110,124,154,13,54,254,160,14,235,223,140,59,158,216,33,69,15,111,137,91,224,195,7,91,226,225,0,145,116,193,101,82,64,88,208,178,57,122,132,192,193,225,5,145,113,129,19,89,201,137,35,13,151,233,1,251,251,246,72,42,163,34,35,114,104,99,196,19,50,113,98,38,170,226,2,174,228,17,113,98,99,195,1,151,219,212,251,73,115,243,68,152,66,56,68,113,114,213,204,86,20,54,68,12,224,111,137,149,1,54,205,221,71,69,129,92,157,209,141,241,207,51,6,150,96,2,10,107,37,94,132,158,240,178,166,54,230,119,38,9,39,119,53,54,67,96,203,22,229,145,144,212,207,56,64,4,88,8,128,78,112,208,141,9,160,169,73,218,242,125,0,6,36,144,105,73,99,94,187,41,27,216,133,196,200,170,139,43,186,59,211,202,114,170,24,153,163,234,139,254,79,252,186,18,14,159,217,2,237,177,227,184,245,210,99,27,109,180,4,31,45,92,232,81,133,63,142,23,169,184,188,245,212,185,14,77,43,202,122,65,73,156,133,19,161,29,208,189,220,184,12,84,84,46,92,196,198,12,138,22,190,140,38,84,234,238,15,31,83,131,14,90,92,79,215,151,237,173,239,251,51,246,100,33,96,58,11,78,92,52,128,208,96,162,201,214,163,243,72,136,168,252,81,147,81,113,130,243,165,130,233,64,198]
CFO=7487.698753420105,STO=4
EsN0dB=-23.24,GRXdB=40,N0=0.001258925418369472
packet_number=113,correct=False,payload=[5,13,219,135,183,202,178,228,171,144,96,84,20,248,14,146,151,187,200,201,165,38,214,23,176,89,39,203,141,80,156,137,182,220,4,146,134,161,176,174,64,123,203,38,106,185,74,45,181,26,172,77,227,23,95,103,107,167,93,149,44,176,23,162,78,233,121,182,130,186,254,169,76,228,252,103,31,192,233,92,150,70,67,217,158,204,232,226,16,32,153,113,198,127,211,158,52,168,49,53,144,166,125,134,62,125,107,224,191,30,6,235,187,117,2,160,205,108,154,33,249,222,32,233,237,66,154,75,124,229,164,138,130,131,239,178,116,200,29,187,59,223,128,146,47,22,163,213,134,56,85,26,202,95,171,135,67,3,191,60,175,89,179,119,231,204,112,203,203,202,131,24,60,89,112,86,89,72,242,234,31,121,93,129,50,144,227,226,23,208,161,205,248,132,95,29,219,43,5,215,3,111,101,29,231,81,79,248,244,16,133,67,216,138,69,10,146,198,101,150,172,93,170,29,108,189,125,10,208,45,231,218,53,186,253,172,22,71,143,246,206,253,200,175,53,70,212,168,189,249,206,58,240,59,109,252,157,80,155,94,24,245,146,43,228,26,5,217,21,34,128,134,18,38,225,109,100,229,84,230,188,38,30,112,162,63,168,30,137,172,152,26,24,151,132,33,88,205,0,216,147,83,14,134,53,79,222,185,189,215,100,179,220,220,104,12,25,52,80,217,182,40,253,210,90,23,1,25,160,25,111,172,176,215,170,59,71,139,144,18,28,175,64,177,82,11,252,80,53,115,255,114,180,226,240,151,200,217,135,79,146,234,210,15,58,33,140,193,215,220,203,113,11,212,194,236,166,110,117,203,1,203,93,64,59,110,224,8,31,191,113,195,241,114,31,43,73,124,112,27,217,184,238,63,58,249,140,204,215,58,207,33,49,223,19,143,83,148,243,112,216,249,212,17,223,219,142,178,193,50,76,80,95,193,182,212,113,7,44,198,165,195,237,47,105,82,175,230,116,144,132,228,236,154,251,131,242,189,122,145,179,214,89,160,190,99,15,32,158,83,254,113,70,200,129,90,241,234,136,86,246,83,229,118,198,60,142,228,198,99,132,181,7,26,231,60,97,50,67,27,132,143,45,72,29,63,68,167,211,16,33,37,69,103,206,174,124,144,99,219,183,100,84,213,182,160,233,233,61,93,140,102,233,245,131,55,134,218,35,154,198,157,120,39,35,71,103,125,172,178,250,70,35,235,250,132,107,37,23,231,126,59,169,21,189,28,15,117,4,104,10,113,96,26,44,157,160,2,173,13,33,174,40,51,35,92,52,228,141,54,163,214,56,67,223,14,205,115,187,231,216,167,217,232,145,21,232,10,48,176,37,176,69,204,71,107,33,66,193,64,89,103,70,207,110,41,53,181,5,227,180,208,169,200,87,252,235,238,118,160,120,73,190,215,55,254,14,54,211,228,198,224,99,19,117,80,147,125,189,119,113,8,210,192,94,52,216,51,239,100,10,198,31,99,128,158,216,215,31,127,191,45,7,225,154,162,125,43,171,110,27,183,57,22,164,117,244,95,49,33,211,85,7,113,169,241,166,169,32,204,231,189,82,63,142,158,214,9,30,132,246,129,66,208,244,85,189,97,179,64,35,195,58,226,49,62,247,196,128,17,38,180,186,130,55,133,8,55,149,213,15,137,176,241,187,150,203,166,1,250,220,100,238,44,109,14,92,226,92,58,23,219,131,184,169,41,41,141,225,1,250,17,251,167,143,66,163,254,129,116,243,6,117,25,41,105,228,132,24,111]
CFO=8408.217103104802,STO=4
EsN0dB=6.19,GRXdB=40,N0=0.001258925418369472
packet_number=114,correct=False,payload=[0,8,2,35,5,133,30,7,9,25,72,11,4,61,14,15,20,16,18,19,20,21,22,23,8,25,26,27,28,13,30,26,40,33,115,166,8,37,38,39,57,41,26,171,108,9,46,39,240,53,18,3,36,53,54,183,58,57,2,107,44,61,154,43,133,65,194,75,132,69,68,70,72,105,106,83,79,76,206,13,24,80,114,83,20,93,82,87,88,89,81,203,84,28,30,95,112,49,226,104,100,117,118,71,104,105,238,107,108,110,238,111,112,97,90,55,84,117,116,223,56,91,114,123,60,93,122,127,3,129,130,227,140,129,134,79,136,137,10,131,136,141,159,159,145,152,146,145,145,149,128,18,153,185,168,155,24,157,222,211,32,161,163,163,132,165,167,179,173,32,42,171,236,165,50,175,176,177,178,187,180,188,180,151,184,89,58,187,180,245,110,191,130,129,99,195,68,165,102,203,88,219,234,203,140,133,223,171,152,195,210,209,196,197,222,199,221,217,218,251,86,221,206,151,224,225,98,97,244,197,230,103,232,225,172,235,228,235,230,173,242,245,226,241,116,181,246,181,248,249,178,241,252,189,90,255,17,105,18,3,80,149,134,6,26,9,0,11,68,13,14,15,20,51,0,51,86,21,20,87,24,25,27,31,18,61,30,31,32,35,35,5,132,173,34,227,40,41,74,122,36,45,46,47,208,112,34,50,121,52,150,55,56,49,186,63,30,53,62,59,0,9,64,83,76,64,70,69,78,77,98,75,76,69,11,71,20,81,82,83,84,71,86,23,8,216,203,91,92,93,154,94,8,112,70,99,100,101,74,54,72,104,106,107,76,45,126,107,112,112,80,115,238,117,246,119,88,122,115,107,108,61,182,61,162,129,128,3,150,133,70,39,136,137,138,131,164,142,142,143,144,145,210,151,148,150,54,215,218,155,154,155,156,141,158,156,160,171,226,163,160,173,160,167,134,169,136,170,36,164,190,171,240,177,178,178,148,148,214,181,186,185,186,59,116,248,254,189,209,205,202,192,66,196,198,231,200,185,194,203,221,197,143,141,208,208,210,243,252,69,214,223,216,215,220,219,223,157,92,221,225,225,226,235,196,229,180,103,104,137,122,236,252,196,234,255,208,229,243,243,244,241,245,151,216,249,222,250,248,251,126,77,0,1,162,1,69,77,134,15,8,1,27,11,149,13,46,141,8,17,50,19,23,53,22,17,56,17,154,27,88,29,30,27,80,37,40,98,37,103,38,99,8,235,174,11,44,165,110,42,64,113,54,51,54,37,21,55,60,121,58,63,44,61,18,63,96,64,206,67,132,69,70,70,106,9,102,11,68,76,77,75,86,89,82,219,5,85,78,86,26,89,90,90,80,93,94,95,98,1,98,35,100,37,38,55,112,97,47,10,76,108,238,111,113,81,98,227,117,125,86,127,120,57,122,75,61,117,126,127,128,129,160,163,12,53,134,135,136,11,162,139,142,141,166,143,4,183,159,147,4,197,150,30,152,146,155,131,157,29,140,159,42,161,162,131,164,133,38,179,184,137,170,235,236,37,167,143,242,129,182,182,244,53,182,54,61,185,58,186,188,157,254,191,65,209,192,211,204,197,199,215,201,129,202,203,206,204,204,207,84,243,211,211,84,247,214,84,218,211,218,215,156,204,142,95,226,229,160,227,228,117,178,231,200,201,234,251,244,233,238,239,96,243,35,247,246,182,86,215,180,121,188,255,228,189,244,189,5,9,14,7,4,5,68,23,40,9,2,73,8,7,14,15,80,9,6,18,20,21,22,23,152,9,26,11,8,61,30,59]
CFO=10881.591767196593,STO=5
EsN0dB=6.02,GRXdB=40,N0=0.001258925418369472
packet_number=115,correct=False,payload=[0,1,6,1,4,4,23,75,0,68,8,9,12,29,46,79,16,17,17,21,52,189,6,53,158,25,26,44,28,149,46,28,32,35,34,35,166,53,46,38,40,41,8,43,36,141,14,47,32,48,50,49,96,53,22,71,56,56,24,27,16,45,182,63,64,1,66,99,48,69,86,66,0,66,42,78,76,77,84,15,208,81,209,83,68,28,82,85,88,216,90,152,76,68,92,91,32,101,34,241,108,69,102,101,96,105,96,75,108,229,108,126,112,113,82,115,212,245,118,118,113,121,82,91,88,63,120,47,208,129,130,201,132,12,142,131,136,136,138,155,132,143,142,141,144,48,146,154,148,21,150,151,144,145,26,155,52,93,159,187,184,161,34,195,164,164,182,164,40,169,162,154,132,172,42,43,176,49,144,163,164,181,214,182,180,187,186,191,60,105,190,46,192,192,226,3,196,141,198,238,232,205,202,203,200,77,207,79,144,81,218,83,244,95,230,199,194,88,202,89,92,221,214,174,184,1,230,163,228,201,167,99,200,64,170,227,229,237,202,239,113,225,176,243,244,49,102,215,216,249,42,187,152,93,254,255,4,2,2,3,32,5,22,7,24,41,10,11,4,13,14,13,16,1,18,87,4,21,22,26,25,25,18,11,28,157,158,30,36,32,34,33,38,197,6,99,40,40,98,43,141,172,47,47,88,25,48,19,116,30,52,39,56,49,43,9,24,60,188,62,65,225,98,66,4,69,68,68,72,40,104,75,77,65,92,79,80,85,82,83,68,69,21,214,88,1,90,137,90,117,118,89,96,65,98,35,38,229,110,99,104,105,114,72,76,45,108,110,112,65,66,241,112,117,102,231,124,105,27,123,124,117,95,127,128,129,147,163,132,132,142,21,136,141,170,155,140,29,134,15,145,1,146,146,148,245,158,151,152,155,18,155,188,77,158,156,166,193,48,179,164,229,162,131,178,33,184,175,110,188,174,143,48,145,144,163,48,173,244,180,248,179,186,139,180,173,190,175,192,67,192,67,212,197,207,71,200,201,207,74,68,205,14,199,208,145,146,211,68,208,151,151,144,221,208,153,222,157,222,219,229,233,98,103,180,229,166,230,168,233,206,163,234,237,206,103,240,112,226,243,181,245,254,54,236,249,218,233,220,217,222,255,0,1,18,65,4,20,3,4,8,8,10,11,28,136,60,14,144,17,147,49,148,4,6,7,24,89,26,186,28,93,10,15,160,33,2,33,36,33,6,167,56,41,40,41,1,61,62,13,16,49,182,55,16,51,179,31,56,40,58,24,60,61,30,47,64,65,2,67,4,68,228,129,72,41,72,66,78,13,8,11,64,81,18,3,20,69,82,95,88,121,90,91,24,89,84,222,64,97,2,35,96,101,114,71,105,105,74,75,108,46,236,111,112,65,114,99,80,247,86,71,64,121,58,107,124,120,118,111,132,144,154,131,140,132,52,135,152,152,138,129,205,9,142,143,144,176,146,147,152,149,22,211,152,24,147,219,148,153,28,221,40,233,226,161,164,45,38,175,57,75,186,171,172,141,170,141,176,177,162,178,252,181,166,179,176,176,48,235,60,221,50,180,66,193,197,194,198,128,198,135,192,73,202,195,140,109,217,207,208,144,210,211,69,69,214,150,208,89,210,217,92,52,158,222,96,197,194,33,228,228,164,70,40,233,207,107,172,204,238,236,112,241,226,114,244,85,118,247,248,249,234,178,220,104,222,255,0,0,2,34,36,21,2,5,24,32,74,131,4,45,74,14,16,85,50,147,16,20,22,5,0,27,50,23,28,29,159,23]
CFO=9082.273294095205,STO=4
EsN0dB=5.87,GRXdB=40,N0=0.001258925418369472
packet_number=116,correct=False,payload=[0,65,66,35,28,72,22,33,24,1,9,139,12,12,207,31,24,144,34,18,4,24,18,21,88,17,24,91,148,29,6,30,32,33,98,19,174,36,38,103,60,9,42,45,44,105,174,47,48,49,170,115,48,53,22,22,176,29,89,29,62,33,159,191,64,69,2,19,8,33,206,69,240,107,72,198,140,197,30,29,116,81,86,83,208,84,64,151,28,88,202,25,76,77,70,87,32,113,162,115,96,101,126,111,104,105,106,71,116,77,174,239,48,17,112,121,52,241,31,119,124,121,186,122,236,77,220,63,0,129,128,2,212,134,34,135,140,45,142,251,172,141,142,143,144,115,18,5,30,135,210,158,156,137,155,22,152,29,30,159,131,161,170,33,132,205,144,183,168,113,170,46,184,239,110,175,120,145,182,37,184,33,177,55,152,185,254,187,148,189,182,159,196,195,224,199,204,84,198,135,200,205,194,66,204,204,238,207,208,153,199,210,200,207,246,215,217,154,62,217,222,149,221,223,224,193,226,162,228,81,70,231,106,169,179,238,204,101,238,239,112,245,178,241,228,247,214,231,240,249,252,185,252,157,249,189,0,1,2,3,36,4,140,19,9,73,10,15,8,15,14,14,72,17,30,3,16,213,150,145,14,232,91,153,22,29,30,27,0,97,102,51,112,37,162,7,40,104,42,43,44,15,10,15,49,49,163,54,182,20,182,63,56,40,250,59,62,57,46,55,146,32,66,99,4,229,198,3,88,8,64,67,4,76,199,47,80,113,18,114,116,93,78,119,218,121,90,74,218,91,84,95,32,97,38,43,100,231,70,103,106,109,58,43,96,89,126,111,112,25,98,97,244,64,102,6,64,123,72,123,60,95,126,107,0,146,192,129,132,128,6,134,152,25,142,34,206,221,10,159,128,137,146,211,132,20,182,135,216,155,142,153,159,149,142,191,241,32,162,228,60,189,134,231,156,169,183,171,172,64,172,139,176,163,242,51,150,49,190,61,249,213,160,191,164,189,249,175,224,195,163,72,196,195,214,231,200,193,216,235,76,197,206,203,212,211,194,203,84,215,198,215,74,177,220,215,220,201,144,222,160,167,226,231,224,79,230,167,234,109,168,75,228,236,162,251,68,209,242,226,196,253,254,117,250,189,90,255,253,237,248,237,0,137,193,65,2,69,78,135,72,9,26,91,26,29,14,7,8,81,146,35,148,21,4,23,8,8,24,59,9,29,28,23,0,33,2,42,236,37,101,6,136,49,170,65,141,60,46,15,33,41,62,51,36,97,26,113,57,56,18,51,52,45,62,25,68,1,206,83,5,69,6,71,72,64,34,75,78,24,71,79,112,123,83,64,84,117,54,117,24,27,95,124,88,141,78,95,96,232,98,35,6,112,126,103,40,105,234,73,108,235,238,110,96,97,112,115,116,61,114,119,121,121,124,177,124,93,116,126,144,129,128,178,165,20,15,135,136,137,138,203,138,141,142,151,151,153,163,129,148,135,166,151,186,216,218,185,156,144,14,219,160,225,166,241,132,167,242,167,184,233,47,171,140,173,174,47,240,176,178,50,182,181,182,183,188,56,186,186,252,185,206,62,228,179,226,91,228,196,64,215,137,201,98,203,204,141,206,207,208,209,130,27,245,17,195,198,222,217,222,179,24,221,210,191,96,117,130,231,228,227,231,7,104,233,234,235,108,229,167,207,82,243,240,243,226,245,87,243,170,250,227,251,88,189,252,30,0,145,2,7,166,21,71,7,40,137,14,3,76,13,94,67,16,17,16,2,20,21,14,23,8,25,10,83,52,5,18,95]
CFO=-9900.7244273266,STO=4
EsN0dB=-15.81,GRXdB=40,N0=0.001258925418369472
packet_number=117,correct=False,payload=[172,7,170,193,74,12,173,8,10,216,165,73,28,201,199,32,188,176,70,138,197,220,106,110,251,49,240,249,227,177,13,153,106,21,201,143,9,79,246,195,8,99,84,80,205,238,121,167,167,140,43,130,46,64,177,154,51,52,233,225,246,198,80,216,14,252,126,214,134,178,219,126,169,246,116,207,203,14,139,205,46,184,127,237,247,23,231,190,26,14,35,159,95,249,191,247,164,19,250,207,246,51,187,108,205,64,84,71,252,248,103,82,20,229,186,115,136,99,17,248,159,224,3,177,127,79,174,57,31,155,171,165,53,106,6,42,223,249,9,189,152,232,70,201,86,62,90,185,221,69,116,83,136,202,168,96,10,135,103,42,22,163,63,132,116,190,99,152,128,72,46,125,83,197,109,163,221,152,10,119,82,212,114,80,180,101,41,97,236,214,133,91,20,227,217,151,117,17,152,173,204,33,53,218,117,158,179,244,48,64,44,91,10,21,202,25,36,7,86,235,109,46,246,20,15,97,23,238,128,63,157,67,61,179,33,225,99,240,5,184,104,169,40,184,28,37,88,154,238,32,13,240,90,49,116,114,195,65,13,69,17,101,134,113,216,171,23,239,114,33,45,71,131,84,11,9,159,53,155,202,122,209,106,118,212,63,13,73,229,219,206,132,161,225,54,129,129,204,240,218,19,172,117,215,68,35,29,45,174,231,228,183,55,194,199,8,22,39,195,6,113,91,255,3,27,114,215,210,191,162,236,230,152,122,117,26,30,181,223,154,71,117,77,130,242,255,148,124,122,39,81,136,130,159,168,6,198,32,1,111,67,219,164,98,42,67,122,106,102,239,213,157,132,242,59,114,202,44,84,73,191,43,155,64,168,56,198,10,10,177,130,173,206,73,89,117,240,49,26,184,9,75,173,154,208,22,174,54,192,76,180,120,201,186,168,22,162,197,158,69,136,105,35,22,127,125,222,128,120,9,231,51,195,227,169,206,98,129,114,209,15,24,155,32,40,170,42,202,26,186,231,125,24,65,131,157,24,178,42,48,153,85,81,68,148,99,145,150,116,133,140,167,254,165,125,254,86,61,227,208,195,61,251,193,123,215,150,133,228,175,127,216,26,32,75,238,225,248,178,171,200,168,168,94,244,187,221,123,41,72,54,187,150,212,44,225,31,234,76,90,41,171,82,10,145,51,123,178,132,8,48,66,196,153,51,72,34,223,224,165,13,88,1,61,1,223,97,154,49,166,40,247,9,7,178,35,235,62,191,253,32,23,22,108,45,194,207,148,97,253,192,187,125,168,70,160,238,82,169,165,203,200,247,193,118,127,34,206,182,174,96,248,120,181,65,155,208,246,165,120,221,170,181,29,2,178,122,96,95,188,161,170,28,238,81,204,224,240,21,240,88,194,186,150,230,93,150,202,17,98,207,232,129,166,46,101,69,129,57,49,7,125,204,64,61,79,129,213,86,122,86,172,241,168,121,139,182,145,149,220,225,234,189,22,182,104,92,50,67,163,108,102,169,224,151,118,255,50,227,56,244,53,94,49,164,175,6,255,21,16,128,222,5,62,228,177,94,240,114,27,132,244,56,208,163,14,53,95,149,82,188,6,223,218,71,162,42,208,105,204,79,99,245,158,56,96,33,140,74,232,230,188,61,214,106,129,42,236,144,68,53,207,38,19,244,58,232,45,33,69,217,172,1,212,176,55,203,68,73,130,134,14,99,165,117,65,165,70,121,190,193,210,22,116,140,68,200,79,77,235,170,59,118,0,55,172,174,35,212,25,110,87,24,88,157,83,221,86,216,169]
CFO=-12142.850704781607,STO=7
EsN0dB=5.88,GRXdB=40,N0=0.001258925418369472
packet_number=118,correct=False,payload=[190,127,223,250,150,223,117,255,13,43,255,127,207,255,255,127,119,47,255,61,126,127,255,254,159,215,255,107,255,247,255,223,62,147,55,255,247,237,255,254,127,127,254,59,238,190,251,239,255,123,255,253,127,247,127,239,250,255,250,121,255,255,127,255,127,255,127,187,223,255,231,245,78,247,246,235,246,255,223,255,250,107,78,255,255,247,255,255,251,127,95,127,251,191,246,254,223,255,249,223,247,175,255,255,254,127,255,185,187,239,223,255,111,253,243,253,119,255,239,251,255,255,255,252,223,255,255,231,254,255,255,223,239,251,201,159,255,255,239,255,251,251,255,247,254,223,123,247,255,255,254,255,255,191,251,253,223,253,223,191,191,255,247,191,255,255,158,253,191,255,245,159,166,191,255,253,255,254,253,155,213,255,191,190,255,255,190,252,191,123,254,219,159,191,255,255,254,211,247,223,191,207,213,255,123,255,222,254,255,247,253,253,255,246,241,255,255,247,255,127,254,239,235,247,255,223,222,251,205,239,252,255,246,255,255,251,255,205,239,95,239,255,223,255,243,247,255,191,255,255,255,255,159,255,255,255,253,223,247,255,195,119,109,191,255,51,255,251,126,123,126,191,186,190,182,253,239,255,107,211,127,183,255,124,188,255,255,127,255,207,245,111,254,223,124,255,228,239,254,251,46,251,191,239,255,191,125,91,253,223,125,59,254,255,255,255,124,255,255,255,127,254,91,239,234,223,244,61,247,207,254,251,89,239,223,255,223,207,234,253,223,241,247,255,255,255,253,255,127,255,255,221,255,255,255,211,229,247,255,239,255,222,255,255,254,159,127,255,255,255,126,87,246,119,239,182,255,255,247,111,89,255,255,93,255,255,243,153,205,191,223,159,167,255,189,251,254,215,237,251,239,255,223,255,254,255,255,255,191,255,255,255,254,255,253,222,254,127,255,125,247,181,233,189,175,255,255,251,255,255,255,255,223,191,187,219,247,247,255,255,221,255,171,123,255,255,252,190,183,191,237,255,255,247,95,255,255,255,244,239,159,110,254,191,255,223,115,247,219,183,255,239,255,255,248,187,222,255,231,255,255,191,247,167,255,237,255,239,255,127,239,255,249,223,237,255,247,255,115,237,255,199,125,255,157,255,255,254,255,247,253,223,253,203,255,167,253,231,255,159,223,127,254,255,223,175,29,237,59,95,175,255,63,255,127,125,191,90,249,127,255,255,187,255,191,191,255,237,223,254,235,183,235,238,255,255,189,239,181,253,47,239,251,255,223,119,127,126,126,127,251,191,251,251,180,255,191,63,232,255,255,239,243,239,215,206,114,253,223,221,253,255,124,239,251,221,252,113,125,246,126,251,255,155,95,223,254,107,127,63,127,243,239,243,252,255,190,23,251,239,255,247,111,255,255,254,127,255,245,249,221,255,255,255,253,249,255,255,127,239,255,255,254,251,159,205,183,215,239,239,223,187,255,191,253,143,255,174,187,63,63,247,189,207,159,255,253,154,191,253,191,254,246,255,255,247,238,255,254,175,239,247,181,237,155,239,255,255,191,235,255,191,251,255,183,255,239,255,255,251,223,255,191,253,255,253,219,251,238,255,239,220,95,251,85,223,222,239,254,255,191,255,251,255,254,215,255,191,255,223,227,251,247,255,255,255,255,239,231,115,255,255,177,255,253,123,223,255,255,255,255,253,255,255,249,255,191,187,245,255,255,111,255,219,239,255,255,255,255,251,108,251,127,101,191,221,187,207,190,209,127,51,30,254,223,57,90,251,221,127,183,191,126,239,255,255,127,254,254,223]
CFO=8571.178776239614,STO=3
EsN0dB=5.94,GRXdB=40,N0=0.001258925418369472
packet_number=119,correct=False,payload=[16,5,2,31,4,17,4,135,3,1,138,9,4,8,14,15,144,16,18,19,36,81,6,23,26,27,26,26,20,57,12,79,160,37,226,33,38,37,170,167,120,41,46,47,8,36,6,62,152,51,178,55,52,37,54,113,59,59,248,179,24,60,46,87,64,69,66,3,72,116,70,69,232,201,106,79,110,77,76,15,68,81,86,67,94,69,82,85,88,9,94,74,92,77,250,92,48,65,66,99,100,96,250,39,40,105,122,121,108,200,66,111,96,113,114,115,116,124,70,245,248,105,58,247,120,124,220,95,195,145,2,131,128,17,6,151,136,140,128,171,141,141,140,207,144,185,146,18,208,145,214,199,24,89,218,251,153,180,158,153,176,169,130,15,46,101,164,167,168,169,175,170,236,173,142,167,176,177,178,179,156,180,103,54,194,184,178,170,188,189,174,183,193,193,198,131,197,132,230,229,192,72,142,78,204,93,206,223,208,17,195,215,220,117,134,87,89,65,218,219,204,217,146,95,226,225,106,194,164,197,231,239,232,233,105,227,204,237,102,238,112,245,113,183,116,212,230,247,252,249,178,187,189,239,255,227,64,197,10,129,5,5,134,15,8,9,14,8,140,9,15,10,21,81,146,146,20,7,150,135,0,25,154,27,16,21,22,159,32,52,2,35,36,45,46,45,232,41,8,47,39,45,46,15,48,49,54,49,62,85,20,61,57,57,30,91,45,57,62,29,12,65,74,75,68,69,69,86,88,201,78,75,76,13,92,111,67,97,80,145,212,85,22,86,92,89,113,89,77,93,82,223,104,97,106,103,96,101,98,97,248,43,106,163,117,109,44,47,32,81,114,127,176,117,231,119,96,89,64,75,125,121,62,127,0,133,138,3,4,87,148,133,222,9,143,171,136,141,142,142,192,153,27,211,212,157,151,159,152,153,154,155,157,153,30,159,160,165,170,227,52,128,166,167,160,41,170,171,45,153,174,174,160,177,50,130,164,189,180,183,184,217,191,51,156,189,190,191,36,192,3,199,79,197,162,159,192,225,202,203,197,205,196,207,144,89,194,147,213,213,210,213,209,153,154,219,124,245,92,195,225,161,116,227,128,197,230,239,200,233,238,235,236,236,111,230,186,249,248,115,244,245,246,183,248,57,250,251,232,221,126,191,16,1,18,161,4,23,22,7,24,9,171,10,95,141,44,15,16,1,2,25,148,20,22,23,8,57,58,77,16,12,30,159,56,1,34,107,132,124,38,15,56,169,35,43,140,45,166,63,32,17,50,51,102,53,182,54,56,57,46,50,62,93,62,60,80,81,66,2,5,85,70,71,232,72,74,11,212,201,188,78,80,81,66,82,212,77,214,21,88,219,90,121,92,93,218,95,100,65,194,67,100,89,102,103,108,107,166,35,236,104,102,107,96,81,114,209,84,117,86,119,66,88,90,123,112,125,126,127,128,1,192,139,140,165,22,135,129,209,200,235,140,77,200,143,146,145,208,183,132,182,158,149,216,25,154,157,152,221,142,15,160,163,130,179,180,101,167,102,184,234,170,163,166,43,12,174,16,229,146,255,166,245,182,54,56,185,186,179,176,156,191,190,192,200,202,207,68,199,199,71,192,41,90,207,77,79,206,215,208,209,212,211,208,213,222,215,88,217,206,211,220,220,62,220,80,227,210,199,100,100,242,244,236,193,234,203,205,237,207,239,240,241,250,243,213,245,246,118,168,255,216,251,182,253,190,255,30,9,2,3,14,5,4,7,10,8,74,11,141,29,56,15,20,49,18,19,20,21,118,31,24,73,90,155,28,29,90,62]
CFO=6698.528736024293,STO=7
EsN0dB=5.92,GRXdB=40,N0=0.001258925418369472
packet_number=120,correct=False,payload=[17,1,2,131,34,37,6,3,9,133,200,30,28,5,14,30,16,208,18,31,52,21,6,67,56,19,90,27,28,28,188,83,44,33,58,51,44,13,53,47,56,169,42,66,46,109,42,79,33,116,115,183,60,60,190,55,120,249,174,107,156,12,54,61,64,73,66,67,86,5,75,19,90,66,202,75,76,72,193,15,88,121,114,115,81,84,34,87,82,89,186,219,92,89,204,95,98,99,102,113,97,103,166,115,72,108,202,107,110,5,110,110,242,112,51,123,100,119,126,183,104,121,122,123,127,121,116,63,128,145,130,209,132,3,86,149,152,137,155,171,196,173,173,207,208,145,154,147,22,157,190,151,152,152,218,143,253,141,158,159,160,33,34,163,164,173,190,170,160,169,168,175,172,201,175,187,240,145,176,177,180,165,178,183,152,185,186,171,188,191,190,187,192,229,211,211,197,109,198,215,194,217,171,171,204,195,235,207,212,209,158,215,181,199,215,215,216,249,218,219,220,213,222,222,227,225,198,163,193,205,246,227,232,233,235,234,237,247,254,237,224,241,219,243,229,229,244,211,56,57,118,55,252,255,222,223,4,73,32,99,52,4,130,79,141,8,14,27,44,15,14,79,160,115,90,17,145,89,87,21,25,169,26,59,28,21,30,22,160,32,248,195,37,40,46,103,41,41,106,139,41,61,14,46,88,177,181,53,60,53,55,39,112,57,58,59,60,57,62,63,64,69,82,75,22,49,98,70,67,201,122,248,92,77,86,158,212,83,122,91,94,21,22,143,68,83,91,27,124,29,80,255,64,101,96,99,228,97,236,103,78,236,26,75,32,109,108,103,112,48,121,123,20,117,118,103,120,193,114,91,110,253,118,87,128,133,162,131,150,143,138,143,136,139,154,139,173,189,142,134,144,133,18,143,150,145,176,151,153,137,186,155,156,93,158,159,160,165,160,163,47,197,135,39,184,235,174,171,168,45,47,175,184,241,178,183,180,173,101,119,184,185,184,187,172,191,186,63,200,209,196,67,68,229,78,231,200,201,194,203,253,220,230,111,200,113,210,219,148,245,198,207,218,253,222,219,221,221,246,206,64,97,230,199,230,205,178,231,187,249,104,99,196,233,207,207,144,240,59,123,245,118,118,229,248,121,186,235,117,255,122,223,0,69,134,131,132,21,135,135,8,9,10,26,13,15,30,47,21,19,18,246,21,19,22,31,56,25,146,83,190,29,29,31,60,33,96,35,14,45,93,47,120,59,14,139,40,43,46,63,52,33,186,253,48,213,54,30,60,187,50,43,176,61,59,95,212,72,97,67,116,133,70,103,108,201,192,219,205,72,78,79,80,81,86,155,68,85,84,87,89,25,59,67,92,89,94,95,233,97,246,107,164,65,238,103,228,105,42,107,109,205,76,111,112,113,122,87,100,101,118,255,112,121,82,190,60,125,47,103,136,169,146,129,4,141,162,163,170,137,138,159,204,141,135,143,208,163,211,135,156,152,195,147,184,153,46,31,20,159,159,175,128,163,54,226,180,181,244,183,232,173,187,219,206,77,191,175,176,224,177,179,247,247,182,183,184,191,186,63,186,189,190,191,128,193,193,199,76,141,206,103,200,201,90,202,207,76,206,174,211,217,192,83,92,245,151,151,200,208,123,219,216,76,134,151,96,227,234,227,100,217,229,231,232,232,174,203,237,169,239,239,249,161,242,215,253,221,246,255,252,203,249,251,248,255,110,255,130,41,2,9,142,5,78,7,8,133,2,26,60,13,15,11,17,49,2,3,1,213,31,23,88,57,138,59,28,205,63,31]
CFO=1793.9343630447127,STO=3
EsN0dB=6.00,GRXdB=40,N0=0.001258925418369472
packet_number=121,correct=False,payload=[34,169,180,49,70,197,14,223,74,121,35,15,132,12,110,79,158,249,151,83,216,117,22,215,60,223,28,63,29,93,94,157,232,49,99,39,37,231,38,23,45,175,42,122,44,121,14,175,245,53,49,59,61,125,54,55,25,185,122,51,62,121,42,127,64,3,106,99,96,37,78,199,200,113,74,47,93,220,78,141,113,119,250,119,20,213,87,87,93,91,90,95,28,93,86,127,96,107,227,238,68,117,111,119,91,109,106,238,124,109,254,111,224,249,126,119,54,125,118,247,121,57,251,123,234,93,126,255,144,49,210,131,134,207,214,207,154,217,170,219,140,143,142,143,193,245,210,187,156,177,172,167,154,241,218,219,236,159,222,191,168,228,162,195,237,165,167,179,201,241,187,187,172,151,190,167,178,145,178,240,240,241,213,191,184,145,178,187,156,189,182,159,28,229,238,210,220,197,199,195,107,254,202,138,204,237,206,255,176,209,254,217,253,222,214,215,222,153,250,219,28,181,254,223,231,233,86,251,231,229,239,227,235,251,226,234,204,255,239,230,243,249,254,243,84,223,246,119,219,191,218,235,190,237,254,171,164,37,30,33,37,77,79,6,26,45,74,143,13,141,143,142,16,241,50,34,116,23,86,87,21,24,122,155,159,157,94,29,52,161,184,39,36,39,119,163,168,251,235,239,46,45,126,47,178,49,178,47,116,53,39,247,57,189,250,59,112,61,62,255,84,65,91,98,85,69,118,199,123,75,94,205,15,77,78,79,144,81,66,115,84,87,206,223,201,89,94,123,220,89,94,95,192,113,230,71,117,97,230,103,104,47,102,106,204,105,126,93,66,243,110,115,54,85,127,55,124,125,126,59,109,125,254,127,162,133,130,163,173,181,134,179,152,139,155,203,204,159,142,207,2,211,182,211,244,149,150,23,216,185,178,25,156,157,158,255,228,227,235,167,240,167,34,231,236,43,174,171,173,167,234,63,176,241,182,179,190,167,182,183,186,185,187,189,252,189,255,255,192,201,214,227,77,101,103,230,222,205,202,139,237,207,206,207,144,217,216,219,215,221,222,223,217,89,214,219,204,156,222,255,201,185,240,134,224,229,246,235,222,227,254,203,252,239,238,239,208,189,246,241,244,241,246,247,249,251,251,227,190,255,254,247,65,1,3,71,5,197,62,7,73,9,74,171,15,110,26,239,25,153,26,19,36,149,23,59,56,63,154,15,220,31,222,63,169,53,50,163,96,231,110,39,44,239,42,234,180,63,45,203,180,61,54,115,244,53,38,22,63,31,48,59,124,125,126,63,208,79,98,37,69,193,78,211,200,207,78,75,236,79,74,79,244,81,114,119,85,221,86,94,90,59,90,219,108,93,250,91,97,67,226,227,116,236,222,199,120,109,238,231,76,237,126,111,48,112,250,115,245,245,126,247,121,89,122,123,60,61,127,127,154,193,234,207,132,173,166,158,149,153,174,171,206,143,206,206,70,157,178,147,177,149,147,243,152,187,152,219,156,157,158,187,161,169,162,139,164,229,47,183,235,171,42,179,172,173,44,191,144,160,178,179,241,188,188,31,169,241,187,187,186,189,190,191,149,229,227,199,200,213,215,231,141,201,206,139,236,205,202,231,215,240,208,215,196,69,150,247,236,217,154,223,203,221,159,223,234,225,235,231,224,231,230,231,244,249,255,238,188,237,238,234,249,227,226,247,116,253,182,247,126,121,250,219,253,255,254,190,54,11,82,3,148,21,74,23,28,29,10,43,60,31,239,15,3,17,49,23,22,149,23,87,126,153,25,123,29,59,24,27]
CFO=4155.900696935498,STO=5
EsN0dB=5.14,GRXdB=40,N0=0.0015848932089284062
packet_number=122,correct=False,payload=[0,48,155,195,0,163,5,7,28,89,24,255,237,43,30,47,64,17,38,151,4,17,63,31,152,153,62,59,54,21,30,159,160,32,34,183,38,103,166,53,107,41,108,155,174,45,119,173,113,113,114,51,55,49,190,119,122,25,91,59,124,125,254,55,200,73,82,107,69,65,199,231,72,73,3,219,76,79,74,14,90,84,82,83,112,89,126,95,80,89,91,30,92,197,31,151,45,241,98,35,229,244,239,123,72,73,202,111,92,109,104,5,116,81,115,179,244,84,63,119,120,123,54,107,21,124,127,247,152,145,130,170,196,149,134,39,175,157,222,171,198,253,142,143,216,153,155,151,150,149,214,183,152,137,198,239,220,221,190,11,160,137,34,182,34,191,230,239,12,251,254,235,140,169,175,175,144,49,177,243,164,153,181,181,58,177,250,190,188,191,190,191,228,137,198,227,198,197,214,231,173,193,251,203,204,204,137,207,144,209,218,211,240,223,214,183,248,201,218,216,216,251,252,31,208,229,227,235,228,229,162,107,233,185,226,241,236,169,254,47,240,240,248,243,181,245,254,255,253,251,253,187,252,233,250,55,32,7,34,3,208,5,79,6,73,15,10,26,12,4,174,29,86,153,218,19,20,245,17,23,16,29,26,43,28,217,157,127,32,43,34,99,52,103,43,135,40,105,98,111,44,31,156,47,112,48,234,51,52,61,54,62,29,231,186,123,60,63,95,223,33,69,66,193,213,101,69,79,74,73,110,203,108,77,110,103,80,120,242,83,126,87,51,213,120,209,62,219,78,125,219,95,224,101,98,235,101,13,86,103,208,105,235,99,232,140,126,103,83,113,242,115,236,244,118,230,122,120,126,123,252,123,254,127,130,181,131,137,132,133,174,135,168,168,210,139,156,141,132,142,153,17,150,147,140,177,244,244,152,143,27,155,132,199,222,188,172,162,162,47,165,245,230,103,59,171,170,251,109,145,173,255,176,229,57,183,212,245,190,183,184,153,170,219,188,157,254,59,130,193,114,195,197,132,199,197,75,219,75,203,204,217,154,207,152,201,81,218,208,85,222,208,208,217,222,219,172,95,196,223,240,225,226,193,236,253,239,231,236,105,234,235,238,189,214,238,224,243,224,243,188,243,219,247,244,159,254,255,253,223,202,229,96,1,22,167,132,165,38,135,25,73,15,219,29,41,30,79,16,17,80,3,21,53,30,95,24,25,19,156,157,141,156,31,97,9,35,107,165,38,52,231,188,233,106,235,172,45,175,187,185,19,114,123,60,63,100,61,56,57,154,250,120,125,238,92,66,17,230,11,70,93,78,79,76,121,75,107,84,109,94,111,89,65,82,243,212,117,20,167,216,91,90,90,212,221,94,91,208,224,106,99,101,239,102,135,90,91,235,107,252,109,110,77,250,113,126,114,69,84,38,119,184,245,113,94,252,125,127,191,106,161,210,135,164,129,22,199,152,185,42,139,205,152,14,15,176,209,178,147,20,149,182,149,152,137,155,155,222,157,220,159,226,179,130,131,196,45,166,199,232,177,186,27,172,173,190,143,176,177,250,179,181,181,182,183,186,121,182,187,188,253,182,190,224,211,194,199,196,67,198,231,192,205,202,203,204,204,207,223,214,153,164,211,244,213,222,119,254,222,218,249,220,253,202,235,208,225,240,227,237,231,247,231,88,123,250,171,188,97,238,139,240,240,230,225,252,245,246,245,248,236,254,209,254,253,254,255,0,5,34,7,148,13,151,5,141,27,10,15,14,141,8,55,52,57,2,83,37,29,60,63,56,9,154,155,29,157,29,159]
CFO=-1252.3683080153824,STO=3
EsN0dB=5.33,GRXdB=40,N0=0.0015848932089284062
packet_number=123,correct=False,payload=[231,202,251,32,71,168,14,63,56,25,12,37,124,44,110,254,236,56,63,65,111,216,94,189,220,28,62,98,117,121,125,127,124,254,254,171,202,153,193,116,60,246,174,187,183,60,228,176,220,248,255,234,198,234,217,88,245,189,126,221,236,168,238,187,244,242,253,143,165,127,61,237,151,158,181,181,171,83,29,249,181,237,189,81,199,113,73,250,85,222,125,101,97,169,13,249,191,63,253,131,117,85,143,216,185,171,127,235,167,169,183,248,215,237,23,193,231,203,205,254,221,221,207,243,212,233,237,249,237,221,255,167,135,139,207,23,138,190,12,179,230,46,190,251,186,243,126,87,231,235,207,88,87,91,254,122,87,122,171,26,118,122,254,219,239,158,79,91,246,147,222,38,111,251,167,248,255,254,254,107,247,204,254,251,222,222,95,234,230,215,111,255,231,250,127,75,211,139,142,118,95,91,127,211,102,127,173,23,125,127,253,71,103,219,95,83,127,123,191,111,111,107,79,119,231,255,239,203,239,169,175,243,191,171,255,243,255,139,191,55,191,187,182,247,195,239,15,241,87,203,255,119,207,255,29,239,214,251,237,179,39,200,26,26,54,56,158,36,46,122,124,106,190,28,191,123,224,113,79,184,203,145,95,100,111,200,252,120,252,220,126,207,20,154,140,26,214,253,221,202,228,238,238,184,191,29,244,131,141,193,212,222,249,89,216,241,202,238,239,249,254,254,223,65,197,9,61,187,247,157,21,161,119,177,157,178,181,185,169,73,86,88,239,29,85,255,121,99,52,90,253,99,110,109,125,205,205,139,237,217,231,253,159,225,165,253,253,217,173,189,253,203,230,239,207,221,229,221,223,241,247,251,239,181,255,243,254,23,183,90,15,219,91,159,142,22,115,126,54,242,254,191,126,122,102,127,102,90,86,255,127,114,126,63,111,250,22,251,126,160,198,186,238,150,158,251,223,234,68,254,111,240,255,238,255,193,174,250,223,254,246,223,222,251,238,235,239,243,255,255,206,139,31,207,15,183,215,159,159,119,47,77,251,127,55,251,255,243,71,239,255,83,247,87,255,234,255,239,127,177,127,127,247,171,149,255,159,25,159,219,222,195,173,99,175,211,255,251,159,107,198,237,127,83,255,239,255,247,231,255,239,251,255,251,120,152,68,89,140,219,183,124,126,38,37,14,127,244,189,253,125,102,127,248,237,65,191,81,62,122,108,102,106,248,244,251,254,34,159,156,236,247,159,153,158,100,210,172,172,189,190,255,253,242,204,239,172,216,254,218,136,238,245,252,111,241,244,250,183,69,229,175,109,177,148,211,223,91,167,187,47,56,55,159,185,201,231,77,79,53,85,91,221,65,229,109,125,247,245,253,207,219,213,191,52,181,253,159,155,129,227,173,173,189,253,253,253,245,229,201,197,249,239,236,247,155,229,229,237,251,245,253,251,26,199,27,15,95,190,25,28,187,58,186,46,115,119,122,254,247,86,202,79,90,127,250,78,178,118,111,236,83,119,232,126,131,175,138,190,209,222,218,191,246,254,158,188,183,246,188,255,194,78,238,207,251,215,233,223,231,98,122,243,250,254,251,253,175,23,75,79,35,51,127,159,242,63,107,31,176,255,127,63,35,215,207,203,83,223,251,231,71,99,239,239,63,87,119,31,131,163,187,143,219,191,249,159,167,207,175,223,149,245,223,255,203,167,203,235,210,87,67,239,250,247,235,231,241,255,243,254,83,109,72,62,245,55,217,21,32,38,234,60,123,181,122,254,88,68,76,76,229,196,112,95,119,53,125,108,116]
CFO=5107.362175153814,STO=3
EsN0dB=5.46,GRXdB=40,N0=0.0015848932089284062
packet_number=124,correct=False,payload=[131,88,205,16,20,16,24,0,196,89,13,52,100,57,63,24,247,24,62,77,224,64,76,114,210,96,124,176,236,106,109,244,245,186,20,131,134,153,238,215,132,44,156,136,175,45,60,240,244,188,44,230,214,79,207,112,246,248,157,229,227,216,236,240,244,187,221,15,5,171,204,113,20,8,29,161,171,45,59,49,51,18,61,69,69,201,205,241,101,89,132,97,37,241,125,113,113,81,127,161,197,236,221,141,184,232,143,161,237,103,173,181,180,155,172,192,199,201,207,89,244,251,223,243,229,232,239,225,223,153,254,0,71,15,78,31,82,10,158,98,244,58,63,114,46,58,54,195,94,73,207,242,116,11,92,97,38,111,124,243,48,110,62,236,150,138,174,223,132,190,157,51,54,40,47,178,146,155,175,199,87,192,238,154,80,222,158,226,246,238,254,112,210,252,239,10,45,137,15,27,215,57,29,35,165,251,15,59,119,159,189,127,71,218,239,95,71,121,95,86,127,203,111,71,95,90,127,147,143,155,207,3,191,42,151,162,167,170,175,179,182,169,187,67,215,139,199,211,215,251,219,243,99,235,239,255,231,250,188,64,134,72,12,88,22,152,28,58,52,45,241,80,54,152,56,114,66,210,77,82,124,84,84,112,68,249,236,210,118,248,124,226,133,172,154,209,84,184,154,179,224,202,188,148,180,184,252,208,244,200,196,210,204,233,220,112,231,236,190,242,253,248,253,83,129,13,23,80,36,56,111,33,183,45,53,52,23,17,48,64,52,99,69,85,89,91,95,96,97,105,97,179,117,48,255,129,183,221,141,147,53,184,77,225,175,40,205,230,181,185,187,145,212,205,221,209,243,213,221,101,229,241,233,253,193,220,239,6,14,14,30,20,54,154,28,35,54,42,110,225,62,59,56,10,38,98,79,81,86,95,247,98,110,122,116,255,114,123,126,155,223,138,78,178,150,91,30,162,180,42,170,82,102,60,126,208,230,138,207,242,215,218,199,231,228,192,254,238,238,248,255,193,7,11,125,63,27,59,29,167,231,43,59,51,59,29,187,199,79,203,71,115,93,122,71,227,103,127,79,119,55,123,238,131,151,171,143,179,23,191,159,246,167,137,149,191,55,251,189,210,195,203,143,147,199,219,205,131,255,235,239,243,246,59,188,80,45,56,141,8,21,90,60,50,180,46,190,48,4,49,61,101,98,78,75,18,92,112,124,38,102,124,245,112,84,124,60,164,192,202,173,28,148,233,158,226,36,184,184,144,181,241,156,83,196,232,228,200,212,216,206,224,236,202,236,178,246,248,61,7,0,45,62,21,59,3,88,160,165,1,47,177,53,184,45,201,76,72,45,81,213,73,77,201,117,97,125,115,149,125,63,141,133,168,205,209,213,153,149,161,164,189,161,241,183,153,165,240,197,73,237,249,205,204,221,227,213,109,238,209,245,221,120,130,6,10,46,3,147,24,30,44,15,41,62,242,112,43,62,194,239,74,142,83,222,47,126,112,211,232,122,50,58,123,126,217,194,70,10,219,212,138,30,98,134,167,174,218,154,206,245,67,207,234,127,210,215,218,222,242,230,234,238,242,248,254,127,0,71,43,31,51,20,7,31,55,39,35,43,183,31,147,47,81,111,209,79,90,195,73,223,225,127,239,111,59,103,126,107,195,135,139,143,163,215,159,183,235,231,203,142,243,246,187,191,211,207,235,207,211,215,219,219,230,239,254,237,241,245,249,124,153,12,12,28,84,29,217,44,32,68,170,104,96,178,40,172,72,20,72,236,245,119,109,125,240,96,120,124,113]
CFO=10794.018307025797,STO=3
EsN0dB=5.56,GRXdB=40,N0=0.0015848932089284062
packet_number=125,correct=False,payload=[45,60,212,4,64,64,65,9,64,0,194,0,96,146,195,73,3,234,195,0,36,194,204,65,101,140,192,6,130,7,65,3,103,179,194,16,0,204,65,41,8,233,203,2,111,10,201,15,77,67,238,44,36,2,196,13,5,133,206,12,14,142,207,47,94,142,208,1,72,176,73,241,81,68,159,90,86,146,137,131,81,147,208,157,76,148,132,53,95,145,102,6,22,193,66,193,83,133,232,25,80,120,216,156,76,221,243,160,122,152,219,157,9,153,253,12,92,12,157,23,148,153,214,14,30,158,194,147,94,191,96,20,98,147,225,160,160,161,74,96,66,3,166,33,11,33,69,36,96,160,82,37,1,188,230,167,3,166,79,35,117,35,96,77,104,130,120,41,97,133,234,40,168,170,104,169,43,3,236,36,108,166,237,28,96,197,239,58,102,47,231,108,159,175,208,48,240,176,113,144,192,241,243,16,60,58,217,63,99,219,252,50,92,32,245,53,84,148,214,22,103,178,243,151,91,243,249,40,56,120,121,49,1,248,248,26,122,28,211,59,248,153,252,52,100,204,127,45,173,63,156,25,127,60,106,63,255,191,212,64,133,104,129,5,1,129,66,140,41,130,193,128,65,163,164,10,6,193,69,4,103,151,230,7,6,7,161,131,77,7,204,11,64,136,201,9,65,128,198,194,78,138,203,43,75,139,136,6,8,140,206,12,37,141,164,134,172,22,79,6,78,138,208,20,80,128,152,17,216,3,210,52,65,154,243,25,67,19,220,21,70,16,164,20,85,148,214,70,83,90,211,86,122,3,216,4,8,156,25,9,121,169,248,27,96,154,75,11,91,163,172,180,24,22,156,20,79,24,116,94,95,159,93,30,90,213,144,0,96,176,224,101,32,160,227,18,98,160,226,53,98,17,228,48,45,180,228,4,5,149,194,34,87,164,239,39,118,171,136,97,104,44,99,44,40,178,42,11,107,170,120,35,155,171,236,36,82,138,108,12,109,173,238,12,47,190,239,111,51,143,184,48,90,16,117,24,25,33,146,114,112,112,243,129,112,121,140,32,80,87,245,20,119,181,254,118,85,166,98,52,103,35,248,33,248,88,252,45,116,157,184,217,66,251,251,31,56,139,220,28,84,56,47,37,63,185,126,58,62,158,125,30,223,127,129,64,66,64,65,16,65,153,226,0,65,194,81,139,3,129,196,134,4,1,197,49,65,21,146,6,66,197,194,3,15,135,72,0,200,40,233,12,104,137,203,0,12,203,203,3,41,136,196,8,206,5,136,140,45,140,206,6,78,142,70,10,143,201,192,0,16,16,130,210,32,145,130,19,82,26,211,1,19,135,64,2,124,20,193,145,68,92,199,6,18,2,182,87,85,145,88,58,8,132,216,16,91,137,139,24,78,192,89,25,249,155,180,28,148,222,205,9,77,76,207,158,144,62,237,25,196,143,0,48,96,160,233,56,160,224,192,34,32,162,160,56,99,162,244,36,106,146,101,36,97,229,196,4,66,38,75,3,99,128,144,122,232,176,177,9,64,172,172,106,40,225,227,51,75,145,172,165,96,164,229,5,125,233,236,39,14,168,238,45,110,39,112,1,114,72,224,184,48,177,224,50,48,112,241,19,219,211,184,180,44,180,109,181,69,224,246,55,54,22,239,43,18,80,76,120,120,248,185,57,185,2,250,172,126,191,235,58,120,159,252,28,108,150,253,53,125,189,254,30,56,172,247,118,179,191,140,1,66,196,192,5,64,241,194,32,66,2,85,34,66,129,192,4,154,20,197,39,64,9,99,22,70,30,195,34]
CFO=7908.101165702622,STO=6
EsN0dB=5.45,GRXdB=40,N0=0.0015848932089284062
packet_number=126,correct=False,payload=[106,64,70,33,4,33,6,135,44,40,10,107,13,44,10,11,144,57,19,19,20,21,22,50,24,11,31,27,88,149,31,87,36,173,163,107,0,102,61,166,40,13,42,43,40,109,206,79,60,60,38,186,163,49,102,63,58,121,50,30,62,149,60,63,192,67,64,67,76,102,71,71,73,11,198,47,108,76,77,111,64,89,114,3,117,149,126,22,104,17,26,211,24,60,94,93,32,105,98,111,228,32,103,111,105,73,106,109,64,105,112,75,112,48,114,35,52,117,118,54,216,121,123,122,125,117,62,79,8,128,2,135,132,5,86,145,0,13,138,91,166,141,206,175,144,17,210,221,132,150,150,158,24,155,146,136,191,15,134,143,106,181,170,128,164,165,166,226,44,175,162,169,172,173,42,163,160,248,50,231,176,181,224,182,184,169,234,203,188,137,175,251,192,193,198,211,20,149,102,107,210,203,202,29,204,225,206,207,213,209,210,131,212,133,246,151,222,201,90,91,236,221,156,215,160,225,226,227,228,229,102,162,169,169,74,161,172,205,238,235,80,241,240,243,108,85,244,51,232,249,250,223,236,117,236,126,132,147,0,3,4,5,6,5,128,8,26,174,12,12,14,142,146,16,138,19,52,148,20,172,11,27,82,11,28,231,30,58,132,201,34,99,52,53,165,47,108,35,43,41,108,45,174,47,34,161,112,51,52,54,114,55,112,123,190,58,188,63,124,31,112,67,70,83,84,71,97,67,205,73,203,75,76,148,198,95,84,48,110,83,85,85,98,86,92,216,88,87,252,93,126,95,6,97,98,99,104,110,110,71,96,107,234,123,108,109,110,41,96,115,114,83,116,101,167,127,124,121,106,127,212,109,58,123,138,3,134,90,214,132,190,7,144,157,154,27,8,205,143,143,152,145,196,195,150,181,186,151,216,27,10,188,158,28,156,167,168,129,154,179,160,169,166,166,172,168,250,139,173,149,142,167,144,161,178,151,116,177,158,181,56,168,250,153,60,157,190,191,226,193,200,131,84,197,198,197,200,192,91,155,203,201,203,207,192,241,210,208,220,213,198,197,152,208,222,221,214,205,254,158,224,193,230,106,169,196,178,230,232,173,238,233,220,205,238,238,252,145,243,114,252,253,246,231,248,249,218,235,237,237,222,222,0,0,128,1,228,197,6,15,8,173,74,11,140,15,62,7,81,40,26,18,100,16,22,159,28,49,26,155,156,30,94,31,64,176,98,34,36,37,38,63,42,169,42,11,172,137,44,46,36,53,178,114,33,52,54,55,40,57,120,123,56,125,62,51,68,193,66,107,0,197,70,247,8,73,75,235,110,89,202,111,84,113,80,213,212,85,86,21,112,219,95,91,126,13,94,27,100,101,227,6,112,70,98,99,96,41,106,123,46,205,46,111,114,121,123,115,117,116,100,118,120,121,126,121,92,253,110,51,128,161,130,139,134,135,144,7,138,137,137,143,140,141,143,155,208,145,154,155,144,148,134,151,24,153,154,153,151,141,158,30,161,161,131,163,166,164,150,39,168,173,142,163,168,161,174,188,176,179,242,179,213,181,244,151,184,41,187,171,190,189,174,247,193,209,194,65,212,204,206,203,200,141,234,14,205,172,198,207,188,197,250,23,213,249,212,198,220,209,246,218,252,221,158,253,248,99,96,227,100,101,246,231,44,185,110,171,252,237,207,235,228,177,178,179,244,240,230,179,217,249,253,251,236,191,222,87,144,19,64,155,78,5,4,7,8,73,15,11,12,7,142,142,16,16,18,26,244,17,22,23,58,153,18,95,86,21,191,179]
CFO=3925.21769818001,STO=7
EsN0dB=-22.00,GRXdB=40,N0=0.0015848932089284062
packet_number=127,correct=False,payload=[28,57,122,130,199,253,199,92,194,55,94,240,44,22,72,218,79,98,63,177,203,225,154,233,8,9,227,110,81,102,138,172,81,8,246,64,163,174,36,222,228,203,31,61,135,113,93,213,163,203,58,159,178,19,233,152,166,239,26,10,65,9,90,161,94,129,134,38,208,141,70,181,189,21,135,4,129,49,96,117,133,152,164,4,62,103,130,5,104,138,35,97,66,26,15,114,43,114,192,110,53,25,228,248,144,122,121,119,224,178,164,32,152,247,223,219,224,191,15,233,182,157,182,190,214,178,151,30,127,14,147,24,47,245,159,205,18,66,62,47,156,189,214,45,121,109,75,35,20,195,95,241,45,111,121,88,23,236,214,251,56,131,74,118,87,68,87,224,59,177,30,185,29,207,255,93,39,53,180,196,149,37,241,163,254,59,83,178,243,68,180,148,113,243,220,51,211,128,59,117,93,50,248,66,4,143,8,230,194,109,45,90,204,52,97,95,224,253,178,149,30,38,11,100,94,70,75,48,246,116,171,184,123,21,224,160,53,241,73,61,77,28,62,14,152,253,155,244,103,150,155,70,36,47,161,83,106,123,175,52,15,18,115,19,80,250,11,148,48,45,155,191,203,164,172,222,54,251,255,68,236,100,53,243,151,10,176,220,203,72,87,200,128,38,60,45,69,90,34,187,167,164,202,233,9,51,218,250,20,252,131,64,234,167,184,111,139,189,138,168,120,227,24,121,192,28,197,80,143,227,10,196,171,78,237,33,22,107,72,105,106,66,134,116,107,92,220,156,47,214,173,38,200,22,192,188,88,238,252,23,5,83,25,161,255,238,234,3,52,243,52,34,78,212,16,196,55,181,111,237,34,232,183,115,156,145,236,223,101,172,213,2,70,191,192,197,172,229,181,63,101,67,97,189,61,64,182,146,23,40,117,209,219,254,79,114,26,38,12,101,129,122,207,193,213,166,97,172,61,79,78,111,244,255,76,23,224,121,145,129,103,37,184,163,70,206,135,148,126,192,239,123,223,193,120,24,251,237,150,205,114,232,120,131,71,239,229,253,27,155,250,18,199,155,203,101,34,150,82,244,4,26,145,242,187,187,47,114,69,106,245,121,171,150,231,93,227,95,105,207,217,12,242,179,175,74,133,241,190,28,89,73,228,92,155,237,145,191,202,61,158,210,103,241,87,240,60,152,34,108,220,71,159,42,29,172,178,117,121,131,76,131,198,105,87,132,68,165,179,167,138,218,136,105,98,226,81,148,231,148,12,180,159,247,154,137,111,85,125,67,243,152,80,171,156,19,18,79,95,168,29,171,187,9,129,124,31,33,149,107,235,131,5,19,95,9,132,251,154,129,58,71,75,85,211,7,135,14,23,5,33,208,119,10,122,37,21,203,249,194,242,20,245,39,70,14,201,68,238,210,61,236,209,122,93,148,208,142,227,8,165,90,188,208,30,15,250,105,158,207,8,67,15,46,127,176,146,194,113,87,208,128,225,65,115,80,139,62,29,135,158,3,60,165,60,18,203,152,157,81,167,114,146,173,95,11,224,173,145,154,57,56,62,124,90,101,42,167,160,168,63,115,235,245,254,13,84,97,80,169,90,100,224,28,11,76,233,47,170,5,127,192,143,236,132,144,119,252,180,173,240,110,152,105,42,111,225,154,56,2,225,230,233,233,20,179,127,13,47,249,145,146,131,180,224,94,166,255,240,243,169,35,223,99,31,27,146,237,105,83,187,87,217,47,58,14,213,11,129,90,51,93,193,205,199,230,135,3,10,77,177,4,23,120,185,22,186,236,102,184]
CFO=9347.531279611729,STO=2
EsN0dB=5.26,GRXdB=40,N0=0.0015848932089284062
packet_number=128,correct=False,payload=[0,0,14,58,160,9,4,131,140,4,2,37,68,62,15,13,192,72,24,26,28,209,197,3,9,145,12,29,152,5,30,14,129,1,128,81,38,38,5,58,30,36,9,83,26,119,47,47,57,124,24,18,38,212,168,51,16,57,169,89,180,60,158,31,106,65,107,9,2,101,167,51,114,4,236,13,20,12,10,131,192,88,66,13,76,74,110,83,60,8,233,91,28,28,124,18,49,164,242,99,165,43,42,99,38,160,49,59,46,156,103,255,62,123,55,115,176,61,235,247,58,184,244,123,108,79,118,251,144,132,1,192,146,1,195,151,41,19,207,69,138,71,197,133,146,0,198,173,98,21,170,213,138,1,158,11,159,28,146,15,128,48,161,56,54,225,194,243,160,204,200,183,232,28,155,83,16,145,179,249,22,188,167,147,208,213,158,255,252,76,159,155,228,44,192,195,132,67,226,243,248,201,216,75,196,77,193,206,148,20,145,211,248,108,194,143,248,201,210,123,204,119,95,175,224,233,193,177,0,65,168,231,112,88,176,197,236,169,174,75,184,243,106,97,58,110,247,231,241,124,235,185,218,219,254,125,132,77,128,16,4,15,10,3,70,12,38,73,8,70,31,5,232,161,9,9,32,70,22,11,4,152,158,19,136,45,43,28,128,56,0,35,0,4,146,55,32,40,41,227,190,172,39,31,148,48,119,49,24,59,59,51,72,57,88,253,140,60,218,47,0,225,70,81,0,3,98,70,70,209,18,72,205,96,206,78,104,112,9,223,244,104,111,215,40,120,75,26,76,51,126,87,96,17,179,17,240,50,38,7,106,78,201,243,108,47,127,110,248,113,80,114,82,113,22,125,41,17,58,122,57,62,95,47,9,65,194,129,129,71,197,145,140,57,156,201,133,172,142,110,144,160,20,190,148,83,134,210,220,136,198,139,140,3,142,79,176,240,218,1,98,244,234,167,10,106,195,33,96,92,230,107,144,89,91,17,240,212,155,177,156,140,144,59,190,252,134,57,192,225,80,192,196,199,231,107,232,232,203,65,224,157,151,254,192,97,241,35,136,149,159,84,235,225,238,73,221,149,222,71,224,224,112,210,240,205,247,179,248,93,126,182,228,173,116,103,16,49,240,249,166,112,239,107,185,184,218,232,168,190,254,127,16,67,0,155,6,2,139,7,8,2,153,73,142,13,18,167,16,48,2,27,3,201,150,1,160,24,155,10,221,23,142,79,184,32,96,35,4,97,109,67,136,30,39,59,20,10,55,55,53,48,50,27,60,148,146,126,8,56,28,43,28,26,54,30,0,2,74,99,170,20,2,71,172,8,0,107,45,44,35,175,112,40,19,98,38,49,55,9,156,78,40,79,156,212,95,10,112,53,82,2,132,224,191,103,132,109,227,113,206,101,38,65,114,177,99,115,228,54,190,83,232,249,120,243,124,141,238,63,4,209,147,137,192,192,209,195,152,161,171,75,152,132,199,71,72,217,227,195,144,21,219,70,47,154,143,171,140,13,142,223,116,131,128,35,33,162,162,31,148,171,226,137,228,4,171,176,154,208,138,170,144,37,18,247,140,56,155,171,208,204,254,219,66,224,202,131,196,80,198,231,96,173,206,231,13,109,198,198,216,221,210,19,206,238,134,92,108,185,194,77,198,73,222,95,232,224,162,107,192,245,102,164,112,56,83,243,116,44,107,215,208,192,242,177,244,63,118,247,248,89,235,235,234,109,218,254,136,33,2,16,160,4,7,131,8,33,10,130,2,7,38,43,24,144,128,23,166,10,202,23,136,13,13,13,140,28,82,15]
CFO=8427.71729318519,STO=6
EsN0dB=5.16,GRXdB=40,N0=0.0015848932089284062
packet_number=129,correct=False,payload=[65,9,86,2,21,39,189,5,136,9,146,11,128,15,10,143,81,19,50,3,180,4,54,23,57,27,82,11,29,28,158,55,96,165,34,39,36,36,6,39,59,105,42,11,188,116,38,46,48,54,182,19,36,154,130,49,122,57,22,27,52,61,47,172,64,209,68,67,68,197,74,69,72,57,66,201,76,73,78,77,82,209,86,186,85,21,119,87,88,89,91,91,84,93,78,222,100,0,226,98,116,59,119,103,44,105,106,98,60,109,102,206,102,16,106,49,116,117,85,119,120,57,218,115,60,89,118,127,130,37,144,199,140,22,14,135,136,9,136,239,189,157,188,135,144,145,154,146,208,189,214,151,25,205,186,209,156,157,142,159,32,0,170,162,228,169,166,183,184,181,171,171,37,109,142,143,176,177,145,167,182,50,162,167,157,185,183,61,181,177,54,190,193,129,214,198,132,197,214,142,72,201,67,11,230,197,142,235,210,241,82,209,213,214,140,151,89,153,216,217,28,159,218,222,209,227,224,163,229,229,230,165,248,233,250,227,236,105,110,239,96,119,114,227,221,181,182,255,248,241,206,251,221,205,190,255,193,0,8,70,4,13,34,133,154,41,79,89,141,15,46,15,84,17,26,21,22,17,150,157,88,89,26,79,30,13,30,9,144,129,36,163,100,37,50,166,40,41,104,67,38,125,34,175,59,27,19,51,54,181,115,37,56,249,58,59,123,101,164,39,200,69,210,67,66,69,70,101,108,76,202,35,76,13,79,79,80,81,19,83,60,28,70,87,93,121,94,74,214,45,205,55,80,97,96,99,100,97,64,101,120,97,122,171,77,108,104,106,85,113,114,83,16,245,118,119,104,89,250,121,12,95,124,127,128,169,144,135,196,193,182,132,128,173,138,195,189,140,135,207,177,80,16,11,148,213,150,131,25,203,219,143,188,189,146,157,160,166,170,182,135,229,16,103,172,169,234,163,204,239,231,191,48,155,178,183,228,165,190,179,24,184,56,185,158,173,94,191,217,71,192,235,236,197,214,228,252,200,202,195,220,77,167,206,208,17,202,213,208,213,84,213,90,114,203,218,210,213,190,198,228,233,192,99,108,227,227,231,224,236,224,235,232,141,238,111,240,89,112,243,198,213,246,246,248,123,120,123,108,241,252,239,0,33,6,7,5,9,6,6,65,65,14,63,29,73,14,14,53,153,25,54,21,69,66,19,0,51,24,27,60,157,58,27,32,121,42,19,40,49,39,52,50,27,42,11,44,60,34,59,56,41,58,49,50,37,62,177,56,59,26,59,125,20,50,39,65,64,98,66,108,3,6,69,65,5,106,83,29,79,108,79,16,153,74,82,196,86,86,127,80,88,122,75,92,30,94,87,96,225,227,66,122,117,34,35,41,40,107,235,13,117,231,175,114,113,114,185,118,113,30,39,120,98,78,107,120,84,12,181,242,128,2,171,133,133,198,135,0,236,64,137,12,143,236,141,144,129,146,151,135,157,146,147,152,1,26,147,144,29,26,59,230,161,164,160,182,165,167,133,128,104,174,243,172,173,134,45,160,184,182,131,245,148,32,189,156,217,42,143,152,169,190,191,204,2,203,211,196,97,214,199,200,205,220,219,12,197,199,207,208,145,144,209,212,197,84,87,251,184,154,218,220,220,222,159,192,227,226,239,101,196,166,166,104,169,224,111,236,237,254,239,168,233,211,113,240,245,119,246,240,217,123,185,105,253,254,245,9,3,3,27,4,132,6,71,33,25,10,15,12,141,10,7,81,81,146,31,16,69,86,25,154,25,26,155,148,141,12,21]
CFO=8817.900387258629,STO=2
EsN0dB=5.29,GRXdB=40,N0=0.0015848932089284062
packet_number=130,correct=False,payload=[37,229,140,12,228,47,200,19,37,131,0,70,80,25,15,130,22,7,80,216,60,30,66,106,16,37,152,7,15,45,16,22,18,58,24,31,31,62,102,98,0,119,140,69,166,87,14,17,0,119,96,218,14,31,96,170,186,2,252,125,102,111,50,122,52,87,126,124,60,185,129,42,4,200,230,76,76,206,76,213,89,122,140,44,220,23,6,51,100,151,180,81,14,223,202,5,148,0,213,58,92,85,1,240,228,197,70,35,6,99,104,88,68,215,80,28,248,253,64,112,65,194,56,239,87,191,108,57,112,119,248,242,180,95,192,183,130,7,65,11,133,23,156,1,203,7,132,13,218,11,5,65,119,187,145,67,47,51,48,19,145,58,157,95,190,91,65,186,76,199,97,47,160,7,252,33,212,181,44,31,109,127,232,65,98,227,245,243,77,251,32,115,185,153,252,143,155,143,129,6,200,195,168,139,14,142,157,131,194,197,136,233,150,143,81,241,158,71,220,227,164,239,213,241,243,63,244,157,18,196,195,227,225,230,204,249,107,207,248,249,221,67,221,156,237,148,162,69,49,134,116,187,247,162,240,208,116,251,233,249,126,111,64,100,14,15,132,8,68,14,72,64,40,30,8,24,12,143,24,235,38,35,34,21,178,14,16,54,148,135,92,59,156,55,200,32,105,224,65,15,54,6,128,184,82,176,109,89,46,90,112,32,18,107,96,124,252,103,114,123,57,254,36,61,54,124,144,192,228,132,196,9,205,207,132,72,22,174,90,201,76,127,37,146,240,166,113,88,12,174,149,152,254,219,252,58,252,94,1,99,102,66,108,149,237,198,200,40,228,127,200,26,232,14,224,169,98,213,103,98,104,71,120,115,112,243,254,94,212,175,0,134,38,199,148,136,37,10,16,69,32,143,217,15,13,140,161,33,16,21,88,139,150,143,154,132,16,179,150,154,52,29,81,3,32,161,5,195,15,5,225,161,254,1,77,223,207,213,108,131,34,243,96,107,126,71,33,73,61,91,113,121,31,190,194,145,196,135,73,155,141,147,85,199,78,146,81,201,221,143,96,1,128,183,132,120,183,143,177,253,213,227,185,221,157,167,64,129,193,246,157,210,237,167,169,227,75,235,221,191,196,75,176,241,240,195,47,131,110,167,240,183,248,243,61,217,119,250,0,149,6,6,76,10,13,10,20,8,18,0,48,26,28,142,97,163,46,1,48,23,16,35,48,146,16,95,24,19,60,31,130,73,94,6,44,33,196,39,72,232,98,51,104,95,124,79,114,98,8,82,104,97,108,126,96,115,90,114,125,56,124,126,64,151,246,143,2,5,94,14,192,129,25,31,91,28,26,126,128,99,166,7,133,122,138,214,153,51,123,247,172,151,180,156,220,64,162,193,244,196,98,126,120,3,196,64,122,83,123,88,96,210,230,231,248,16,220,207,88,229,150,214,188,244,188,103,131,49,99,35,136,5,31,167,84,11,38,159,220,31,197,14,177,57,192,183,112,43,153,255,50,149,181,47,25,31,190,183,169,97,132,79,205,235,205,11,103,119,55,15,232,143,76,61,87,1,37,199,52,51,47,223,249,249,55,109,53,57,57,191,128,131,165,195,8,136,4,195,248,185,149,149,140,201,15,201,163,147,183,163,153,184,79,199,241,243,137,186,232,122,252,147,201,195,195,203,201,203,239,93,216,51,198,235,217,213,239,191,224,103,164,243,173,211,220,111,209,203,247,251,233,179,254,220,0,3,20,117,8,3,12,143,153,16,24,66,8,24,14,22,48,74,163,96,48,46,12,47,16,20]
CFO=10443.150540724857,STO=2
EsN0dB=5.00,GRXdB=40,N0=0.0015848932089284062
packet_number=131,correct=False,payload=[157,112,0,80,32,216,85,72,66,185,128,242,176,176,196,130,233,183,1,17,160,49,65,89,97,113,129,144,232,176,197,109,161,243,22,19,214,186,2,116,116,243,2,129,162,178,226,210,226,51,130,3,130,112,0,81,75,112,179,152,147,161,134,243,199,220,36,17,44,53,64,120,224,231,164,180,181,16,212,212,196,165,68,5,5,45,109,81,117,119,4,128,15,32,212,212,197,242,6,22,138,179,70,86,36,118,135,86,3,176,198,148,96,247,6,23,129,55,5,87,7,103,198,198,167,51,219,223,239,234,8,24,40,25,40,0,0,248,140,208,24,202,200,202,200,235,0,155,9,19,13,88,255,57,9,153,168,161,138,141,105,250,14,58,10,122,90,218,42,10,78,154,8,218,194,218,235,121,67,19,143,50,73,88,105,113,131,129,191,34,202,14,235,124,5,16,104,80,204,93,100,60,140,204,44,188,205,220,254,253,4,29,13,9,45,222,97,60,140,157,173,189,207,189,205,250,72,22,62,87,156,68,110,118,30,138,30,250,130,154,102,239,6,155,55,17,79,216,239,126,206,159,239,42,141,223,169,208,33,32,32,178,160,89,233,114,128,144,180,192,196,224,112,241,17,53,17,112,193,81,43,113,1,145,169,177,192,81,65,240,67,16,2,126,68,66,2,98,166,18,138,178,194,211,194,115,17,145,163,19,1,17,97,115,19,195,163,147,195,211,67,244,64,148,36,52,77,77,100,100,132,23,168,148,132,86,97,221,5,64,39,61,69,23,37,215,196,12,129,36,196,213,129,102,134,30,34,30,68,84,198,54,146,150,6,182,199,210,162,243,39,94,38,55,143,74,103,115,4,159,37,176,130,87,245,232,8,24,1,24,200,120,200,120,136,152,136,184,2,216,224,121,15,81,169,57,105,89,107,25,144,176,173,177,9,144,232,122,43,50,10,58,74,86,110,58,10,190,170,58,202,88,170,235,11,31,47,171,241,27,99,243,138,29,43,170,146,193,235,244,36,60,28,61,24,28,8,52,140,156,173,60,232,141,224,205,29,13,40,41,77,74,233,124,136,148,189,189,253,53,239,247,14,22,108,63,62,86,46,124,143,134,180,182,242,216,69,165,15,95,34,31,207,30,105,127,143,22,167,155,76,223,235,48,32,144,20,176,192,3,233,144,128,145,224,225,81,208,34,255,5,16,101,60,67,209,163,240,193,165,101,161,64,201,177,56,2,24,34,22,114,215,98,114,142,210,167,147,192,218,194,251,3,146,67,55,9,49,99,59,207,18,35,227,211,243,224,212,64,4,102,119,86,86,100,68,132,133,166,208,196,208,196,197,4,29,69,48,68,215,102,125,128,157,103,37,197,213,239,230,2,54,56,38,86,83,32,22,143,6,34,54,198,118,174,255,55,17,37,63,3,23,119,119,15,151,167,55,131,5,231,122,8,16,169,24,84,73,96,120,64,152,155,169,73,210,234,184,37,1,184,177,24,128,1,89,153,17,184,187,141,216,232,248,14,24,10,160,202,90,104,59,172,216,42,250,202,146,96,123,19,155,59,25,67,91,233,191,139,155,167,178,205,203,168,124,9,24,44,60,10,92,36,92,164,148,42,60,200,220,108,185,13,29,189,55,5,90,61,104,13,216,44,29,124,223,236,254,10,25,14,58,78,74,238,122,142,158,102,130,206,212,102,109,11,4,75,31,77,31,110,23,143,159,207,189,143,197,220,224,128,82,32,0,78,80,4,41,128,210,164,176,192,24,242,185,15,1,1,17,73,17,105,49,5,145,129,179,129,13]
CFO=9827.605354986845,STO=2
EsN0dB=4.05,GRXdB=40,N0=0.00199526222422719
packet_number=132,correct=False,payload=[87,225,253,0,57,160,208,33,96,32,41,8,194,67,49,228,96,67,180,64,169,18,147,200,184,21,48,1,193,205,209,80,133,209,165,0,25,36,144,163,191,209,192,139,65,192,94,83,197,243,243,189,145,155,51,183,105,229,249,69,176,35,147,36,193,35,225,2,216,151,30,64,96,228,30,30,21,146,64,64,185,96,210,131,12,137,251,0,146,186,153,130,139,98,223,230,200,134,119,9,58,146,56,15,6,120,230,103,8,68,50,230,170,247,255,163,139,31,184,99,59,51,247,129,253,163,191,203,171,1,249,52,52,36,184,32,12,115,126,9,78,181,92,73,193,200,228,9,89,38,156,40,57,45,226,64,139,249,152,124,228,253,58,130,92,32,59,84,12,114,190,169,26,6,92,89,243,117,187,7,188,177,61,159,83,230,56,196,11,231,219,67,243,103,232,3,82,159,60,102,60,182,78,20,164,40,93,100,172,181,123,130,142,60,46,96,76,41,172,151,140,92,152,228,205,59,158,167,13,6,93,206,74,98,120,203,94,174,159,238,95,164,63,55,135,23,191,183,231,87,63,70,74,215,157,31,199,230,193,4,0,17,16,152,40,48,116,128,64,112,241,5,104,32,250,229,168,208,9,65,129,96,248,152,129,115,176,130,193,224,123,67,19,19,117,105,233,115,137,145,116,225,125,126,0,112,189,37,168,129,57,133,115,97,178,73,153,102,229,211,3,233,235,2,16,0,130,47,114,112,160,68,25,129,8,192,240,224,242,8,45,163,159,19,52,119,251,81,20,182,212,70,80,150,96,6,70,22,190,34,54,67,58,13,27,6,63,195,106,114,181,1,95,179,117,233,245,116,51,203,71,226,245,197,67,198,56,140,120,13,20,8,104,114,29,76,89,12,88,200,225,228,143,13,218,96,52,225,82,48,141,207,137,253,88,109,130,243,222,0,28,14,73,216,93,47,125,128,188,71,42,138,168,174,68,1,9,133,24,80,145,61,240,219,207,201,204,230,147,244,190,4,170,44,60,104,126,76,216,112,10,134,252,134,220,232,183,15,81,136,28,4,45,40,60,194,208,138,181,196,221,143,241,70,159,24,31,7,31,239,56,198,239,120,215,198,238,47,123,148,142,31,7,175,191,29,191,157,22,143,219,230,163,229,234,0,24,44,2,2,112,32,88,72,88,176,72,130,216,80,121,133,16,177,145,65,252,1,25,138,80,33,90,84,40,96,218,25,149,32,89,79,42,39,116,33,145,145,144,34,213,115,248,5,155,5,115,226,67,97,21,129,163,167,241,131,173,193,208,134,16,16,169,6,142,100,54,36,132,114,12,210,72,102,98,5,140,165,22,11,164,108,254,148,74,175,137,7,193,183,247,37,2,7,156,127,70,3,103,14,147,62,136,198,210,76,79,2,71,53,48,27,22,39,103,227,171,51,155,202,219,232,208,45,72,130,184,0,73,105,120,128,12,0,152,232,211,208,100,197,16,216,31,77,25,164,178,132,201,173,168,237,49,12,125,0,7,36,20,76,26,8,122,35,134,161,154,58,166,190,177,137,203,133,25,69,27,95,93,85,145,215,189,244,112,147,124,76,30,8,56,6,26,4,78,135,208,156,190,204,250,108,231,137,27,15,139,130,15,60,189,5,143,133,220,238,253,167,126,199,15,19,46,6,142,111,210,10,143,22,62,20,102,174,127,187,13,212,33,31,190,165,211,134,223,206,159,239,238,123,48,184,9,56,52,97,104,104,90,137,196,141,1,168,192,98,253,33,64,177,181,98,33,121,49,145,136,161,236,234]
CFO=7483.191302886589,STO=3
EsN0dB=3.89,GRXdB=40,N0=0.00199526222422719
packet_number=133,correct=False,payload=[64,66,187,63,243,112,131,80,48,56,112,146,224,58,200,21,68,189,192,237,224,249,192,25,49,139,161,193,163,35,128,216,161,184,198,160,234,252,3,3,35,134,70,116,107,118,202,135,224,129,3,209,242,241,229,71,113,115,39,95,99,118,195,135,241,183,139,146,121,247,0,28,53,20,53,86,164,32,20,240,245,169,194,220,39,253,5,188,165,26,5,214,246,241,191,161,188,183,225,213,249,102,64,22,38,118,164,93,54,90,130,175,62,182,202,198,238,215,34,175,59,247,194,91,22,231,132,163,134,55,131,222,162,186,58,42,152,16,104,72,152,112,168,156,200,248,76,158,232,249,10,16,56,81,205,49,111,9,152,152,41,187,216,155,216,120,41,219,26,150,90,33,120,94,138,208,185,250,245,185,246,253,27,31,99,17,79,27,173,253,198,213,105,185,197,65,187,92,12,212,105,125,71,205,125,113,29,28,172,189,68,158,188,253,15,24,10,30,97,219,116,216,77,132,221,245,214,240,207,234,10,4,62,23,12,22,110,250,204,190,159,48,133,217,111,247,159,159,71,250,68,25,124,61,6,93,30,223,207,211,195,204,144,152,32,49,125,48,124,96,19,206,224,248,130,210,42,40,161,181,179,60,41,193,225,76,181,153,195,240,225,81,233,242,193,210,160,43,194,17,106,106,194,130,169,82,192,78,226,51,19,3,223,37,83,211,251,79,203,19,225,187,199,79,243,104,182,24,63,53,30,85,42,124,4,85,230,12,228,181,214,245,133,151,145,39,247,84,226,116,213,95,109,37,112,151,69,247,70,50,54,2,34,126,103,126,39,214,254,117,198,158,215,57,1,151,37,183,71,125,110,112,139,221,252,251,211,139,71,108,8,154,234,24,77,106,81,124,193,152,63,188,154,126,85,209,40,54,41,63,200,105,67,201,136,140,135,49,136,223,237,74,10,16,24,78,98,89,33,122,138,195,167,41,30,202,255,118,173,252,186,219,195,154,106,107,222,90,233,187,83,91,199,253,136,30,77,189,69,94,100,124,129,154,108,170,252,92,68,253,127,150,143,49,121,84,159,221,69,149,166,184,167,217,237,254,14,11,4,190,74,94,14,30,151,190,172,106,162,67,246,61,78,55,47,191,79,254,173,31,167,31,255,190,206,179,231,176,128,50,96,118,5,208,2,97,129,26,32,128,220,154,176,200,183,8,168,49,161,89,8,52,224,33,201,25,144,204,192,146,7,34,34,34,71,208,98,242,206,176,194,179,194,217,229,243,198,90,177,119,6,95,226,177,133,131,163,82,225,131,100,113,134,104,100,51,97,94,130,116,13,210,180,85,196,220,46,116,13,27,183,165,196,93,229,63,205,128,165,183,196,98,181,91,59,155,167,40,98,146,242,116,134,178,246,247,238,212,228,93,75,119,35,50,222,155,22,143,227,154,1,182,69,223,131,144,0,120,64,28,72,30,120,124,148,139,233,184,200,217,248,245,40,155,4,49,202,201,249,249,235,155,168,185,1,25,236,250,40,214,42,34,120,94,125,102,79,26,186,190,235,158,243,247,25,31,167,99,75,31,165,123,139,139,247,190,170,200,249,93,92,30,110,24,76,80,236,62,138,156,32,172,207,157,62,255,1,47,45,157,40,197,108,124,137,172,229,151,223,189,206,244,134,156,116,86,142,30,63,239,141,159,232,212,222,126,238,221,143,79,66,47,77,83,239,127,135,141,173,115,198,221,238,240,96,180,160,50,4,246,112,96,4,0,18,120,224,202,200,244,65,19,69,81,65,22,231,60,160,157]
CFO=7706.486788008539,STO=0
EsN0dB=4.29,GRXdB=40,N0=0.00199526222422719
packet_number=134,correct=False,payload=[92,54,0,16,0,48,0,13,50,78,154,5,26,43,8,78,8,123,128,49,58,112,23,148,59,94,88,11,218,138,58,31,30,30,4,125,130,35,37,33,166,59,74,49,234,63,108,47,103,104,168,115,34,163,33,86,28,231,62,176,6,55,107,221,58,95,65,192,6,206,4,0,98,70,72,69,131,207,220,13,78,134,252,81,82,147,204,181,30,71,92,153,106,242,88,29,236,191,98,65,101,225,96,119,247,111,225,169,76,111,76,7,110,83,189,240,114,247,116,127,246,53,57,124,250,123,60,77,126,59,163,129,102,131,140,220,86,6,132,11,55,31,138,7,188,7,17,3,149,131,182,145,222,215,20,80,63,19,15,141,222,31,176,43,162,3,232,4,167,164,145,137,161,235,78,23,94,231,225,151,242,187,180,181,162,244,24,168,53,187,186,217,248,254,194,67,195,133,232,4,231,247,192,201,74,251,170,205,12,235,208,176,178,67,196,241,214,215,137,81,196,218,223,221,158,31,145,234,34,255,173,181,244,151,244,201,253,235,236,233,207,231,208,233,240,247,228,180,247,255,249,123,227,171,220,221,125,255,8,193,22,3,4,77,68,7,0,1,14,156,136,96,6,147,20,179,11,23,14,37,23,23,24,104,184,59,30,13,30,27,100,9,45,10,5,36,80,39,32,141,104,130,54,25,174,58,97,53,186,51,48,101,39,195,48,121,150,30,116,10,95,45,96,35,98,3,76,33,94,111,196,72,72,111,132,15,124,75,164,3,7,166,9,100,38,139,148,179,159,219,92,13,94,95,144,99,114,96,0,3,64,71,202,165,99,69,104,41,110,110,208,241,179,115,165,247,118,97,104,169,90,191,122,125,246,63,128,65,7,39,200,129,192,135,148,8,10,27,207,41,10,196,200,145,208,146,4,180,143,135,182,150,155,115,188,45,215,63,160,235,138,250,168,169,206,143,9,239,171,45,157,169,134,175,248,187,114,1,254,137,226,183,184,233,56,163,167,186,202,183,65,179,198,195,199,53,198,130,236,25,218,139,206,223,207,207,144,201,226,71,242,229,151,219,188,195,88,92,244,246,220,223,102,194,174,215,141,193,102,247,228,217,206,91,236,159,240,207,192,240,210,119,125,210,127,252,252,152,119,251,124,59,254,255,1,5,0,7,4,36,95,7,88,171,158,27,60,21,12,135,217,51,0,23,20,52,31,68,157,40,63,66,61,91,158,63,46,97,32,7,22,39,54,43,40,3,104,3,45,172,126,207,8,177,58,51,62,46,225,7,120,223,62,122,21,35,62,62,128,243,98,198,236,181,7,15,208,11,94,201,12,77,231,14,200,49,22,82,24,85,20,3,210,251,28,19,20,109,86,91,104,37,102,163,244,181,64,114,104,99,46,107,4,111,127,71,226,183,112,74,229,80,56,214,152,113,117,127,121,62,187,93,129,145,130,166,180,131,204,227,25,230,202,130,141,29,255,156,177,147,1,163,36,159,134,151,217,45,58,203,156,45,185,159,233,216,162,51,173,237,182,227,8,45,30,3,166,184,44,39,208,177,182,167,247,180,196,123,170,161,250,231,252,255,247,159,128,33,208,216,165,221,250,167,209,200,78,131,221,77,141,199,216,217,226,67,80,147,134,197,56,220,24,217,220,152,206,248,226,137,96,123,236,135,126,239,224,253,42,203,204,89,142,231,80,208,231,215,205,191,245,219,158,117,252,251,191,233,252,206,4,194,130,131,14,109,2,150,56,17,144,14,12,75,26,20,65,147,26,115,13,166,127,27,56,121,26,58,190,27]
CFO=5622.81520747352,STO=7
EsN0dB=4.16,GRXdB=40,N0=0.00199526222422719
packet_number=135,correct=False,payload=[9,25,10,1,4,133,42,23,40,81,166,10,2,29,3,73,82,53,18,186,149,176,15,3,30,57,154,91,157,127,30,253,40,51,42,119,33,37,102,242,200,45,104,203,45,109,46,182,252,189,51,49,180,53,190,55,56,57,186,191,124,61,60,191,232,84,2,225,68,36,67,83,96,193,75,67,12,143,14,79,82,25,80,103,212,81,22,25,120,217,122,82,220,87,14,95,97,121,52,231,204,101,110,101,93,107,79,111,124,252,110,111,252,211,178,83,188,101,247,87,217,121,187,59,108,47,122,55,137,1,130,243,135,133,14,158,89,197,136,139,228,141,156,159,149,23,155,147,213,189,150,23,152,157,136,187,157,137,174,155,38,163,50,255,161,173,38,170,162,173,161,170,142,239,140,185,148,231,186,199,53,145,188,183,56,217,250,123,196,249,250,187,137,208,197,139,207,205,70,143,200,169,71,175,131,197,238,255,209,219,150,247,77,213,67,215,248,209,240,219,252,92,158,155,96,229,233,199,166,221,198,179,109,73,250,105,164,229,238,239,177,248,234,119,245,244,158,247,217,217,250,251,216,149,254,191,16,5,130,155,70,100,130,39,10,9,26,139,40,90,14,45,88,185,19,59,68,63,22,199,92,124,90,27,28,19,19,31,32,49,2,171,7,63,202,5,188,173,30,99,36,95,109,61,83,73,50,63,53,117,54,23,56,61,211,159,61,60,122,47,107,104,110,65,93,84,87,75,24,73,222,3,88,203,86,239,64,57,82,51,196,117,20,211,72,91,15,89,220,89,90,95,229,229,67,121,52,70,110,117,104,109,238,203,204,111,46,123,213,121,82,114,116,117,242,117,224,115,124,123,222,61,75,125,212,1,222,11,68,164,228,198,168,137,138,202,0,137,30,205,161,129,146,147,220,23,196,151,92,137,159,159,92,141,219,199,184,162,131,182,228,165,166,231,140,72,168,171,168,173,46,159,178,243,128,187,180,181,182,175,179,183,178,57,111,127,174,186,196,193,86,208,204,245,199,221,64,200,194,227,206,73,143,95,214,240,150,243,116,193,219,193,233,217,139,195,197,221,142,122,226,224,226,99,246,183,230,239,228,249,199,233,237,237,238,119,146,244,248,235,127,244,30,239,104,235,247,251,172,254,63,197,224,81,58,35,12,89,6,143,76,11,10,89,130,11,14,79,24,81,118,19,23,173,55,87,18,91,10,27,37,94,4,111,36,97,8,32,37,5,36,39,249,14,98,42,46,117,63,13,180,49,118,55,245,115,38,181,17,185,170,121,60,63,44,63,128,97,6,71,116,71,67,79,80,75,90,72,77,207,78,77,122,209,195,242,92,87,86,211,216,93,72,94,28,29,94,95,192,99,98,52,100,45,70,103,106,73,250,75,101,110,206,237,16,123,246,123,116,249,118,122,122,112,50,88,121,121,95,127,128,147,7,219,132,133,182,207,145,135,159,131,140,173,138,143,208,209,144,147,150,49,183,135,217,145,24,153,20,157,218,31,240,193,230,139,164,161,178,164,108,233,251,161,172,253,6,45,211,19,171,178,212,189,183,251,57,187,56,153,188,189,190,183,216,241,226,206,164,65,199,196,75,1,207,251,222,13,174,207,90,217,88,219,212,223,218,206,216,233,219,199,222,141,222,159,161,225,194,149,172,237,246,229,169,232,242,234,188,237,108,139,240,99,114,219,245,179,244,246,244,253,140,243,237,236,238,251,8,137,131,3,54,133,12,159,141,89,0,79,5,157,126,47,181,81,50,18,5,23,126,18,216,155,24,26,28,252,30,59]
CFO=8855.160966455818,STO=4
EsN0dB=4.04,GRXdB=40,N0=0.00199526222422719
packet_number=136,correct=False,payload=[2,1,0,25,64,4,200,98,16,1,139,35,4,33,46,7,80,49,2,7,0,64,26,155,24,25,49,30,30,29,174,29,32,119,98,3,36,175,198,63,9,59,143,10,46,255,78,125,144,48,102,115,144,97,48,27,114,47,8,63,188,189,190,47,128,128,70,67,220,19,52,19,166,8,202,73,68,125,140,78,216,24,168,155,84,7,163,119,243,208,82,155,48,85,12,111,97,225,250,107,100,69,82,69,42,105,105,79,124,100,110,95,224,51,18,60,7,176,118,179,32,42,89,59,56,17,254,97,4,193,132,133,39,53,3,135,226,137,10,131,196,1,143,143,16,145,178,210,204,190,196,146,140,25,8,153,222,85,191,145,236,167,160,160,22,68,102,231,234,173,11,203,169,237,174,45,148,240,242,179,118,181,46,55,178,185,187,19,173,249,157,191,225,13,226,199,68,196,135,215,194,201,70,15,220,91,205,223,152,243,86,218,216,23,220,206,121,95,212,1,246,245,220,213,164,161,66,225,224,103,242,244,218,235,182,98,126,237,238,237,120,240,211,123,124,213,214,229,250,217,153,123,188,253,190,167,180,129,211,99,172,6,7,13,0,25,218,11,28,29,30,45,164,149,2,51,52,31,87,39,12,15,146,187,20,93,30,7,48,43,230,67,4,37,61,35,176,8,140,170,44,63,131,46,114,1,34,63,44,21,54,130,184,24,59,51,30,28,106,47,40,97,198,19,12,5,206,90,152,101,78,121,76,79,6,250,90,25,74,83,48,81,23,199,48,81,216,83,116,85,123,127,233,96,101,102,86,100,98,231,104,97,120,171,238,109,14,124,16,49,112,114,54,23,54,118,50,136,10,123,177,237,126,159,176,220,195,161,150,165,6,129,8,161,130,131,14,29,14,15,16,16,154,177,134,147,147,147,156,191,158,219,189,20,156,159,168,131,170,1,232,161,2,235,128,235,174,171,180,252,162,207,192,160,246,179,149,37,234,183,168,140,28,43,62,30,186,170,72,65,195,242,198,253,87,6,136,200,230,199,204,122,236,10,145,216,250,151,69,212,147,223,248,24,214,27,253,89,223,223,240,241,160,203,62,228,13,103,232,225,251,241,126,220,174,175,96,100,187,242,113,215,230,202,252,235,252,91,204,223,255,242,186,177,50,6,4,69,19,167,10,9,130,159,77,5,15,11,94,16,18,83,28,5,70,48,124,91,30,139,188,221,146,125,100,3,194,66,36,52,101,50,0,49,170,111,60,42,110,175,224,33,50,18,54,53,30,55,40,60,56,104,60,101,63,95,96,65,110,195,92,105,65,199,36,67,135,1,73,77,158,73,82,100,85,90,80,17,86,127,74,105,24,91,31,92,94,86,110,105,113,99,100,100,164,39,40,88,2,107,124,109,108,47,112,81,114,53,118,125,118,255,248,59,74,185,196,109,92,127,128,137,178,147,165,133,42,37,208,8,142,153,28,204,142,79,136,16,131,151,193,132,150,197,26,137,214,153,156,140,220,217,160,163,138,171,237,37,135,100,141,41,175,171,173,228,138,175,144,49,35,145,134,148,244,183,170,57,58,90,20,63,184,243,0,243,209,131,140,241,198,231,129,81,202,225,76,239,94,201,194,209,22,208,150,117,22,119,156,249,219,90,212,245,206,91,224,48,100,161,164,189,230,5,200,65,106,239,236,111,238,175,249,97,178,34,212,215,231,255,240,153,122,187,108,249,252,179,0,4,66,147,38,87,131,6,60,14,174,15,0,13,46,150,16,97,171,83,83,151,30,71,8,56,18,29,236,189,28,95]
CFO=3644.8123452229065,STO=5
EsN0dB=-17.86,GRXdB=40,N0=0.00199526222422719
packet_number=137,correct=False,payload=[106,65,44,83,106,15,31,144,48,199,28,31,216,124,68,215,9,119,102,71,114,179,131,90,110,82,42,162,118,88,132,58,124,152,139,147,18,63,234,116,147,124,71,87,126,173,100,185,128,30,199,25,204,151,54,82,78,67,252,39,91,41,253,117,238,239,188,186,242,227,95,102,27,11,7,9,21,206,67,104,85,39,23,226,21,23,222,171,242,219,185,140,206,246,215,19,183,234,117,48,68,220,212,31,157,247,228,177,0,8,54,18,225,130,187,125,103,216,87,185,141,243,76,154,20,201,143,215,40,164,21,251,66,206,61,36,161,81,193,209,34,161,33,116,145,107,57,87,15,191,206,53,17,214,189,243,61,31,39,208,11,27,166,85,196,13,88,87,229,93,157,89,6,65,158,71,235,174,161,152,160,196,17,101,110,82,77,24,174,7,198,157,158,180,96,74,193,199,22,143,113,206,25,60,237,77,69,124,148,221,36,66,205,84,237,30,204,144,47,192,188,115,61,187,77,74,41,246,8,209,170,76,161,202,68,30,3,144,208,224,242,239,173,142,232,99,170,129,41,199,223,59,37,216,16,255,151,201,152,81,13,53,42,121,251,228,227,157,248,73,41,248,181,20,135,138,242,245,80,42,140,181,15,123,126,48,249,104,244,72,49,74,53,192,6,14,76,100,245,55,63,82,70,206,161,51,211,123,96,46,30,184,237,104,175,12,218,148,115,120,186,37,143,190,106,211,35,205,228,106,154,176,143,173,49,231,155,229,95,135,145,58,91,100,253,158,80,80,90,46,208,112,115,22,130,18,194,89,174,159,66,205,86,180,76,181,180,39,128,115,202,44,137,44,84,30,212,196,43,16,243,161,221,106,240,153,168,88,118,230,38,150,3,141,156,118,0,198,69,185,163,155,2,43,144,55,104,91,65,140,53,235,156,109,113,24,7,251,242,246,148,137,172,226,198,183,90,154,224,210,82,54,21,107,98,97,183,241,243,1,82,131,35,139,210,193,94,85,20,103,99,6,118,189,68,235,242,143,135,138,235,143,118,159,34,8,0,224,42,125,58,23,202,28,229,216,18,49,5,90,132,81,247,237,24,252,105,133,98,120,104,30,229,21,100,239,121,42,219,146,33,151,150,8,110,102,75,119,184,200,24,13,44,225,211,209,3,12,43,221,100,66,165,52,153,200,165,38,180,98,103,65,40,190,40,236,203,4,152,125,212,231,116,30,208,49,220,161,54,97,125,48,172,6,75,2,26,100,254,76,30,70,45,227,15,139,184,90,155,172,86,74,129,111,227,60,161,48,179,217,0,163,239,145,172,154,157,97,71,243,208,131,141,206,255,56,100,131,220,102,247,40,46,41,30,90,156,159,224,209,32,11,68,135,133,208,44,96,39,249,175,36,236,134,70,71,153,48,225,40,196,250,101,165,128,209,69,208,213,124,142,253,216,174,207,93,92,12,133,199,64,41,170,137,157,163,102,77,82,3,145,223,190,84,187,88,155,146,244,158,168,63,234,233,47,77,122,99,128,149,219,106,196,30,241,159,197,34,8,21,173,116,81,129,195,163,38,187,144,156,85,188,86,215,92,206,162,79,221,31,251,129,81,165,38,76,246,208,228,139,71,229,154,242,43,26,123,65,22,110,162,223,36,52,180,144,105,141,249,148,255,126,190,33,9,254,222,117,13,187,223,139,188,232,16,21,4,92,184,58,240,5,181,88,10,126,35,108,175,152,87,215,131,100,33,161,33,110,31,86,71,83,243,236,161,119,110,130,75,86,204,163,96,42,152,237,42,35,35,107]
CFO=4272.831163932654,STO=7
EsN0dB=4.26,GRXdB=40,N0=0.00199526222422719
packet_number=138,correct=False,payload=[222,47,114,123,68,210,130,163,149,87,181,147,176,41,132,71,150,175,190,71,152,11,249,17,158,42,217,79,248,142,20,23,28,23,149,13,250,145,20,25,35,182,36,31,173,164,137,108,154,63,191,83,28,27,184,95,27,25,251,89,24,77,156,51,159,21,159,29,194,96,35,98,110,246,233,97,109,43,143,103,99,131,175,134,250,163,220,43,11,122,186,27,104,188,248,21,183,61,239,175,191,112,237,112,116,51,23,33,252,116,189,124,172,175,170,121,168,49,53,121,54,123,58,61,254,56,255,91,254,172,183,159,210,65,28,83,210,194,3,83,237,236,197,14,72,134,47,175,100,73,179,194,196,198,202,95,71,93,207,157,222,87,219,213,210,158,213,129,242,125,211,99,249,109,93,48,198,198,247,87,84,58,221,125,142,92,235,255,202,92,221,123,211,252,223,127,224,117,34,97,123,8,107,195,206,39,230,237,206,127,203,78,135,92,201,233,228,110,210,107,232,79,207,124,23,248,231,190,240,240,243,185,146,122,83,243,120,241,227,244,182,127,223,43,224,120,243,251,253,242,247,117,120,190,242,255,126,127,226,255,129,136,223,59,13,80,7,43,152,8,136,197,70,141,3,141,128,181,242,129,175,60,131,9,241,137,111,104,18,14,217,15,176,18,247,43,242,52,151,1,188,54,77,95,251,254,191,27,150,11,57,25,186,215,150,159,120,239,188,57,156,15,222,63,84,41,70,98,97,166,2,39,228,76,100,37,6,102,42,105,249,52,15,115,239,72,183,95,108,46,77,191,94,47,175,253,180,18,41,113,226,119,194,114,248,123,211,143,254,183,47,27,232,20,42,89,250,59,180,34,188,180,220,125,204,54,238,95,201,165,143,235,219,69,227,192,66,128,255,222,221,70,229,239,216,113,203,107,220,251,127,70,145,201,135,173,205,7,219,143,112,104,250,96,178,155,163,243,230,254,141,221,214,227,101,175,216,97,88,190,202,107,222,91,124,30,90,117,206,78,238,63,115,243,235,193,157,118,128,97,250,161,169,77,197,125,238,199,112,44,238,123,254,252,174,255,252,236,63,222,237,76,159,219,82,240,52,211,116,111,250,33,166,108,242,105,238,119,183,255,104,59,251,233,250,90,222,231,248,120,254,115,206,125,255,245,0,1,169,91,133,28,135,0,205,47,32,245,228,76,75,2,16,27,128,177,172,149,30,223,206,216,218,117,191,158,191,127,128,243,208,55,148,51,128,52,100,117,46,51,53,14,142,63,144,122,56,55,102,62,30,25,174,60,55,93,157,25,92,159,227,245,32,66,16,77,203,165,172,39,231,109,252,245,161,245,50,57,35,123,210,63,84,75,66,254,9,63,94,150,237,95,52,193,120,33,178,169,178,195,52,247,4,127,182,125,103,23,190,122,215,81,249,56,215,255,125,61,219,60,154,189,247,53,195,96,117,31,218,54,193,111,5,197,131,143,196,47,129,119,204,90,222,139,203,83,170,87,204,54,204,221,220,156,103,15,155,20,170,102,126,101,159,178,196,233,107,56,154,79,39,217,188,187,206,123,220,251,90,11,222,248,54,123,154,31,211,183,129,251,170,195,225,199,211,115,77,254,228,209,134,94,238,101,193,174,217,117,118,236,223,227,206,171,248,59,202,207,223,254,226,214,235,247,237,254,224,119,165,125,238,190,222,255,123,230,112,25,239,251,184,103,255,249,236,169,255,185,108,108,233,109,80,0,165,87,166,51,133,37,168,169,172,59,141,157,174,74,136,27,173,26,148,86,141,12,159,105,159,189]
CFO=5843.99428259015,STO=1
EsN0dB=4.23,GRXdB=40,N0=0.00199526222422719
packet_number=139,correct=False,payload=[196,254,0,82,128,19,212,93,14,142,154,142,16,117,0,11,12,93,36,179,232,134,12,118,175,31,186,0,112,62,136,58,179,63,100,39,2,246,124,79,103,71,216,83,18,122,248,158,221,58,57,165,118,183,156,94,29,110,49,58,243,238,48,93,124,86,17,245,130,210,0,135,160,171,170,33,23,86,217,148,10,201,192,212,166,122,170,183,21,47,89,177,250,35,185,170,186,191,192,102,78,211,152,226,64,207,202,193,108,85,83,211,94,254,192,99,229,243,108,195,227,251,234,162,255,183,105,251,248,231,153,81,148,47,27,9,67,134,45,145,162,62,4,27,180,142,81,179,89,13,12,98,127,47,117,131,21,23,190,27,159,158,212,109,130,107,141,65,14,78,137,107,76,123,152,237,111,222,165,3,114,161,77,189,39,27,104,115,187,255,180,187,57,108,132,153,151,163,213,111,205,219,221,211,39,163,205,159,152,251,208,117,21,199,42,111,185,223,240,161,246,223,27,59,254,183,193,199,153,246,77,193,223,239,248,243,187,243,125,221,201,175,240,227,212,243,233,247,246,119,241,251,212,255,89,247,222,202,96,2,39,92,4,150,92,34,4,17,6,210,20,27,53,76,48,3,54,58,162,9,93,47,74,108,4,118,104,60,102,47,98,35,103,178,48,71,8,182,16,185,94,191,96,88,133,14,97,98,114,38,237,18,104,45,105,82,53,108,25,75,122,247,128,135,144,156,205,251,84,22,241,80,176,147,62,75,172,156,214,209,231,230,56,126,62,47,52,114,120,152,238,190,247,190,2,194,210,214,162,207,229,231,112,192,103,111,25,219,222,239,209,114,180,119,188,102,244,183,234,102,198,215,185,186,92,187,200,35,128,59,72,167,15,159,28,29,56,150,173,158,35,159,35,153,175,37,235,27,157,47,251,51,119,23,58,155,164,27,67,77,100,199,141,55,15,87,201,66,149,187,197,223,76,71,33,241,63,231,175,253,101,159,209,39,87,235,220,255,92,31,12,233,29,133,13,253,79,15,192,129,245,151,128,159,156,187,178,156,196,241,25,254,188,253,251,223,251,235,176,81,237,215,193,177,213,235,221,209,109,203,225,247,114,243,235,223,217,243,120,225,132,163,153,99,235,223,209,194,246,187,178,243,87,251,216,130,2,86,228,144,133,62,17,17,7,150,72,25,13,31,176,15,84,35,78,58,116,7,25,51,184,246,26,152,255,63,230,42,110,78,46,111,7,45,64,22,16,117,216,127,121,135,64,59,250,195,104,185,126,166,105,50,113,146,216,150,30,93,128,147,206,210,134,47,196,70,220,155,134,86,82,154,231,90,176,243,166,42,197,50,238,214,53,184,247,246,24,249,84,246,141,194,128,253,200,237,246,71,235,201,52,202,236,250,117,223,102,225,254,166,172,223,250,111,200,119,237,213,244,234,125,62,48,135,22,215,91,33,62,175,144,51,37,29,45,153,159,31,37,2,147,131,126,179,190,7,232,139,5,3,57,191,119,245,113,195,54,213,104,204,104,194,117,14,102,214,95,51,253,167,105,115,228,227,93,167,251,38,113,121,91,113,61,33,252,47,51,19,197,7,133,171,142,143,139,211,25,219,136,159,143,223,225,195,198,159,237,142,189,181,179,197,183,163,255,57,218,191,201,82,108,115,109,79,197,159,219,95,244,217,220,91,236,247,241,35,184,47,113,235,237,191,113,251,253,255,40,59,250,233,96,2,0,174,138,185,5,151,18,18,30,20,16,26,88,74,225,162,33,14,60,10,228,255,48,82,46,39,33,105]
CFO=3361.13016157962,STO=1
EsN0dB=3.87,GRXdB=40,N0=0.00199526222422719
packet_number=140,correct=False,payload=[88,88,80,20,38,24,64,94,96,104,213,196,40,184,192,240,120,220,132,85,104,192,161,209,64,240,209,191,248,177,81,177,235,114,67,20,178,190,66,51,123,89,199,224,118,186,65,246,118,114,209,23,35,163,198,249,179,119,175,211,197,231,99,208,235,246,6,60,32,60,64,126,117,124,65,28,164,246,244,212,237,127,13,157,39,125,196,244,253,118,143,157,165,190,231,231,227,214,222,107,198,124,175,31,103,87,148,190,166,190,70,134,226,163,199,95,38,63,225,247,99,119,23,215,141,246,135,199,243,211,8,28,248,56,72,94,227,126,170,25,232,74,238,202,234,249,129,24,41,153,137,31,237,121,233,139,229,150,185,243,239,255,14,30,62,122,74,86,238,87,69,155,217,254,137,174,226,235,63,15,187,243,75,121,227,122,219,207,107,255,195,189,187,254,44,91,44,175,110,157,108,61,3,60,164,252,94,255,238,255,33,22,57,71,13,93,73,107,168,186,77,253,253,205,207,186,78,55,110,30,207,94,252,110,174,150,175,60,86,147,174,185,15,207,181,55,61,31,255,253,159,159,239,43,205,255,239,226,65,16,71,50,197,80,176,51,212,129,20,187,192,193,136,243,1,159,161,45,77,117,85,113,65,145,33,83,223,209,235,122,84,83,66,2,119,27,71,114,218,130,170,179,215,196,230,243,139,51,51,51,7,82,119,247,195,29,186,243,87,227,211,244,197,136,60,54,125,208,86,38,166,181,117,244,229,252,80,253,1,245,37,58,101,85,125,149,173,17,164,231,151,204,190,116,150,152,98,114,206,134,126,254,157,145,162,31,134,219,51,195,37,27,182,55,142,239,103,187,255,146,131,151,207,247,247,253,56,56,113,214,40,120,105,108,9,152,170,36,88,126,184,252,9,25,251,173,89,205,41,179,139,191,111,185,131,221,187,187,58,30,80,250,73,86,234,254,170,218,43,187,198,254,239,255,206,91,43,251,123,89,106,105,171,153,251,121,235,217,139,252,46,29,188,63,124,112,77,122,12,213,186,255,206,92,233,222,237,28,101,189,93,247,69,125,221,212,132,57,127,253,237,253,143,30,122,29,206,207,168,254,126,190,191,159,246,221,236,247,13,58,63,55,127,251,255,255,95,75,191,31,239,223,203,249,98,179,114,176,1,232,96,113,204,26,211,210,192,242,170,189,3,61,227,33,69,86,65,90,137,155,183,249,193,241,229,242,195,152,87,178,18,123,34,250,179,198,225,242,194,82,226,243,1,87,123,230,67,83,115,127,147,247,35,179,223,249,195,118,44,56,37,84,240,23,60,55,150,152,205,128,16,92,181,253,192,6,37,53,229,82,235,101,148,183,161,243,243,82,236,198,31,86,135,56,70,118,224,118,164,205,167,182,130,215,236,255,239,22,20,119,79,183,135,59,239,215,167,167,165,223,167,4,25,25,40,24,76,90,68,121,160,152,184,57,72,251,252,187,89,153,17,121,206,121,123,109,141,153,177,120,141,250,237,236,218,151,46,187,98,216,106,122,169,155,173,190,202,248,255,233,109,20,75,95,91,125,107,175,225,27,27,31,103,215,255,240,12,25,32,30,140,62,252,241,59,157,238,253,204,148,236,221,141,253,252,57,84,223,127,181,141,245,229,187,205,233,237,255,15,110,175,30,175,31,190,127,199,182,238,190,235,218,239,255,63,91,143,123,79,223,175,111,142,187,183,191,239,95,127,200,215,18,107,116,68,244,252,240,193,120,160,178,208,138,236,247,65,52,160,189,85,211,113,240,59,139,37,176,3,65]
CFO=-11150.227850440117,STO=3
EsN0dB=-14.13,GRXdB=40,N0=0.00199526222422719
packet_number=141,correct=False,payload=[89,134,142,149,25,31,44,10,193,188,104,179,227,218,13,58,36,217,208,124,76,40,137,123,255,182,66,53,192,179,130,111,195,125,63,125,39,240,16,137,181,128,177,147,173,208,65,6,233,135,180,30,253,103,158,95,194,125,108,1,226,248,114,42,122,178,110,48,171,142,125,26,215,124,229,154,98,97,123,14,120,52,22,57,84,126,112,113,64,83,11,96,176,1,104,120,241,13,213,12,152,215,196,7,68,218,26,189,209,53,250,18,237,68,16,4,16,217,248,107,147,177,247,113,96,21,46,139,239,151,87,79,200,199,119,17,27,75,42,184,56,138,96,12,228,7,118,37,204,32,208,92,233,70,49,164,196,33,69,136,16,34,32,135,50,85,188,171,208,50,49,85,130,218,96,99,234,16,133,53,96,192,229,61,26,219,159,118,213,94,98,215,176,104,196,77,194,57,209,101,179,41,137,51,91,55,81,176,147,219,170,100,92,230,227,132,11,151,233,183,40,72,148,252,152,62,179,125,53,114,193,131,26,184,250,183,199,72,199,22,57,52,37,255,208,228,141,64,187,155,118,12,205,219,93,164,42,57,161,179,140,229,128,47,201,125,12,95,210,153,209,105,101,223,241,86,24,239,208,160,94,136,254,255,34,164,46,112,163,185,232,43,58,82,243,45,157,15,198,94,251,236,18,154,241,201,212,171,248,75,68,94,93,203,192,229,133,249,67,247,208,41,19,255,170,8,28,86,119,79,248,235,207,249,40,131,68,127,146,198,152,91,143,226,49,252,48,28,178,244,42,241,79,62,237,37,198,197,77,84,74,11,137,237,184,127,239,188,38,65,75,197,9,148,18,225,127,50,205,96,111,169,99,62,186,18,88,78,88,156,237,252,64,68,248,97,239,0,38,74,233,45,254,226,238,108,216,161,180,168,108,112,122,91,35,18,196,103,31,29,201,250,255,123,12,64,22,138,87,182,136,247,33,115,221,210,228,243,35,31,51,0,36,213,99,21,136,180,255,217,33,125,82,124,130,194,41,175,86,1,24,169,154,214,96,10,36,111,143,236,57,127,77,119,29,104,109,216,131,72,59,254,216,164,49,99,23,139,25,105,31,197,224,40,143,144,83,138,200,35,147,203,51,184,249,168,47,201,56,224,237,196,237,245,166,109,153,108,203,76,235,93,11,19,207,57,11,189,237,180,229,192,0,96,61,82,110,12,144,4,230,134,67,134,89,43,230,135,184,107,88,37,25,248,92,173,96,122,6,60,18,227,195,166,48,145,234,163,76,60,78,245,251,91,103,117,144,65,55,144,166,82,209,203,162,201,4,46,47,207,199,46,243,206,66,31,8,110,46,194,53,101,206,163,25,13,30,46,113,207,39,228,243,26,44,122,213,112,63,17,79,143,50,125,123,226,48,222,14,241,54,174,129,44,101,85,149,179,141,190,83,249,24,21,253,53,121,165,11,66,40,104,50,7,225,12,10,189,112,29,47,45,27,236,3,116,91,53,41,180,55,196,115,106,31,47,4,34,12,17,254,69,193,144,167,136,225,182,139,78,58,24,183,93,79,166,121,211,148,36,231,3,250,130,96,54,152,253,28,223,140,214,17,216,84,165,91,241,96,30,13,115,75,38,38,54,157,56,86,185,4,2,40,226,15,37,155,235,146,83,154,34,185,53,32,160,156,178,189,90,228,44,105,53,199,43,241,134,248,59,235,130,225,204,81,65,109,12,89,156,178,241,205,181,218,94,65,154,132,220,236,67,37,67,104,76,95,149,103,65,54,190,252,219,168,228,36,174,20,3]
CFO=7304.997833583958,STO=3
EsN0dB=3.91,GRXdB=40,N0=0.00199526222422719
packet_number=142,correct=False,payload=[10,80,106,17,69,83,105,113,192,144,184,197,224,193,240,241,9,217,169,179,192,193,111,241,163,129,1,226,203,140,225,178,51,50,34,145,66,112,70,121,130,146,170,163,234,120,162,176,9,155,107,131,160,83,115,106,147,51,161,50,131,87,245,85,92,156,4,188,228,95,116,53,135,144,164,180,204,70,240,125,61,84,15,63,229,221,100,96,7,149,164,249,213,213,101,234,14,54,162,30,70,70,103,55,213,22,166,186,202,214,103,190,102,27,33,37,73,214,231,119,158,39,167,148,215,229,215,248,13,73,32,188,76,90,108,24,9,156,57,184,232,208,235,185,21,169,38,61,49,91,236,121,73,217,194,169,88,221,226,242,10,15,43,58,10,94,71,110,162,155,104,190,202,158,238,251,207,146,43,31,233,19,99,107,139,153,202,145,203,219,107,236,1,214,110,60,204,93,44,109,196,142,172,185,170,221,116,202,61,87,5,62,76,45,5,119,161,217,172,21,204,220,253,254,214,30,124,52,78,15,100,60,142,154,126,159,199,157,231,183,47,23,47,63,47,77,206,109,11,191,173,255,222,95,38,212,16,53,52,4,50,128,97,124,134,132,176,209,139,208,40,177,128,55,33,37,136,83,115,121,11,145,9,171,195,147,193,242,6,222,38,34,84,82,234,131,130,147,132,176,198,138,224,115,15,19,3,49,227,91,99,50,136,90,7,43,194,227,231,246,28,150,6,182,68,86,197,116,80,148,5,189,238,210,228,16,77,23,149,53,69,244,229,116,133,132,237,177,197,231,164,246,134,6,39,54,66,118,39,94,206,242,36,54,223,52,166,252,53,87,103,55,71,69,19,55,24,167,165,179,199,245,71,56,25,16,176,12,200,220,108,249,10,140,186,138,40,154,126,241,9,17,89,184,193,89,205,121,137,73,41,145,217,89,193,122,154,90,43,94,70,94,122,126,105,26,238,186,232,122,232,203,26,59,11,202,107,89,163,123,155,146,171,189,237,105,232,179,76,60,111,252,4,220,141,236,8,180,44,250,88,151,225,181,23,151,189,156,77,87,78,127,141,217,148,61,76,157,105,254,202,15,44,174,94,14,108,108,172,214,172,250,204,222,230,251,99,14,63,217,110,95,39,107,87,174,188,191,199,199,253,240,0,20,37,124,72,20,98,81,171,81,226,178,196,216,53,85,36,60,49,145,65,121,97,112,137,145,167,246,193,247,99,208,18,16,35,55,70,83,11,122,1,210,178,58,211,144,243,178,94,251,99,50,83,123,97,114,151,182,237,240,215,211,247,20,6,156,69,37,6,84,108,118,132,184,34,28,100,116,236,165,13,78,5,108,85,20,116,103,133,213,165,181,29,209,237,230,71,124,166,54,67,83,70,214,166,180,7,50,230,204,246,179,55,23,38,51,85,119,239,118,38,23,165,179,131,87,113,200,155,81,25,49,104,120,104,120,140,248,40,188,185,208,203,186,56,25,47,49,89,193,121,105,137,185,169,185,205,209,105,254,14,90,116,178,218,78,194,250,29,26,42,186,193,252,126,251,80,95,34,63,235,155,43,91,135,11,139,155,203,243,175,252,128,88,191,44,236,92,76,124,140,172,133,254,236,204,169,245,15,37,41,180,76,220,37,125,201,185,165,189,204,156,237,183,14,31,46,252,202,63,104,42,130,122,170,14,206,220,254,127,14,71,158,63,13,95,63,125,15,223,175,178,95,95,233,241,0,80,33,80,64,208,96,55,136,49,180,160,240,210,64,21,67,20,35,121,17,81,227,117,233,129,117,242,128,147,224,82]
CFO=5433.834782469192,STO=5
EsN0dB=3.48,GRXdB=40,N0=0.002511886414140463
packet_number=143,correct=False,payload=[27,129,2,99,38,21,6,79,41,3,9,26,30,219,47,111,144,49,26,19,41,139,158,7,129,217,114,155,53,5,143,0,169,225,170,130,36,100,166,54,104,35,62,13,236,63,12,6,178,81,118,57,22,121,127,183,97,56,10,122,122,45,62,190,50,157,234,10,252,29,68,207,100,75,170,219,41,26,77,223,56,81,98,155,94,119,22,86,252,253,82,31,216,27,118,223,98,97,110,97,101,87,102,102,91,8,126,32,109,201,102,205,234,96,208,231,244,99,38,54,111,232,203,95,208,121,38,108,162,89,34,195,188,5,162,135,153,128,74,142,137,21,22,139,157,236,151,147,148,228,146,21,184,125,18,146,28,12,186,27,165,169,160,90,114,131,163,164,190,224,108,41,156,185,174,223,52,249,50,179,190,177,186,133,196,253,189,171,254,169,62,186,233,205,131,82,85,196,243,237,136,169,234,202,205,238,222,159,208,219,211,211,54,189,84,85,156,152,118,247,188,29,254,91,224,225,160,103,228,229,126,238,240,41,235,231,172,229,248,231,176,211,214,51,118,207,246,100,242,249,232,243,250,185,220,249,137,13,192,99,6,86,32,5,6,33,24,111,12,77,46,182,16,135,116,114,156,118,46,85,48,185,54,42,44,57,86,126,228,113,46,231,5,173,68,199,25,49,29,99,52,165,62,191,84,115,58,51,204,189,30,22,121,189,62,47,61,104,62,254,194,193,75,195,36,128,102,198,192,213,92,73,132,77,200,95,80,87,82,23,38,209,214,27,24,75,218,159,216,93,110,137,212,245,114,89,124,37,102,39,72,123,111,121,124,121,62,79,240,80,104,247,251,101,118,255,56,89,58,251,252,111,244,109,129,135,42,146,152,129,156,179,128,137,162,195,140,141,213,143,147,17,158,163,205,159,150,150,146,189,25,155,190,95,22,223,232,243,160,167,101,185,166,203,161,177,39,190,132,189,227,157,164,247,247,242,244,96,241,215,184,233,58,187,245,115,244,186,215,42,130,255,203,207,132,166,137,215,64,136,206,237,206,141,203,213,246,131,212,117,194,215,205,203,75,216,221,205,215,221,226,192,66,198,198,188,100,239,232,91,243,225,244,108,238,255,224,209,242,243,196,197,242,250,186,201,255,193,247,87,220,254,212,36,21,15,68,13,70,181,172,141,10,40,13,12,38,3,9,25,18,147,208,69,22,149,29,30,8,15,4,31,6,63,43,81,130,7,77,231,14,2,66,41,42,139,36,44,110,231,191,24,244,183,185,121,54,87,200,189,174,62,181,25,95,189,39,162,110,67,5,1,65,165,200,91,169,234,205,204,218,79,92,31,118,91,62,145,86,92,90,157,86,127,190,85,156,127,112,225,114,247,40,213,107,175,107,27,235,195,239,169,174,110,224,81,240,243,93,245,182,84,248,115,112,250,252,149,253,215,136,80,147,99,129,129,20,133,164,29,136,79,206,159,134,79,146,245,80,179,213,151,22,55,144,147,153,223,62,191,159,69,185,135,15,34,215,39,180,167,10,60,241,33,47,247,191,159,242,185,1,114,20,133,94,245,190,248,54,45,56,173,190,191,198,201,199,227,213,69,196,79,42,235,218,253,204,205,198,111,213,131,241,163,23,135,211,246,248,209,158,93,200,222,210,219,243,193,210,227,176,197,209,58,168,149,186,143,109,99,207,227,112,243,210,166,244,255,254,250,108,113,203,123,220,249,191,239,66,21,130,71,0,79,11,47,132,101,78,11,13,60,122,43,161,160,26,119,132,29,5,2,64,121,191,62,124,28,30,29]
CFO=-5512.124877193078,STO=0
EsN0dB=nan,GRXdB=40,N0=0.002511886414140463
packet_number=144,correct=False,payload=[237,215,243,152,192,239,172,202,113,202,81,240,2,151,2,203,239,59,38,129,248,21,218,175,2,26,37,2,103,57,207,160,206,33,186,90,204,122,154,9,150,218,125,37,87,147,126,166,226,131,248,57,166,135,175,140,84,172,24,137,169,237,151,238,37,179,195,21,213,243,62,201,195,176,44,153,99,137,16,28,152,167,72,252,38,250,254,124,146,187,70,105,123,227,199,218,82,31,14,154,226,96,74,181,133,240,246,234,206,127,132,188,128,255,51,215,115,159,49,29,45,191,240,8,123,52,155,244,97,124,196,216,35,171,185,122,153,41,238,139,2,24,176,46,21,47,23,135,216,45,38,156,221,63,88,196,44,255,202,92,104,30,14,245,128,125,244,126,158,187,8,85,10,248,149,93,61,44,246,195,17,69,44,111,219,220,225,143,13,184,131,167,78,153,68,59,111,4,12,160,168,143,186,30,36,197,170,148,100,135,156,233,73,102,97,12,162,137,233,221,246,226,197,224,184,220,118,76,41,149,186,174,84,191,124,105,103,244,235,60,54,129,11,197,231,30,95,199,79,25,110,181,174,32,155,30,179,102,216,246,201,9,142,145,6,93,202,252,99,117,146,231,181,253,110,112,125,172,225,1,255,66,31,141,161,199,86,10,28,71,29,99,48,7,102,162,141,125,28,238,58,84,47,227,251,138,224,170,134,135,218,53,62,22,111,164,194,151,71,208,177,197,153,126,73,177,145,123,144,89,87,64,5,221,113,63,119,187,56,129,207,8,249,143,178,116,27,53,215,38,224,236,18,188,27,240,52,197,63,203,10,113,154,112,59,60,199,125,228,149,201,181,225,234,122,123,255,147,56,29,39,205,88,233,111,92,132,108,196,104,230,164,219,65,124,98,216,57,230,75,178,43,21,29,156,3,81,255,40,33,224,179,178,250,222,239,135,213,172,125,107,207,103,182,200,251,91,174,207,96,255,122,198,171,121,23,229,166,122,47,65,229,134,237,186,76,12,118,151,117,4,168,201,222,133,237,69,121,139,157,236,127,32,180,187,215,25,192,145,47,215,127,195,178,222,40,100,131,132,212,144,61,229,145,201,183,2,7,3,73,63,15,154,114,80,123,175,27,186,246,212,112,0,255,26,65,12,187,219,68,52,62,205,21,195,103,198,244,240,206,48,209,39,68,30,45,65,11,37,173,219,183,48,6,234,234,21,217,129,164,254,191,39,197,222,68,194,195,32,59,168,241,72,147,39,97,159,172,255,30,51,134,15,103,18,9,0,25,178,151,122,14,228,118,47,16,89,229,228,196,93,6,152,54,103,87,105,170,5,251,33,1,174,27,164,138,129,219,83,228,60,206,185,140,192,133,26,182,83,56,37,12,28,12,105,248,97,24,208,252,68,84,146,181,192,103,143,222,117,62,117,182,93,203,207,214,66,67,247,187,175,108,235,132,109,128,118,239,97,99,212,133,165,164,211,135,101,89,74,6,147,196,216,245,110,8,141,164,58,77,129,184,22,91,18,147,107,183,54,84,222,162,242,95,38,190,36,150,133,185,27,206,240,86,166,97,153,52,22,161,13,3,7,14,241,168,2,164,214,100,35,181,104,118,65,173,30,189,169,174,137,184,197,102,34,15,22,126,168,84,176,34,193,63,183,249,6,223,236,161,195,160,58,87,147,80,141,81,146,145,80,172,33,86,65,200,121,24,134,207,178,112,170,244,90,42,214,17,149,217,124,136,238,72,180,238,101,247,160,163,241,145,247,79,65,32,175,221,191,206,4,59,114,81,224,169,61,40,151,44]
CFO=7166.450766501095,STO=2
EsN0dB=3.39,GRXdB=40,N0=0.002511886414140463
packet_number=145,correct=False,payload=[8,66,66,247,142,6,101,220,38,23,179,147,12,39,78,12,12,1,2,99,240,17,34,94,0,147,206,7,156,61,174,91,32,163,3,37,43,208,182,185,41,13,123,49,142,26,42,43,36,33,165,43,7,49,178,118,21,56,58,117,156,245,126,30,100,71,241,116,228,212,20,2,200,131,199,77,109,199,42,79,66,85,72,155,208,85,87,118,176,104,87,93,244,135,110,95,16,194,162,227,48,100,102,99,73,77,179,106,231,135,108,45,121,17,227,51,214,80,54,246,88,90,121,43,248,117,110,62,146,165,3,139,80,71,148,135,162,205,137,155,140,41,25,139,48,146,158,195,128,21,157,214,176,187,218,153,214,221,76,142,166,163,162,131,170,169,103,230,221,47,194,175,114,165,7,142,113,187,178,231,20,37,148,159,185,138,88,159,145,189,150,186,96,205,198,217,237,241,229,182,176,141,83,83,172,85,206,29,112,209,118,227,222,197,85,247,216,217,155,221,218,218,242,255,154,225,192,247,244,207,226,214,126,209,234,215,140,168,170,15,176,145,218,243,191,80,238,53,124,243,123,122,172,85,254,243,12,48,150,193,133,37,182,86,138,33,74,43,14,77,12,15,184,50,1,19,20,133,5,178,84,9,27,19,20,29,92,159,161,97,36,18,32,62,32,71,9,57,9,2,52,44,172,43,32,5,244,113,208,53,54,119,50,169,56,48,62,53,58,181,8,5,67,107,88,197,95,71,88,115,233,74,13,13,198,93,240,83,114,82,77,77,86,23,216,241,90,219,60,201,31,137,26,48,42,99,20,24,103,39,5,40,26,109,116,221,54,35,82,49,114,83,52,115,215,114,104,48,126,251,112,249,92,63,210,19,142,157,205,3,46,194,72,216,131,137,156,141,160,167,206,177,28,128,210,157,148,215,184,147,31,131,222,49,56,171,176,166,160,143,160,165,166,191,249,163,134,251,174,167,238,44,182,227,50,63,183,25,54,191,179,121,186,235,158,254,186,135,205,170,218,231,238,103,196,39,74,224,202,79,220,197,204,166,192,211,246,219,244,85,197,151,184,208,120,69,26,221,78,215,232,173,35,235,236,231,100,226,188,125,216,227,79,13,43,238,241,181,179,125,229,183,242,231,244,241,126,42,124,89,254,254,72,161,138,82,52,149,142,7,136,137,195,251,132,11,54,15,147,187,30,243,84,149,21,58,152,31,59,25,22,28,26,94,129,32,35,50,12,98,182,47,104,42,2,127,108,173,44,46,49,41,16,178,4,181,62,127,56,220,56,90,60,45,27,23,132,199,22,75,77,69,64,87,72,77,106,76,92,93,239,79,80,201,112,8,156,21,4,116,233,83,89,87,26,77,153,87,64,103,234,195,228,100,206,228,42,105,43,32,189,185,50,111,124,113,114,66,118,100,214,118,252,251,114,127,148,124,102,41,194,209,162,163,196,134,167,199,136,168,202,203,140,141,142,46,182,49,176,60,150,150,134,153,152,27,146,59,156,212,158,213,160,195,188,129,100,164,154,165,172,174,175,169,173,172,182,111,113,187,146,177,180,132,143,51,185,185,26,182,57,185,186,222,217,147,2,91,95,71,211,215,153,141,158,139,132,237,250,207,138,216,146,195,196,116,211,215,218,193,187,218,133,141,86,204,99,233,234,213,254,224,167,197,186,165,170,171,222,185,106,111,242,215,230,251,197,133,194,243,252,185,254,247,181,189,174,111,4,0,67,27,5,133,22,79,26,49,143,46,155,35,10,159,83,82,18,10,53,21,182,23,248,24,203,27,12,84,30,60]
CFO=2264.035057855207,STO=3
EsN0dB=3.37,GRXdB=40,N0=0.002511886414140463
packet_number=146,correct=False,payload=[208,158,191,224,65,116,253,192,147,160,162,66,136,136,41,71,2,233,135,230,37,215,193,173,70,254,198,235,103,71,20,107,133,167,133,214,44,144,154,236,166,185,39,202,8,139,24,219,70,115,171,106,66,76,172,193,135,93,143,255,142,236,206,198,239,127,15,251,247,108,226,90,17,182,240,211,26,26,219,123,147,130,252,245,78,106,141,227,45,218,188,24,120,63,182,239,223,245,223,123,110,106,200,251,188,45,253,40,90,14,223,239,39,95,155,168,187,223,159,125,92,127,190,250,159,62,190,204,23,187,254,142,62,209,236,176,163,108,203,75,114,1,226,103,99,245,152,237,134,96,31,247,13,44,245,231,98,105,42,161,167,239,149,244,60,116,210,139,63,25,57,226,37,126,164,247,124,121,239,234,12,77,188,103,183,115,245,118,47,111,150,237,182,179,189,248,66,89,152,112,149,253,177,242,124,118,246,115,51,109,248,222,242,53,30,60,27,111,189,124,126,126,190,243,249,243,187,250,157,248,252,77,135,250,254,189,89,238,158,191,51,160,157,239,171,247,116,125,191,125,253,46,30,114,14,255,59,191,173,192,69,193,81,211,201,201,152,231,3,210,203,243,193,192,207,206,4,50,255,212,181,174,133,166,63,70,167,202,183,215,130,66,155,60,192,221,189,201,140,220,154,12,196,229,123,215,239,122,111,44,206,125,141,215,215,239,198,190,38,231,131,205,239,213,48,115,217,229,224,194,139,241,143,251,211,247,51,43,227,161,28,100,220,240,61,219,214,246,22,171,18,240,18,239,222,206,90,116,233,205,93,61,218,110,187,94,218,149,203,223,29,21,143,14,202,254,15,39,13,190,175,255,187,199,61,239,205,114,120,45,210,239,181,212,229,231,26,227,163,246,175,115,147,230,38,236,238,124,247,242,191,238,167,118,39,63,229,226,47,233,44,42,235,251,56,107,129,231,187,250,135,98,172,249,229,180,42,252,183,253,166,14,205,238,50,182,254,231,187,111,247,233,57,106,54,149,125,250,153,243,83,64,192,251,253,59,161,116,213,61,249,107,181,245,61,251,187,112,39,241,167,246,255,249,157,248,40,253,61,106,153,235,56,55,191,191,63,251,255,187,84,58,252,253,31,127,189,254,29,122,174,251,43,63,253,77,204,109,8,197,23,92,68,57,154,209,130,227,206,163,194,229,140,89,180,169,119,71,176,231,13,230,210,55,118,31,215,70,172,90,1,233,41,99,152,255,27,118,234,229,59,43,200,220,67,92,140,251,61,64,218,221,15,122,175,139,235,207,236,242,24,25,122,223,29,69,223,208,50,90,130,216,123,222,183,216,3,86,124,231,191,119,187,12,118,230,255,223,61,87,211,253,57,126,220,217,139,93,185,178,59,223,60,255,63,218,154,216,205,62,230,237,117,78,86,205,30,127,150,88,23,221,190,84,237,244,146,115,174,241,187,114,114,70,138,162,215,241,195,225,92,60,106,220,57,243,145,103,243,103,183,239,223,245,246,238,171,107,206,251,170,232,46,124,152,234,238,229,33,33,241,223,180,108,76,255,185,207,243,238,191,111,253,127,118,111,7,106,92,112,182,19,55,97,37,255,50,255,147,161,249,240,154,248,23,124,188,179,51,79,55,214,182,63,166,149,167,123,247,168,61,122,239,189,56,221,185,251,240,250,242,248,60,139,255,221,63,236,148,245,223,249,236,170,30,191,174,127,63,119,231,224,36,84,146,75,179,194,74,226,3,65,162,102,17,81,75,206,151,117,204,229,53,68,144,159,150,102,151,197]
CFO=562.22032177807,STO=1
EsN0dB=3.33,GRXdB=40,N0=0.002511886414140463
packet_number=147,correct=False,payload=[20,210,52,3,183,74,6,69,184,54,22,47,185,22,60,150,251,75,244,62,188,106,45,27,34,23,116,52,56,175,156,53,230,83,26,175,183,69,255,207,112,191,203,213,27,223,126,223,63,125,222,103,106,75,45,110,213,210,116,231,125,85,232,222,42,71,133,102,39,181,62,221,211,199,180,182,188,255,161,219,176,227,134,164,98,235,236,246,164,189,149,239,181,55,172,191,192,215,197,143,81,254,221,225,180,210,244,198,189,141,152,14,217,186,207,174,255,234,102,245,125,242,254,247,117,154,248,254,81,6,139,103,175,47,159,63,41,157,251,21,155,83,63,31,121,175,123,247,228,76,203,102,183,39,47,127,187,63,56,111,66,67,69,21,187,227,236,238,223,78,249,247,90,87,190,255,19,97,227,119,225,251,252,245,214,243,125,126,113,124,173,118,213,38,237,47,29,61,196,223,155,159,143,252,159,155,29,105,107,139,173,111,245,119,189,239,53,187,223,255,251,191,191,119,203,214,143,215,128,106,203,223,47,223,247,221,153,191,231,221,237,230,223,175,219,224,225,238,229,255,183,251,253,123,127,252,170,130,200,155,200,162,139,127,169,150,181,182,130,178,61,26,144,30,100,106,252,127,172,126,242,123,57,102,124,124,59,29,193,106,101,14,140,122,141,239,116,250,87,102,82,87,60,249,108,30,136,212,204,121,122,189,112,246,126,117,40,46,248,126,184,198,220,228,232,226,204,86,137,12,205,63,254,130,121,223,228,217,225,239,36,122,253,140,240,166,252,230,153,255,156,127,198,70,206,242,217,222,136,206,210,194,243,211,217,223,182,223,106,231,105,239,249,206,168,223,119,118,248,119,248,250,217,155,52,55,151,98,11,191,75,79,116,176,143,63,157,123,139,255,66,231,101,239,203,109,16,187,59,19,52,127,217,123,223,111,221,147,96,239,225,223,237,86,121,243,93,54,243,219,127,94,8,231,101,71,251,114,111,126,195,117,113,63,83,115,253,189,170,11,148,159,31,189,213,135,253,183,247,142,255,155,152,189,166,238,166,191,250,143,101,233,223,195,253,239,239,241,241,239,195,39,47,207,234,204,223,255,241,247,205,237,249,158,253,222,136,126,255,111,251,207,249,107,193,239,116,246,219,249,159,255,148,11,26,7,82,252,158,63,159,155,23,31,84,14,13,147,28,100,0,52,10,248,112,55,49,62,121,48,106,243,102,123,214,194,72,30,200,243,20,30,212,246,221,50,123,89,31,254,37,238,110,230,234,108,204,242,221,118,227,126,252,127,127,254,149,131,197,207,20,79,7,159,152,178,164,62,131,27,223,191,225,215,247,159,172,216,116,154,113,121,121,191,25,246,101,170,239,91,128,206,251,138,219,254,64,196,188,62,232,202,253,214,166,231,238,229,237,232,159,234,241,118,102,254,251,189,251,235,114,143,58,217,127,174,127,47,112,127,23,247,187,55,254,126,163,233,225,37,210,149,47,75,35,221,103,10,91,233,159,39,51,83,237,133,155,70,187,223,217,7,182,71,122,255,41,47,236,123,57,246,127,243,239,207,241,241,109,87,243,239,251,127,211,12,156,13,171,27,136,252,179,119,185,31,155,239,29,204,235,187,111,239,157,220,255,237,179,231,188,243,187,247,237,255,220,163,77,218,239,159,205,159,246,211,165,159,177,215,223,214,195,235,109,235,219,241,247,207,179,247,220,253,208,255,234,78,234,18,47,108,25,128,56,76,84,119,185,63,122,34,127,239,244,241,124,119,62,46,108,175,171,110,252,246,185,50,20,127]
CFO=7839.235309077276,STO=1
EsN0dB=3.24,GRXdB=40,N0=0.002511886414140463
packet_number=148,correct=False,payload=[134,140,30,128,8,68,41,82,200,83,96,240,72,48,225,179,215,147,203,210,131,39,145,97,68,20,64,241,171,210,16,11,147,161,64,131,6,74,76,168,158,48,64,82,36,51,102,219,66,130,242,223,4,243,42,83,150,182,161,99,195,143,75,171,69,211,198,244,47,21,9,52,0,88,229,18,136,185,176,116,237,44,71,238,41,68,110,209,5,165,125,111,141,150,183,237,198,114,87,236,22,172,103,52,20,231,6,229,14,135,136,44,166,92,212,246,70,4,116,31,14,27,39,125,199,13,231,55,134,127,79,194,124,0,68,185,164,200,224,94,61,48,176,122,142,153,145,250,112,35,2,56,196,37,127,251,137,57,146,107,209,179,251,186,8,252,58,190,22,54,98,240,85,191,163,178,58,202,182,190,18,21,75,123,31,55,207,253,51,231,211,253,191,225,15,216,12,48,244,82,24,237,233,123,136,252,199,42,29,182,155,228,189,159,42,61,201,24,110,252,177,41,173,124,175,234,225,246,188,86,198,254,30,84,106,231,196,188,173,180,219,255,6,167,30,219,110,113,86,221,6,118,15,152,174,183,131,255,253,201,1,48,166,160,232,104,50,240,24,164,132,48,193,163,64,162,0,14,65,1,8,251,212,64,198,177,241,97,195,209,237,180,198,33,166,96,144,42,212,150,161,35,4,1,242,208,166,23,130,38,3,226,37,86,35,67,15,159,67,39,161,87,243,56,132,160,194,24,68,20,105,244,141,156,86,75,212,201,180,32,10,18,145,120,236,127,196,191,177,53,15,129,155,199,95,182,46,180,22,62,66,96,102,104,189,15,13,206,78,199,231,239,169,109,19,23,71,206,230,102,135,199,199,47,199,79,69,97,16,152,24,248,64,80,225,208,152,25,26,224,217,242,99,106,24,48,249,122,61,251,112,250,145,58,162,219,33,187,192,174,124,92,180,52,144,94,66,220,17,132,14,87,217,158,167,117,90,31,20,163,123,11,126,111,115,57,111,247,113,247,223,127,44,61,189,241,212,204,172,217,170,251,84,76,252,158,213,252,139,70,159,119,46,157,201,61,29,191,191,221,221,179,209,220,12,142,94,185,8,149,203,222,89,22,172,28,219,146,250,255,4,190,95,79,188,110,110,86,159,235,74,61,203,31,31,240,128,240,80,106,1,90,244,96,56,137,225,0,136,16,200,116,5,18,225,44,234,2,195,161,188,147,6,119,129,254,199,85,40,69,32,103,147,4,192,83,177,176,70,168,162,75,227,242,6,40,227,96,46,174,71,117,5,7,19,238,7,147,215,177,132,148,32,40,12,234,68,226,130,232,215,128,36,76,128,224,46,25,80,232,3,149,193,123,83,19,77,179,11,143,133,105,11,54,84,76,150,133,84,57,199,171,140,173,210,238,103,231,250,94,32,248,207,102,14,55,198,135,102,183,5,30,201,139,24,116,104,56,8,120,128,97,29,97,232,185,193,56,154,147,26,19,85,240,145,117,23,243,145,16,83,211,24,181,196,187,89,150,234,120,211,106,56,115,171,216,165,47,210,146,225,219,30,26,76,124,197,147,125,111,187,142,95,251,83,19,134,205,25,78,14,114,40,181,182,242,140,106,205,24,133,16,145,157,173,144,187,61,47,27,6,245,131,29,205,187,27,149,171,252,28,151,60,241,234,110,235,221,44,21,85,119,187,171,133,111,155,6,141,94,159,214,124,120,223,126,252,237,207,151,222,240,66,16,60,112,198,128,96,37,35,8,233,49,160,172,195,230,64,81,205,65,6,115,178,225,181,147,2,225]
CFO=-9876.178434996868,STO=4
EsN0dB=3.54,GRXdB=40,N0=0.002511886414140463
packet_number=149,correct=False,payload=[123,235,127,65,216,86,47,221,106,15,47,91,214,190,86,171,159,252,231,227,127,191,142,239,250,46,254,126,179,126,119,185,171,60,255,233,110,221,119,203,126,255,254,222,243,108,106,219,250,126,247,127,203,90,110,107,247,125,87,169,107,58,116,113,255,223,247,203,159,135,254,171,182,191,223,215,19,156,248,238,182,223,215,187,205,231,215,187,229,149,191,249,254,255,255,174,251,254,190,239,110,222,222,233,149,251,234,191,210,238,150,223,255,79,213,246,246,240,238,252,247,252,188,252,239,161,239,254,171,255,23,71,30,83,255,211,248,111,30,39,235,156,219,191,191,254,251,126,132,255,239,169,251,237,247,127,239,111,63,247,175,126,53,123,235,149,246,253,233,255,191,126,93,127,187,87,255,63,189,247,207,246,149,125,124,105,249,219,87,87,123,221,123,191,235,169,141,143,95,215,143,191,255,192,190,185,211,251,221,125,197,191,126,253,254,255,239,239,246,255,231,246,59,169,249,207,251,166,123,118,83,43,235,199,175,211,211,95,119,255,143,215,182,227,207,254,175,201,249,175,255,251,222,253,233,189,243,219,239,234,127,100,54,214,175,183,254,127,126,23,222,63,255,244,207,19,235,61,170,108,243,45,251,236,245,118,119,174,55,235,254,214,253,223,223,247,86,254,254,145,235,127,247,91,255,94,223,113,182,244,103,174,126,63,127,252,254,82,126,138,95,126,187,220,182,175,159,245,188,230,159,181,223,61,30,182,255,252,254,220,147,182,252,253,235,237,255,180,251,63,255,191,223,254,111,253,99,135,199,233,138,236,143,188,117,105,247,178,223,59,254,254,251,247,239,235,183,251,251,244,255,253,195,235,174,159,253,91,218,53,63,73,223,127,237,213,175,251,222,25,254,127,86,181,251,255,239,255,251,55,55,249,255,125,151,230,247,127,127,215,123,173,87,255,243,127,255,222,247,247,207,127,126,255,217,119,95,255,247,111,219,251,219,125,121,117,123,54,63,123,255,63,223,237,103,205,251,244,239,255,207,55,255,159,187,47,143,255,239,255,190,249,159,191,191,36,175,183,191,220,227,63,251,125,251,114,211,255,43,255,103,187,251,255,223,255,255,222,222,229,219,245,231,239,183,249,198,249,247,255,214,255,106,121,251,107,142,205,215,207,47,63,63,43,223,127,167,44,187,231,19,177,234,174,255,253,55,173,253,245,119,247,62,118,190,187,183,125,243,175,215,207,94,95,31,80,245,166,103,204,254,254,255,118,122,253,111,239,238,47,252,255,190,251,127,223,251,249,127,215,186,63,95,219,249,222,47,175,138,221,159,181,250,217,223,233,253,243,238,175,227,239,189,142,223,205,95,195,191,62,255,247,103,200,223,172,159,253,252,24,218,253,255,255,170,242,251,225,218,79,236,253,109,232,255,255,254,239,246,111,247,254,248,254,101,61,215,63,46,253,127,26,191,29,159,57,87,231,255,251,63,58,190,185,239,63,223,107,63,61,47,183,255,172,27,121,255,87,223,77,235,251,255,213,253,253,199,245,255,114,250,69,203,255,115,45,247,253,253,123,223,95,211,169,191,127,127,226,178,222,247,206,255,149,207,103,133,183,191,249,111,23,158,241,187,215,247,190,115,149,251,184,183,254,250,78,249,190,249,118,191,213,159,127,255,159,251,240,187,247,183,255,187,223,238,253,223,254,247,111,238,171,250,127,125,173,75,50,254,97,253,249,118,106,22,173,206,186,47,120,240,252,247,253,223,95,234,96,55,119,151,226,94,234,127,127,255,187,63,233]
CFO=12423.642627472986,STO=5
EsN0dB=3.13,GRXdB=40,N0=0.002511886414140463
packet_number=150,correct=False,payload=[151,80,3,3,102,34,6,144,226,23,134,67,128,24,164,141,223,206,133,142,136,11,88,153,130,2,10,129,132,15,141,141,24,6,199,143,20,80,169,0,48,38,151,87,143,6,36,21,4,19,53,63,209,24,128,83,83,16,137,27,220,16,69,1,68,190,157,76,132,97,160,97,146,34,194,67,188,32,145,33,178,2,227,163,160,32,165,8,230,47,142,41,173,72,40,61,132,12,10,63,161,25,243,19,144,33,35,161,180,4,33,32,60,52,175,53,29,16,9,73,162,88,186,168,60,168,173,57,50,28,139,158,70,0,8,18,66,105,131,134,132,36,239,101,66,71,34,226,193,74,74,12,242,202,75,2,68,68,205,64,115,72,142,43,192,192,81,145,157,2,130,83,128,80,21,116,214,36,199,4,217,222,202,105,139,220,16,157,212,128,145,88,158,46,95,19,168,48,65,67,240,144,225,3,188,96,65,119,237,70,159,101,161,107,15,53,251,2,232,43,4,106,171,207,218,96,250,127,41,24,16,113,186,98,235,227,194,195,245,100,182,87,119,38,93,40,160,89,176,74,203,35,216,124,95,245,112,26,219,127,0,33,193,3,128,162,162,227,168,36,133,129,166,55,164,5,139,40,128,8,45,44,141,8,136,4,149,111,78,142,15,43,129,32,145,81,18,26,145,48,229,4,12,4,14,4,191,51,76,202,48,177,38,155,215,14,16,4,21,9,142,138,129,91,144,127,179,33,11,8,239,33,164,133,133,164,36,57,142,7,208,0,170,43,131,34,187,45,132,12,16,1,14,63,174,139,180,0,177,97,8,154,164,21,246,112,49,100,34,38,148,151,160,0,40,56,19,120,187,26,160,48,189,92,42,30,191,27,216,66,32,67,67,74,135,35,197,28,204,4,128,6,199,5,224,73,92,136,196,75,143,193,132,43,237,73,78,12,3,11,240,67,151,15,149,82,86,83,92,180,79,4,246,82,179,70,154,89,153,97,12,88,243,202,154,80,217,77,220,77,223,83,192,33,161,1,67,16,243,193,196,100,176,12,116,70,225,101,106,106,234,81,90,250,11,171,252,108,173,9,90,110,173,77,16,225,209,36,253,80,134,113,4,112,85,53,110,244,214,243,104,48,249,8,244,120,105,127,192,92,93,93,206,108,114,86,128,73,65,0,128,3,247,99,140,132,212,69,4,16,130,143,146,136,29,153,130,11,170,10,139,105,141,12,157,11,6,69,178,50,33,37,18,33,4,19,130,84,1,5,14,4,182,18,25,23,25,89,158,24,19,118,218,75,161,31,221,2,188,59,176,0,229,32,175,96,128,64,208,82,161,53,254,102,149,98,228,136,9,32,170,10,22,227,132,176,169,14,46,78,39,61,130,140,186,48,123,50,186,35,46,54,148,40,190,178,210,38,188,152,123,51,176,98,95,23,140,40,54,175,188,54,63,179,66,69,193,205,210,96,74,2,224,42,199,1,246,106,142,6,40,74,202,73,89,211,210,211,224,72,206,29,174,100,141,9,9,68,208,85,162,80,208,144,69,68,93,244,21,2,213,23,25,208,81,121,145,250,26,86,252,31,201,88,220,91,238,119,224,100,101,1,226,67,3,97,228,92,224,101,172,166,197,35,206,104,205,217,128,51,66,221,132,40,237,197,214,92,202,112,181,80,244,161,190,226,69,35,204,180,247,124,7,126,86,103,214,41,249,113,242,202,179,123,120,124,246,65,190,121,187,107,169,0,1,104,2,66,195,4,133,1,149,179,198,92,135,149,75,9,136,10,2,123,153,42,184,71,133,31]
CFO=5836.743372740012,STO=4
EsN0dB=nan,GRXdB=40,N0=0.002511886414140463
packet_number=151,correct=False,payload=[58,36,30,154,250,137,63,250,49,61,249,110,62,68,121,145,78,48,13,214,215,45,202,181,191,176,227,45,136,24,182,63,170,216,43,61,78,10,139,13,27,104,221,222,155,233,106,77,222,150,54,253,130,179,200,51,89,203,131,67,243,118,70,53,50,34,161,224,244,167,235,105,202,20,57,85,85,140,216,149,66,211,200,164,117,216,13,159,29,67,186,16,12,129,108,140,112,210,13,206,61,81,254,29,68,115,95,37,233,187,113,160,42,212,186,217,61,33,132,160,152,58,221,15,250,69,108,200,39,152,181,9,174,92,48,123,31,162,120,79,188,27,180,238,74,106,147,80,84,228,65,67,27,111,134,185,23,133,120,163,32,254,175,127,162,49,89,124,226,156,176,98,105,5,217,108,98,107,233,36,5,13,1,203,101,8,31,40,42,137,216,163,44,137,244,251,49,73,33,202,8,67,249,16,79,14,140,5,92,133,164,130,93,158,157,207,71,123,110,235,90,234,79,162,218,10,124,222,227,17,103,127,162,139,83,80,118,116,191,242,97,169,10,48,165,241,46,137,160,186,178,188,36,35,225,172,107,115,158,104,116,38,104,163,153,91,104,144,209,134,61,246,33,69,26,36,66,106,206,182,105,254,34,194,208,189,148,244,113,69,153,11,104,200,152,229,151,176,27,28,195,59,69,83,37,193,1,8,234,98,71,1,38,83,150,176,222,167,214,17,162,187,147,172,126,251,96,125,60,79,42,205,2,248,200,165,250,38,250,25,19,23,62,132,78,150,237,135,173,63,255,223,17,108,202,23,212,103,163,195,214,192,61,173,248,38,133,169,22,122,110,192,90,222,192,248,59,13,183,30,241,40,139,100,28,121,226,45,21,153,255,120,29,241,241,184,216,99,36,157,205,225,108,117,48,21,106,52,7,136,176,235,67,253,3,38,156,183,188,31,240,225,197,65,13,95,118,133,37,152,91,142,1,146,190,251,236,52,180,140,8,18,218,248,63,75,167,232,50,109,21,238,162,91,233,70,179,5,140,127,247,31,187,116,217,188,124,176,209,109,85,85,208,207,126,162,215,92,136,124,243,33,69,103,212,126,7,70,158,137,187,139,77,212,117,224,175,18,226,124,15,181,90,133,134,251,186,143,46,120,167,203,243,47,240,137,209,164,127,149,72,219,190,53,159,182,27,21,210,55,133,100,220,248,96,140,100,142,63,215,161,152,28,24,115,115,215,72,251,157,203,173,204,166,3,134,147,182,133,229,57,125,146,53,134,185,10,177,210,235,205,132,176,54,137,139,128,209,184,131,174,246,84,118,3,172,82,140,115,28,67,42,187,208,107,130,238,52,55,193,133,189,108,113,47,15,191,44,140,108,200,177,25,125,152,37,200,203,90,41,238,190,92,213,124,108,133,27,217,8,140,104,189,97,107,247,19,242,185,70,40,189,28,243,80,120,5,254,2,155,169,183,241,70,33,196,201,213,113,9,13,129,112,252,125,88,236,219,51,89,220,33,72,39,1,233,83,121,25,121,108,103,130,52,43,232,38,195,38,215,46,21,68,40,75,159,3,141,115,181,254,51,82,29,34,182,181,107,225,187,168,60,250,111,238,102,105,144,102,50,30,253,108,183,193,136,183,161,186,219,27,96,96,68,54,80,139,13,171,191,69,170,231,215,121,134,65,69,38,23,24,65,1,73,172,48,198,221,201,185,240,237,237,32,63,190,210,197,206,149,249,119,142,27,128,204,34,218,200,87,34,225,36,140,0,101,9,217,71,186,233,205,251,245,202,216,73,217,178,181]
CFO=7878.0654088274905,STO=1
EsN0dB=2.48,GRXdB=40,N0=0.003162277629598975
packet_number=152,correct=False,payload=[135,182,64,18,76,148,224,7,48,228,180,17,240,97,165,133,161,147,50,69,101,128,97,174,162,129,87,3,131,5,106,143,67,151,91,12,93,78,21,144,177,69,232,26,11,21,69,79,254,225,224,179,70,200,111,54,110,242,45,19,78,129,230,106,15,5,234,152,216,18,120,246,124,80,232,154,20,206,67,73,77,64,192,90,131,220,201,13,92,163,234,71,207,74,242,142,165,71,144,16,32,239,88,200,44,128,68,88,93,221,229,9,163,109,142,128,125,248,28,92,81,205,205,12,47,203,223,151,78,239,246,134,176,225,241,9,48,153,17,3,239,145,219,193,139,193,248,40,18,18,210,35,156,156,32,179,213,31,179,34,199,168,224,88,185,79,99,13,110,36,255,185,65,34,231,32,12,234,252,212,4,22,212,130,52,173,138,30,92,211,228,165,155,247,60,184,105,100,249,245,58,105,216,5,115,152,115,91,252,116,132,186,108,190,245,16,246,136,183,147,34,127,83,147,237,162,109,29,190,45,248,154,208,185,62,59,118,138,216,53,54,25,2,184,124,10,236,58,192,208,254,30,123,4,249,55,69,237,194,32,89,132,193,196,128,0,199,24,37,129,128,155,210,3,128,6,175,194,75,128,149,179,209,142,38,70,230,1,101,226,1,42,76,178,195,7,194,149,228,171,135,32,218,143,185,129,242,37,40,37,70,54,138,21,64,230,140,229,83,203,127,173,248,200,36,26,80,9,201,136,77,123,19,202,223,19,152,215,186,71,69,95,209,143,158,146,234,49,50,196,190,151,187,150,200,32,24,222,77,166,145,93,15,15,115,192,128,201,185,171,30,152,110,28,221,46,187,142,77,54,55,214,191,142,192,219,250,225,96,16,216,34,224,75,179,70,55,153,123,55,87,199,242,35,26,0,55,28,13,242,202,166,191,67,139,143,219,19,246,129,220,2,184,247,17,140,227,5,108,200,80,212,51,105,252,59,6,64,126,84,43,82,169,30,102,138,226,18,150,79,240,193,60,48,189,129,0,210,145,41,85,218,179,31,187,112,249,105,74,248,247,177,40,250,211,124,0,40,187,187,94,135,217,109,120,82,59,44,61,241,172,117,29,94,109,31,121,177,126,137,62,152,87,137,248,62,150,52,78,239,63,29,119,182,32,58,128,68,100,160,197,147,161,65,2,162,195,135,161,23,192,135,68,146,82,22,164,139,246,135,79,0,238,19,114,27,196,1,90,172,133,50,60,199,103,17,34,9,27,155,41,147,255,43,127,78,133,163,9,141,182,182,6,103,171,107,135,238,120,33,200,220,218,136,115,97,42,211,1,206,81,232,99,202,210,90,80,36,133,86,226,5,54,119,34,183,219,194,209,95,249,56,114,140,236,255,201,216,184,97,88,70,108,75,206,186,56,156,17,214,222,133,231,46,223,0,106,221,19,167,11,223,244,49,97,196,185,218,248,230,22,51,58,22,103,99,64,199,236,3,37,172,36,240,112,198,198,214,247,203,97,15,47,95,157,247,98,252,166,173,176,244,243,128,74,160,167,147,49,115,246,62,249,175,247,173,117,148,229,55,67,118,123,131,239,163,73,83,18,124,105,150,212,63,242,26,42,242,171,186,60,25,219,86,224,20,122,133,245,159,254,17,118,51,191,55,19,151,236,30,60,65,124,125,188,217,238,57,24,83,120,127,91,146,187,16,124,182,126,148,48,59,126,63,238,141,255,27,59,151,129,168,8,198,65,0,111,192,192,2,43,201,43,39,136,191,194,8,107,227,48,134,167,234,114,47,10,87,193,171]
CFO=6830.7242014977355,STO=4
EsN0dB=2.36,GRXdB=40,N0=0.003162277629598975
packet_number=153,correct=False,payload=[205,66,17,209,13,201,59,64,233,54,66,87,46,195,168,199,239,245,80,73,152,69,149,64,135,132,11,198,214,131,36,67,190,136,90,78,137,193,13,67,121,162,14,206,249,114,31,219,138,205,140,142,128,204,156,193,133,141,83,76,153,239,3,91,36,144,176,16,83,216,119,93,227,82,243,188,132,209,91,82,51,117,20,216,214,119,157,7,149,22,133,54,211,143,150,7,135,216,8,81,216,29,29,72,59,210,159,83,26,223,26,223,152,248,173,68,146,220,80,205,217,206,95,89,93,245,135,126,71,141,9,46,17,237,16,99,243,82,50,245,230,171,15,96,51,241,248,125,181,213,37,245,161,237,170,38,198,82,167,102,164,168,138,100,49,225,35,109,65,186,79,121,232,239,51,125,175,236,172,84,189,201,47,37,108,234,160,110,237,107,199,235,228,254,60,84,220,33,22,248,161,144,190,115,59,183,50,113,169,222,19,251,175,31,55,244,13,230,20,18,222,87,21,231,119,194,49,80,255,249,253,184,152,248,55,74,59,63,111,109,187,244,47,54,58,252,175,45,44,150,32,192,57,230,187,127,119,0,64,1,240,209,65,4,19,250,2,95,198,67,183,0,145,98,4,1,68,195,7,86,132,134,135,202,182,214,148,71,132,192,106,72,146,202,9,33,136,223,206,110,138,106,131,30,26,217,108,40,76,252,44,73,13,238,61,80,170,109,6,133,202,82,220,90,82,192,125,214,70,208,2,34,130,90,23,215,147,180,149,125,148,221,149,37,222,214,198,100,254,215,90,223,178,240,17,65,212,249,155,77,153,202,22,37,26,216,53,88,158,220,153,221,156,159,25,14,157,76,7,86,22,199,23,87,239,131,20,96,162,245,1,97,226,232,52,82,78,227,179,83,135,228,100,103,181,162,101,227,133,253,46,122,132,238,183,102,154,160,120,56,217,205,25,139,163,170,238,112,179,127,42,94,47,124,53,37,12,199,251,253,175,238,77,78,174,223,239,97,173,240,186,32,179,215,48,81,187,242,50,114,190,210,99,1,185,253,101,118,247,213,53,88,141,229,158,54,247,231,150,37,149,240,155,92,154,189,251,121,173,250,122,152,55,233,121,115,243,214,164,248,108,239,158,254,53,250,190,254,60,127,127,239,190,232,160,33,10,193,149,192,177,158,98,68,130,134,46,1,135,208,130,204,132,197,19,133,167,142,6,78,201,69,88,79,15,136,9,92,129,72,189,88,120,220,78,139,138,94,1,75,225,100,30,108,173,68,13,105,13,206,142,2,134,75,131,198,5,208,33,54,179,241,0,17,177,70,19,114,178,131,51,28,115,236,150,65,157,86,9,23,164,214,22,79,191,95,23,85,151,251,92,232,10,248,19,156,137,98,11,218,223,211,18,67,152,207,29,76,253,133,25,133,57,142,170,86,158,95,22,15,123,227,112,72,28,165,136,113,35,226,66,151,228,243,122,43,247,230,33,39,151,197,101,101,229,94,102,96,238,255,103,199,160,236,250,58,40,77,49,35,163,162,126,98,158,107,139,203,185,106,229,236,157,235,101,111,101,190,31,108,206,37,63,119,253,48,56,213,0,176,56,202,251,227,84,115,209,210,35,115,178,240,38,116,133,245,57,119,183,147,84,20,20,119,5,245,247,225,124,248,186,161,27,235,237,250,49,250,184,107,13,57,140,84,172,108,127,213,57,121,251,238,60,230,140,61,41,126,175,243,0,145,237,81,38,97,160,206,67,87,14,0,11,243,139,228,48,4,140,201,7,225,166,106,71,104,83,223,23,223]
CFO=8129.904918537092,STO=3
EsN0dB=2.46,GRXdB=40,N0=0.003162277629598975
packet_number=154,correct=False,payload=[206,171,129,112,194,67,116,5,67,12,133,41,58,25,142,93,79,31,81,119,59,1,61,84,31,7,13,187,134,27,120,69,30,26,45,63,128,179,161,62,40,102,161,35,203,19,165,45,104,13,50,51,155,99,162,234,119,86,130,127,184,41,32,237,123,223,129,85,11,65,78,83,79,103,8,89,120,9,44,209,220,44,148,64,194,199,253,101,243,211,90,241,30,207,252,193,68,91,224,136,234,71,35,100,224,6,120,101,174,109,55,239,102,158,112,49,153,91,240,112,182,55,236,185,127,115,46,108,123,95,24,177,160,155,235,17,81,132,42,201,168,207,161,206,10,172,224,213,154,179,20,133,91,17,27,3,150,75,249,159,207,78,160,229,165,180,48,161,50,134,38,160,139,43,132,133,104,146,42,224,88,176,244,4,190,178,191,31,179,195,148,185,191,254,212,121,243,197,194,228,230,208,138,90,138,66,202,223,238,11,218,96,90,219,244,215,154,195,157,58,91,223,158,205,154,218,120,169,224,111,228,145,198,133,236,249,104,195,173,13,236,107,176,115,122,123,96,39,252,183,248,212,242,82,203,205,242,229,48,210,132,227,36,7,73,102,72,131,239,34,32,140,8,135,144,1,19,55,144,20,81,19,121,153,88,27,140,177,140,47,1,113,42,128,101,33,162,167,236,9,38,171,100,171,152,45,19,49,178,229,52,52,23,31,41,41,56,141,152,175,56,106,16,116,206,64,134,77,110,71,107,253,93,201,72,69,126,136,80,145,35,81,247,93,134,23,88,73,184,91,108,198,30,127,41,74,106,239,116,53,207,95,42,103,70,41,108,111,58,247,208,121,122,67,52,115,191,115,120,112,188,241,252,40,62,223,20,14,147,167,80,135,83,201,104,195,141,139,164,141,205,139,209,193,192,145,149,157,147,147,173,157,250,235,18,145,138,159,232,40,250,177,165,165,102,131,172,184,32,161,232,209,142,181,112,219,186,178,184,133,158,115,184,233,216,187,189,255,218,159,192,192,168,233,214,86,134,129,216,153,207,167,207,201,100,203,212,25,216,177,208,149,230,212,204,255,83,113,208,223,92,219,240,201,210,197,4,97,253,246,96,233,202,116,255,77,236,239,34,85,112,247,236,245,135,247,230,252,242,151,184,253,84,90,9,5,14,201,212,32,22,175,2,105,238,9,92,193,17,19,65,20,90,95,5,31,30,55,96,18,26,27,252,239,60,60,112,69,163,99,119,99,6,37,137,32,42,161,36,189,233,119,58,49,31,178,104,53,62,63,145,57,50,95,60,45,123,212,0,79,199,195,157,71,98,129,8,91,107,110,140,66,110,167,208,3,198,98,64,56,198,35,25,22,102,90,30,159,92,195,66,105,102,0,160,109,102,87,98,75,99,235,236,93,54,99,74,120,98,34,116,200,80,124,125,249,127,123,206,60,118,125,237,128,162,1,132,109,166,132,56,139,160,191,12,196,95,136,53,81,206,83,144,147,143,143,152,29,142,21,24,85,164,153,160,193,200,163,164,167,178,38,42,96,137,35,44,233,223,174,216,41,166,175,246,216,20,189,171,176,154,155,225,132,244,239,192,99,226,199,6,141,226,192,123,107,242,197,232,91,206,15,80,249,214,215,253,213,226,231,24,201,223,218,28,221,234,251,65,237,248,132,67,213,210,12,106,196,250,171,236,236,231,245,245,240,222,145,189,241,228,250,104,185,248,234,176,173,210,124,32,17,16,6,0,85,37,77,141,91,203,58,164,21,174,41,4,23,98,19,158,135,23,23,74,25,11,154,61,45]
CFO=-2437.114423016792,STO=5
EsN0dB=2.26,GRXdB=40,N0=0.003162277629598975
packet_number=155,correct=False,payload=[104,201,69,243,173,19,214,99,125,47,175,15,12,13,242,191,186,69,57,217,188,5,118,87,25,246,2,125,150,61,159,154,186,109,178,175,21,29,54,223,78,105,251,187,38,175,158,235,1,186,38,177,160,115,39,63,62,175,63,121,59,254,61,111,97,105,175,3,238,109,69,219,205,155,210,105,15,124,215,207,224,209,242,110,222,196,85,102,70,13,31,82,108,95,102,221,117,97,239,251,87,117,254,118,107,109,230,235,122,165,102,247,124,175,83,127,104,119,103,197,119,121,80,118,62,123,62,178,72,173,43,182,167,183,167,175,173,163,190,235,161,223,48,191,209,156,250,144,252,157,93,157,211,104,24,159,222,29,206,94,50,225,241,183,191,165,167,173,248,145,235,37,162,191,224,237,233,168,218,190,149,135,56,150,216,127,191,111,238,167,238,247,194,174,163,235,231,230,142,95,140,224,74,238,199,239,238,169,210,209,243,83,74,249,215,223,25,233,142,123,157,221,255,151,245,178,246,227,206,193,255,239,162,252,63,201,158,144,190,246,230,243,243,83,229,95,230,123,248,253,244,187,229,169,117,151,99,9,135,177,29,223,7,135,45,137,158,43,85,143,102,89,148,17,179,57,21,181,145,211,1,215,254,131,39,69,158,95,171,5,167,43,100,101,62,165,189,15,120,59,120,153,143,14,57,253,115,191,53,212,246,127,106,59,176,237,30,125,127,46,200,65,69,91,236,78,237,181,113,223,243,31,202,157,83,127,209,61,67,95,55,231,115,21,81,25,255,123,126,255,63,23,94,71,227,66,214,13,195,221,88,241,206,175,110,112,223,193,116,113,54,149,246,125,218,183,112,105,119,123,94,253,247,191,97,173,150,220,142,148,79,233,177,191,138,203,188,221,46,173,195,17,178,255,208,22,246,119,216,27,183,83,9,217,127,159,250,229,54,57,4,78,104,55,170,141,235,190,109,234,174,135,246,185,226,248,253,183,156,255,187,24,190,103,187,157,221,237,211,105,230,199,194,204,214,231,225,234,207,163,229,193,216,207,233,235,211,243,212,213,230,213,152,199,204,211,252,236,221,59,120,251,253,251,243,137,174,255,237,248,191,252,233,225,204,177,227,169,246,235,252,244,246,245,248,251,218,251,252,229,63,43,113,169,250,85,164,21,6,159,12,121,78,223,110,57,206,15,36,217,36,127,150,79,176,156,32,231,155,149,156,157,54,10,154,233,80,125,101,124,103,47,48,39,46,175,255,175,191,220,223,78,182,113,53,49,122,151,124,107,111,179,175,89,182,182,97,91,151,102,215,152,103,78,62,105,90,255,255,237,238,239,118,6,202,247,68,181,179,19,89,203,192,27,222,255,125,154,98,229,95,250,119,102,238,198,105,229,185,203,123,76,108,127,243,101,247,122,176,119,122,166,216,169,123,225,118,248,127,78,100,153,214,131,87,189,238,143,218,173,130,150,197,201,185,147,10,251,214,138,153,151,219,247,24,2,153,155,221,245,198,125,164,169,57,66,202,62,210,183,248,49,186,235,174,173,79,190,163,184,160,135,175,69,190,51,186,89,139,156,145,190,190,254,215,213,147,231,164,247,231,195,217,220,122,193,229,201,102,203,218,217,118,223,183,201,94,223,212,221,219,223,254,254,214,188,178,161,233,243,213,91,207,246,204,102,241,106,231,245,122,255,161,229,254,243,217,221,183,243,236,251,250,255,203,255,216,191,230,235,35,191,198,133,51,95,45,94,43,154,183,109,30,202,169,53,184,147,159,21,23,197,91,73,254,115,88,60,29,191]
CFO=11132.268247472522,STO=0
EsN0dB=2.02,GRXdB=40,N0=0.003162277629598975
packet_number=156,correct=False,payload=[148,18,163,128,4,154,75,72,4,157,1,206,5,141,14,128,130,210,163,188,65,170,15,6,59,64,138,230,159,158,159,153,241,36,161,130,148,50,6,104,20,17,17,220,12,167,151,61,80,178,85,238,48,148,83,20,152,135,21,200,60,188,163,161,161,35,32,46,44,58,114,195,238,139,73,136,205,6,195,236,240,149,249,210,13,155,57,36,232,174,255,224,87,102,136,106,97,101,157,160,10,150,31,248,52,45,197,143,34,254,235,224,33,60,187,178,26,34,245,62,126,122,123,60,43,82,13,149,67,129,67,198,69,89,79,0,210,192,228,196,71,165,227,216,42,168,203,72,208,150,144,235,72,78,153,193,205,205,211,178,162,225,49,187,232,47,237,174,40,37,100,85,208,58,195,208,218,144,56,188,21,94,99,56,9,220,88,106,191,209,71,142,196,224,195,64,36,40,23,64,200,76,26,183,68,45,70,98,162,242,97,205,38,238,114,168,93,97,24,118,62,134,110,220,48,145,17,210,146,198,123,241,236,218,81,12,116,158,95,177,122,146,141,185,97,211,99,85,253,57,21,252,121,166,110,2,40,138,108,132,106,2,23,2,17,11,2,108,68,143,45,137,21,193,96,15,2,194,10,28,168,8,220,88,130,30,11,100,1,128,91,230,54,5,243,140,34,147,6,149,180,70,146,146,80,176,53,211,247,54,62,68,29,8,42,60,133,155,134,74,64,98,115,108,34,7,170,0,98,76,0,86,102,194,121,116,160,122,32,206,97,2,74,88,92,63,72,73,32,95,62,184,11,120,130,42,103,210,165,234,157,231,55,206,246,83,1,36,48,106,56,134,26,53,44,121,111,34,45,214,120,115,185,168,128,97,32,132,71,238,67,204,34,0,99,128,194,238,92,90,27,153,160,91,107,1,249,134,28,156,68,52,71,139,217,192,37,230,115,250,21,178,145,10,105,128,207,64,1,6,115,20,8,233,173,151,221,171,151,144,72,93,57,223,111,174,15,80,194,160,89,0,2,226,78,176,236,118,229,143,195,239,87,37,105,233,91,175,0,163,30,192,15,128,144,92,42,220,223,122,228,17,151,243,86,150,183,174,165,251,107,100,167,6,180,56,56,112,48,24,101,254,243,188,240,232,183,94,56,142,52,32,1,218,85,150,26,2,137,0,105,45,3,6,5,150,3,10,0,0,4,74,21,142,25,204,12,29,72,39,254,105,31,34,64,41,35,214,208,128,0,100,166,180,48,70,117,155,49,184,240,125,49,190,71,158,19,144,9,59,126,88,158,15,95,130,6,40,77,202,15,19,3,65,12,143,77,224,44,43,44,73,1,201,1,176,14,135,6,192,8,112,75,162,238,189,191,144,165,113,115,50,228,32,103,52,13,5,231,39,45,185,133,148,81,104,158,28,153,171,123,58,44,44,95,142,53,41,63,193,9,144,1,194,64,230,1,170,129,162,233,134,205,157,5,176,11,136,45,210,64,66,225,10,222,107,63,158,213,219,133,160,114,197,28,196,141,196,9,168,14,31,77,110,127,223,7,66,81,168,27,249,92,246,19,105,109,31,5,8,69,190,69,227,249,174,42,6,91,134,230,225,65,14,80,164,172,207,100,128,220,211,163,115,29,19,215,168,125,203,110,74,109,222,119,236,224,130,41,229,143,206,107,192,48,199,126,226,199,133,109,248,105,192,201,243,64,158,2,169,22,250,240,196,126,186,59,136,134,128,10,0,40,174,7,8,8,141,9,36,18,201,30,4,5,180,9,138,86,145,10,154,136,56,9,31,6,47,30,2]
CFO=6591.762444285761,STO=6
EsN0dB=2.05,GRXdB=40,N0=0.003162277629598975
packet_number=157,correct=False,payload=[254,90,240,48,0,17,138,99,4,133,64,150,64,170,51,75,30,69,94,167,43,157,94,122,213,149,29,43,88,155,16,119,61,109,62,152,112,1,35,50,70,173,7,47,104,97,170,59,44,45,170,39,52,10,242,35,39,125,252,54,173,173,56,30,180,60,58,55,172,181,72,197,32,85,21,86,32,25,42,107,12,109,86,73,80,81,78,81,26,16,118,21,83,65,92,95,125,188,234,95,102,32,235,212,100,244,203,100,33,44,138,137,227,221,94,174,229,113,112,179,37,49,54,81,170,125,18,250,94,45,252,57,164,151,42,133,133,131,108,178,236,147,198,207,173,141,246,137,212,177,144,180,213,85,98,155,27,156,154,147,242,156,150,159,2,149,146,227,38,253,176,247,42,161,168,137,160,235,142,135,60,31,162,163,182,149,146,238,168,180,191,255,151,222,26,223,65,65,67,194,70,85,196,198,228,73,202,201,172,236,236,79,192,145,22,211,215,212,220,212,228,207,156,99,220,220,215,223,224,246,106,75,70,183,110,255,250,239,219,231,231,45,254,43,186,209,33,130,245,247,254,47,234,197,250,43,152,255,222,206,128,11,34,139,216,1,126,39,45,89,13,11,142,109,110,13,81,24,155,19,148,29,144,11,136,156,107,193,91,147,53,127,164,105,115,11,194,40,132,229,106,107,170,43,40,45,62,35,60,51,32,172,60,49,99,22,186,73,62,105,5,63,42,255,83,90,82,79,68,7,210,103,0,129,72,77,14,237,71,78,86,17,82,209,209,1,110,95,72,219,114,74,220,217,70,95,87,96,214,34,248,51,114,107,60,110,234,156,92,5,127,47,116,112,46,243,68,86,121,251,4,111,50,123,116,116,79,125,226,197,130,107,141,133,172,151,225,193,59,255,45,197,0,188,179,138,199,87,233,155,147,7,248,9,158,83,94,213,135,221,26,107,168,99,228,173,103,190,177,74,58,251,236,253,190,191,242,144,178,179,29,71,182,34,25,59,254,251,127,152,158,191,200,169,90,198,221,68,88,195,140,122,114,218,232,220,172,89,209,153,178,242,76,133,116,131,202,154,89,126,144,128,184,93,232,237,203,231,96,44,34,199,38,188,232,235,188,251,254,171,70,177,64,202,189,101,38,189,108,177,242,250,126,252,111,254,216,33,82,138,22,77,22,35,169,57,11,159,136,70,6,15,218,17,26,213,133,157,151,22,72,56,16,91,72,156,26,105,134,233,14,39,38,171,2,41,60,43,2,187,206,38,15,43,176,17,86,151,245,55,181,55,177,123,74,127,60,29,211,90,228,34,66,51,69,68,116,66,216,95,74,15,29,132,71,74,89,213,106,59,181,83,6,118,69,216,122,94,94,217,20,138,106,249,70,79,56,232,46,235,121,107,107,235,76,103,250,122,112,197,178,125,127,87,247,189,127,234,90,120,92,85,94,182,154,163,16,14,129,181,166,151,120,149,206,134,137,173,94,142,208,155,214,195,222,201,22,151,40,57,82,1,158,191,198,143,32,29,50,36,84,172,166,71,72,133,200,254,203,111,111,143,161,41,194,177,37,189,141,47,176,61,58,155,188,115,186,153,234,141,220,149,14,205,215,27,244,201,211,203,79,117,246,238,144,209,209,131,231,212,219,213,222,89,134,159,82,221,219,151,243,93,224,225,172,229,242,207,250,170,194,171,191,43,239,247,242,169,210,227,54,247,226,246,232,86,251,110,220,156,164,186,49,8,30,197,183,149,39,37,41,9,222,94,12,45,12,135,1,213,76,18,36,213,30,149,28,45,59,57]
CFO=-926.7629924289888,STO=1
EsN0dB=2.34,GRXdB=40,N0=0.003162277629598975
packet_number=158,correct=False,payload=[123,230,8,179,157,146,178,165,31,188,192,138,87,174,23,167,190,195,84,202,185,63,159,63,55,234,153,18,105,142,31,159,147,184,30,181,25,60,191,150,90,245,22,126,75,207,23,102,31,25,191,63,57,159,23,53,81,254,152,189,175,158,95,139,38,84,218,11,2,51,134,238,237,99,164,254,171,246,148,109,127,217,104,137,218,248,29,189,105,120,95,223,143,248,228,228,125,230,37,239,254,222,127,117,182,22,85,30,60,85,34,247,251,57,155,171,21,148,251,223,59,125,47,254,63,254,182,215,126,134,42,240,86,118,98,241,95,194,236,242,71,206,251,225,223,196,153,155,101,217,174,63,63,31,24,175,63,140,38,95,233,166,231,213,19,246,159,15,101,220,154,41,118,239,91,231,109,116,117,89,31,186,251,255,122,92,221,214,107,188,94,159,255,196,204,117,211,255,248,193,238,252,75,255,127,221,255,223,126,116,168,249,221,240,251,187,238,124,221,254,245,120,190,237,175,250,117,250,237,245,250,245,251,124,248,231,231,230,127,247,119,126,215,255,115,254,251,255,237,220,255,214,125,174,246,159,182,235,1,55,69,191,103,79,134,146,13,222,17,57,176,246,15,150,25,136,185,223,42,126,39,255,236,139,189,250,29,135,95,89,94,155,227,48,174,11,245,138,52,163,103,167,151,191,141,124,185,122,139,250,122,207,126,92,60,207,255,174,29,254,60,169,127,90,131,191,126,227,167,23,125,199,37,237,125,165,191,120,253,208,245,252,185,183,58,172,37,161,217,239,175,238,127,71,45,229,254,30,33,55,167,213,187,187,117,148,56,230,87,219,189,223,119,155,127,123,115,248,31,51,122,91,190,191,175,206,241,226,201,235,87,119,65,58,253,21,171,181,120,175,207,216,57,251,201,238,27,76,214,60,247,63,31,231,126,159,221,250,248,253,23,119,173,182,115,188,252,165,254,254,119,215,29,124,253,249,197,247,110,190,90,236,253,189,253,241,55,154,47,173,104,245,119,236,247,211,239,199,190,239,245,154,239,101,230,163,221,194,251,72,123,255,195,77,218,255,165,234,126,239,109,242,255,125,91,251,245,227,62,204,53,250,175,254,235,247,121,144,217,251,215,255,136,255,87,124,116,151,243,95,252,255,119,122,54,147,217,143,19,7,6,68,42,8,53,126,82,159,6,175,93,248,62,218,34,157,175,152,75,191,31,204,148,126,222,235,39,47,249,210,160,187,191,191,254,212,159,239,39,158,183,143,43,187,223,187,195,43,63,249,157,159,209,197,188,191,183,254,0,181,135,247,9,251,87,233,13,235,13,214,111,136,111,88,11,190,43,103,239,111,163,108,110,254,158,187,124,203,126,102,34,252,119,6,119,210,99,188,253,181,48,92,111,120,7,217,60,235,149,106,255,222,103,181,125,189,239,244,188,191,126,162,136,66,103,150,129,158,198,201,68,165,206,238,33,188,206,192,127,247,186,68,131,232,222,201,152,30,187,250,110,119,223,81,213,200,250,210,180,253,213,205,255,181,183,151,127,243,94,248,213,219,59,251,254,235,87,226,253,185,142,250,95,175,182,225,27,98,246,254,230,206,246,212,238,167,191,198,255,223,159,250,203,187,223,208,221,189,255,241,213,217,238,238,15,254,183,209,249,223,107,243,109,254,119,249,143,159,189,246,219,246,255,239,147,243,186,60,250,79,121,222,93,248,255,151,244,246,250,164,22,136,47,128,252,135,35,226,114,85,85,142,159,3,139,140,8,185,113,143,6,131,191,189,218,135,189,191,85,109]
CFO=8191.741846460326,STO=3
EsN0dB=2.13,GRXdB=40,N0=0.003162277629598975
packet_number=159,correct=False,payload=[19,152,13,96,128,162,2,4,199,129,185,211,71,191,0,154,24,203,11,202,152,233,170,172,15,155,5,188,138,47,159,128,153,178,137,148,30,134,7,30,180,129,45,148,48,22,55,156,0,152,6,178,110,157,58,191,22,183,29,140,28,158,21,32,4,64,33,166,34,130,39,165,244,247,45,190,166,63,66,170,124,56,177,171,9,131,45,54,96,161,36,142,104,191,63,178,242,179,48,0,179,194,120,177,173,176,180,20,63,163,254,178,62,193,249,154,142,255,107,151,89,156,43,122,126,137,119,237,87,64,208,210,65,195,19,196,64,37,65,38,33,235,132,232,200,12,201,219,74,233,4,104,108,109,228,134,72,255,27,80,90,96,17,64,49,115,101,244,85,159,73,214,26,51,117,22,77,217,25,194,42,158,31,253,130,201,92,90,103,67,89,250,109,208,118,198,226,224,107,230,192,161,101,166,103,199,166,90,241,232,42,186,41,3,234,172,44,0,229,238,98,236,110,252,81,115,37,251,112,211,120,205,100,245,55,230,126,115,117,185,145,161,188,58,90,59,121,220,93,232,92,232,126,111,255,224,32,24,3,167,24,135,35,149,28,129,22,164,14,133,193,24,26,155,135,67,148,137,63,36,65,169,214,142,34,255,223,149,83,25,85,112,131,155,3,129,9,137,150,204,183,144,59,152,128,241,150,250,10,21,58,27,92,24,116,107,22,153,7,160,40,253,35,226,32,39,7,36,100,196,118,242,32,55,39,41,234,143,55,132,234,171,9,182,46,61,244,204,235,141,15,141,109,82,49,202,187,188,49,84,20,182,53,86,50,191,242,124,124,104,53,250,191,226,43,245,52,56,47,135,62,213,240,96,220,203,107,153,74,231,152,204,214,196,69,78,12,129,214,200,88,233,72,202,194,187,19,69,196,125,157,134,6,85,143,20,216,208,199,142,104,241,150,64,49,125,20,86,82,229,213,58,89,201,217,239,64,211,123,152,180,137,25,252,170,159,24,97,106,226,33,242,241,234,229,228,99,1,101,230,124,71,23,154,112,235,221,234,106,143,122,228,103,173,95,230,157,224,31,113,176,117,115,243,54,179,115,199,240,181,7,210,52,121,93,240,116,169,13,142,186,227,99,100,124,252,13,222,247,175,118,9,67,151,147,200,4,129,1,133,24,167,7,128,4,4,103,136,72,136,81,186,2,73,83,36,14,9,92,11,134,153,15,53,144,129,19,2,86,155,90,174,92,148,245,42,22,95,13,44,80,176,25,177,27,3,18,132,96,84,65,138,91,246,253,201,104,165,9,32,162,192,67,164,36,168,37,174,52,146,23,170,40,31,233,162,35,75,57,250,109,237,45,181,164,116,159,141,56,61,188,178,248,66,48,52,48,236,181,164,246,158,117,173,60,243,187,43,30,75,56,168,236,233,97,235,223,119,31,3,180,173,193,130,130,49,32,163,66,193,213,36,134,196,207,40,72,161,77,79,240,202,211,204,132,95,220,207,16,69,74,243,240,211,81,151,223,90,215,181,116,34,95,246,87,145,211,152,74,143,95,222,102,243,213,222,124,253,32,143,22,187,92,248,96,240,170,34,66,67,114,212,168,38,37,194,207,167,33,108,251,209,232,170,13,219,107,236,103,251,89,238,108,235,119,112,209,187,101,220,50,181,115,246,116,211,209,211,103,255,77,248,12,178,212,250,102,240,57,226,115,244,46,92,206,254,45,198,34,155,13,136,2,35,35,164,5,141,190,206,15,155,135,152,143,131,133,8,11,163,154,140,139,157,234,207,215,7,76,138]
CFO=10292.812385268568,STO=3
EsN0dB=2.26,GRXdB=40,N0=0.003162277629598975
packet_number=160,correct=False,payload=[200,164,114,14,196,97,32,72,183,24,27,237,52,85,43,108,170,176,169,118,2,86,108,198,148,230,152,12,32,236,120,120,176,32,248,28,69,67,145,102,128,246,24,128,250,180,189,96,176,48,168,104,0,132,232,220,212,192,155,89,99,224,96,109,80,241,114,53,188,85,19,13,16,149,95,45,234,23,74,57,88,117,104,36,193,198,129,140,70,203,29,223,81,44,165,77,118,98,6,12,131,124,12,130,57,245,219,154,178,130,60,104,59,253,169,43,224,193,81,201,211,245,157,209,224,229,117,93,73,117,122,94,209,210,70,155,26,54,202,52,14,34,40,38,48,10,14,15,64,87,10,78,18,238,10,24,166,86,187,78,114,38,32,26,139,134,194,53,17,178,154,218,226,149,202,136,180,190,106,154,203,198,234,223,163,22,146,86,228,69,198,230,250,244,250,83,67,198,106,0,65,143,97,31,20,162,61,51,53,33,43,242,6,73,227,105,1,85,42,95,18,87,234,125,178,115,125,119,223,84,142,143,67,31,196,175,186,206,24,173,176,250,107,191,239,231,64,206,131,23,198,75,203,175,199,227,123,247,113,103,3,32,12,143,35,18,9,15,224,166,39,84,113,38,40,180,65,164,74,204,20,114,10,140,16,84,140,182,216,54,114,73,0,2,186,174,131,117,136,214,25,148,42,25,144,197,154,190,16,193,193,204,80,36,129,124,248,252,26,236,243,158,101,239,37,99,16,13,120,30,136,29,179,1,104,107,49,68,233,96,97,1,152,201,193,245,19,156,97,133,105,11,119,0,97,93,72,196,139,173,136,150,72,196,243,164,225,129,145,180,153,174,197,211,24,241,209,84,201,253,99,228,205,229,147,229,216,158,0,199,16,14,122,37,75,42,42,174,107,56,41,39,88,30,71,71,75,71,122,18,90,88,241,190,26,230,71,118,122,127,32,2,136,22,131,222,187,170,3,238,236,161,48,149,50,124,239,3,6,222,224,86,14,222,112,241,249,180,230,242,106,231,15,131,13,138,85,220,30,55,0,39,33,131,147,63,163,161,122,147,95,88,209,103,125,15,99,76,25,238,115,214,59,201,163,29,204,61,53,123,155,11,166,161,251,230,35,151,13,160,193,78,235,13,215,42,30,201,99,227,191,111,146,212,250,237,28,5,9,12,28,2,40,92,72,0,48,224,5,41,156,28,105,32,97,84,19,116,146,79,117,70,12,45,224,86,208,112,208,5,152,237,32,180,248,20,8,165,72,143,55,241,153,208,252,133,136,111,144,208,33,197,172,134,228,200,244,80,232,249,193,69,29,12,147,145,204,29,115,61,168,36,96,241,9,47,128,7,146,79,209,208,17,123,227,113,28,52,245,71,121,253,13,245,12,120,178,193,128,155,128,181,137,187,172,161,187,165,219,161,97,95,160,85,152,204,229,193,232,224,49,244,253,222,67,230,236,20,139,7,10,24,104,42,32,44,55,30,23,188,226,66,26,29,130,214,75,76,202,230,232,254,83,54,62,84,162,146,138,202,147,214,26,156,163,164,226,145,52,180,59,247,200,66,32,106,78,196,15,30,70,238,170,78,242,243,126,228,3,73,115,33,18,55,54,168,7,179,242,143,57,21,220,104,89,69,85,37,68,87,211,15,114,182,45,101,113,163,1,103,64,136,59,188,19,74,107,39,181,39,58,172,178,2,188,137,169,183,239,71,80,82,27,158,160,213,111,237,161,247,219,245,48,36,0,8,80,64,132,27,68,25,8,44,152,52,184,208,80,64,67,127,144,105,253,28,92,12,81,110]
CFO=3108.0749730614943,STO=4
EsN0dB=1.04,GRXdB=40,N0=0.003981071524322033
packet_number=161,correct=False,payload=[220,49,205,114,208,254,225,67,98,205,187,46,140,58,211,32,93,247,214,12,199,88,204,173,77,98,203,5,68,167,174,134,78,197,138,75,74,12,189,13,235,189,247,91,90,152,215,99,17,33,166,236,201,205,123,25,13,205,104,140,102,110,189,13,219,207,211,100,81,208,91,83,183,157,90,218,91,34,220,45,1,190,246,67,94,244,219,129,55,95,202,187,245,38,231,159,87,183,209,207,221,241,147,169,56,189,248,221,190,67,89,79,91,143,118,157,71,170,91,5,109,157,216,141,87,159,237,121,95,159,225,162,75,208,234,123,113,150,38,2,73,226,227,161,99,44,244,36,117,188,221,180,21,165,182,188,150,46,100,16,41,37,232,36,11,142,233,9,126,185,216,128,107,234,235,183,125,57,85,93,103,190,23,48,107,217,222,110,42,111,108,43,251,123,248,181,36,176,148,49,119,100,234,178,231,123,209,147,193,182,142,116,232,176,253,190,181,162,250,251,116,246,91,247,126,138,96,61,193,104,243,31,253,253,120,221,122,156,223,171,251,219,232,124,92,88,230,137,191,125,156,246,61,176,207,113,155,181,209,2,76,161,193,55,230,28,86,33,246,109,195,31,87,217,165,133,86,184,169,158,47,188,93,129,39,84,239,1,95,140,226,46,111,140,192,43,9,124,236,218,170,252,101,25,65,217,228,190,100,141,207,25,108,173,174,63,85,207,200,52,202,179,216,84,213,194,244,177,197,118,227,87,126,138,179,28,112,221,185,29,84,157,247,52,89,159,221,62,255,151,207,151,162,170,31,153,91,131,248,216,95,185,250,158,202,138,120,221,43,58,186,193,124,189,251,15,115,253,254,14,14,158,69,176,247,237,86,207,232,255,254,108,101,177,226,203,115,227,83,2,162,187,83,96,102,225,165,156,97,240,196,163,170,58,82,253,111,205,10,3,92,166,49,58,48,136,174,43,34,11,219,39,43,178,165,180,111,174,181,61,126,125,174,109,137,163,39,45,115,221,246,30,84,177,231,48,183,55,87,55,50,67,231,49,114,153,206,125,190,38,222,188,108,239,109,215,76,191,213,127,123,197,240,169,118,185,154,49,125,152,107,104,31,187,211,37,147,58,215,60,111,190,48,240,127,157,221,105,108,190,203,143,127,42,97,33,92,167,197,161,71,47,224,22,85,130,234,171,98,183,192,6,87,222,65,12,76,7,134,47,84,19,218,35,213,205,195,52,81,140,219,218,95,93,71,10,74,189,99,71,107,159,8,88,100,156,175,94,45,201,227,142,250,210,73,24,217,223,144,8,18,189,148,89,107,19,247,150,119,254,87,51,247,21,118,181,199,13,93,91,123,200,158,111,87,54,245,114,27,220,200,129,220,152,89,177,9,217,200,10,251,25,166,27,78,189,167,204,125,223,70,87,87,63,117,59,110,154,151,123,215,194,233,36,232,184,207,169,4,162,194,34,116,98,83,250,233,231,209,180,204,171,165,32,7,78,198,199,195,224,79,11,31,183,254,168,89,2,195,35,152,234,128,43,234,254,194,47,243,184,94,75,41,206,79,173,37,158,238,164,76,255,43,239,215,239,240,14,99,170,107,57,193,211,179,188,118,252,175,241,40,170,244,49,173,165,51,247,179,183,222,96,54,115,126,211,119,180,123,107,61,88,114,43,121,249,163,22,249,179,243,184,111,59,254,236,84,162,221,31,219,125,205,159,191,254,81,18,125,186,227,1,86,128,73,41,55,172,178,7,106,91,70,233,105,18,174,144,0,143,197,6,226,141,244,29,71,93,151,15]
CFO=-10510.224895649151,STO=7
EsN0dB=1.15,GRXdB=40,N0=0.003981071524322033
packet_number=162,correct=False,payload=[72,253,23,237,140,55,52,219,205,246,109,177,119,127,98,216,198,237,118,235,249,246,212,111,187,199,236,233,123,224,191,224,140,127,121,93,207,255,222,239,251,233,255,234,230,3,127,231,207,249,156,115,198,239,12,31,178,173,198,207,127,100,243,46,225,203,237,191,253,11,28,252,174,177,249,201,239,244,62,250,249,166,174,125,14,189,0,59,11,211,105,253,251,187,239,61,159,239,83,127,15,69,253,255,85,255,191,118,255,253,211,109,125,239,239,241,222,50,103,126,251,222,167,247,95,79,79,86,113,233,247,126,254,238,252,167,221,27,231,194,190,220,186,27,247,166,207,191,230,243,178,240,116,250,234,250,247,123,55,251,250,238,238,125,252,141,220,191,207,247,147,247,185,251,235,67,231,123,222,60,54,250,54,93,63,214,238,221,247,107,238,135,175,251,221,110,127,91,111,237,243,251,139,30,191,244,253,223,238,111,60,53,229,248,119,93,56,229,226,237,158,187,251,54,219,242,182,60,156,237,181,55,187,254,230,123,159,184,213,252,228,214,251,88,191,78,246,159,222,197,159,255,116,157,223,254,238,255,237,103,78,37,198,54,147,174,241,111,223,67,54,175,83,247,67,63,246,222,186,104,91,187,235,115,109,149,207,63,59,86,211,175,157,191,21,247,163,78,127,188,229,254,208,61,227,183,219,209,62,228,108,127,109,215,191,62,253,122,59,109,129,239,156,68,181,94,247,127,254,236,37,190,163,186,107,235,111,191,231,250,173,127,157,228,174,187,235,190,60,57,126,121,135,140,119,253,47,159,157,181,61,254,191,92,50,239,249,117,223,246,171,186,4,181,127,226,127,254,238,79,183,103,223,228,217,62,158,31,219,22,255,127,217,238,179,171,247,210,206,87,155,243,138,188,242,251,42,59,23,124,189,251,191,55,207,251,158,117,107,36,190,87,114,205,189,127,246,187,231,201,95,183,157,242,123,231,114,193,115,207,255,255,219,183,244,182,123,249,247,255,95,8,20,250,119,209,255,119,90,114,186,233,191,166,50,143,255,124,182,235,195,237,127,223,185,159,239,125,60,127,127,231,91,251,251,252,240,247,189,255,237,251,237,7,211,221,63,231,190,190,174,110,247,120,255,137,213,129,154,213,102,63,230,174,191,82,183,112,139,144,202,185,227,249,135,227,51,255,199,243,207,103,90,175,151,239,159,126,175,109,220,164,243,231,112,231,159,228,127,165,180,239,173,207,209,230,89,119,109,41,34,143,223,236,218,63,191,46,215,239,26,47,21,111,255,233,81,255,239,120,95,251,244,253,213,223,237,250,203,163,125,107,223,57,191,253,118,220,234,236,14,235,245,113,29,103,106,60,127,103,249,137,238,254,61,76,198,57,134,239,150,226,154,167,127,190,127,124,243,243,30,141,105,123,91,121,223,207,208,245,185,63,220,124,126,50,243,245,58,238,222,255,94,216,255,248,167,232,241,40,27,213,236,221,206,255,90,63,191,103,142,127,217,239,245,237,254,171,52,249,94,215,241,189,53,48,249,255,31,223,254,116,187,223,251,253,175,255,112,231,31,42,251,167,206,191,255,251,63,207,250,54,247,186,247,169,220,95,255,181,191,255,205,255,84,254,247,231,255,159,231,254,122,191,254,119,2,153,87,188,53,186,126,93,60,209,191,78,253,255,179,247,171,251,215,187,166,239,126,247,238,118,251,185,123,255,234,242,223,255,185,197,232,192,247,54,159,240,221,155,55,79,255,175,251,121,31,175,115,109,103,151,201,217,123,191,240,254,94,219]
CFO=3235.4601355163477,STO=7
EsN0dB=1.04,GRXdB=40,N0=0.003981071524322033
packet_number=163,correct=False,payload=[58,107,88,93,201,41,219,144,13,137,198,199,173,83,55,135,9,9,70,122,202,65,177,208,102,209,150,67,13,57,25,161,181,216,108,15,48,167,35,107,184,45,44,36,169,37,90,55,34,173,188,182,119,51,242,34,20,148,116,199,120,63,20,239,214,113,165,102,192,233,43,192,65,73,86,100,16,93,115,202,196,229,227,37,248,179,49,22,244,84,210,214,23,157,123,83,76,95,31,57,49,227,126,90,46,203,239,170,74,242,62,114,201,211,187,63,81,119,187,216,222,53,190,108,240,116,99,186,108,123,127,63,132,131,143,34,165,180,155,207,98,196,26,143,217,15,187,139,152,168,193,234,148,185,243,55,41,113,32,179,144,20,187,159,89,121,224,179,36,224,180,151,176,105,162,252,225,236,223,191,175,51,245,128,55,248,182,182,253,255,240,187,245,217,254,182,21,193,150,195,238,229,83,241,140,89,204,191,204,25,22,140,220,245,67,46,231,148,20,223,195,177,216,219,253,190,221,85,212,175,101,97,253,237,228,228,104,43,234,255,253,234,179,223,250,81,115,147,24,221,227,119,242,240,244,170,224,203,198,254,48,168,190,22,9,18,140,3,170,5,200,47,20,202,28,199,147,253,50,86,189,33,62,31,87,35,122,30,60,158,250,31,164,136,66,46,180,5,76,110,176,123,225,89,28,234,246,79,93,35,81,87,60,115,214,102,251,39,27,58,29,188,14,38,202,221,247,203,98,3,180,94,65,184,75,111,234,223,78,108,99,99,214,99,143,90,252,31,106,191,43,146,117,149,222,255,211,163,98,39,196,37,226,230,26,237,243,87,220,99,137,222,112,106,48,119,47,205,228,253,250,178,33,234,237,254,214,234,96,66,50,219,228,236,182,3,74,165,100,231,147,7,153,24,174,186,191,163,176,49,246,94,207,235,118,190,91,19,124,151,131,235,183,96,61,186,135,128,249,230,236,166,49,253,44,111,130,38,199,84,52,249,160,191,236,119,250,155,239,239,126,91,199,226,6,205,174,217,225,174,147,216,130,174,106,221,169,164,248,221,123,35,213,13,253,255,189,216,223,6,239,222,26,217,230,84,110,195,168,189,198,194,249,169,238,226,126,89,186,175,216,179,189,251,143,255,225,243,248,191,249,63,241,249,222,235,72,161,44,147,23,37,71,121,92,131,127,24,108,59,91,108,32,248,151,53,28,83,15,156,250,122,242,42,152,91,188,191,122,35,117,35,126,101,12,103,46,168,95,175,92,109,227,175,13,96,230,149,21,53,119,31,21,126,178,95,236,94,56,63,216,211,154,4,215,244,214,95,209,121,67,222,81,255,220,207,240,221,123,239,215,195,93,30,221,115,90,243,217,217,195,122,236,111,34,57,40,40,70,103,216,251,218,251,102,237,2,199,240,179,114,226,190,120,248,175,122,92,252,243,125,174,152,157,164,7,166,79,13,202,54,212,201,125,75,47,153,173,110,79,243,151,250,186,67,21,23,89,171,14,189,139,167,91,27,101,236,66,36,155,161,237,103,139,73,253,180,138,232,159,29,235,124,249,118,161,228,161,252,19,10,21,175,219,97,173,183,219,197,155,195,246,96,139,204,101,204,227,179,83,197,202,182,154,156,81,208,89,225,179,248,234,208,249,228,158,157,223,92,222,82,121,252,143,228,44,166,135,61,173,211,195,227,221,252,237,114,215,107,203,228,250,183,255,222,252,255,207,177,255,171,254,5,97,158,7,20,37,46,71,222,77,79,14,92,179,95,93,132,151,193,2,236,244,198,50,220,87,124,30]
CFO=7219.273267675989,STO=2
EsN0dB=1.19,GRXdB=40,N0=0.003981071524322033
packet_number=164,correct=False,payload=[244,18,146,202,8,136,66,187,0,10,60,52,224,155,149,101,0,43,37,38,100,42,124,166,32,17,124,244,122,58,60,220,100,5,205,46,20,76,239,44,132,90,81,90,117,64,197,93,103,236,228,218,171,40,9,110,120,212,113,217,154,125,253,125,0,162,6,150,74,14,172,196,144,135,222,22,209,82,93,247,224,242,33,165,190,133,180,2,230,168,34,176,54,18,182,255,71,19,86,170,239,14,128,68,221,240,149,237,159,90,71,221,163,226,244,108,216,134,93,218,162,170,213,136,234,248,248,71,14,232,85,6,185,3,6,94,61,19,173,2,181,28,69,79,41,130,0,107,125,112,36,143,49,107,47,55,125,185,61,31,105,91,69,70,9,94,191,38,216,87,39,247,219,91,93,47,117,81,87,172,65,165,249,85,25,121,69,240,121,81,93,189,218,141,213,143,147,84,188,138,61,218,27,152,73,133,251,151,179,48,180,134,136,56,9,142,3,55,119,137,175,138,112,145,205,81,162,204,160,219,251,235,145,217,214,222,241,207,79,85,245,161,197,110,232,254,201,223,184,16,81,212,57,187,145,205,74,131,145,121,122,74,36,47,21,18,133,81,125,82,141,51,65,114,118,48,25,170,190,136,122,209,58,112,40,173,54,239,97,235,86,210,72,117,199,110,85,100,204,214,225,250,92,252,163,113,39,116,237,169,37,94,65,34,100,50,40,21,124,86,163,142,156,34,150,159,142,188,168,178,84,166,213,177,57,191,224,184,52,114,77,98,141,139,228,50,188,12,249,9,186,246,8,227,228,10,128,206,37,94,72,244,144,86,207,30,88,231,64,75,36,254,248,110,192,228,228,150,116,254,242,255,176,153,55,132,244,117,204,134,72,14,50,154,153,119,81,50,57,159,138,163,111,39,32,163,144,60,237,96,206,170,171,50,178,63,3,82,76,203,213,107,142,207,193,147,64,29,217,136,79,94,156,166,109,103,171,43,104,108,96,95,69,123,93,216,5,216,8,138,237,197,200,241,9,13,20,133,181,167,151,177,220,205,179,239,165,3,147,254,175,45,245,213,149,191,113,51,55,29,192,193,205,166,56,199,201,163,203,231,52,145,90,139,221,159,225,85,186,229,111,235,255,183,104,195,179,231,189,140,198,114,204,101,12,215,80,142,122,151,0,144,84,80,8,42,12,172,4,227,100,166,56,59,44,139,121,181,90,113,26,6,125,23,192,6,91,218,72,120,68,236,113,242,95,42,121,120,212,62,54,112,44,118,105,194,26,101,254,10,112,107,60,126,60,126,38,128,134,134,12,174,170,133,201,18,132,182,221,28,154,166,169,150,224,246,184,64,26,188,216,60,184,116,40,90,128,31,211,38,134,74,88,193,136,198,124,222,247,210,89,158,94,122,240,147,108,38,97,218,42,170,233,242,252,254,200,122,26,247,36,6,21,75,26,15,29,218,144,19,65,94,159,168,237,62,8,179,141,165,93,59,37,214,9,144,36,97,62,194,183,98,9,123,205,199,137,50,29,95,75,91,86,7,64,121,126,86,97,187,205,175,73,202,191,253,114,184,236,55,255,111,111,62,197,2,81,135,201,111,207,131,145,7,215,143,59,169,149,148,115,161,250,140,141,165,175,233,188,195,255,62,169,190,167,143,196,201,175,235,211,79,31,215,81,215,212,150,218,250,216,150,253,97,246,166,137,195,213,147,249,59,221,247,223,112,125,235,34,128,6,126,130,163,8,46,9,17,4,131,255,155,56,222,1,248,109,15,152,120,9,50,29,121,252,87,121,176,62,24]
CFO=-9293.236967534434,STO=2
EsN0dB=-0.80,GRXdB=40,N0=0.003981071524322033
packet_number=165,correct=False,payload=[90,251,148,215,162,79,74,252,21,182,220,247,245,200,119,90,229,81,170,249,189,221,186,95,239,157,239,126,195,215,76,143,119,149,162,181,244,187,154,26,190,222,244,115,95,205,215,60,253,188,252,250,233,52,98,60,182,182,157,175,221,157,27,149,224,80,211,253,255,103,210,227,191,127,116,215,173,190,236,179,179,71,207,87,191,127,231,56,127,127,198,168,175,125,239,110,127,14,72,122,55,219,167,223,251,174,134,115,136,255,174,183,61,179,120,19,246,122,239,251,222,29,63,61,173,47,250,142,117,199,127,232,255,209,219,167,89,194,222,156,241,71,134,223,117,95,79,110,247,121,239,239,255,122,253,185,125,90,188,23,182,111,11,53,253,194,174,4,193,39,223,223,237,215,115,159,231,63,70,238,219,87,214,216,202,167,253,95,145,207,255,246,188,187,250,127,207,105,207,62,114,115,191,182,95,191,255,236,231,243,223,255,147,245,218,107,183,61,239,107,190,7,173,250,9,111,210,217,233,73,255,209,127,187,119,230,255,15,251,253,127,121,128,47,221,172,120,191,254,219,126,223,237,100,173,223,255,227,250,105,254,241,230,239,129,207,129,59,235,127,222,190,53,73,237,190,155,217,143,207,186,23,255,78,44,28,99,61,123,192,240,216,187,212,171,250,158,163,212,119,191,181,140,107,219,254,77,58,159,190,11,158,11,91,191,191,180,189,179,107,231,254,179,57,223,182,195,207,117,253,191,29,213,213,232,75,255,221,181,166,159,251,117,185,190,227,252,60,199,167,170,65,15,11,182,113,245,223,167,221,189,105,151,167,235,77,212,222,242,45,55,253,187,217,241,152,99,191,164,238,240,27,74,187,37,170,97,255,233,235,239,124,75,190,95,77,253,108,24,87,210,231,248,142,226,89,254,21,156,49,239,189,249,255,13,191,222,155,235,79,126,121,186,127,187,18,221,228,197,231,215,16,151,121,186,132,93,125,68,123,251,90,189,111,39,239,190,200,14,211,35,39,231,249,189,149,59,105,255,253,231,213,106,184,107,127,203,104,248,127,251,250,121,123,44,252,55,205,174,223,233,47,248,112,103,142,235,126,231,243,241,142,243,155,223,239,94,30,249,118,208,255,248,175,249,227,255,221,254,93,107,182,254,221,221,217,115,225,231,219,205,163,192,27,161,31,231,167,176,141,221,187,93,117,31,131,111,151,233,191,190,16,50,141,108,157,240,218,79,3,7,231,3,251,47,160,30,187,76,58,108,132,71,18,24,221,154,248,42,126,112,22,183,121,102,168,54,162,25,203,110,246,171,0,8,120,207,146,160,134,53,200,219,6,55,0,122,254,50,116,230,79,158,102,107,7,105,195,3,155,105,165,31,189,15,70,63,241,231,203,168,115,137,232,53,78,217,100,59,188,47,170,232,34,109,33,217,192,4,87,111,9,52,82,72,110,208,18,97,110,63,52,26,242,59,217,78,135,201,17,145,205,7,46,50,30,197,217,96,188,34,188,228,0,95,181,56,48,193,142,71,240,188,243,237,236,178,247,81,208,107,240,15,218,76,4,244,56,143,37,155,247,71,10,229,178,6,170,154,191,81,128,43,144,230,245,214,87,240,187,45,241,179,148,206,168,254,251,158,62,98,243,120,167,66,111,231,30,87,101,251,34,222,247,139,244,34,5,70,214,150,203,189,184,227,214,107,58,228,89,209,87,125,123,183,215,207,232,32,79,201,213,247,201,116,42,81,55,86,38,111,183,57,213,36,99,233,39,61,218,89,11,154,91,251,244,218,42,7,13]
CFO=1106.5680780685936,STO=2
EsN0dB=1.14,GRXdB=40,N0=0.003981071524322033
packet_number=166,correct=False,payload=[239,197,120,34,87,98,99,15,129,86,187,85,56,173,11,61,238,253,205,39,152,245,184,59,181,150,14,143,238,169,27,187,22,27,204,207,32,76,198,117,72,183,204,27,148,105,42,123,45,141,174,131,32,52,123,115,17,203,55,124,34,158,46,141,253,29,223,14,227,129,112,87,98,52,7,13,249,166,189,126,70,61,206,86,216,5,26,39,246,100,242,110,23,152,153,154,217,93,234,63,162,87,31,115,53,41,118,99,156,122,163,71,242,229,223,245,253,249,247,51,39,110,124,53,254,253,82,59,222,44,201,122,129,215,27,83,34,169,55,143,203,177,107,239,231,227,255,183,178,139,202,178,211,78,78,199,145,157,170,115,198,207,125,184,176,34,207,191,151,52,155,108,240,136,99,250,120,188,45,251,216,216,119,34,52,215,138,51,57,118,117,251,252,61,51,173,120,183,131,247,214,87,231,134,68,197,242,126,93,255,44,234,178,235,52,177,72,210,247,235,22,221,62,111,125,250,126,57,164,173,240,19,99,245,246,205,222,246,255,106,237,134,254,255,50,250,119,129,254,231,180,171,205,213,252,163,252,252,207,227,164,72,7,145,68,45,159,71,223,137,238,7,134,49,14,61,216,80,99,115,254,45,26,51,126,189,143,182,191,215,254,191,196,136,174,162,189,120,45,47,185,251,191,115,44,191,135,211,114,230,27,186,53,157,15,51,190,46,118,145,86,191,149,247,248,124,71,146,103,108,231,134,12,73,250,127,37,63,220,73,177,56,89,146,6,127,255,8,76,113,111,92,37,110,143,223,42,229,68,213,246,60,53,96,108,255,230,39,204,116,236,214,113,51,177,63,118,120,83,23,126,121,251,127,222,121,81,222,2,138,130,146,15,235,110,247,174,197,62,197,223,239,229,223,148,30,218,202,31,159,23,14,92,205,223,146,145,198,62,191,111,115,227,154,165,141,159,167,230,189,131,27,174,235,170,23,184,48,239,177,254,181,174,184,194,3,242,251,85,221,59,223,165,111,246,227,196,229,88,157,140,251,139,126,155,165,189,71,250,209,230,212,110,237,119,215,222,128,235,233,222,95,34,215,225,240,160,234,178,97,229,150,78,35,234,184,137,205,239,251,50,241,177,218,118,245,216,109,252,233,218,240,172,17,223,255,42,153,16,221,63,21,15,152,238,201,231,211,160,155,110,176,168,152,26,58,205,188,134,51,16,89,134,247,174,215,31,191,114,120,119,148,242,73,55,79,128,115,58,42,160,148,52,45,52,165,46,98,90,68,186,4,179,155,27,43,230,127,254,63,112,65,75,179,132,207,64,110,138,56,206,95,133,120,202,203,208,83,126,126,242,3,211,98,212,251,92,31,244,153,198,213,99,223,15,227,230,116,255,33,118,244,34,137,84,109,168,125,58,121,120,195,233,120,231,82,127,27,217,123,124,89,232,125,203,129,135,249,200,31,198,135,245,227,131,236,47,140,46,42,147,24,155,55,211,199,31,39,216,25,189,222,180,155,28,221,209,185,50,163,36,163,103,190,232,110,239,162,254,173,222,62,213,5,242,186,245,105,177,146,182,248,174,125,246,191,126,159,150,118,251,209,116,94,198,226,232,197,233,203,143,228,81,119,90,237,202,74,215,146,250,223,191,211,206,225,244,221,220,255,65,112,78,53,240,198,62,175,155,115,155,154,253,190,253,231,252,231,240,203,209,252,0,114,113,155,108,181,217,247,245,250,49,98,173,9,15,53,166,21,60,41,87,127,140,71,142,134,250,56,30,28,107,188,31,231,6,187,176,91]
CFO=-3104.6558467676027,STO=1
EsN0dB=0.92,GRXdB=40,N0=0.003981071524322033
packet_number=167,correct=False,payload=[31,54,127,223,34,11,83,131,55,37,195,55,157,232,21,19,108,95,141,95,153,235,137,18,95,154,246,250,34,35,243,31,58,207,78,158,231,235,182,41,165,83,66,51,181,105,103,191,63,189,20,175,34,171,191,50,248,77,191,182,200,151,189,237,252,52,188,63,146,97,195,227,100,1,47,247,83,1,188,179,252,254,239,163,222,241,154,208,178,121,107,160,252,51,117,222,124,251,219,37,252,32,34,239,127,231,35,23,116,237,59,233,52,127,30,101,181,217,255,85,236,90,90,131,120,124,232,248,191,31,236,255,193,221,171,247,200,151,133,35,250,254,239,219,156,36,171,159,203,125,196,159,255,255,9,80,233,237,75,222,52,61,90,251,201,254,227,217,124,101,215,250,145,253,59,223,142,216,223,247,33,174,55,179,60,6,247,252,252,231,150,85,230,54,253,62,238,171,250,109,231,171,125,231,72,236,41,231,199,163,215,199,246,200,114,243,214,248,203,239,219,64,169,50,224,207,246,94,225,231,252,99,246,245,98,239,56,235,252,227,239,15,208,39,217,247,110,213,189,159,219,242,92,220,120,173,250,253,231,125,194,34,181,225,143,101,167,111,242,222,220,77,42,68,229,123,249,42,215,124,253,27,222,187,9,191,190,30,143,223,218,207,105,21,166,179,79,153,170,179,228,93,239,155,250,163,166,219,52,181,97,118,221,159,191,47,251,185,58,224,62,30,139,95,98,101,162,227,237,252,243,114,252,95,243,34,78,205,125,222,61,144,239,113,255,135,254,55,92,243,53,157,234,125,219,93,93,178,127,253,116,173,241,31,227,186,187,229,140,125,14,111,84,59,239,25,60,247,139,39,126,49,54,123,110,63,255,254,226,125,255,182,37,148,78,167,181,247,139,79,222,222,14,31,244,191,255,158,124,210,215,229,225,157,31,205,190,156,143,222,170,167,250,219,83,81,219,117,171,189,246,131,138,228,155,207,174,255,240,151,156,45,191,125,187,188,162,183,86,239,95,43,167,55,115,103,204,199,198,21,103,139,158,219,205,207,206,255,209,120,230,169,71,127,190,255,243,223,203,211,187,127,255,127,154,228,136,113,241,133,56,220,175,250,108,188,255,172,134,111,116,88,180,179,255,83,254,255,126,252,110,163,255,214,127,124,135,124,251,91,55,107,109,247,193,70,27,87,156,95,238,223,220,241,32,183,19,66,29,137,109,221,248,55,104,167,137,159,189,59,53,7,233,117,47,101,190,14,3,223,197,20,26,239,242,185,57,229,172,42,212,247,38,1,191,127,148,47,94,93,235,93,234,91,182,86,83,188,252,201,189,123,141,90,142,77,120,219,71,250,222,77,218,204,94,193,142,89,196,106,206,47,73,163,171,30,171,63,50,231,88,186,79,56,126,125,253,29,62,88,254,183,55,221,243,238,65,77,57,254,127,221,23,47,217,186,144,35,221,223,213,159,125,93,207,2,171,180,219,127,210,174,125,216,232,189,239,154,12,249,124,191,221,53,110,150,255,154,248,28,166,171,254,222,179,190,238,249,247,158,31,246,53,249,50,206,86,158,210,185,249,232,247,189,238,126,174,99,169,73,239,161,179,26,103,255,145,254,47,119,255,111,173,46,116,180,95,63,116,52,31,205,201,159,127,91,244,127,254,127,237,203,245,231,216,253,250,243,183,83,178,245,243,175,182,247,127,255,176,255,246,175,165,247,31,203,63,63,253,236,251,11,145,242,222,155,154,126,53,142,154,109,79,186,148,119,255,223,163,149,92,31,78,125,55,47,228,47,205,189]
CFO=12236.017330972736,STO=4
EsN0dB=0.98,GRXdB=40,N0=0.003981071524322033
packet_number=168,correct=False,payload=[94,136,128,173,65,18,195,162,0,89,64,128,220,10,112,74,129,128,238,133,235,36,70,34,199,16,197,21,195,41,66,137,234,71,70,150,90,0,72,25,160,171,221,36,222,74,203,142,202,171,15,9,232,46,2,149,205,40,104,0,66,0,73,1,151,27,100,140,0,30,135,186,136,148,161,160,160,26,26,18,193,3,215,146,144,87,223,180,65,117,84,129,86,142,86,198,198,246,7,104,88,153,98,144,100,29,57,131,210,2,210,19,81,87,87,171,156,13,15,148,121,203,157,252,149,36,24,156,39,46,76,77,164,0,50,218,234,241,49,227,6,45,35,66,253,6,66,19,224,173,48,4,182,197,97,47,239,46,106,78,166,55,109,183,225,47,120,34,235,41,168,161,8,8,122,128,191,39,98,179,221,40,254,204,205,29,20,239,254,47,171,247,201,44,122,161,48,48,184,186,176,164,101,67,250,64,18,228,251,67,233,153,87,233,61,39,133,183,93,167,192,58,198,52,214,51,116,177,76,60,20,141,176,139,65,190,244,184,170,31,49,1,18,234,157,20,117,252,60,122,60,147,221,31,240,131,142,29,59,57,194,24,6,192,224,41,68,1,55,19,66,199,200,67,113,64,120,105,124,228,200,4,166,16,200,16,98,150,71,5,77,3,8,83,206,43,169,29,217,8,216,74,120,138,156,43,161,1,80,239,21,18,239,14,19,157,84,195,204,130,217,32,195,78,240,33,154,177,177,121,113,129,26,149,19,18,7,97,81,29,209,4,76,36,208,84,65,173,68,206,115,85,220,37,79,146,26,200,108,147,53,201,52,95,195,9,243,56,65,83,223,19,65,187,114,212,246,21,52,53,159,30,30,46,222,83,78,137,114,64,224,28,253,4,83,163,66,114,74,209,245,199,3,181,228,48,102,15,237,69,65,4,209,37,0,174,68,115,54,103,104,136,9,40,125,24,238,160,76,15,9,203,41,41,123,235,224,33,108,170,175,96,76,168,132,14,166,167,40,45,73,166,112,17,114,176,209,186,49,179,128,42,148,48,51,171,112,50,116,149,89,225,21,52,81,181,246,126,42,230,253,37,73,35,105,49,117,14,252,11,146,115,94,62,26,150,111,59,83,150,230,84,44,160,93,249,183,17,78,68,175,182,229,15,47,253,249,140,228,170,193,64,27,100,220,172,10,26,161,67,33,3,131,36,231,64,1,13,227,126,97,76,84,137,206,39,150,157,139,6,76,152,200,193,1,185,38,58,211,13,206,1,72,138,92,41,112,194,204,152,72,136,220,79,11,142,205,141,155,78,64,34,88,216,8,153,129,177,211,56,112,156,194,16,32,184,64,182,188,220,132,1,48,49,150,6,86,162,117,30,192,50,193,44,156,176,186,87,26,147,88,4,28,136,158,17,154,249,30,220,184,156,66,169,25,13,222,156,16,18,52,27,221,10,193,20,0,160,229,173,219,142,126,168,35,58,195,0,194,32,104,148,152,163,231,109,79,15,253,49,70,166,231,37,111,103,246,132,124,136,73,33,162,89,34,10,91,156,167,255,107,40,222,154,206,138,125,225,127,61,76,42,108,92,166,46,98,175,152,22,18,177,100,35,120,97,171,98,42,182,204,123,118,3,50,4,245,128,253,36,137,227,212,53,36,177,118,227,246,226,188,217,48,253,200,41,89,27,161,103,126,56,161,101,115,255,0,38,60,128,125,0,109,145,196,85,98,128,13,17,187,44,146,140,0,132,77,184,215,84,76,54,128,173,19,67,67,147,0,18,2,180,78,69,97,141,134,86,214,210]
CFO=1482.8058468475726,STO=2
EsN0dB=1.14,GRXdB=40,N0=0.003981071524322033
packet_number=169,correct=False,payload=[90,200,153,110,35,110,121,184,112,99,99,249,106,210,217,252,102,189,93,190,168,245,249,177,59,147,8,254,83,161,155,148,111,210,19,241,19,97,27,125,183,99,205,17,235,227,216,195,120,139,136,39,107,125,163,31,234,209,221,145,139,242,225,182,222,6,188,44,179,222,106,184,59,110,0,111,235,68,254,147,108,153,223,157,195,118,3,209,186,97,233,195,216,225,166,167,255,51,156,215,47,194,13,86,51,116,255,127,123,87,35,226,113,85,59,47,43,182,186,30,175,201,207,165,97,163,239,199,210,6,158,175,190,162,118,127,253,132,240,94,248,205,230,126,199,15,173,157,125,64,206,177,249,143,11,250,250,95,126,243,213,76,107,49,90,65,127,95,103,81,247,127,252,126,123,63,140,139,45,83,190,239,131,245,87,197,74,170,47,133,109,155,220,253,47,230,203,43,228,102,70,254,108,22,247,252,31,148,216,131,202,132,183,191,141,189,166,102,137,190,189,253,255,254,253,143,206,151,63,43,93,87,111,217,111,183,254,229,29,229,31,167,183,247,55,187,26,175,160,239,179,47,242,191,127,127,112,105,18,16,16,16,88,76,14,1,171,50,235,236,247,232,251,32,157,89,252,86,42,101,152,169,249,101,179,240,207,112,55,102,114,67,52,109,97,137,183,91,251,186,217,218,14,175,250,35,90,15,186,178,185,49,243,66,194,149,165,131,237,107,162,188,158,174,21,31,255,210,254,178,90,244,92,208,58,254,226,138,95,80,149,162,159,99,123,253,255,174,227,230,99,127,183,199,155,53,91,244,105,51,123,127,141,204,75,154,105,111,213,151,214,224,179,146,15,196,207,243,234,102,187,69,211,38,191,172,31,115,157,92,250,62,77,41,223,14,228,120,151,237,156,197,181,215,121,148,8,71,208,194,205,89,247,236,137,223,215,67,24,176,239,15,251,39,115,195,56,238,238,233,31,251,23,78,131,232,132,243,166,64,215,66,220,178,61,103,254,223,253,143,79,156,158,111,63,204,252,98,126,116,11,38,169,255,116,157,251,29,77,197,127,12,231,199,159,223,174,226,92,204,191,31,150,7,179,239,255,24,62,178,196,63,247,103,99,178,167,199,55,170,254,247,236,6,112,157,245,95,180,231,171,59,227,44,30,94,219,61,85,58,120,158,65,167,141,203,123,212,156,233,13,120,57,98,153,114,107,196,236,243,16,107,248,161,192,58,115,155,130,210,66,41,37,230,155,153,234,169,3,227,127,32,25,183,241,150,53,104,233,72,197,200,179,110,209,241,240,39,202,215,159,84,255,54,182,202,40,22,184,52,126,102,119,128,206,149,79,223,111,17,63,215,101,140,240,71,43,236,116,79,82,242,54,183,158,215,174,151,77,118,103,94,63,195,253,199,22,239,99,186,246,55,255,151,151,183,145,167,254,125,229,37,183,124,82,204,254,123,57,229,253,188,53,100,77,69,254,152,157,50,146,139,90,171,53,218,130,80,250,68,201,238,242,29,131,23,31,207,252,111,106,98,123,239,157,221,16,255,219,143,198,255,44,206,255,203,119,27,69,226,157,255,202,241,183,42,132,176,188,63,61,54,124,22,79,126,190,173,121,59,45,133,76,31,152,246,40,165,30,126,220,217,212,175,111,182,95,79,217,175,82,117,76,239,247,235,140,79,250,103,211,15,99,103,109,139,62,189,239,155,186,210,147,255,243,237,239,111,89,129,88,162,129,0,22,30,122,36,88,60,198,98,220,127,43,138,116,60,25,168,242,152,246,130,154,170,218,92,123,81]
CFO=-11464.5844610778,STO=3
EsN0dB=0.83,GRXdB=40,N0=0.003981071524322033
packet_number=170,correct=False,payload=[237,205,91,253,15,245,233,226,68,58,246,252,87,179,113,30,213,127,239,224,254,179,246,53,237,127,63,244,207,137,103,242,249,159,75,163,158,189,79,94,181,213,238,215,111,213,127,231,223,255,255,251,11,199,113,54,158,127,249,240,223,103,140,214,221,239,124,128,140,230,73,127,165,150,49,153,217,253,255,251,162,243,106,63,60,123,27,199,71,191,191,167,59,75,126,61,215,235,207,124,222,223,195,62,76,217,222,159,251,101,250,175,237,239,179,118,167,239,225,233,247,31,183,252,251,217,239,109,214,238,253,246,126,215,252,52,186,77,218,159,217,111,127,126,235,253,229,114,92,182,62,95,198,159,110,250,199,55,215,255,253,251,245,223,148,243,123,250,209,187,63,159,223,175,244,214,191,116,60,236,215,61,29,115,181,239,254,239,179,187,249,237,197,141,140,255,184,251,24,131,255,247,173,127,181,32,117,213,245,255,190,176,121,83,107,53,221,222,220,123,125,39,235,223,198,115,239,255,125,143,239,250,239,230,130,253,205,215,95,51,157,163,230,190,197,237,191,29,223,207,238,255,151,253,234,63,79,209,247,255,220,126,117,255,221,235,213,109,178,239,126,55,87,253,100,167,201,221,205,4,223,178,215,119,63,230,214,46,254,90,111,238,239,188,78,231,221,169,165,116,106,193,69,171,121,247,191,195,46,107,191,6,133,186,150,229,245,3,135,203,189,176,223,238,158,250,219,107,238,219,77,59,217,159,207,210,197,143,219,237,221,74,107,190,255,242,6,217,242,238,223,235,217,88,93,221,151,223,149,105,72,251,223,209,101,189,253,177,238,159,217,251,189,99,219,110,223,122,107,207,237,215,249,231,221,95,244,218,86,252,137,108,183,205,178,190,189,151,205,235,255,191,145,124,78,209,154,58,222,105,41,219,159,123,55,249,180,181,126,206,160,107,22,202,252,215,250,255,118,247,255,111,211,231,165,239,1,191,247,247,246,246,247,254,255,247,255,197,252,203,127,244,181,207,245,127,249,58,187,218,247,111,253,112,219,191,158,218,82,202,115,183,102,114,211,127,249,255,233,204,95,227,123,255,234,171,112,127,95,215,235,204,158,173,189,73,223,61,202,47,159,243,79,87,58,123,55,211,183,124,85,207,99,215,255,207,11,123,184,94,187,185,243,63,159,255,229,237,171,254,175,79,251,231,90,191,75,14,245,143,129,222,111,177,105,236,254,230,77,58,92,230,252,101,245,217,86,15,127,253,217,255,91,103,229,253,237,251,11,91,198,195,63,107,179,245,111,255,207,42,142,171,137,146,189,189,152,83,20,208,198,205,60,156,94,191,77,237,235,89,179,249,211,250,170,179,127,187,167,149,234,238,173,88,218,126,219,51,223,45,187,223,124,172,220,103,159,205,226,127,81,126,139,247,127,247,187,43,150,183,173,249,175,250,117,122,213,22,189,211,203,226,212,198,77,95,252,245,253,46,29,133,213,115,234,142,243,58,127,188,185,91,243,237,251,254,127,127,253,78,255,218,189,239,247,159,232,115,253,246,119,254,252,244,249,222,202,43,219,169,100,203,85,187,159,119,191,233,19,241,233,233,220,121,234,61,253,191,159,187,175,237,166,228,55,120,251,28,157,185,223,127,152,247,59,249,253,127,127,166,246,250,221,101,62,223,221,253,224,119,223,223,70,255,183,254,190,39,28,223,234,218,63,239,147,172,255,247,109,40,191,199,117,239,191,52,239,254,102,86,220,234,247,237,250,105,229,209,219,95,159,206,19,255,253,121,15,145,242,183]
CFO=3504.1597774646493,STO=3
EsN0dB=-0.09,GRXdB=40,N0=0.005011872388422489
packet_number=171,correct=False,payload=[116,10,36,53,243,140,230,72,151,220,0,237,53,192,195,73,190,224,45,127,177,163,224,238,251,149,33,118,236,52,165,153,198,0,53,23,164,157,229,180,240,21,62,76,243,41,211,147,11,48,155,102,27,31,255,103,98,9,118,223,230,175,140,215,253,180,42,76,85,220,236,52,104,144,228,239,230,177,236,154,241,117,145,198,146,30,152,90,253,79,159,230,63,219,208,177,200,14,216,4,97,64,179,196,227,16,43,94,100,141,100,241,247,245,109,82,43,41,89,68,107,126,29,43,234,159,172,211,240,112,53,89,13,88,131,162,219,139,117,163,169,5,89,83,200,95,35,110,165,33,209,44,254,1,8,95,127,50,187,193,117,82,45,71,220,164,119,211,252,231,81,150,121,156,184,240,231,249,41,242,110,62,165,193,227,117,115,91,120,153,175,233,121,121,126,220,30,179,112,197,217,173,25,189,153,138,191,220,126,18,212,89,93,63,146,202,113,163,61,211,123,203,143,255,30,240,26,127,215,238,111,142,212,238,119,194,54,252,127,223,191,127,187,115,253,241,190,99,235,63,111,234,39,213,188,159,242,20,208,56,123,153,54,204,113,57,139,66,109,253,84,197,60,179,54,159,244,206,146,136,85,136,247,106,209,113,161,163,246,176,60,63,226,215,19,144,124,73,164,113,243,0,176,185,178,3,34,31,210,103,79,234,79,143,229,7,241,12,79,79,130,69,189,24,65,242,40,95,181,68,201,0,165,9,63,172,127,231,156,94,235,255,99,132,38,248,249,205,27,206,247,115,74,12,188,20,102,221,228,150,169,71,184,80,220,129,171,222,237,214,252,77,246,223,244,237,199,199,197,38,121,30,125,219,76,29,32,212,220,149,40,239,117,144,249,105,66,208,254,205,210,152,187,146,48,132,54,135,223,31,24,147,103,198,130,153,197,180,188,225,55,223,124,204,173,53,139,38,185,50,121,224,62,251,94,226,255,255,106,116,172,6,59,150,11,202,100,151,137,222,31,88,216,70,30,17,243,157,57,13,111,212,223,233,23,2,233,147,116,150,14,178,251,5,187,175,111,59,213,168,247,22,168,28,190,188,142,255,30,47,238,245,39,190,184,238,215,159,61,250,228,59,221,14,45,123,92,103,183,223,116,226,192,8,55,76,99,232,224,228,207,22,161,193,173,64,211,137,107,179,35,229,51,83,139,199,227,205,203,210,81,59,32,168,231,15,200,134,53,202,39,138,162,8,20,199,220,95,242,241,138,159,58,79,109,101,227,201,249,221,60,247,67,134,150,233,255,168,44,38,173,169,253,140,173,105,43,64,129,206,113,115,254,99,175,209,106,201,175,83,51,49,249,167,93,184,206,237,121,75,50,238,189,206,138,114,200,190,1,65,79,157,180,224,253,210,201,220,243,198,35,218,247,93,176,251,253,175,182,151,244,91,53,119,19,23,96,205,121,253,33,82,59,50,128,228,119,86,50,106,138,240,86,192,49,159,35,125,119,129,149,159,234,58,45,80,250,246,86,215,243,175,63,213,119,221,239,245,223,166,236,102,49,90,246,199,179,21,47,71,102,147,8,209,122,87,61,214,190,226,33,84,252,213,196,201,189,60,250,238,112,63,56,214,26,183,191,238,111,139,243,97,90,174,223,108,252,94,38,37,62,0,239,255,236,167,23,158,107,155,236,213,118,38,190,110,90,207,218,69,189,85,127,73,215,151,221,253,102,172,171,22,48,4,26,153,225,181,51,81,173,147,227,214,92,70,55,211,39,26,211,115,92,145,243,80,22,11,3,19]
CFO=1030.669023872904,STO=3
EsN0dB=0.15,GRXdB=40,N0=0.005011872388422489
packet_number=172,correct=False,payload=[62,136,145,254,228,212,78,109,31,13,159,18,86,25,201,89,147,151,29,70,209,59,22,81,62,189,175,78,20,45,146,86,242,111,62,190,27,120,120,107,38,68,95,245,44,107,159,78,47,47,114,171,9,146,47,89,158,47,43,247,254,21,170,123,190,159,14,50,129,71,164,98,118,67,111,196,253,125,78,79,43,213,168,141,160,81,86,139,54,110,204,38,216,144,58,123,61,75,62,29,232,53,162,99,181,234,124,223,112,37,254,123,249,111,121,43,37,254,239,144,104,117,150,105,221,252,60,155,112,221,254,14,210,243,185,249,175,131,159,108,111,183,155,199,29,72,139,206,207,120,202,240,182,223,90,254,218,94,141,12,180,201,143,223,203,160,161,255,177,215,171,231,197,175,138,139,120,85,39,252,175,96,219,139,202,255,91,52,172,240,247,173,252,175,135,91,202,209,195,240,162,231,156,126,223,188,183,199,203,88,195,126,216,81,180,215,243,254,210,245,252,121,247,247,222,222,118,123,248,231,186,115,184,205,243,107,106,203,47,255,250,219,135,135,50,183,100,170,103,182,236,7,40,189,94,123,117,143,255,118,113,55,179,195,78,15,31,163,117,144,142,143,157,29,107,75,152,52,131,115,150,189,227,7,54,241,104,27,116,3,62,62,50,96,204,133,74,164,119,6,232,103,174,188,222,57,188,15,208,116,51,167,219,36,236,95,91,8,183,219,30,125,30,23,213,65,16,138,134,31,163,75,72,210,181,91,206,231,200,143,254,203,122,242,92,239,62,87,97,83,91,111,255,224,183,155,179,124,120,102,111,61,20,107,87,255,225,233,193,123,76,99,6,49,81,123,125,96,51,60,92,95,178,109,246,124,34,255,250,55,207,106,85,251,198,62,161,191,4,148,158,157,241,222,177,24,146,219,145,199,127,50,142,189,20,219,197,127,254,151,19,168,51,99,5,177,238,103,202,61,135,172,26,185,245,171,183,228,178,135,254,184,82,239,116,152,155,217,94,89,187,254,201,199,201,97,85,253,226,19,204,225,202,138,174,239,215,239,213,133,164,199,151,83,145,223,102,245,64,182,231,217,188,123,171,233,234,254,240,239,51,175,237,140,137,11,200,237,235,249,250,228,176,225,185,119,84,230,54,249,91,184,237,239,118,229,205,140,226,33,39,185,21,69,176,149,212,27,128,31,230,255,80,164,61,18,95,243,7,78,26,60,219,59,12,111,221,79,226,25,118,159,110,236,130,74,187,61,127,183,103,97,81,252,252,64,179,50,62,182,20,135,56,24,147,145,27,61,158,62,69,181,223,187,18,228,192,46,14,125,234,45,100,15,111,26,36,231,210,167,244,193,149,189,57,77,242,58,126,157,118,52,230,242,142,13,230,82,218,67,116,109,232,75,188,229,159,254,16,81,105,104,249,178,124,218,221,196,186,235,79,28,200,30,68,209,147,111,244,87,167,87,220,233,250,175,179,243,218,158,20,222,243,26,20,157,154,219,157,136,42,80,63,217,139,221,170,143,234,171,157,161,244,173,17,239,187,63,226,27,222,109,182,152,186,251,61,237,118,176,182,249,85,180,189,61,79,111,38,33,11,193,223,231,240,213,77,50,232,239,252,220,212,77,218,225,119,249,213,1,167,215,219,209,17,251,95,13,216,213,212,65,30,235,235,126,229,101,255,251,239,174,186,220,110,255,113,187,246,122,115,253,51,215,179,253,102,225,63,189,172,95,28,160,199,225,127,193,165,193,24,129,126,181,27,24,31,174,215,7,219,115,31,37,204,107,115,248,78,135]
CFO=9233.741276676701,STO=5
EsN0dB=0.08,GRXdB=40,N0=0.005011872388422489
packet_number=173,correct=False,payload=[195,100,8,42,209,228,112,165,74,195,75,84,6,71,163,16,104,89,136,94,74,97,254,134,78,194,13,40,82,46,34,227,137,140,47,116,172,41,135,184,216,77,87,36,43,111,192,145,207,151,18,34,101,176,135,148,164,206,1,174,195,197,133,91,105,235,21,4,198,64,73,176,160,208,158,43,79,1,43,225,22,161,74,35,72,225,154,46,66,145,140,106,226,122,205,11,10,95,16,34,62,56,148,12,132,36,64,47,223,61,41,123,205,230,45,3,95,239,194,149,119,19,71,97,197,173,143,130,71,119,222,140,9,120,128,194,130,225,113,105,62,65,249,241,238,229,150,59,194,70,157,60,245,178,58,254,57,255,160,51,242,53,210,20,196,100,152,226,187,253,65,117,13,18,242,135,37,53,160,65,198,247,70,165,237,46,209,111,95,70,36,35,211,56,26,124,94,208,150,8,133,203,57,168,45,251,153,179,145,122,69,58,8,142,186,18,218,127,219,114,223,57,32,0,95,189,214,154,67,240,206,30,146,246,152,48,41,11,83,188,216,234,19,94,80,254,154,219,217,103,207,35,223,45,230,245,237,177,129,168,6,70,161,128,43,73,129,55,104,47,139,231,205,163,8,8,2,22,214,109,139,167,224,35,226,115,147,247,231,44,61,182,208,144,130,150,33,161,9,2,128,138,52,184,131,34,132,2,34,124,214,36,68,231,153,102,110,107,239,221,195,58,138,168,37,69,100,198,252,91,217,128,75,233,192,173,70,104,129,42,66,48,91,170,98,106,195,229,249,177,203,234,64,252,15,41,158,105,39,10,198,100,47,92,73,50,185,171,110,39,68,124,78,110,200,251,164,103,141,207,43,205,135,161,15,118,224,0,91,145,176,172,178,160,62,56,220,59,197,177,64,241,197,15,191,120,1,32,246,175,19,237,218,43,235,243,254,142,93,205,32,81,173,138,64,249,145,44,87,122,76,149,181,116,6,224,152,246,154,230,198,155,28,34,92,172,151,35,247,160,121,218,8,12,13,186,221,168,52,29,92,124,145,137,45,136,130,59,138,88,219,57,75,250,85,187,58,121,157,42,219,195,24,36,80,64,142,14,196,137,13,27,73,30,203,220,221,51,10,247,254,76,134,158,91,211,247,94,39,78,56,167,182,38,10,132,193,65,82,227,138,231,169,38,89,243,221,176,92,18,44,112,34,174,226,206,179,201,83,37,10,97,64,165,195,124,40,158,164,192,182,165,228,80,238,197,164,183,197,40,133,77,15,33,132,64,59,71,162,110,71,44,241,92,181,178,71,54,161,1,164,81,174,237,146,228,19,160,199,65,41,35,193,64,161,240,14,78,219,143,200,190,121,47,63,75,160,185,233,165,153,37,24,92,13,173,145,152,12,124,77,112,221,15,225,36,108,174,86,121,149,172,218,254,15,142,223,111,163,90,108,176,84,93,244,209,230,208,94,232,49,27,194,32,129,192,176,97,149,68,80,192,4,21,18,43,81,85,27,119,53,51,227,249,176,148,254,125,178,116,208,33,211,61,20,118,174,46,167,112,1,124,110,247,115,96,245,59,28,22,142,37,155,131,149,73,28,24,18,216,40,157,217,238,62,56,148,122,206,157,239,20,240,18,80,17,179,26,141,132,4,247,219,99,177,136,75,111,17,12,141,123,140,57,29,192,128,45,87,52,156,191,221,250,134,187,62,68,181,61,190,55,13,35,6,143,189,39,157,18,176,32,162,251,217,196,21,249,128,129,65,249,141,162,166,226,8,174,166,229,16,226,199,235,11,35,75,137,198,178]
CFO=2704.649138256653,STO=2
EsN0dB=-14.01,GRXdB=40,N0=0.005011872388422489
packet_number=174,correct=False,payload=[158,100,251,50,148,148,141,193,147,187,110,108,246,72,177,254,254,200,238,84,26,205,107,6,162,89,11,231,210,222,87,161,62,45,63,217,41,187,67,139,59,55,157,252,213,212,211,37,112,248,38,171,182,109,202,179,128,80,32,36,60,12,139,247,22,7,90,230,12,72,210,147,143,14,179,72,218,93,55,55,184,168,17,79,93,30,240,233,91,251,150,216,239,81,103,53,251,176,0,137,216,200,59,135,156,29,227,12,36,222,11,107,235,38,189,96,69,190,215,84,88,208,248,40,102,113,88,227,18,249,230,69,78,193,177,164,21,12,120,252,212,45,4,14,206,57,174,201,158,129,124,229,30,52,57,68,222,206,210,235,151,217,218,59,77,55,111,175,15,26,62,176,231,214,28,82,229,96,87,228,202,184,168,214,215,69,79,186,254,14,152,250,240,158,72,78,121,125,216,135,158,229,234,222,200,198,165,160,15,161,18,198,66,237,137,32,54,218,112,190,22,145,14,152,24,173,227,220,35,102,127,182,232,170,219,96,36,155,98,85,218,238,149,204,200,8,184,71,135,202,28,8,85,53,146,75,6,222,89,172,176,41,62,151,147,1,216,147,182,135,208,206,240,21,15,201,87,55,190,60,208,220,192,12,24,159,125,37,29,116,12,248,131,26,70,27,151,81,232,92,142,191,96,86,238,65,169,134,56,194,14,199,67,185,126,178,119,134,106,235,3,198,179,204,166,82,89,209,241,65,217,228,143,151,255,200,246,178,117,151,211,252,209,156,183,239,112,232,28,248,21,199,97,157,175,128,0,142,243,248,147,87,183,216,52,30,218,78,203,6,212,101,214,96,203,204,195,29,147,48,209,90,19,237,15,20,50,108,187,216,96,234,30,15,176,74,202,242,34,61,147,230,73,141,65,224,209,146,4,210,74,4,140,220,93,181,213,121,110,102,137,142,165,125,247,14,19,51,24,9,106,54,201,61,138,91,123,113,45,116,194,163,18,106,151,138,181,89,27,155,36,63,195,11,208,5,220,68,51,205,51,195,11,221,116,103,137,233,51,248,157,55,10,54,247,205,244,180,72,42,189,178,33,212,41,155,51,11,158,121,67,144,233,150,139,159,114,1,153,201,99,117,55,34,181,86,155,182,183,13,99,134,63,193,196,84,135,152,156,23,191,204,47,154,229,193,218,225,112,143,253,63,160,23,97,73,254,85,189,203,248,95,236,186,46,23,108,125,112,111,229,229,99,116,68,20,171,41,200,149,46,86,206,92,229,249,86,192,177,81,207,227,119,130,141,234,123,211,62,141,94,180,203,125,137,20,129,85,150,95,169,96,142,104,74,74,35,157,61,143,181,142,229,130,96,62,95,129,53,207,180,219,89,191,2,127,221,150,244,23,127,133,233,59,47,193,125,121,117,10,225,47,176,255,159,54,30,192,24,118,132,33,146,239,48,249,117,255,169,12,31,83,47,231,77,90,8,10,107,37,191,33,8,93,35,218,42,109,110,63,160,136,220,84,176,84,164,219,206,141,254,145,165,76,211,131,16,241,113,146,32,99,209,30,174,33,206,63,225,219,254,39,207,131,44,57,57,20,97,18,140,90,31,208,60,48,53,199,79,200,253,243,13,144,9,225,187,213,33,4,155,11,50,86,184,1,152,251,8,21,225,53,59,110,37,127,242,178,184,69,118,145,175,84,165,86,252,178,26,245,119,160,170,152,210,108,149,86,224,145,140,192,63,230,224,44,254,124,121,75,225,97,217,222,209,69,95,183,9,188,123,197,160,10,136,224,132,249,23,111]
CFO=8464.585136505102,STO=0
EsN0dB=0.29,GRXdB=40,N0=0.005011872388422489
packet_number=175,correct=False,payload=[34,13,210,127,230,220,8,214,85,102,180,83,114,76,146,81,91,200,77,48,112,27,129,164,121,255,248,90,7,119,116,196,18,178,156,52,247,62,64,2,155,25,8,39,157,191,251,225,42,139,232,225,247,172,69,226,100,193,221,200,16,234,57,72,209,204,225,234,228,250,2,138,41,42,64,27,131,61,152,198,139,71,90,18,143,182,162,72,22,20,242,106,126,189,125,141,177,202,193,173,122,88,208,29,230,75,35,151,243,37,8,142,6,82,137,34,219,57,66,168,130,135,0,86,214,52,74,30,222,218,97,105,211,80,196,12,200,38,129,56,54,78,215,172,148,117,46,130,219,189,4,140,177,154,48,154,208,72,220,116,4,174,227,225,98,179,69,8,15,239,169,192,151,143,103,81,127,77,125,124,74,1,70,138,218,228,164,223,17,123,224,75,146,182,231,42,245,215,165,14,139,12,23,47,36,18,182,203,113,77,237,118,86,43,198,149,150,221,162,109,182,25,240,70,212,30,230,19,244,222,67,74,126,14,160,183,25,147,227,203,183,181,118,95,148,242,192,45,29,14,163,48,63,225,163,163,118,243,142,127,73,254,164,68,209,74,64,167,34,88,34,77,228,138,14,133,243,25,196,5,21,210,115,81,108,143,96,108,176,252,224,20,234,161,223,10,36,129,176,36,136,39,133,29,21,219,34,109,115,109,199,117,57,192,209,129,28,214,168,193,235,20,113,224,181,254,47,154,134,51,104,239,20,122,105,95,219,253,112,193,116,189,134,69,17,239,4,167,7,159,195,182,122,162,248,161,233,124,35,11,179,157,227,73,178,185,35,255,119,124,97,0,122,16,64,102,40,15,11,235,119,216,211,176,123,211,230,55,91,248,32,38,218,217,3,77,28,23,107,5,128,132,64,237,114,188,192,46,122,156,117,191,62,11,126,5,117,114,199,96,84,30,135,201,169,31,117,36,152,125,198,1,30,124,164,39,240,191,197,193,236,152,118,168,176,169,221,2,237,205,1,228,237,252,55,11,84,46,158,77,226,54,2,103,177,50,122,102,64,43,214,204,209,218,244,151,254,185,218,182,192,120,98,32,220,1,157,85,87,14,54,13,251,191,85,185,84,94,230,237,113,243,212,214,207,175,211,129,53,123,65,79,253,126,244,99,158,252,72,106,27,92,98,56,57,81,194,1,204,24,205,81,108,28,201,51,12,24,187,174,188,108,194,228,178,168,225,150,241,196,160,175,158,24,121,41,21,217,128,45,16,192,193,232,82,244,40,165,243,5,199,112,177,139,235,113,12,56,240,205,225,223,83,60,74,177,74,10,21,6,73,203,94,233,171,98,144,58,34,158,16,11,208,203,231,176,8,2,42,43,239,93,114,217,72,232,241,153,154,189,45,91,50,11,7,221,96,47,114,239,109,79,155,191,33,105,55,51,146,131,216,218,118,202,249,123,68,15,68,148,51,20,41,175,229,13,116,31,114,113,72,252,161,208,142,63,184,240,116,83,211,252,23,248,229,240,214,223,150,157,202,87,235,15,79,243,145,116,241,56,19,134,103,245,137,14,176,133,137,165,43,240,151,229,211,220,204,195,159,19,132,254,119,188,188,18,31,20,23,38,222,119,98,189,195,126,163,71,146,41,160,134,126,141,11,6,198,62,198,45,166,226,150,83,133,226,48,6,59,135,135,7,172,181,101,34,166,14,221,13,223,139,158,46,155,109,252,223,168,187,119,153,123,185,48,37,52,181,103,10,181,120,30,8,41,8,68,253,72,16,234,249,242,88,1,194,186,255,183,13]
CFO=8598.513762480436,STO=5
EsN0dB=0.46,GRXdB=40,N0=0.005011872388422489
packet_number=176,correct=False,payload=[71,7,99,47,244,148,60,142,95,74,84,66,11,34,74,11,1,24,68,32,95,46,104,14,174,168,202,48,61,54,235,8,72,102,32,170,101,84,96,10,61,74,124,18,156,100,112,42,248,124,119,66,38,98,224,106,222,43,200,226,85,63,98,195,20,126,49,15,93,43,137,67,153,136,8,214,204,160,148,184,52,6,153,161,165,195,34,178,142,190,46,176,246,144,141,139,109,30,192,117,166,20,178,95,74,22,128,171,191,149,214,67,62,237,130,113,243,212,141,175,108,76,220,120,38,62,248,219,34,183,34,131,97,111,169,56,68,207,161,145,151,139,59,124,45,237,55,128,50,114,43,11,38,95,129,48,176,55,51,41,235,55,147,59,76,63,2,43,63,10,177,149,85,213,121,203,75,74,44,217,97,100,219,13,16,79,251,84,69,2,178,57,125,223,5,131,113,247,200,148,193,15,35,151,13,185,91,131,157,69,134,171,165,93,171,177,127,234,245,51,82,39,173,59,222,62,58,213,117,1,194,233,219,198,213,83,239,152,197,140,217,90,99,119,20,160,233,234,228,174,225,123,37,181,125,209,127,206,68,138,145,214,75,135,96,14,68,86,88,15,126,58,88,143,3,11,45,2,143,124,76,15,165,91,215,157,62,138,190,28,199,32,101,133,35,218,38,132,132,23,71,66,94,74,93,204,232,114,40,144,36,15,168,125,252,64,95,254,153,112,181,250,188,43,214,228,104,155,58,158,196,136,129,246,92,136,206,148,160,163,102,36,42,131,116,226,20,178,145,49,171,116,52,182,91,207,165,75,208,137,110,214,208,82,95,148,72,128,222,206,170,226,45,239,204,100,236,130,144,230,88,82,252,74,28,100,64,57,213,11,176,26,77,15,73,175,9,97,217,155,94,215,21,251,18,230,105,110,138,116,145,243,44,62,221,203,244,61,113,65,9,231,73,112,205,206,5,195,37,95,57,89,89,249,57,166,5,207,85,43,55,11,126,62,84,63,56,91,37,123,97,138,128,208,46,143,21,239,0,154,132,159,99,144,151,220,149,48,250,175,251,236,213,170,39,131,245,197,185,129,103,178,164,135,67,192,107,1,206,222,80,18,229,67,91,90,224,198,100,144,193,211,201,186,253,175,65,115,117,118,143,222,189,236,5,168,126,5,126,202,202,79,60,69,39,27,108,24,92,8,107,6,36,132,9,63,48,79,35,134,85,86,124,58,108,62,65,86,68,87,219,86,157,26,176,19,142,213,20,63,156,238,100,110,153,202,44,102,102,45,114,182,185,197,81,147,126,247,128,35,147,166,58,46,202,201,152,146,188,148,250,26,252,22,161,43,115,46,228,43,228,152,240,190,44,208,56,242,191,207,86,80,102,125,76,242,208,94,193,240,247,222,88,218,241,220,247,105,72,102,201,226,236,165,49,23,228,144,204,250,185,191,4,0,1,93,138,4,233,59,217,133,118,147,166,27,185,126,101,83,18,102,44,123,143,127,193,20,23,149,122,54,117,215,17,225,246,179,84,49,41,80,225,19,177,202,66,31,62,93,225,74,76,214,92,99,205,169,116,218,87,134,179,209,73,125,164,99,45,143,13,235,13,11,128,23,149,37,140,201,157,221,40,9,39,61,137,225,47,163,53,61,96,155,63,8,119,123,3,145,169,242,23,235,175,14,225,55,45,64,191,128,149,62,229,235,225,70,173,235,190,177,245,18,250,166,121,41,235,110,226,26,77,46,201,138,254,91,24,55,21,17,63,50,153,87,160,169,18,250,118,0,37,41,21,179,177,130,115,50]
CFO=7692.640002422415,STO=3
EsN0dB=0.17,GRXdB=40,N0=0.005011872388422489
packet_number=177,correct=False,payload=[76,163,141,167,132,196,224,250,28,24,82,65,225,195,7,167,155,11,85,249,128,102,68,192,133,39,74,199,70,150,38,244,34,95,95,222,238,106,77,1,234,164,243,89,78,201,58,162,207,49,106,138,174,21,206,36,205,84,135,205,199,79,70,109,107,91,84,143,147,181,84,48,234,115,101,169,66,102,26,184,243,210,91,86,174,113,87,157,199,132,68,145,186,36,222,222,210,93,222,223,238,152,79,81,225,29,107,215,153,188,54,163,162,28,217,93,88,93,94,116,250,205,115,191,252,23,208,146,81,147,231,140,176,156,88,45,201,45,59,127,187,58,199,53,230,15,74,161,112,162,224,40,233,38,51,117,52,98,237,213,111,62,95,168,10,34,123,37,202,33,196,89,238,43,253,208,251,41,174,47,110,76,79,183,173,108,161,137,206,43,205,37,227,63,67,143,214,53,172,242,189,21,53,17,50,144,48,58,87,23,83,47,84,9,212,54,247,54,245,181,246,126,226,6,210,133,71,94,176,27,91,160,241,125,236,8,182,57,18,242,123,223,43,209,180,5,60,164,157,179,239,215,252,11,196,229,251,235,63,175,152,49,102,178,227,194,42,161,115,56,110,139,144,198,193,65,237,0,164,37,18,6,102,132,206,197,135,67,211,75,67,13,193,0,32,139,205,45,97,41,158,74,194,190,133,31,123,222,9,12,87,6,205,44,90,15,234,198,88,132,204,142,217,67,160,17,210,2,225,1,97,241,92,193,23,238,209,50,90,190,133,221,244,144,215,61,102,205,218,76,87,180,199,7,117,210,136,63,210,16,217,73,81,57,180,90,114,190,93,250,93,153,84,53,212,30,220,31,47,28,142,30,47,27,157,61,218,36,64,192,47,64,225,243,53,226,214,24,160,43,66,38,99,165,228,37,10,198,236,173,108,169,158,111,44,4,214,110,57,147,118,79,250,217,209,253,96,221,73,38,124,172,235,16,14,224,233,208,110,254,219,171,237,133,7,78,121,2,229,59,127,124,168,96,113,217,248,25,113,48,170,185,114,52,172,54,2,243,64,56,56,184,181,54,227,237,196,98,246,10,67,95,7,6,246,20,80,221,219,60,237,61,89,27,118,242,104,155,60,216,251,116,40,56,91,116,116,236,250,118,94,154,215,42,70,201,64,208,245,208,69,87,80,101,15,2,118,159,87,211,71,150,222,4,157,212,85,76,109,230,70,166,23,228,209,15,5,52,75,92,108,108,201,139,65,138,88,4,222,215,219,12,105,139,251,128,68,30,139,47,127,237,91,93,76,57,68,149,78,199,251,41,216,158,19,55,105,246,193,219,134,228,91,150,115,25,199,87,196,144,124,54,93,149,200,82,102,216,146,146,83,194,82,8,63,254,59,154,12,133,192,184,98,216,247,251,119,149,234,14,200,24,13,25,24,152,21,79,31,188,219,207,95,178,44,100,8,217,128,41,189,224,22,6,67,226,34,194,224,133,244,228,247,253,93,133,245,237,197,116,191,196,241,103,228,1,43,40,32,177,173,189,233,162,169,43,238,129,247,58,110,187,74,76,36,148,255,189,193,175,109,26,70,104,75,59,71,149,55,245,48,108,32,159,112,18,75,112,240,178,210,38,19,175,199,62,115,16,159,101,103,213,242,70,126,59,181,50,253,31,39,50,107,174,172,243,122,128,202,29,62,243,127,195,93,39,229,76,243,181,252,46,157,169,227,102,63,254,39,253,62,19,182,224,145,132,84,240,142,119,28,64,86,7,217,9,152,15,89,138,50,16,111,102,137,131,103,8,198,75]
CFO=8984.311305924297,STO=2
EsN0dB=0.56,GRXdB=40,N0=0.005011872388422489
packet_number=178,correct=False,payload=[4,160,241,164,10,185,137,83,128,249,3,50,183,125,33,31,59,155,98,82,32,106,52,193,69,143,68,148,17,10,149,7,152,239,10,128,0,232,22,141,194,73,152,87,39,44,161,76,2,38,6,182,194,238,204,143,13,18,198,200,194,222,15,75,4,200,21,234,137,93,47,207,152,220,126,219,151,217,25,83,64,114,30,26,254,39,108,215,199,86,5,75,200,163,81,61,136,142,82,200,149,223,73,216,111,250,174,88,92,233,63,185,74,70,87,105,98,45,8,234,55,152,151,78,222,105,70,247,218,177,2,122,153,216,184,181,162,166,11,104,165,185,25,51,177,247,55,182,126,84,177,40,177,132,187,100,164,71,175,167,69,113,232,173,16,103,213,36,148,107,94,24,141,140,142,51,203,228,13,228,64,6,165,252,204,246,78,97,148,21,10,55,159,218,200,16,219,80,53,210,149,178,222,242,149,193,219,9,146,164,18,63,17,245,15,39,190,188,38,236,59,235,19,87,164,216,114,9,21,101,50,166,189,50,59,120,203,238,211,189,251,168,46,107,186,58,44,219,217,111,87,44,139,190,191,181,38,193,6,64,165,68,130,67,203,136,179,80,5,187,136,76,146,245,132,250,226,122,95,145,69,115,173,130,244,161,135,204,167,40,120,112,179,232,223,170,225,170,13,180,0,139,3,41,142,92,78,196,79,175,210,164,247,150,173,36,12,68,181,252,43,90,154,109,16,64,176,137,133,238,146,122,129,53,173,83,188,80,182,113,7,217,109,60,5,206,18,94,209,71,23,49,55,5,13,200,4,249,12,133,104,121,11,56,146,83,18,54,212,238,1,132,135,76,142,30,196,210,156,22,138,189,69,75,123,112,101,130,1,212,216,163,211,228,230,145,13,171,177,17,0,96,15,37,151,79,36,35,201,177,28,102,135,92,163,102,153,193,0,100,108,65,164,40,161,248,46,7,88,110,196,36,98,63,14,69,161,230,175,53,121,95,174,140,157,251,102,23,225,107,96,90,148,81,171,134,250,210,125,91,181,189,12,83,216,166,0,94,188,246,253,124,188,182,119,246,63,215,5,214,69,246,59,62,148,254,227,51,121,94,126,8,60,114,187,27,34,121,90,20,184,253,168,107,58,50,230,40,94,232,165,43,8,61,0,98,192,137,65,27,145,18,64,168,211,6,14,250,51,194,38,109,235,197,78,208,84,233,24,71,68,1,79,89,103,243,145,120,207,223,33,8,195,199,107,68,152,79,143,100,203,196,168,110,4,45,7,125,201,150,184,168,15,11,78,218,181,33,33,85,201,208,22,245,175,203,11,234,23,115,54,98,39,134,133,61,150,223,0,84,12,140,21,254,30,247,21,37,231,125,198,23,8,97,158,43,88,235,154,21,62,1,137,15,57,131,36,141,201,217,182,221,180,228,20,7,41,8,20,127,247,168,32,170,104,64,42,169,37,248,138,60,208,123,23,228,173,224,128,20,32,237,37,243,164,227,49,130,134,191,139,103,225,240,8,62,138,161,171,165,244,175,104,0,249,215,153,49,199,205,167,104,19,96,7,70,252,19,44,140,54,196,97,220,41,98,193,43,94,197,99,163,50,162,7,218,237,235,1,45,83,92,33,217,49,160,213,51,116,194,180,119,56,66,154,102,157,216,204,152,148,168,42,121,249,73,236,118,251,137,59,181,191,200,62,181,149,127,184,214,220,191,140,119,213,178,179,97,156,96,76,66,141,40,75,91,145,230,17,114,242,167,1,110,133,80,76,240,77,164,244,20,164,199,35,242,168,151,123,33]
CFO=-12107.057667618586,STO=4
EsN0dB=0.90,GRXdB=40,N0=0.005011872388422489
packet_number=179,correct=False,payload=[200,108,245,138,204,237,133,222,239,92,245,222,207,27,237,126,179,210,124,182,56,234,232,84,139,251,234,75,255,213,118,158,200,168,220,157,149,245,255,251,134,203,255,175,222,47,95,232,49,156,155,78,222,91,252,246,77,191,178,184,246,187,223,253,219,219,253,207,206,47,123,80,30,220,77,86,173,251,251,122,212,190,105,172,133,223,199,67,115,95,191,37,246,231,241,191,124,220,107,133,101,205,58,251,215,30,127,178,121,251,191,207,59,91,130,236,221,89,205,255,93,219,251,161,77,134,231,179,116,179,244,52,215,156,255,158,80,254,119,31,183,223,199,171,115,255,123,126,68,186,206,117,255,247,87,246,127,36,202,211,198,189,219,240,102,230,79,220,222,246,119,215,223,179,199,119,94,187,114,222,137,239,152,238,255,199,242,99,41,119,218,100,241,56,127,15,166,213,214,254,59,89,245,193,215,240,124,127,175,123,121,71,243,14,143,15,245,245,242,143,123,53,233,126,115,161,181,118,175,235,254,253,207,222,62,127,43,191,247,239,87,169,127,231,255,255,47,246,77,136,239,251,125,170,227,255,194,245,223,253,41,62,253,231,85,185,181,235,89,206,201,106,79,237,116,107,247,113,82,171,184,51,125,47,253,156,169,189,254,221,191,213,251,187,255,90,86,174,217,155,255,157,238,188,86,213,126,235,254,231,238,243,249,243,233,248,95,123,237,247,214,240,81,19,155,41,38,153,143,217,188,123,109,191,172,252,212,55,245,127,221,253,191,239,76,92,187,119,167,255,153,217,110,247,255,183,237,255,127,189,151,179,245,123,255,92,232,173,126,151,63,98,207,172,255,140,250,61,79,163,186,227,255,201,190,210,180,181,53,222,249,95,132,164,29,182,247,107,242,237,106,250,223,175,70,42,234,91,26,90,255,103,94,85,198,127,110,94,147,127,231,250,185,163,187,162,151,252,101,109,58,255,253,191,235,154,237,91,239,250,126,255,166,247,239,227,185,180,237,143,230,235,46,75,99,101,79,156,238,139,255,255,247,186,255,209,13,191,110,95,223,87,219,223,253,106,198,119,237,223,221,203,191,153,176,247,143,88,247,197,214,201,191,175,239,158,253,184,174,117,215,211,255,127,162,219,22,107,247,83,238,238,247,127,255,254,127,127,95,222,107,94,124,183,127,248,60,247,252,248,190,231,37,241,61,254,46,193,253,115,107,234,110,116,158,12,220,237,74,242,172,139,238,78,198,23,205,127,127,101,211,238,190,255,118,169,240,169,119,203,30,190,238,249,237,245,163,241,239,22,183,237,39,57,175,93,241,119,246,191,95,219,246,177,44,133,3,76,205,153,125,197,237,246,62,239,128,107,171,221,94,204,235,55,222,180,190,153,205,37,171,251,254,105,121,120,181,168,87,127,252,153,51,253,237,253,245,179,239,251,191,219,254,223,110,175,247,135,65,146,250,163,115,82,142,139,180,239,157,202,124,59,191,255,215,28,52,165,31,253,115,250,252,90,191,151,254,190,130,125,199,27,239,171,255,157,116,192,243,103,94,95,28,213,220,155,191,153,241,59,215,232,95,241,195,30,160,5,191,115,212,121,63,183,63,246,87,174,175,188,133,237,217,37,247,33,119,255,62,207,206,178,231,89,111,103,221,185,229,158,253,247,182,245,95,79,247,184,207,231,146,227,207,119,252,191,245,218,231,247,231,149,223,119,119,194,239,37,255,99,218,243,155,69,171,217,60,163,62,239,255,99,113,214,62,98,167,158,94,91,112,87,255,246,93,78,247,43,125,228]
CFO=5492.948172460882,STO=3
EsN0dB=0.99,GRXdB=40,N0=0.005011872388422489
packet_number=180,correct=False,payload=[52,185,177,241,128,76,6,82,68,4,16,217,61,164,127,4,144,20,16,236,112,85,68,91,120,96,168,204,226,13,36,46,80,241,180,118,194,132,108,150,50,210,234,149,170,134,188,154,52,167,253,254,229,180,160,72,160,197,12,198,83,194,108,253,126,247,184,3,193,103,13,141,146,68,31,31,33,101,173,61,177,61,188,194,149,0,226,77,111,214,29,79,228,105,249,253,147,149,93,121,177,245,199,46,191,215,154,149,205,167,36,237,232,133,18,222,237,77,75,88,195,84,227,82,233,233,224,14,241,93,250,254,2,34,14,6,208,122,3,54,122,118,155,36,219,16,249,175,121,91,74,94,198,94,48,188,49,160,10,108,114,187,154,10,179,108,22,46,94,64,218,255,0,38,60,232,50,130,106,31,204,255,10,220,250,199,106,94,114,229,46,110,184,140,174,29,41,105,0,61,185,55,19,123,235,162,174,199,201,6,43,191,84,96,11,199,75,83,90,82,103,192,173,240,162,115,79,51,145,199,178,211,247,125,159,174,242,158,15,103,211,165,183,255,169,205,203,255,197,239,86,126,186,51,239,141,251,114,125,214,32,254,76,72,60,48,120,43,108,252,206,150,87,51,160,5,210,76,89,94,86,89,64,76,254,102,89,45,33,83,60,136,160,194,218,15,52,150,212,28,168,12,85,140,242,20,254,255,194,228,72,205,1,40,189,252,118,64,233,184,187,127,225,242,32,4,159,150,103,44,185,244,39,63,49,33,81,164,154,109,205,124,101,252,112,92,145,112,97,169,66,72,240,116,127,125,51,196,21,133,33,9,185,236,166,179,202,239,171,198,135,188,169,105,232,188,220,218,248,248,18,73,139,69,103,87,181,220,14,2,48,11,57,188,73,14,53,208,122,137,157,241,158,101,38,71,75,197,51,102,219,222,227,198,120,108,114,255,123,116,94,167,201,222,34,240,88,74,51,242,171,63,118,149,194,156,18,198,225,166,86,123,93,154,243,107,171,210,178,231,247,239,226,103,25,100,195,202,142,26,217,23,37,35,126,161,251,50,108,211,93,95,42,178,118,255,112,101,127,30,248,125,175,110,139,147,137,174,219,141,127,146,217,92,147,173,207,151,151,63,143,167,9,159,70,134,234,59,118,184,205,238,48,135,247,156,64,192,52,166,195,22,154,147,161,68,110,133,25,54,146,22,70,64,106,76,96,176,120,215,226,56,211,58,34,227,132,42,232,198,155,184,16,140,130,194,160,119,42,45,232,157,60,231,236,244,153,140,114,148,248,28,238,174,234,188,123,129,189,237,5,93,151,152,211,61,17,93,41,50,38,61,209,216,241,31,76,71,185,241,193,10,127,31,65,111,220,117,49,69,73,103,149,133,165,54,199,135,155,173,33,246,136,233,173,53,54,145,10,255,205,97,211,209,141,221,231,23,113,237,242,156,215,191,197,36,205,14,65,64,63,30,107,98,14,153,116,70,105,184,83,110,91,105,98,150,50,90,103,62,109,78,71,231,92,246,45,192,104,71,142,130,85,221,48,182,170,174,191,190,187,94,210,86,233,206,208,98,110,220,161,92,238,206,58,247,242,239,155,55,75,4,39,83,10,252,16,99,17,125,46,95,59,50,58,214,155,243,121,45,14,21,26,227,122,63,122,55,119,191,201,193,170,182,233,16,153,82,163,166,170,150,152,179,169,63,89,174,25,227,120,4,45,115,99,239,217,166,141,100,107,204,44,44,10,20,151,118,187,4,162,84,59,47,120,52,188,43,197,216,59,244,154,64,117,92,128,212,44,78]
CFO=-1911.4655546657457,STO=0
EsN0dB=0.79,GRXdB=40,N0=0.005011872388422489
packet_number=181,correct=False,payload=[192,149,103,227,57,107,70,11,24,24,35,203,196,60,222,231,140,19,170,21,143,124,19,62,116,248,53,255,93,50,119,90,59,235,66,199,174,234,126,91,43,59,44,235,234,172,133,249,83,33,121,91,254,59,116,215,20,195,186,177,10,233,230,126,112,204,35,250,244,53,68,127,248,142,199,15,104,231,45,83,224,154,194,254,247,102,236,95,187,235,122,87,44,31,246,255,112,231,0,111,255,95,103,235,81,156,200,217,224,203,190,253,92,29,118,26,252,60,96,111,154,203,246,247,240,191,122,175,245,131,86,230,165,207,142,174,58,127,75,31,221,13,63,58,97,167,182,182,100,186,220,246,127,251,222,158,127,215,108,215,129,163,39,232,165,231,141,38,254,27,53,207,174,203,255,22,147,243,220,151,227,191,245,251,243,185,123,235,209,191,158,169,173,17,223,107,104,253,34,164,57,209,151,123,187,223,93,15,176,134,45,150,218,109,143,241,232,172,119,242,158,247,204,73,193,232,186,210,230,159,100,127,249,249,35,127,208,250,237,91,105,116,174,177,230,115,102,233,121,254,233,243,218,118,109,239,130,133,214,13,10,239,108,39,152,215,206,142,221,93,200,181,51,17,71,89,103,124,118,39,191,193,246,207,189,187,221,71,152,203,194,181,173,223,83,207,75,50,22,247,250,117,119,3,121,250,106,59,238,55,109,117,50,255,153,245,37,63,242,119,206,185,14,245,116,191,221,193,183,71,94,147,205,219,255,30,254,216,151,146,247,213,38,218,208,125,254,189,181,253,30,86,194,115,95,230,214,65,98,227,124,159,106,107,100,167,110,239,33,142,234,146,246,245,60,173,185,251,254,126,126,220,223,119,203,201,55,187,191,246,189,127,163,182,237,187,228,207,168,7,254,95,87,30,78,204,150,253,117,219,163,74,157,207,30,159,35,245,135,243,213,191,226,223,197,11,116,103,36,215,189,53,209,247,243,118,177,126,181,103,255,241,123,123,228,202,215,247,240,135,246,6,237,13,173,152,70,235,126,139,252,90,186,216,113,207,131,251,135,189,183,125,233,208,155,181,187,254,62,15,114,248,229,249,84,130,207,222,185,189,231,87,123,235,142,51,174,223,113,211,6,255,207,79,27,63,238,139,246,31,191,167,95,75,163,38,123,3,111,103,191,219,227,78,60,93,223,8,40,114,18,55,236,191,64,254,39,187,174,103,124,243,79,239,99,90,223,148,209,118,102,103,205,251,13,249,119,119,235,47,125,251,212,218,97,222,22,94,80,35,125,233,111,101,255,183,51,84,243,119,196,235,247,21,221,253,239,78,172,189,235,203,26,216,127,179,31,102,42,204,28,94,247,155,123,223,120,175,239,249,235,233,127,184,254,95,187,107,112,99,243,57,71,143,222,243,251,202,210,117,242,35,56,122,90,252,28,79,119,37,225,170,198,213,174,155,105,187,87,85,15,246,255,251,140,174,31,16,231,23,164,198,247,174,153,150,255,177,93,141,147,165,171,79,240,237,89,3,46,255,203,169,91,253,126,205,159,255,33,100,7,230,254,183,253,54,56,235,143,187,223,247,229,255,48,93,38,183,247,173,89,41,227,211,96,154,129,202,204,29,167,218,231,99,73,213,147,213,252,122,223,219,208,156,111,241,250,103,96,231,49,99,175,179,242,132,235,108,245,255,63,204,119,40,247,255,250,195,95,87,238,210,73,102,125,219,211,189,21,87,27,40,30,157,81,75,154,175,186,31,157,52,254,146,56,179,18,107,94,247,222,61,246,24,62,31,184,173,148,247]
CFO=9207.334057798138,STO=5
EsN0dB=-0.39,GRXdB=40,N0=0.0063095735386013985
packet_number=182,correct=False,payload=[22,247,190,169,27,81,222,76,3,216,104,217,64,20,146,59,3,188,170,20,210,125,104,194,132,37,143,17,26,68,247,217,90,239,222,78,76,64,151,195,126,204,70,72,180,81,214,134,138,252,63,97,167,228,126,108,95,120,14,232,150,178,214,59,122,197,62,238,34,65,240,141,216,157,139,129,210,83,30,2,42,238,177,128,250,192,188,176,190,62,47,53,146,176,182,186,90,153,145,204,79,31,90,132,66,89,198,198,196,242,186,198,128,204,28,197,209,1,101,224,85,245,118,133,244,70,94,150,254,222,226,41,134,133,22,109,107,15,149,220,60,21,13,25,118,12,84,80,0,251,151,235,175,61,70,86,99,116,190,168,3,251,48,113,148,215,17,58,9,237,39,64,86,19,195,153,59,7,111,151,209,226,109,9,251,108,107,89,87,244,43,41,123,63,221,197,179,45,165,9,107,192,159,224,8,181,93,152,215,195,51,57,233,182,199,181,155,239,159,227,162,252,43,183,251,173,23,236,243,208,239,57,235,124,193,209,35,179,247,25,162,178,239,224,154,205,55,203,183,106,126,245,46,246,151,157,182,109,238,34,138,146,174,24,18,2,10,43,192,75,22,20,144,178,9,112,22,49,40,11,170,44,110,73,118,215,60,170,43,61,13,76,27,66,229,67,225,86,78,208,116,140,71,200,119,88,74,227,42,40,44,221,107,229,70,190,51,52,130,225,241,245,102,186,194,180,223,140,151,137,231,4,201,56,150,109,142,88,220,168,235,208,182,186,160,108,2,234,91,48,151,29,168,60,158,147,59,5,138,218,182,92,79,99,231,112,144,216,211,220,174,34,226,132,42,252,90,101,232,145,56,196,181,248,223,43,187,35,79,109,96,0,154,121,17,189,226,29,71,63,152,95,60,64,6,160,19,161,57,103,167,95,98,7,38,57,230,31,63,85,214,16,121,0,217,12,94,155,115,21,118,109,30,25,93,37,104,79,73,113,57,231,56,45,43,29,231,21,25,164,31,4,129,248,5,128,173,107,234,113,135,208,99,155,57,9,143,124,162,165,102,191,62,200,203,195,188,181,21,185,150,174,10,229,149,133,68,110,165,93,98,1,51,212,211,192,219,45,38,41,239,215,160,69,173,202,206,81,248,133,135,17,90,37,246,128,226,135,70,128,76,163,14,187,30,88,51,168,171,30,22,136,51,70,159,100,34,41,174,133,215,132,100,185,62,144,30,89,140,187,194,136,199,77,75,56,243,70,100,94,221,132,118,232,19,185,166,46,107,88,78,116,42,126,111,126,207,38,240,148,154,138,182,58,142,9,47,204,142,199,83,91,2,252,187,200,162,143,150,161,234,247,181,168,180,232,215,145,250,180,36,128,143,60,158,106,176,118,140,216,75,244,211,220,32,140,75,160,166,244,142,232,169,232,60,84,122,227,246,230,169,79,250,170,0,1,37,211,124,11,201,159,27,21,210,84,31,133,159,25,96,85,69,191,8,175,182,243,179,45,61,235,115,157,45,71,66,25,111,132,107,133,141,241,93,73,131,88,7,207,117,121,86,68,225,201,78,163,134,112,35,30,223,119,126,63,123,44,94,133,146,29,139,32,130,212,16,219,165,168,178,157,139,214,161,39,5,197,87,168,135,16,17,55,158,25,141,122,190,11,130,198,131,204,203,31,77,231,167,40,214,145,135,108,204,248,119,32,75,209,230,204,238,131,123,228,118,4,168,212,170,144,192,14,47,76,51,104,46,64,146,168,6,201,95,191,29,101,60,97,37,10,158,191,168,36,51,244,52,172]
CFO=-12084.610061183863,STO=6
EsN0dB=-0.71,GRXdB=40,N0=0.0063095735386013985
packet_number=183,correct=False,payload=[205,158,212,231,145,54,17,189,146,62,55,127,91,239,167,101,60,249,178,189,217,176,127,81,254,139,108,50,240,117,244,240,154,172,76,86,101,174,119,191,84,172,146,189,125,55,225,173,111,24,201,190,151,84,111,174,254,255,207,61,253,236,190,246,185,223,189,162,27,107,243,37,94,61,110,103,233,123,217,177,223,253,107,212,25,140,199,253,60,253,124,47,221,174,105,190,117,255,77,231,185,247,87,187,171,214,255,200,63,137,249,254,230,91,253,254,223,157,118,30,226,253,86,120,85,253,83,246,62,202,225,245,112,125,21,92,136,126,186,84,222,202,185,86,107,175,255,13,184,141,39,254,122,234,240,127,198,229,206,123,169,183,181,58,191,150,253,255,191,155,59,191,241,127,211,220,143,243,199,218,227,249,242,21,78,61,81,191,151,186,71,247,91,253,183,77,197,121,58,231,170,202,126,213,245,227,231,248,55,178,220,255,169,223,253,115,194,66,255,30,175,255,243,255,218,209,57,249,145,254,151,243,254,166,231,207,159,204,246,125,195,47,226,203,94,111,247,233,93,207,175,167,251,127,212,227,170,199,239,214,255,11,107,211,15,220,203,255,184,245,31,61,192,219,167,111,151,142,126,190,178,225,102,119,227,187,235,166,115,219,252,145,98,173,249,119,125,31,160,203,240,146,235,217,107,123,207,153,250,189,113,111,237,101,159,115,249,254,152,105,190,118,77,223,213,58,243,117,248,127,147,162,153,118,185,78,252,242,89,147,251,222,96,127,183,156,35,125,126,253,216,15,119,173,114,255,225,88,244,221,214,194,36,238,229,125,248,231,245,237,213,173,223,110,167,187,30,221,119,155,236,175,180,56,248,94,223,119,30,220,115,117,124,95,39,101,246,95,175,230,124,127,119,239,1,220,222,255,22,237,214,45,229,155,105,165,126,118,147,229,140,249,228,141,108,183,239,125,250,240,208,91,230,243,202,255,191,80,87,33,111,237,223,254,178,205,246,204,125,94,255,202,158,63,229,207,29,110,243,214,221,167,223,53,59,210,229,246,91,234,100,211,151,207,175,178,183,190,252,239,83,57,213,200,239,253,70,239,174,174,231,251,47,92,239,219,241,211,160,255,119,151,125,135,121,255,204,170,126,111,9,58,251,103,221,65,133,227,105,191,41,173,97,54,245,109,69,87,25,107,100,211,242,223,172,255,172,166,99,27,134,191,85,127,141,211,116,245,170,234,223,30,85,210,196,166,125,254,241,223,94,231,156,123,201,229,242,237,121,214,230,157,164,146,104,19,230,41,60,54,72,181,250,117,191,95,192,235,144,251,222,53,215,17,243,250,28,153,88,255,207,205,230,171,249,123,43,192,83,31,219,247,27,252,245,187,255,222,238,211,175,188,247,55,151,252,151,219,237,254,231,85,238,223,177,199,218,233,117,191,124,252,216,207,221,63,117,187,222,220,127,144,95,190,220,252,190,23,72,119,159,227,93,222,221,112,166,225,244,3,151,239,163,255,42,239,239,58,149,59,217,239,103,219,191,178,239,253,138,195,151,14,189,253,148,215,151,210,71,174,247,146,236,115,176,112,153,198,244,57,120,127,203,141,251,119,148,63,182,227,136,141,31,107,57,120,127,218,51,36,247,47,251,236,183,149,233,119,86,175,127,235,183,155,207,198,106,46,223,192,177,223,221,95,175,181,207,102,171,246,207,227,220,229,255,119,102,253,200,70,71,223,80,125,60,62,207,187,221,186,126,99,248,31,255,150,51,255,61,57,255,119,83,189,207,160,118,195,78,87]
CFO=5042.087385348341,STO=2
EsN0dB=-0.56,GRXdB=40,N0=0.0063095735386013985
packet_number=184,correct=False,payload=[89,90,229,75,0,232,77,204,160,88,161,136,30,130,101,122,213,221,81,9,199,214,38,249,74,64,124,166,166,56,78,6,240,81,26,180,33,60,155,27,156,32,240,22,244,20,135,183,186,48,203,10,129,31,153,61,26,29,245,69,221,94,179,74,185,248,98,20,170,52,2,39,185,229,151,32,34,109,50,171,169,175,248,130,60,119,227,33,133,197,171,154,35,123,143,172,152,178,49,163,119,11,43,230,165,0,251,61,55,51,22,118,252,250,173,124,177,8,162,63,188,135,201,117,172,180,221,234,215,64,105,72,136,107,215,5,102,193,191,69,102,5,162,243,195,9,142,236,135,74,65,200,46,113,135,108,162,15,183,11,211,208,36,117,10,216,180,130,251,84,231,40,102,7,215,53,202,216,139,94,108,218,249,23,117,235,61,41,215,71,30,155,185,104,242,102,174,230,251,63,116,244,86,109,150,53,248,99,172,43,163,3,246,14,79,228,189,96,244,173,93,120,59,33,119,49,5,187,36,152,212,167,90,21,229,211,110,55,46,95,248,26,137,219,158,109,183,200,180,83,117,62,205,66,223,53,136,49,40,131,137,15,188,244,144,32,215,227,180,149,103,68,141,122,25,142,4,147,135,5,206,76,212,77,190,132,47,149,230,157,172,11,139,244,177,18,216,61,191,27,250,201,55,203,89,140,42,153,184,170,241,147,5,184,167,171,251,19,143,29,241,245,226,15,51,77,35,103,170,166,167,148,161,226,180,211,187,0,151,29,253,162,159,86,199,174,172,39,48,38,165,119,146,62,131,11,250,178,58,142,248,46,177,37,191,118,247,49,115,44,219,249,171,190,189,111,109,47,247,110,174,238,43,229,226,16,204,129,6,160,4,234,100,7,235,227,87,174,135,77,75,204,253,109,246,92,43,68,239,141,76,31,82,110,86,15,80,101,180,127,48,200,215,87,193,250,244,84,60,177,182,71,140,81,125,219,145,208,212,75,246,40,79,143,26,115,216,127,150,39,224,69,80,101,62,253,132,226,47,225,246,24,39,98,108,86,235,198,254,177,123,190,237,40,129,156,175,91,79,127,231,113,243,165,169,251,235,86,164,91,183,151,234,88,213,41,234,160,112,67,190,120,123,250,67,254,254,117,78,53,183,185,208,32,6,20,135,74,35,79,160,36,237,15,212,165,39,95,20,206,77,215,115,82,45,159,135,165,101,13,70,1,65,172,0,216,176,244,149,8,198,118,21,145,148,159,132,76,114,222,140,133,172,248,205,75,184,115,62,147,207,221,141,208,248,35,61,102,193,32,71,198,179,148,45,24,89,45,210,29,91,7,200,133,115,184,186,98,175,32,70,118,181,25,236,145,143,247,117,8,226,1,147,148,40,45,29,49,182,254,116,246,253,51,24,72,221,17,191,222,169,186,111,249,190,207,155,44,174,157,71,25,214,211,224,107,158,4,246,229,65,165,6,196,243,140,209,234,9,168,88,15,78,77,106,200,199,245,200,136,221,94,101,246,249,254,209,126,3,19,68,224,252,151,23,128,71,30,252,185,207,185,105,152,249,218,74,56,185,249,125,94,240,123,54,220,103,226,227,33,58,158,82,245,36,224,22,174,251,248,78,48,226,111,154,251,139,142,229,61,184,49,130,141,110,226,64,120,223,249,102,120,55,115,175,46,182,211,237,36,68,119,163,20,187,249,249,34,127,63,14,119,75,119,116,15,86,126,140,214,44,205,142,7,3,3,228,68,27,9,170,112,6,29,104,202,211,5,227,60,237,200,212,20,187,14,206,237,146,75]
CFO=6710.476823884891,STO=2
EsN0dB=-0.86,GRXdB=40,N0=0.0063095735386013985
packet_number=185,correct=False,payload=[96,41,33,121,120,196,40,102,12,129,17,39,133,176,138,170,251,11,190,39,24,95,121,108,45,192,16,114,52,216,190,231,223,242,242,31,120,63,132,18,211,108,28,214,155,155,116,69,184,70,148,153,171,247,237,231,166,84,122,190,24,67,10,181,70,124,72,234,234,188,8,232,138,152,77,208,28,29,200,161,52,77,41,182,131,125,129,64,255,77,138,253,221,241,228,221,182,118,7,29,119,157,165,100,153,248,203,56,236,143,197,1,71,140,149,253,188,246,201,115,19,237,241,146,17,253,61,253,245,150,101,219,252,94,169,24,65,165,90,9,88,134,26,86,24,46,95,44,212,26,2,14,204,137,146,208,122,45,75,90,22,38,111,133,55,210,18,206,240,143,5,111,98,15,70,127,14,10,82,218,88,29,104,225,119,169,233,30,72,238,201,255,97,215,168,246,41,142,2,34,255,134,145,49,56,154,38,156,147,42,187,167,172,251,146,156,125,103,6,201,159,196,164,190,68,30,255,223,90,55,131,247,9,238,201,169,148,251,250,123,121,31,185,250,239,234,125,110,206,10,98,198,218,95,203,160,229,207,91,251,115,254,148,17,185,36,19,210,31,158,19,252,9,3,222,240,73,94,103,169,197,236,203,156,129,123,178,40,104,85,3,87,54,76,101,71,103,210,131,168,177,221,137,226,227,217,185,73,184,133,104,25,162,175,95,223,233,187,111,18,234,204,245,144,17,173,139,13,235,94,52,249,57,159,55,63,21,101,33,5,237,27,149,187,21,101,28,3,246,58,136,56,98,221,241,225,209,251,214,26,60,180,235,47,85,135,242,250,191,93,26,42,125,198,212,245,200,223,211,53,236,81,226,197,188,126,179,60,223,118,48,98,142,119,101,166,65,181,245,22,61,47,54,63,76,66,130,42,235,115,71,203,108,5,175,68,127,166,51,99,80,190,137,139,160,102,152,243,120,122,162,222,216,145,250,208,93,254,90,231,95,227,248,83,230,88,242,156,254,127,233,19,190,142,100,167,66,76,129,145,121,107,160,11,202,231,23,178,244,29,66,99,59,155,3,220,148,19,227,63,251,73,224,255,121,71,81,225,24,63,185,62,60,253,147,37,160,15,243,179,161,152,82,6,95,10,40,239,233,45,145,122,232,149,222,154,220,205,14,166,154,149,146,79,92,70,0,173,148,51,128,54,252,132,97,193,88,220,236,80,73,21,59,118,44,253,91,245,16,84,82,73,247,230,177,84,49,0,34,142,206,133,133,152,0,195,96,21,120,236,206,253,213,243,217,147,181,198,218,37,121,45,7,37,173,10,128,61,53,6,210,163,81,88,56,144,32,85,64,167,127,7,208,108,121,51,128,118,143,66,220,223,115,190,192,199,192,239,201,173,143,205,159,156,72,46,116,61,97,121,225,164,205,102,231,51,113,104,112,50,141,3,170,116,252,254,21,190,73,142,75,27,30,14,53,175,59,121,18,58,27,132,228,214,30,128,227,43,233,237,222,157,228,229,110,134,167,31,106,17,124,93,26,166,203,255,78,244,130,95,49,92,128,98,201,135,113,125,104,102,21,223,202,218,234,66,80,129,208,106,231,251,199,7,26,24,21,26,46,154,230,164,187,230,17,58,165,104,102,194,133,124,167,249,99,55,16,233,52,221,59,32,215,192,169,61,233,31,83,137,116,54,166,60,135,55,227,134,97,93,67,253,198,191,194,233,222,111,13,24,88,111,121,12,161,4,208,0,0,143,96,55,84,51,203,62,57,220,187,31,35,15,100,108,162,170,52,90,40,43]
CFO=-7528.748190331882,STO=7
EsN0dB=-0.18,GRXdB=40,N0=0.0063095735386013985
packet_number=186,correct=False,payload=[5,202,89,244,243,203,78,41,137,27,86,179,109,226,78,188,23,33,217,121,199,37,74,223,19,156,254,23,163,140,227,29,58,159,130,93,207,173,91,187,91,75,109,153,127,155,206,147,141,187,108,222,167,123,9,253,253,39,107,255,223,190,46,211,151,55,157,201,197,13,182,219,195,213,216,122,250,215,241,149,25,183,255,247,237,252,54,61,215,81,86,210,244,214,255,125,148,11,251,136,254,75,255,219,63,189,94,170,171,243,137,222,90,95,132,154,247,187,157,9,255,95,103,175,245,235,123,253,248,197,112,168,83,132,199,183,96,30,228,254,37,226,125,215,202,249,240,187,79,229,237,245,108,107,43,238,77,177,119,185,222,155,245,188,238,58,219,3,206,247,215,52,118,223,127,39,207,223,103,38,109,55,227,237,206,61,76,127,142,37,74,125,223,244,189,169,123,98,209,215,255,175,203,223,255,147,122,222,188,169,252,54,205,57,253,249,52,123,22,147,255,63,37,239,49,153,243,123,248,254,115,172,126,186,87,139,190,175,61,215,127,47,95,185,215,105,158,233,247,215,123,10,133,139,119,254,188,127,194,215,128,166,63,213,7,42,127,19,230,89,194,151,117,191,227,237,87,238,119,250,127,142,104,124,63,151,71,138,13,82,179,205,239,131,249,226,76,73,252,111,200,179,205,127,220,95,147,251,143,26,126,251,110,76,157,237,222,111,253,253,198,47,236,166,61,47,231,243,6,35,110,153,209,127,30,87,227,175,241,87,116,155,194,55,69,19,164,70,245,23,35,126,207,24,190,190,237,115,141,153,101,115,135,207,189,5,126,71,254,58,206,201,253,155,223,135,123,151,90,248,63,115,230,67,118,93,235,198,249,245,109,76,179,113,183,247,234,247,113,159,134,139,125,110,118,255,64,240,46,109,228,126,93,191,191,107,246,9,190,220,233,56,105,202,126,175,200,250,235,189,115,51,251,150,135,125,235,36,114,236,211,175,205,220,167,126,83,189,175,177,243,110,189,183,158,119,202,201,245,156,41,86,19,171,251,139,177,59,94,23,60,203,228,218,87,9,250,127,211,93,237,31,219,161,183,121,27,72,203,88,120,221,255,15,83,93,253,111,89,42,91,255,144,182,214,49,127,107,63,127,123,63,243,229,28,255,92,151,217,232,164,127,165,125,118,250,23,27,122,88,45,47,150,178,231,243,174,123,166,254,71,240,101,59,239,39,112,164,229,61,221,241,222,238,175,235,247,105,74,247,251,47,82,254,226,156,85,218,221,13,77,247,230,218,189,183,214,20,121,73,222,179,248,71,245,138,109,8,47,186,176,233,78,213,92,181,153,23,223,46,207,119,115,119,215,197,193,253,255,90,127,247,211,217,13,191,167,92,46,149,191,239,43,170,173,223,52,121,155,94,181,255,235,53,178,189,123,183,158,207,229,230,253,247,30,191,47,207,15,64,223,244,31,198,31,85,226,77,108,165,178,237,253,90,247,106,151,235,227,206,215,27,236,27,201,159,187,207,241,126,103,207,179,254,226,251,217,98,254,69,215,176,205,119,249,220,107,250,5,190,115,127,45,238,99,185,211,182,83,158,237,218,246,250,249,155,103,187,172,147,151,16,125,180,247,21,165,185,150,230,31,102,225,101,191,212,235,240,171,127,166,181,79,254,93,103,180,225,31,161,223,204,222,187,71,255,182,107,255,125,217,240,122,55,255,253,34,222,211,97,22,19,241,106,213,229,197,158,205,34,107,191,195,135,227,118,213,234,237,182,93,175,241,239,247,251,227,39,126,255]
CFO=5365.201342003103,STO=1
EsN0dB=-0.36,GRXdB=40,N0=0.0063095735386013985
packet_number=187,correct=False,payload=[206,190,178,141,6,73,109,0,35,50,28,130,75,208,69,107,16,62,5,216,84,115,176,56,75,137,158,13,147,101,188,63,104,252,220,134,86,66,186,136,69,207,190,114,21,141,45,253,187,176,139,64,175,125,79,137,226,116,234,136,114,240,67,90,248,190,255,160,18,232,163,255,91,186,141,60,138,190,37,159,18,61,67,170,196,165,73,136,127,62,35,5,159,180,196,249,208,251,159,48,103,151,44,88,200,158,215,130,226,132,226,184,247,169,78,67,198,222,160,197,165,206,111,2,231,236,4,14,252,61,186,23,31,54,197,95,58,46,191,50,94,163,68,93,62,85,199,8,104,99,138,110,71,32,102,37,176,166,62,101,236,9,93,195,232,160,87,29,31,15,67,27,115,23,211,105,89,165,22,25,134,15,198,122,62,48,218,82,182,46,244,248,245,127,77,135,143,164,133,29,167,158,146,14,15,251,212,38,8,154,63,253,6,172,255,152,31,115,223,30,63,183,247,241,221,173,15,91,215,52,235,193,91,14,115,138,196,150,115,73,241,60,87,209,38,45,107,141,75,147,254,18,245,245,85,221,245,55,38,196,67,150,51,162,146,141,186,47,122,148,46,21,26,72,31,84,163,51,111,99,26,238,78,201,123,5,215,110,101,29,116,74,0,136,147,50,83,70,70,102,104,76,10,253,112,125,209,186,14,238,117,112,36,96,215,42,55,80,63,30,173,237,224,149,152,245,247,146,123,204,234,88,187,171,244,217,57,20,90,186,235,181,166,42,63,175,118,128,57,202,238,16,174,144,186,18,82,193,78,108,100,4,205,29,198,19,141,210,19,221,158,211,78,119,56,191,226,168,3,244,229,218,251,57,112,97,230,34,135,68,196,42,151,1,119,49,40,125,155,196,54,76,217,128,101,51,39,220,127,84,157,144,185,102,123,2,187,53,79,65,134,228,211,115,59,91,75,45,215,187,154,140,227,125,144,192,55,94,233,56,137,9,197,167,180,100,247,121,107,236,118,3,147,163,15,17,147,44,175,58,1,167,255,151,249,148,150,15,243,128,99,171,192,235,222,17,129,229,53,124,215,221,62,229,229,132,139,50,250,217,143,113,208,250,191,241,189,153,147,181,138,109,43,205,172,87,239,235,213,118,255,237,207,156,220,137,3,53,53,193,50,24,106,112,31,113,61,92,118,1,254,248,40,50,111,80,153,88,94,62,71,134,188,49,83,90,246,18,80,94,52,48,8,43,14,151,246,213,216,252,158,216,38,75,254,130,238,64,232,82,48,220,128,109,108,240,114,77,81,144,71,138,225,41,49,12,62,175,172,188,218,90,122,37,253,41,74,206,165,180,20,190,123,193,27,172,199,101,58,169,239,162,191,79,148,220,252,206,252,64,90,29,247,152,46,115,149,230,222,180,165,154,199,200,158,100,214,207,67,164,206,249,247,193,211,200,151,194,235,37,187,91,185,17,219,25,58,93,114,129,35,162,101,84,207,106,54,238,194,59,119,126,119,10,30,151,35,208,23,30,251,104,87,147,88,110,43,211,112,251,30,254,187,235,206,96,202,205,111,251,103,100,166,170,55,150,79,10,103,162,37,129,213,157,73,35,238,89,155,137,39,255,25,207,51,7,219,183,235,186,173,147,157,242,181,229,166,172,31,203,11,74,131,153,24,103,221,9,6,159,171,121,207,88,252,233,169,238,110,216,107,99,155,177,211,213,93,251,213,158,79,17,50,128,215,10,58,8,44,230,219,52,125,86,216,200,42,155,52,37,172,60,8,253,119,48,85,149,71,22]
CFO=925.814592203611,STO=1
EsN0dB=-0.90,GRXdB=40,N0=0.0063095735386013985
packet_number=188,correct=False,payload=[142,110,123,8,7,70,68,189,77,151,107,157,105,146,149,139,11,250,195,120,27,123,195,0,136,158,245,157,159,123,15,0,18,225,191,26,141,208,161,149,54,145,8,28,72,147,6,62,158,245,181,211,102,177,31,58,208,39,187,13,97,191,92,219,166,120,22,72,249,188,129,163,27,113,243,54,197,39,137,230,230,175,118,89,13,219,110,156,71,126,130,37,104,66,92,154,77,243,30,244,227,119,121,46,127,40,210,213,108,32,223,238,143,37,98,54,172,116,39,152,90,238,106,68,253,245,180,55,237,95,27,50,118,250,241,147,25,222,2,227,133,133,217,15,250,182,46,218,241,80,171,169,25,216,231,140,21,230,119,189,223,182,60,222,195,199,247,217,156,229,66,242,155,97,183,108,133,158,33,89,41,156,219,209,45,173,181,120,244,243,189,149,253,219,1,144,228,137,244,175,142,242,243,78,108,238,55,132,239,118,171,23,227,105,114,106,243,15,218,122,205,16,90,242,71,131,133,253,157,137,123,244,238,117,102,160,160,126,89,187,174,104,118,219,201,98,215,234,237,157,183,90,2,117,223,220,14,187,78,7,211,224,139,83,75,23,90,76,37,137,206,154,166,143,53,149,193,115,56,94,169,4,31,181,1,134,235,34,139,24,103,89,253,253,163,189,228,2,122,32,36,10,51,184,15,58,215,155,67,59,63,76,251,63,145,27,124,171,42,199,237,74,118,34,190,167,15,98,77,234,34,219,232,218,111,119,38,166,182,187,114,230,116,148,90,122,79,121,72,218,253,10,39,238,139,239,63,98,115,227,102,203,113,41,24,27,201,163,168,156,145,83,246,246,4,54,32,166,113,112,108,248,167,252,185,219,90,211,73,9,70,230,226,191,195,228,220,162,143,237,89,235,200,169,216,199,106,140,131,130,246,159,156,92,218,143,47,182,195,126,236,98,122,154,109,88,6,4,167,252,93,165,172,101,221,55,96,221,242,78,250,222,110,24,124,191,218,211,22,152,243,36,30,229,107,236,249,247,223,148,12,249,175,167,173,202,101,120,249,251,113,234,123,254,217,10,152,47,236,185,123,165,244,217,251,73,105,53,182,230,187,241,20,228,27,166,184,189,201,22,117,236,232,52,207,102,243,188,116,114,91,229,252,115,29,12,64,139,85,103,222,251,28,109,111,55,232,53,140,196,118,44,85,249,19,122,93,68,46,212,60,28,44,221,219,182,89,116,90,22,43,249,115,113,76,102,99,6,223,164,97,3,127,48,15,146,51,63,7,170,115,139,29,45,115,143,105,43,153,221,99,178,96,106,114,242,35,90,182,173,123,41,61,45,111,115,254,20,176,156,86,92,110,125,237,151,127,96,201,60,62,228,253,16,24,188,51,227,167,222,45,245,94,164,121,164,102,88,185,223,2,19,182,62,42,200,241,123,116,254,124,171,58,139,224,236,209,78,154,191,106,223,31,82,161,233,206,218,11,77,185,254,137,31,71,210,198,107,117,193,3,154,211,70,30,100,192,227,201,117,215,242,26,252,46,83,222,211,198,155,39,155,123,218,31,139,39,208,158,219,41,62,98,3,154,198,207,222,88,54,163,109,97,130,215,227,216,48,237,109,102,249,165,254,228,235,127,181,251,87,248,118,250,192,206,252,93,42,215,211,219,120,114,217,241,222,97,198,60,255,163,210,250,245,180,106,249,190,186,165,127,254,255,184,222,217,219,238,88,222,175,31,220,161,9,159,165,199,167,140,127,239,156,205,4,40,191,231,140,128,98,95,30,187,27,168,33,137,155,28]
CFO=1741.6953924410973,STO=1
EsN0dB=-1.27,GRXdB=40,N0=0.0063095735386013985
packet_number=189,correct=False,payload=[5,175,203,230,208,67,201,251,119,226,193,74,251,85,111,57,50,145,183,56,70,133,236,53,156,19,247,35,241,221,179,130,158,230,228,86,144,184,170,31,233,204,151,44,19,5,189,7,103,247,206,83,252,3,237,52,114,65,78,227,191,154,43,107,7,88,71,170,52,176,252,200,202,249,208,157,219,241,245,131,199,123,221,88,108,11,187,210,244,179,172,23,19,227,79,22,235,159,69,84,230,219,30,176,168,12,230,9,28,92,117,63,121,78,56,235,75,126,79,172,29,126,238,125,88,243,249,141,255,166,229,96,132,67,105,81,117,246,143,87,87,46,237,76,233,245,63,190,224,182,109,236,108,41,70,27,247,194,81,30,158,32,236,40,86,124,226,205,116,212,90,172,148,237,175,138,199,143,88,245,110,195,173,153,109,40,222,49,175,188,255,203,167,216,112,58,81,114,109,123,133,94,233,189,55,246,255,91,58,126,162,159,84,177,62,255,231,243,71,27,85,238,155,72,175,214,162,120,86,31,179,188,157,126,222,57,122,147,221,50,89,155,221,216,252,198,114,93,34,187,165,68,198,239,247,91,117,159,209,249,126,151,5,164,199,17,226,190,142,80,75,131,202,203,230,130,255,199,74,98,82,209,201,212,39,202,54,99,167,138,241,152,125,19,209,141,85,251,138,98,41,36,65,30,123,229,196,81,12,68,191,11,163,134,183,218,189,73,207,4,181,123,118,110,48,2,91,160,41,115,247,15,18,83,233,7,79,31,197,23,111,170,86,111,217,197,119,82,219,126,164,215,46,205,226,39,105,124,119,189,23,196,158,2,107,142,131,251,57,31,159,158,206,204,89,2,42,250,71,62,152,158,237,135,231,197,237,26,228,152,84,130,49,165,176,109,112,1,151,175,114,214,231,108,182,245,99,39,109,12,86,91,127,158,71,15,182,69,251,109,0,177,82,145,247,101,150,77,79,255,95,58,117,249,190,125,243,251,254,159,55,246,255,148,94,251,191,239,95,140,0,152,177,191,97,162,23,229,101,207,42,89,241,99,26,178,147,62,100,213,186,185,105,18,223,15,15,220,255,47,200,94,92,113,77,146,52,249,81,196,45,252,154,54,238,63,217,55,253,182,38,57,87,63,247,91,41,102,167,147,123,63,232,191,232,139,235,253,190,72,249,133,145,55,71,246,240,130,106,159,245,39,46,207,25,254,225,134,124,9,179,20,245,177,95,24,142,8,27,229,28,135,167,105,221,49,158,200,251,169,99,3,236,157,37,90,239,143,3,204,248,168,15,47,229,53,78,226,196,155,126,66,96,55,241,150,160,146,177,71,239,8,62,57,248,212,218,218,115,47,99,223,250,71,235,99,98,241,209,114,130,177,30,231,64,221,41,213,125,134,10,148,232,89,229,86,213,8,124,156,177,110,151,149,221,154,133,148,206,183,23,180,228,38,100,113,254,31,229,5,58,228,223,137,217,49,7,43,79,103,62,112,243,214,33,39,71,4,235,183,143,227,103,20,101,182,188,185,156,88,203,101,246,216,55,180,239,148,241,185,246,127,99,137,47,38,246,159,220,16,246,241,231,87,193,191,196,176,251,72,112,173,142,121,253,147,210,189,241,115,211,241,169,237,145,62,97,119,219,212,221,151,54,175,183,30,5,18,156,53,31,240,199,163,244,143,81,75,124,235,191,81,251,63,165,6,247,158,246,150,225,251,159,238,90,124,19,139,63,255,38,153,28,218,61,115,193,221,154,154,225,5,29,75,218,229,27,103,228,234,179,123,106,207,238,3,101,139,231,17]
CFO=666.0281692526664,STO=1
EsN0dB=-1.23,GRXdB=40,N0=0.0063095735386013985
packet_number=190,correct=False,payload=[142,123,138,97,212,36,9,43,146,251,52,176,18,243,133,9,7,210,224,38,105,183,64,48,28,69,214,187,124,42,171,89,45,111,24,226,199,28,101,205,235,7,125,123,21,90,122,190,63,26,241,204,201,183,85,237,62,251,163,231,95,214,117,45,54,106,198,144,148,222,188,77,73,95,38,151,222,215,80,42,46,170,198,229,157,150,189,168,245,157,249,144,235,52,238,228,120,181,147,107,136,114,140,175,48,45,220,91,207,170,189,27,12,204,91,61,208,118,172,19,185,236,252,233,224,116,153,247,127,255,234,107,244,18,186,159,102,31,179,110,163,118,63,59,250,59,234,182,86,196,135,154,110,63,115,187,19,241,123,114,209,63,70,105,251,197,255,251,159,15,211,241,215,83,251,78,213,219,241,62,65,243,170,97,163,247,68,49,89,83,223,82,17,119,139,129,6,201,57,203,151,171,188,31,167,75,241,187,143,10,187,55,29,137,184,80,12,166,126,203,117,211,108,221,141,181,236,130,217,94,41,30,213,73,247,243,135,121,97,40,187,246,252,243,169,243,97,185,233,219,197,187,136,159,159,147,167,183,133,170,219,206,232,208,204,76,113,26,16,211,91,15,215,104,20,22,105,51,30,73,155,94,164,89,116,87,153,44,120,110,37,109,186,141,120,240,111,239,94,173,193,145,251,211,226,252,207,99,4,175,231,89,62,126,68,118,194,60,115,55,253,240,9,10,68,124,237,27,93,235,169,132,45,255,80,120,4,135,3,247,181,42,34,142,253,111,249,51,220,56,185,180,218,189,232,168,255,109,240,187,236,30,176,30,196,74,13,209,170,23,219,226,124,209,155,52,172,111,46,22,52,202,180,242,138,126,230,64,222,83,237,38,246,167,122,196,148,95,163,191,125,98,167,161,15,39,110,191,53,247,102,251,50,71,242,184,187,143,24,215,172,93,61,123,79,111,210,238,211,71,217,90,30,19,51,135,125,239,126,250,125,62,223,115,164,39,137,113,123,191,75,50,133,133,123,159,89,26,249,119,217,39,221,129,58,138,170,139,141,166,132,155,157,61,89,97,61,31,244,118,217,251,227,125,160,135,138,253,231,198,9,155,235,79,249,219,216,221,137,185,129,224,241,181,215,73,214,243,147,199,235,191,60,170,46,66,14,45,36,204,110,69,109,47,246,244,19,235,88,94,38,74,142,16,34,253,187,239,114,156,62,174,150,111,157,31,144,67,102,93,108,210,103,65,227,62,250,247,192,119,91,149,166,210,80,104,111,210,125,126,73,154,74,91,56,238,76,206,226,230,6,210,170,79,149,187,132,147,153,87,112,227,52,95,50,245,175,42,40,223,118,108,156,177,246,251,121,144,109,188,134,148,134,213,85,99,175,170,228,196,174,135,178,27,52,236,234,248,239,230,204,75,228,255,98,219,249,185,188,94,215,221,166,239,213,214,91,229,166,167,203,20,31,87,24,143,13,63,23,2,255,35,204,41,229,10,202,19,145,127,89,243,155,85,122,214,109,79,55,10,109,230,83,68,160,18,138,175,101,207,231,255,163,102,52,126,125,198,93,179,243,118,230,191,253,103,229,73,232,163,47,163,165,255,221,169,181,74,43,155,215,159,181,101,151,157,213,163,214,167,117,162,182,212,46,251,201,245,225,142,175,141,147,189,203,174,122,195,117,255,79,26,189,255,166,235,222,103,105,241,94,134,39,235,111,126,176,190,254,255,167,136,197,31,47,236,124,90,177,11,123,245,177,166,92,252,183,51,54,52,190,22,174,251,144,250,252,123,48,56]
CFO=2313.963503528654,STO=1
EsN0dB=-1.06,GRXdB=40,N0=0.0063095735386013985
packet_number=191,correct=False,payload=[202,75,183,156,88,113,176,126,65,61,254,211,225,174,61,5,135,161,21,248,73,34,167,42,105,148,42,184,156,82,78,198,0,48,103,126,251,26,55,255,185,151,35,158,97,240,247,127,166,53,239,105,95,223,81,18,22,153,193,155,193,215,125,125,182,12,53,180,69,114,192,126,21,76,249,116,239,14,253,143,43,88,19,20,68,173,0,110,162,48,67,116,13,221,251,166,20,242,102,115,7,239,41,40,11,24,106,228,67,190,226,94,15,213,21,27,103,254,175,175,142,74,201,83,70,145,76,47,171,203,166,107,132,9,204,114,64,63,100,136,6,115,188,147,229,64,1,60,197,89,173,144,211,154,174,238,229,201,246,184,78,89,69,12,135,116,201,110,210,135,126,184,228,205,227,155,95,95,254,215,126,87,239,114,206,98,51,248,131,190,238,137,159,31,47,53,17,0,119,16,222,74,178,13,95,235,248,237,87,9,227,58,189,214,105,168,20,31,55,189,205,109,252,252,47,224,30,168,78,26,173,219,191,244,110,151,81,129,164,155,15,30,44,245,118,123,169,106,141,187,187,31,247,190,163,210,2,208,57,174,33,153,14,86,16,208,228,80,129,30,120,149,81,188,177,249,232,233,49,103,163,152,124,125,236,241,184,184,128,216,30,178,123,163,233,134,1,2,179,195,198,205,155,67,108,230,43,142,135,176,98,27,20,223,183,186,58,215,169,80,12,20,54,95,249,68,229,197,245,245,54,20,124,214,41,21,239,154,52,254,235,79,203,125,164,105,38,185,8,210,233,57,183,6,131,54,175,231,246,79,7,242,165,119,181,246,246,119,187,235,100,120,78,177,117,111,88,167,210,244,210,182,247,220,210,188,154,180,202,217,186,67,37,31,202,83,156,65,255,121,200,211,172,59,234,11,234,252,143,129,228,150,155,77,109,230,58,217,95,15,73,62,218,126,111,88,2,234,239,210,43,180,135,18,118,139,59,123,46,120,97,138,187,238,3,79,179,60,71,91,191,60,104,165,108,92,241,240,4,110,129,179,253,203,158,255,56,167,124,105,205,142,129,149,165,249,222,254,205,188,76,70,118,245,10,39,173,56,140,190,218,85,215,126,164,240,215,217,226,153,159,126,30,190,94,85,159,215,121,187,159,105,57,86,198,29,193,165,66,237,104,154,180,37,96,60,145,153,149,249,42,24,95,129,87,142,170,163,144,185,232,77,176,50,72,114,184,48,162,53,202,116,214,59,79,145,192,155,142,111,208,157,139,230,23,91,62,255,203,30,189,183,201,141,19,213,134,83,33,220,255,156,68,29,246,153,126,51,239,84,234,92,235,182,45,52,133,159,210,253,21,9,119,162,227,133,169,254,6,74,125,183,160,219,38,87,6,187,226,249,230,170,244,31,131,29,150,73,163,179,114,31,198,229,183,22,8,124,198,72,55,175,72,57,12,245,170,205,159,155,26,190,205,221,181,93,205,28,35,217,255,167,31,27,73,213,119,241,121,89,245,80,147,150,166,168,128,196,63,117,19,13,228,121,115,223,187,110,169,239,10,52,50,224,128,126,131,247,255,190,255,187,227,26,2,190,85,73,251,221,237,44,119,152,180,100,250,175,138,152,29,14,23,181,232,111,99,40,61,141,147,63,252,223,171,239,164,143,110,208,217,63,16,142,174,184,234,222,100,206,194,248,151,217,151,209,67,9,253,126,255,158,243,187,213,202,231,251,140,66,51,202,214,146,98,122,145,155,123,160,242,252,153,249,165,216,119,54,9,95,81,116,77,214,38,106,251,121,100,206]
CFO=2491.6738792431156,STO=3
EsN0dB=-2.47,GRXdB=40,N0=0.007943281903862953
packet_number=192,correct=False,payload=[192,153,135,55,43,34,83,203,134,225,103,186,119,180,209,177,70,79,189,87,2,95,158,41,36,3,183,69,72,164,215,68,34,142,75,227,242,212,255,48,150,248,161,51,102,4,245,43,208,166,193,140,158,237,47,193,186,18,223,23,237,156,181,127,128,90,142,245,90,159,144,83,179,190,149,27,145,62,229,52,76,21,98,114,238,178,120,232,57,114,63,9,18,59,28,177,136,27,225,105,60,109,166,21,226,99,51,167,124,100,176,60,58,183,127,103,1,56,243,57,226,184,109,23,142,191,226,149,74,145,143,183,12,2,221,222,66,226,214,137,246,148,248,17,246,95,185,87,83,89,253,163,224,79,251,87,252,130,167,4,202,165,107,241,18,236,127,179,183,240,162,243,83,0,22,65,230,163,133,67,231,208,233,250,225,18,193,213,135,254,248,222,231,255,247,67,230,229,212,16,67,66,240,165,103,116,127,160,111,123,183,194,75,24,253,195,94,122,68,253,252,254,41,184,43,92,93,203,190,72,4,128,224,200,113,13,253,84,227,77,198,241,181,187,63,253,27,42,90,150,239,235,93,214,235,101,212,48,25,220,250,180,68,164,147,94,209,35,79,23,7,93,134,103,134,199,34,14,149,241,239,173,4,95,41,206,233,25,114,18,42,173,18,26,182,150,187,2,163,207,39,128,11,181,238,22,209,29,10,63,155,210,24,236,211,157,228,90,128,220,216,151,87,170,170,1,125,197,42,215,167,46,36,39,124,35,134,86,197,0,22,60,168,81,41,46,186,239,172,100,196,100,76,231,239,231,189,49,49,147,186,114,149,227,42,223,164,180,245,210,249,114,163,121,1,125,184,159,47,209,76,157,185,104,70,156,191,122,114,92,57,22,18,65,193,80,159,40,31,213,158,118,127,56,95,72,137,47,24,154,170,71,117,62,122,85,162,238,65,77,205,209,24,113,164,206,219,216,108,197,117,223,125,188,32,82,192,187,90,91,39,240,67,8,232,203,220,68,238,169,88,251,226,205,94,46,213,119,169,11,201,118,104,242,213,126,119,203,59,26,235,65,254,26,18,111,148,189,239,94,10,44,41,235,252,150,211,106,213,41,214,47,56,55,246,194,140,54,231,178,201,117,217,92,250,157,247,200,127,125,47,163,238,41,115,50,31,43,64,23,42,27,127,183,75,26,211,213,242,182,185,64,158,160,100,173,200,8,180,41,52,219,141,125,10,84,135,3,216,71,85,151,151,216,92,50,94,139,137,164,170,28,108,114,91,12,197,30,11,208,130,251,239,44,134,28,216,248,170,121,45,5,131,103,48,252,75,178,178,192,189,68,40,98,63,99,58,110,216,1,211,249,137,67,237,190,187,103,190,102,235,15,246,115,79,171,179,48,210,34,144,20,110,231,250,222,73,99,140,89,177,23,127,24,243,167,140,87,244,21,137,222,190,74,248,208,151,110,101,81,113,102,195,238,119,85,118,70,100,14,204,220,82,194,190,92,251,123,56,5,211,12,16,147,231,142,79,173,13,66,16,152,130,213,12,212,149,156,246,218,213,216,211,81,84,71,130,76,227,178,210,234,249,124,27,151,77,15,87,92,163,233,103,229,164,231,236,149,103,1,77,54,225,167,220,21,63,98,190,148,61,119,140,77,255,76,231,211,62,175,215,122,183,30,30,120,143,240,213,121,148,86,71,180,126,39,126,186,134,237,0,164,208,125,255,127,241,245,166,14,211,158,51,203,194,140,238,26,223,135,183,16,95,229,141,237,220,45,38,237,185,41,147,27,203,114,196,124,181,70]
CFO=-10014.013549722495,STO=1
EsN0dB=nan,GRXdB=40,N0=0.007943281903862953
packet_number=193,correct=False,payload=[241,252,85,100,51,232,138,74,80,121,1,39,118,85,15,217,110,229,216,74,135,173,15,117,144,45,197,221,202,0,44,246,184,254,246,200,103,5,46,76,217,100,183,124,79,60,145,47,117,19,47,122,199,84,112,177,226,233,110,141,177,44,144,51,181,174,26,239,224,211,151,251,96,139,248,142,183,27,204,205,37,252,93,254,74,115,56,72,126,198,206,41,75,246,59,172,244,77,2,88,109,217,146,175,124,152,129,6,156,182,27,1,143,80,34,188,246,135,127,142,46,31,74,38,115,20,24,161,19,12,77,50,107,2,195,80,151,213,77,36,88,188,165,24,193,236,235,104,94,110,166,101,192,77,30,121,237,84,166,246,121,218,99,27,220,79,2,7,32,67,49,105,111,251,247,5,166,89,129,125,147,48,175,199,23,194,254,84,160,194,46,171,61,67,197,95,108,10,95,181,14,5,169,226,212,249,42,53,96,32,244,200,29,114,171,200,146,38,39,108,168,157,135,57,42,142,131,82,150,140,182,171,223,64,191,38,25,66,39,108,4,241,33,175,71,77,37,104,219,119,200,229,189,76,14,117,204,204,144,149,140,9,203,185,247,57,22,51,148,13,44,207,194,58,30,155,225,60,149,123,67,76,131,4,27,79,132,11,52,10,70,230,119,104,24,255,62,28,31,68,41,4,189,55,50,38,99,29,224,232,143,159,242,145,177,255,115,56,95,53,180,74,9,231,153,187,20,27,164,136,173,182,208,1,199,244,11,163,243,38,161,146,59,20,39,228,87,118,213,239,245,3,56,163,183,23,114,38,191,25,119,5,201,81,19,45,178,103,94,218,250,32,99,41,151,237,118,7,34,198,28,17,14,78,136,147,188,136,224,82,78,167,177,219,133,97,188,153,65,6,22,240,14,247,31,78,187,170,110,75,210,178,64,142,0,150,101,34,8,151,4,76,16,92,110,214,189,76,167,134,176,176,117,188,154,143,43,111,17,25,213,50,192,54,187,2,40,242,225,215,176,38,36,92,216,92,208,166,66,16,90,153,3,201,136,16,196,33,128,66,192,178,153,174,236,140,203,209,245,184,174,14,166,27,28,5,24,149,99,103,234,158,81,172,113,225,162,114,131,53,103,121,160,166,34,57,24,158,149,44,151,103,201,93,147,213,22,69,69,37,68,117,189,195,22,61,166,48,179,119,93,73,111,151,230,172,143,226,212,22,20,64,43,204,98,128,168,104,56,230,174,197,66,57,2,123,214,126,157,223,18,70,144,117,22,251,255,18,247,215,226,76,49,151,241,93,12,81,72,87,215,120,112,7,102,183,33,186,205,98,228,143,215,51,39,89,204,193,132,138,122,218,129,186,43,81,76,88,188,230,96,21,15,115,192,75,41,180,250,4,173,184,192,153,28,61,207,54,124,14,211,80,162,104,136,134,208,51,103,203,150,117,110,43,57,199,160,81,167,28,222,13,246,141,213,118,53,193,84,52,222,186,100,237,83,5,51,86,57,100,59,173,17,198,75,76,149,3,122,101,103,82,132,219,58,99,174,6,229,137,135,206,91,65,103,135,109,53,148,254,34,186,200,31,167,244,68,90,242,65,248,60,252,118,32,155,122,5,15,147,188,247,7,126,70,135,69,150,53,136,120,251,212,118,223,163,253,15,227,163,113,228,20,30,87,249,126,92,11,247,152,211,26,31,222,211,62,247,210,108,179,160,154,102,98,193,159,109,173,10,189,155,205,157,96,69,147,26,55,196,66,206,114,84,152,226,213,229,233,2,23,219,195,162,225,136,227,164,133,80]
CFO=-11337.821841906672,STO=5
EsN0dB=-1.48,GRXdB=40,N0=0.007943281903862953
packet_number=194,correct=False,payload=[255,228,139,101,191,241,98,184,52,250,215,165,212,167,91,178,190,238,89,221,75,220,156,199,90,190,239,97,206,59,47,127,237,41,88,125,30,222,120,31,205,235,116,150,166,211,49,222,213,91,91,55,20,212,127,31,11,236,190,217,72,153,61,99,137,201,154,93,35,123,232,218,123,195,182,202,241,181,216,223,137,59,37,15,189,3,252,92,245,119,166,252,7,241,47,67,121,31,95,191,136,61,114,239,155,101,254,63,124,243,210,191,56,57,51,133,246,190,71,221,15,119,191,108,77,247,242,46,207,122,219,5,69,103,239,127,206,244,210,108,123,161,242,143,113,127,242,61,46,127,174,186,93,187,12,227,183,23,72,149,128,26,117,239,227,114,230,147,157,31,237,170,113,74,129,86,11,253,154,221,217,230,89,178,199,117,237,14,125,210,240,60,255,124,119,157,109,130,215,248,28,235,192,241,250,244,55,183,35,27,215,231,218,243,31,167,198,250,9,252,40,93,221,110,171,156,91,251,146,75,109,202,26,169,241,155,31,153,154,214,135,10,143,126,240,223,77,159,248,19,51,113,123,239,178,27,97,253,56,223,186,55,111,79,235,73,127,238,139,3,171,63,102,246,81,143,149,222,166,100,132,225,4,27,153,147,238,69,219,58,157,158,175,162,164,235,191,71,238,78,154,215,67,81,246,251,110,147,225,15,224,55,116,251,108,97,252,97,233,157,55,42,171,123,226,221,11,79,43,253,222,227,250,244,152,255,57,231,253,171,244,235,229,254,22,201,167,206,137,250,226,237,46,119,137,219,235,230,87,223,246,223,220,47,55,105,215,251,86,94,65,129,109,251,189,150,239,37,54,101,254,146,175,129,241,109,53,236,93,105,186,40,193,106,111,165,112,251,238,65,240,217,153,238,147,254,210,127,173,59,127,190,199,219,118,127,99,157,47,79,140,207,26,104,227,183,87,129,76,207,29,15,59,231,76,253,247,127,243,250,239,155,150,239,47,87,246,183,175,127,7,5,207,35,10,127,208,211,31,170,91,87,52,156,217,139,217,197,235,171,35,141,45,189,253,73,223,143,229,140,93,117,95,92,131,87,14,13,102,219,120,247,214,68,63,238,249,92,209,127,197,75,135,73,204,190,183,29,83,127,125,112,82,254,159,47,168,187,187,211,59,236,189,169,209,192,253,108,191,122,71,93,139,191,255,114,22,123,55,160,156,186,179,250,246,150,253,250,235,198,79,48,248,231,223,207,142,63,213,238,188,115,252,42,172,229,90,97,206,236,245,175,61,203,211,79,245,183,37,95,36,229,83,71,139,74,176,30,253,127,89,141,56,221,79,189,37,150,68,247,124,111,178,174,49,26,46,240,92,245,246,63,251,208,23,126,198,206,255,46,215,182,138,205,249,227,211,212,181,214,143,173,74,180,102,215,99,20,245,67,90,222,118,191,124,172,52,171,147,155,157,199,127,61,210,176,58,227,168,72,76,187,207,96,110,66,219,203,221,179,104,235,120,26,150,87,150,39,212,95,53,201,23,57,231,90,103,71,255,216,94,227,121,211,98,231,187,105,23,166,135,214,63,111,15,40,126,125,205,52,197,112,159,57,245,188,253,50,151,14,159,107,184,52,255,179,97,115,203,154,133,235,113,225,211,191,251,121,127,35,131,63,99,55,77,75,206,149,39,215,10,183,215,199,208,87,195,242,218,71,157,36,213,175,135,251,221,91,142,89,183,240,139,82,69,189,245,154,47,175,243,119,118,151,191,107,79,121,227,95,62,51,229,117,252,62,57,27,52,118]
CFO=-5786.375945116784,STO=0
EsN0dB=-2.29,GRXdB=40,N0=0.007943281903862953
packet_number=195,correct=False,payload=[44,12,206,71,221,223,120,229,132,217,147,79,248,167,23,225,88,228,168,195,89,113,218,199,58,220,166,247,116,138,16,191,108,50,106,183,254,225,11,232,207,255,54,61,189,62,149,129,228,190,62,236,149,181,23,222,193,138,2,93,239,216,143,254,206,58,4,170,178,183,118,88,227,244,182,255,133,195,215,30,231,156,253,91,151,47,240,96,223,190,42,183,194,246,159,86,58,108,101,176,159,248,29,30,189,250,28,78,40,231,133,235,230,35,214,209,154,115,125,28,95,227,237,213,28,209,93,151,199,201,201,55,20,143,153,226,161,251,239,240,182,215,150,181,21,77,88,127,132,250,231,235,182,243,105,173,173,103,130,13,30,57,230,136,176,202,50,13,236,141,82,103,245,127,6,145,188,122,141,94,47,94,155,41,244,255,122,125,83,140,143,200,159,232,226,117,166,118,185,236,158,236,94,157,241,123,130,240,243,53,117,232,239,108,116,246,145,31,54,105,38,194,55,180,197,38,89,243,174,249,29,81,163,217,127,121,217,251,109,181,235,247,160,247,205,122,154,255,181,147,191,166,166,35,142,176,191,243,224,197,133,72,241,240,254,198,138,209,231,195,27,43,199,60,69,210,246,255,222,243,247,214,103,212,92,173,223,184,247,230,57,243,15,235,77,186,206,3,165,168,193,235,79,221,238,107,187,184,203,218,255,236,15,147,105,90,13,87,250,220,76,169,160,201,148,250,227,100,233,210,90,124,7,206,179,61,178,48,254,148,228,178,71,37,6,199,197,229,166,155,255,61,183,227,158,252,111,203,12,105,234,200,137,208,121,55,251,179,222,216,189,83,191,218,167,254,169,239,94,149,223,222,189,112,134,237,205,103,218,243,247,161,232,99,32,164,99,49,153,136,51,251,116,231,236,122,75,143,31,230,250,102,146,251,43,237,78,179,218,102,251,229,61,187,198,50,166,6,247,183,251,250,155,244,111,45,105,245,230,135,254,45,69,155,120,93,245,105,38,154,42,125,52,177,151,150,177,255,213,238,166,170,51,75,184,146,116,219,242,196,85,143,13,234,237,93,92,190,107,201,243,122,4,56,175,208,85,83,173,42,171,119,110,249,217,182,213,252,108,23,210,93,190,197,124,217,240,189,101,60,253,97,255,249,141,147,117,191,181,219,231,235,134,17,39,205,179,63,168,211,139,78,212,61,208,131,255,21,58,41,43,125,191,73,102,110,244,171,33,107,242,252,239,106,174,222,147,221,221,62,19,82,186,255,105,252,218,239,126,199,155,137,133,182,111,245,95,227,242,124,123,219,127,237,246,252,57,1,136,230,169,118,255,88,207,255,7,67,11,106,111,63,191,34,252,251,9,131,121,58,218,41,217,243,62,109,105,113,41,12,51,154,187,85,62,245,230,173,233,17,191,155,76,226,124,126,109,250,35,115,175,152,229,236,191,238,151,101,40,62,117,187,57,197,230,242,179,242,114,26,234,83,56,84,207,209,190,223,233,118,14,190,198,193,157,232,4,254,114,105,239,127,70,247,152,217,229,19,162,207,31,211,184,110,249,236,171,229,103,205,86,181,205,214,223,251,124,141,169,137,97,84,46,249,186,241,190,164,166,167,246,255,188,244,188,253,110,9,109,245,254,60,103,254,127,211,215,119,62,203,122,243,243,214,125,254,121,89,121,234,79,215,213,239,156,194,241,197,236,223,163,250,162,124,58,221,6,230,255,163,116,233,135,38,59,192,155,230,175,223,162,57,53,236,179,93,243,221,249,213,195,241,227,216,229,154,162,107,250,250]
CFO=7810.70077086347,STO=3
EsN0dB=-1.64,GRXdB=40,N0=0.007943281903862953
packet_number=196,correct=False,payload=[74,200,97,241,179,243,218,25,203,58,66,236,43,230,162,79,184,122,148,75,106,18,124,43,185,21,168,162,185,245,14,54,177,207,216,80,117,97,12,8,220,101,240,157,46,113,15,194,6,16,109,249,99,114,139,79,68,164,141,144,75,132,63,177,201,211,24,168,217,136,56,40,10,112,120,7,15,148,1,96,76,241,176,149,41,75,78,128,158,131,74,3,169,190,43,146,237,184,231,209,64,160,127,129,57,246,187,58,73,64,171,72,27,233,233,146,244,119,83,53,137,150,94,54,59,26,158,147,109,148,5,246,32,14,119,5,76,80,7,113,116,127,31,117,42,64,202,42,86,135,185,12,197,55,181,146,140,56,186,202,136,231,20,118,93,206,152,33,51,178,5,171,43,246,181,211,76,24,253,115,66,230,189,41,19,220,23,119,194,196,215,216,72,241,128,192,138,213,126,194,150,149,160,126,44,8,52,0,142,81,100,23,94,218,58,20,92,89,153,233,215,207,174,179,206,35,175,238,175,238,206,25,36,54,146,45,171,241,183,53,101,246,67,54,244,158,15,31,15,134,90,169,220,13,53,229,92,204,137,39,197,91,216,252,16,248,105,208,250,48,156,162,56,246,78,48,164,186,57,158,91,21,156,177,220,236,168,160,229,214,222,229,184,250,166,31,57,75,142,57,16,113,182,90,25,20,17,87,12,66,56,177,160,173,61,193,20,195,159,186,10,196,22,99,207,245,14,18,72,151,61,2,105,181,242,215,150,60,83,78,126,42,36,152,179,114,79,120,230,119,190,74,147,225,93,160,186,194,186,113,235,218,93,202,104,147,115,94,117,62,27,2,55,133,179,139,203,85,202,15,9,218,100,208,208,94,108,3,124,198,184,71,26,130,12,199,54,212,106,26,31,36,59,42,134,209,118,200,237,38,146,70,215,144,114,77,200,221,101,116,5,54,61,147,104,135,154,166,126,62,120,243,108,134,53,97,40,35,253,203,46,142,152,129,136,166,187,161,133,158,241,209,204,159,246,70,221,29,51,194,38,225,91,229,70,163,126,86,104,200,77,38,160,238,254,34,45,86,18,35,134,42,152,102,179,232,39,63,110,9,175,39,239,10,164,78,101,81,90,125,31,98,38,245,6,167,253,152,76,103,37,185,86,137,78,201,46,176,158,99,193,43,148,61,8,243,152,21,146,102,28,1,117,241,40,136,104,161,47,228,250,26,235,60,182,144,18,193,97,253,176,41,179,59,194,200,176,51,169,77,61,4,84,219,8,99,136,160,105,133,185,228,50,163,200,242,66,77,78,168,43,177,220,64,41,24,40,69,100,19,26,113,158,208,107,214,128,56,10,204,67,55,219,127,114,26,150,35,70,144,78,64,237,58,209,33,123,27,15,130,59,207,136,23,65,163,95,216,203,185,108,179,56,159,251,131,179,145,64,102,201,150,139,203,152,184,223,140,173,105,101,166,37,15,161,101,248,80,212,113,73,37,173,86,105,176,130,32,126,150,57,226,29,205,70,196,52,182,132,67,233,198,113,163,116,149,45,80,131,20,109,102,10,97,191,244,180,195,52,63,14,156,36,121,214,238,215,115,214,246,66,30,198,2,76,166,38,197,142,138,204,164,190,119,100,254,79,36,223,21,164,226,160,246,29,152,252,22,223,98,75,41,198,214,10,41,86,186,15,177,31,79,233,96,174,87,81,173,183,215,15,255,254,170,162,144,252,153,227,248,28,138,134,50,96,19,16,20,60,2,158,2,48,147,80,220,232,96,230,114,30,23,137,204,232,164,232,38,187,230]
CFO=3920.7809211316558,STO=0
EsN0dB=-1.30,GRXdB=40,N0=0.007943281903862953
packet_number=197,correct=False,payload=[131,87,92,126,100,141,169,118,117,235,232,212,41,27,52,13,142,21,221,241,17,80,119,135,67,40,64,250,193,173,191,45,208,56,64,192,42,239,130,185,67,129,130,180,215,50,31,228,98,86,109,162,246,26,116,39,205,198,5,80,235,113,25,161,147,242,51,215,81,139,125,89,118,100,40,148,196,230,41,216,166,12,172,107,1,32,218,79,227,218,73,223,161,53,85,243,181,251,171,166,52,126,221,186,27,236,109,62,190,142,118,247,100,195,238,240,169,72,247,63,70,173,10,127,52,129,243,235,197,237,205,253,34,8,47,175,226,221,164,145,13,52,90,61,205,241,3,121,91,247,138,127,58,53,249,120,233,22,8,217,199,83,235,220,10,60,108,210,167,203,189,114,13,22,104,221,220,136,13,168,10,63,211,31,72,93,167,24,171,92,166,154,110,131,209,207,108,152,203,205,29,230,146,86,33,30,49,156,244,169,80,0,14,185,54,212,45,25,240,191,99,91,67,253,77,223,225,11,10,12,108,215,130,94,244,221,92,136,74,175,146,150,208,120,110,23,166,235,12,172,100,85,188,98,117,148,113,223,155,223,138,196,116,56,250,20,82,7,0,142,144,139,74,240,244,125,11,27,57,193,13,211,231,113,147,14,239,209,217,163,107,64,205,220,166,146,210,146,220,106,162,225,80,248,253,111,112,162,13,15,113,225,38,51,42,247,11,32,209,115,181,110,97,229,166,84,109,70,205,88,162,121,101,240,148,246,193,223,254,116,188,9,173,21,148,58,55,108,201,221,143,199,210,114,124,229,21,143,39,122,39,152,14,127,238,151,204,159,236,231,121,113,243,18,213,90,149,17,111,201,105,114,245,44,235,238,127,149,134,108,14,12,80,114,38,220,150,222,184,242,201,229,159,226,184,113,52,73,197,27,116,241,171,185,229,31,101,185,121,122,42,91,62,242,43,81,246,149,39,185,191,58,139,219,194,203,84,91,253,27,136,125,216,173,231,190,241,241,211,220,255,164,173,134,112,157,2,214,187,245,8,80,103,94,68,172,204,205,128,191,92,254,208,125,188,110,107,117,166,112,31,167,29,174,92,180,139,106,208,242,152,250,71,216,54,189,91,253,228,155,34,26,121,235,138,95,38,188,221,127,143,187,157,223,236,109,17,59,23,126,245,102,32,192,230,52,33,120,189,120,247,247,133,49,11,3,205,79,254,124,237,61,161,15,178,117,230,169,45,153,109,69,83,196,22,87,138,22,46,236,249,130,237,243,133,117,55,91,147,217,112,44,194,0,151,211,204,81,207,238,110,253,53,51,10,157,204,228,73,48,140,39,118,223,11,201,13,175,146,46,65,241,187,215,9,215,88,220,237,29,243,52,136,70,46,110,198,119,240,254,139,96,69,191,244,247,189,215,27,221,247,135,243,251,83,108,129,71,163,255,110,133,168,254,10,191,237,120,70,194,177,247,18,60,249,88,140,145,157,249,187,239,35,83,54,200,86,47,36,114,159,61,244,176,219,244,27,135,119,58,221,44,243,115,10,131,239,152,13,209,15,53,163,127,157,148,254,229,201,28,101,186,201,183,220,54,127,245,93,155,115,201,222,81,125,147,47,189,134,126,248,208,124,89,51,121,175,84,75,124,80,122,5,170,223,141,212,227,125,110,70,14,108,85,154,87,143,116,130,45,14,253,223,205,118,201,14,211,146,215,171,218,14,195,183,247,7,254,4,218,57,207,66,208,2,68,0,154,250,244,131,141,10,122,196,90,148,103,16,147,57,219,96,112,93,138,1,177,107,251]
CFO=6037.189029176115,STO=5
EsN0dB=-0.94,GRXdB=40,N0=0.007943281903862953
packet_number=198,correct=False,payload=[141,225,181,76,38,49,39,203,93,176,158,163,117,28,89,62,145,237,125,193,179,97,223,80,123,121,98,242,101,120,44,51,37,114,208,16,199,160,163,185,196,147,153,130,156,12,248,8,210,141,159,193,89,133,104,205,148,162,125,96,41,102,239,190,48,243,181,17,140,19,59,51,21,117,127,34,234,163,35,193,254,53,15,208,97,42,209,95,241,81,63,88,41,125,41,204,22,57,169,101,253,195,173,67,200,237,147,176,31,169,167,18,241,186,181,197,134,65,175,213,23,222,31,201,45,142,57,199,118,176,56,250,52,158,142,35,207,144,31,38,122,196,39,149,68,14,164,74,5,241,14,141,210,56,222,241,87,3,254,27,25,121,73,28,193,141,190,112,151,3,144,167,150,62,172,102,213,162,183,12,94,152,142,87,86,246,138,168,119,234,119,52,182,64,191,51,214,234,105,18,11,185,28,184,168,203,38,235,84,58,175,117,79,218,207,198,65,105,56,123,248,45,34,227,117,81,133,206,199,75,137,3,18,131,93,99,143,219,173,224,242,212,251,70,171,132,133,235,198,141,62,240,225,122,156,91,249,14,64,105,35,12,255,246,144,84,239,185,4,132,228,148,173,63,58,65,5,233,4,28,86,120,92,57,241,114,46,255,90,80,8,194,79,138,76,178,148,131,55,152,27,8,189,254,22,200,181,241,218,218,79,99,77,219,96,210,201,48,116,216,46,121,221,67,153,137,246,92,26,27,69,5,34,107,108,83,150,123,250,209,251,73,97,216,27,8,89,61,87,120,202,217,0,250,225,78,128,192,85,79,251,249,208,133,141,57,180,156,174,145,24,91,133,245,205,253,190,55,249,173,95,137,45,233,243,125,174,51,86,104,55,60,52,30,140,98,43,168,232,212,102,41,86,75,114,178,11,59,220,87,148,134,46,101,122,41,53,77,27,48,151,190,245,210,23,204,239,37,162,199,10,228,226,184,178,35,235,75,138,224,118,130,240,149,107,106,31,181,214,179,255,229,203,170,56,144,5,207,83,177,39,139,30,37,141,253,63,219,46,99,92,90,141,228,181,40,99,117,65,25,44,209,154,195,213,211,170,244,110,43,55,201,103,167,185,167,61,43,71,149,227,71,30,202,99,203,219,103,182,228,51,98,108,187,236,253,224,28,213,1,87,99,67,41,6,128,168,16,239,21,235,54,207,59,33,31,255,24,94,143,1,111,233,42,1,159,95,104,212,128,159,141,116,212,133,131,206,145,244,60,181,184,95,112,242,186,236,163,90,72,254,106,244,32,252,254,70,184,69,73,89,140,42,10,31,53,26,21,117,81,229,123,252,13,253,72,199,0,87,101,75,26,217,172,39,233,107,251,49,221,156,202,1,156,168,48,207,161,165,249,89,177,158,25,137,154,156,36,68,197,101,114,177,213,68,227,193,167,236,178,53,167,122,179,143,247,141,140,39,214,20,53,108,46,175,170,140,3,54,0,186,82,70,81,18,234,247,118,102,233,122,185,31,188,190,184,158,123,73,218,135,26,111,162,51,234,174,143,215,179,170,133,192,202,82,115,208,190,191,103,102,111,194,166,164,250,94,109,15,239,47,99,33,84,47,134,51,234,249,211,228,217,201,81,206,15,221,90,13,56,222,66,180,47,175,95,88,191,62,146,212,200,205,157,147,1,147,213,22,205,8,231,23,25,165,8,163,139,31,143,246,11,137,227,134,237,91,151,146,111,114,57,78,199,5,166,52,28,238,176,237,31,124,248,120,8,56,194,85,10,5,229,196,229,127,196,105,98,104,116]
CFO=-10779.550638271372,STO=5
EsN0dB=-1.51,GRXdB=40,N0=0.007943281903862953
packet_number=199,correct=False,payload=[91,203,154,236,142,253,95,12,251,226,68,192,222,31,40,246,159,142,222,83,198,172,246,97,181,252,57,157,31,22,222,82,252,107,78,247,35,249,236,249,81,79,16,15,235,248,109,13,222,145,211,243,175,199,49,229,240,174,252,207,113,110,110,14,116,118,174,179,55,157,160,117,250,83,239,247,213,210,235,184,213,233,233,100,166,157,190,81,222,99,141,107,110,86,7,238,91,244,167,93,79,158,18,97,44,124,245,147,231,175,207,205,184,247,187,75,237,118,151,122,252,129,126,157,223,45,179,150,222,228,159,231,233,59,165,251,111,75,245,232,187,39,250,59,218,56,238,69,9,206,120,133,205,253,244,57,39,69,243,29,238,133,191,104,189,110,235,201,207,123,249,43,227,41,45,38,231,67,2,239,223,111,181,6,111,255,188,106,236,153,55,102,185,98,167,14,167,3,101,27,31,31,84,85,157,181,205,47,170,239,186,118,251,115,246,249,68,151,35,113,219,183,53,244,213,81,116,205,167,203,254,218,134,167,254,185,186,242,186,198,175,60,248,220,118,141,45,63,148,119,252,237,42,88,234,254,175,250,235,151,211,147,111,86,49,156,205,239,133,234,247,14,147,137,71,208,169,83,159,105,85,129,35,225,209,238,243,93,49,223,26,245,92,222,91,106,203,213,83,105,200,175,56,238,252,227,251,95,169,41,228,60,236,124,51,231,142,189,90,250,62,77,73,108,186,91,163,152,121,222,107,233,202,254,183,247,127,209,223,187,190,225,31,190,143,117,47,87,102,234,172,123,222,233,14,142,217,247,93,123,255,173,140,223,168,189,247,222,218,47,241,222,254,108,253,135,17,91,245,159,162,124,213,46,183,215,68,252,248,104,29,184,191,222,67,119,142,167,237,178,230,171,123,235,167,177,58,182,191,106,145,110,117,245,35,161,252,126,99,60,111,174,233,53,75,151,59,76,249,255,104,253,91,245,142,207,245,254,21,11,255,237,149,192,145,115,4,58,86,39,200,7,235,225,156,219,159,247,254,241,191,214,117,114,254,245,166,125,72,2,119,127,246,62,185,97,128,2,179,174,21,246,87,95,106,203,239,3,228,237,157,92,249,250,187,126,202,224,251,98,100,107,52,157,173,86,31,35,143,12,29,249,74,159,119,127,123,91,183,136,239,195,166,239,201,251,255,242,154,158,254,66,27,132,243,72,65,116,169,255,201,79,178,230,199,255,199,62,199,185,123,89,193,152,55,99,253,227,254,244,91,254,237,250,139,87,124,211,254,150,245,183,64,255,29,86,239,143,4,99,238,215,161,119,223,29,108,19,132,163,111,75,167,217,116,175,230,243,64,124,88,254,158,252,183,54,136,129,148,85,157,75,234,17,206,71,26,73,136,183,109,186,95,135,181,243,123,246,123,60,186,253,7,155,191,94,118,238,238,99,238,247,207,218,27,199,187,208,212,249,130,63,226,175,163,202,126,21,87,221,29,78,214,123,175,180,45,217,167,253,195,130,207,68,75,98,247,158,233,186,177,190,203,91,25,132,254,117,184,219,251,182,231,234,94,36,157,44,131,175,253,37,239,28,109,67,68,175,169,180,162,170,245,247,215,198,183,29,60,222,7,90,118,159,115,62,63,159,51,204,216,125,248,243,178,102,176,239,97,3,239,100,218,218,181,169,120,238,179,195,191,175,183,243,252,99,60,186,75,186,215,169,89,74,255,124,40,249,254,223,14,126,47,156,125,243,146,244,123,84,182,228,66,25,141,60,99,219,74,205,187,210,232,139,186,215,24,122,181,251]
CFO=10966.16563595689,STO=6
EsN0dB=-29.92,GRXdB=40,N0=0.007943281903862953
packet_number=200,correct=False,payload=[188,146,135,249,198,224,213,78,148,49,110,180,141,223,146,219,186,213,22,108,171,228,32,187,161,97,224,186,181,16,181,127,8,69,102,14,107,53,150,132,41,78,224,217,235,124,186,188,170,5,5,39,127,77,193,32,108,72,230,226,90,71,233,37,158,237,195,80,116,253,8,207,210,210,162,7,169,134,201,28,186,139,78,131,34,40,111,98,187,208,149,199,153,168,115,46,147,106,19,59,209,168,29,231,192,183,225,136,213,159,44,96,125,178,85,34,240,162,98,30,251,102,244,241,243,102,176,196,2,254,175,155,38,27,190,71,236,247,39,72,70,129,78,129,11,244,228,244,77,56,75,41,213,61,244,72,38,108,139,249,179,152,164,74,119,157,182,45,84,103,253,163,165,128,107,63,122,34,231,190,186,20,9,34,28,2,170,94,123,52,19,253,82,24,108,104,164,222,198,60,57,248,148,105,19,72,86,141,163,111,107,132,213,103,175,88,248,1,193,61,127,217,150,147,240,200,225,21,21,254,36,101,109,85,14,125,198,77,133,79,57,37,219,36,159,103,186,40,179,219,130,21,227,25,0,74,251,66,18,20,231,28,173,4,47,180,80,54,80,116,83,175,72,186,107,202,22,129,124,233,0,201,44,107,188,163,178,230,252,250,197,248,21,247,88,107,54,229,222,222,5,38,162,19,140,65,221,24,174,77,96,252,185,220,157,177,174,108,20,101,90,101,109,124,213,177,80,180,19,229,30,213,218,120,180,243,252,90,229,205,70,177,19,126,107,108,85,237,175,235,23,184,23,62,100,6,25,146,0,163,133,191,129,241,136,101,12,150,9,31,145,157,130,115,4,232,223,211,223,72,100,97,194,42,117,252,11,25,54,36,83,175,244,174,117,177,219,128,51,169,148,203,200,159,161,224,57,40,38,82,22,34,25,216,90,71,69,83,129,3,152,167,99,24,51,18,89,44,131,184,94,248,142,160,34,225,121,153,10,26,129,41,194,229,152,180,142,19,78,181,227,246,247,4,116,25,224,129,24,40,117,69,118,250,159,245,26,77,70,245,83,205,254,188,244,229,106,94,114,38,0,221,229,162,0,162,79,163,220,181,144,110,131,239,141,141,21,112,147,246,7,219,10,52,132,56,6,12,191,110,120,92,179,118,126,28,238,33,190,30,54,197,214,228,29,51,44,153,57,173,178,174,5,15,201,230,212,102,224,182,119,170,87,238,20,45,78,187,203,235,52,100,205,184,213,206,177,81,235,177,227,249,214,47,210,161,229,250,165,209,6,44,168,48,72,91,73,239,118,185,22,35,124,53,71,192,181,223,126,153,246,214,240,16,140,134,242,239,0,4,141,7,184,217,36,115,215,245,159,35,29,240,165,103,162,245,99,110,170,20,110,171,59,201,110,82,241,170,92,22,104,54,0,91,222,222,126,219,125,113,104,167,197,209,190,238,230,33,62,17,231,105,201,254,60,188,224,143,21,244,74,179,22,60,179,11,90,4,179,68,187,250,160,63,249,151,108,8,224,178,116,123,93,10,215,55,25,183,167,255,207,85,154,150,134,132,76,49,35,41,201,220,59,207,191,86,230,224,158,104,172,175,150,170,124,98,243,238,105,220,167,84,73,21,205,181,214,208,102,131,40,208,181,21,198,63,185,82,178,79,68,131,172,168,98,121,190,147,184,112,138,105,244,249,49,87,195,31,118,228,28,170,248,222,170,170,85,184,77,180,49,236,50,96,15,85,128,239,4,222,97,56,87,89,166,204,229,57,202,126,206,154,251,113,170,230,15,252,92,93]
CFO=2066.813582730435,STO=4
EsN0dB=-1.77,GRXdB=40,N0=0.007943281903862953
packet_number=201,correct=False,payload=[76,31,202,197,228,137,164,22,15,25,140,139,191,135,130,224,133,36,80,157,200,17,93,129,239,77,156,29,247,138,143,216,158,26,69,244,219,167,251,219,246,159,228,64,128,45,199,132,255,246,11,40,93,199,184,172,215,63,28,60,189,158,142,54,29,51,45,182,33,105,227,53,102,95,237,124,245,96,160,107,243,211,161,188,252,49,140,44,187,47,224,175,118,107,231,99,162,89,156,178,183,179,82,27,182,20,62,183,220,114,211,58,137,227,98,154,169,46,250,182,22,113,163,228,63,158,182,223,158,155,8,68,69,102,74,80,70,80,156,136,73,209,179,222,75,134,203,106,203,114,38,251,203,23,172,212,236,189,207,111,206,229,170,118,5,29,204,107,168,117,32,124,50,244,250,204,95,116,68,91,31,93,170,71,74,21,206,25,148,95,104,154,205,59,33,158,248,20,146,163,172,227,114,52,231,241,135,246,117,13,138,98,189,41,175,96,171,90,241,38,157,160,63,74,175,74,102,105,163,181,187,85,91,69,32,22,244,241,253,242,214,83,200,67,253,213,111,76,80,241,109,187,244,93,119,211,196,116,178,64,48,35,199,169,123,115,166,222,0,21,160,157,73,183,120,17,235,3,206,40,91,13,226,5,94,133,254,190,150,107,245,240,0,229,243,151,3,26,187,84,245,37,226,255,18,103,154,49,233,238,141,12,145,14,82,124,81,132,186,58,250,247,10,164,135,226,70,166,226,186,1,92,65,51,165,213,245,199,174,113,252,232,217,69,75,196,185,46,0,69,4,165,225,68,172,149,162,162,88,195,125,178,152,147,113,112,150,111,160,179,248,21,156,28,86,128,39,126,110,23,117,125,149,238,171,183,8,42,218,100,195,43,70,33,202,102,205,12,174,28,95,79,215,243,227,223,95,139,186,75,222,125,173,223,65,127,195,71,64,183,85,51,106,27,10,155,61,82,248,55,120,86,204,99,34,87,177,109,123,212,185,49,109,60,25,215,255,159,151,47,116,196,191,163,246,214,207,13,101,202,214,54,103,54,204,237,235,117,59,200,122,234,51,80,121,125,181,254,160,238,197,154,145,113,243,107,16,119,119,171,79,5,242,23,142,151,71,122,93,136,72,233,155,26,181,125,207,60,166,185,253,200,247,150,195,74,207,57,214,44,115,247,229,138,21,31,255,30,15,55,134,201,147,85,183,88,171,44,253,17,107,141,36,62,59,9,216,201,161,173,50,142,32,227,81,164,53,165,180,231,126,5,83,159,153,11,31,212,94,19,207,159,31,27,214,58,159,249,232,167,60,34,173,164,174,187,213,48,139,163,112,119,174,34,118,103,12,123,197,10,69,58,165,78,177,161,14,110,246,89,243,239,118,129,177,59,50,58,162,182,191,239,245,214,177,183,253,63,237,16,90,161,191,43,149,127,252,249,60,126,243,171,120,75,75,213,244,84,81,240,78,124,217,245,97,197,213,93,188,108,146,104,207,209,239,223,217,245,59,200,237,204,207,44,120,115,213,105,15,107,194,82,125,47,251,186,30,204,236,103,206,116,248,236,251,239,11,43,212,86,125,143,64,102,30,139,112,132,240,101,134,5,173,107,216,101,254,2,35,75,127,247,249,204,185,241,122,94,136,251,80,100,237,101,197,104,103,111,26,123,241,137,183,90,115,255,41,84,117,37,103,140,215,125,205,160,119,127,137,106,127,14,201,254,191,73,170,171,52,187,141,73,227,1,128,126,209,43,229,12,249,28,198,135,141,148,43,114,248,60,218,106,17,4,92,157,133,84,162,46]
CFO=1894.0216546964216,STO=6
EsN0dB=-2.09,GRXdB=40,N0=0.007943281903862953
packet_number=202,correct=False,payload=[7,21,162,86,189,198,214,204,251,155,142,18,174,207,200,191,64,161,95,205,218,187,79,31,205,166,26,89,77,13,198,208,153,113,198,51,51,7,28,52,72,42,164,102,167,85,59,213,27,7,237,143,189,26,185,94,13,48,223,124,175,62,176,113,12,224,2,120,31,22,150,237,171,44,101,167,0,125,232,126,166,76,228,167,222,95,42,161,41,95,124,127,77,87,175,174,80,177,224,114,38,198,171,60,215,164,167,149,131,26,172,147,53,205,140,185,218,179,38,70,31,161,125,200,216,76,60,28,93,235,173,35,238,201,31,206,145,159,30,255,45,65,44,92,209,101,212,169,98,131,124,254,133,183,75,50,222,91,228,221,91,125,214,147,222,105,227,21,150,113,19,3,0,27,243,216,234,114,219,61,160,171,190,254,236,121,222,103,146,173,11,202,81,151,125,15,234,207,154,101,203,253,213,162,187,114,124,90,243,130,9,216,170,207,58,174,42,106,221,226,186,245,56,229,144,252,186,54,146,120,229,182,166,93,202,139,113,92,40,121,242,179,174,232,112,225,183,191,53,157,220,183,69,245,40,136,4,135,223,211,19,165,246,158,19,67,77,47,231,65,231,120,74,154,235,15,237,135,148,25,157,42,156,87,250,136,115,19,79,25,138,89,165,150,55,150,27,114,237,62,19,197,56,94,57,39,21,107,237,217,177,134,59,213,203,161,94,44,178,50,59,75,209,142,151,69,153,48,173,244,167,39,235,26,156,96,1,239,208,238,42,169,205,142,165,9,139,248,58,31,249,90,89,49,190,224,43,18,111,166,114,118,71,219,191,255,204,187,112,59,142,96,127,143,16,159,213,238,174,121,157,127,84,74,207,200,203,6,59,115,135,197,183,27,172,166,205,188,192,105,84,168,236,212,224,76,141,152,94,13,210,204,188,252,144,56,83,125,38,99,118,23,90,215,13,7,64,47,136,217,250,30,89,67,156,12,193,78,157,80,201,61,180,16,221,15,195,224,175,234,27,247,39,225,101,238,162,95,24,54,151,74,189,185,197,94,103,156,187,105,200,238,136,236,206,203,157,231,95,108,53,180,247,215,231,55,15,101,234,172,82,249,206,41,208,9,117,120,186,111,218,159,191,245,172,83,152,214,255,46,195,76,163,8,90,65,8,192,245,121,211,91,106,218,61,154,203,175,8,72,174,19,233,71,135,172,50,125,207,74,78,190,58,48,19,57,16,119,22,121,208,143,177,125,97,118,145,223,101,19,250,56,62,81,67,30,223,164,185,47,90,126,115,219,141,215,140,227,166,142,107,242,64,44,25,47,39,222,39,125,168,124,119,155,91,63,122,203,185,182,49,143,232,45,220,99,236,227,53,29,5,238,89,249,209,55,30,105,116,90,137,192,252,225,64,117,31,129,47,178,104,88,18,1,38,47,158,15,210,34,178,13,136,74,36,65,167,104,192,151,233,246,197,42,249,99,238,247,175,213,13,214,100,13,2,185,148,219,63,11,154,28,129,232,228,247,230,21,93,110,17,254,97,160,50,215,27,125,209,221,216,44,248,50,233,44,76,187,190,91,180,47,252,61,160,255,191,183,113,83,169,53,164,7,162,115,97,127,91,30,130,46,119,173,123,59,108,81,148,249,62,253,47,12,24,42,243,45,165,154,203,99,197,64,175,110,183,59,159,97,190,105,146,117,114,238,45,189,235,253,63,184,183,237,255,154,146,240,193,162,157,5,242,94,44,104,8,69,142,150,137,231,108,124,253,218,163,41,128,139,71,12,250,183,10,65,126,58,120,174]
CFO=8078.988704186801,STO=5
EsN0dB=-1.86,GRXdB=40,N0=0.007943281903862953
packet_number=203,correct=False,payload=[239,44,159,37,164,187,35,152,199,158,96,80,173,240,204,172,136,32,239,30,45,82,51,133,53,118,115,178,25,220,52,223,225,208,146,219,66,84,180,244,41,64,20,146,176,160,224,173,220,189,210,37,146,45,223,245,114,66,211,55,33,70,139,177,168,54,43,243,4,93,36,116,114,254,37,83,73,215,136,110,20,102,219,49,52,45,197,177,127,142,125,75,160,153,189,139,87,117,230,118,218,61,31,248,225,180,79,110,36,56,55,22,225,0,70,33,190,211,14,254,40,202,34,250,55,49,183,206,6,41,166,18,237,219,66,254,181,32,57,125,134,248,110,29,128,152,248,78,42,44,39,24,234,115,39,98,195,97,33,235,227,233,241,246,110,147,35,77,114,128,102,81,228,45,244,103,218,227,188,199,15,25,49,140,147,73,36,122,239,149,3,120,49,213,107,11,174,24,162,168,90,0,37,90,38,171,160,180,192,125,201,217,77,52,71,60,165,200,78,89,41,91,40,109,120,148,24,107,26,72,222,89,242,242,208,76,18,196,141,150,250,232,181,178,131,159,172,126,231,222,124,180,2,87,219,58,234,254,108,195,40,10,204,115,161,200,59,67,242,239,122,181,144,131,113,47,97,78,217,251,227,37,195,113,165,0,50,173,71,195,217,110,48,89,82,114,97,98,0,145,199,15,243,49,248,86,208,109,141,19,41,173,145,145,236,119,153,201,66,17,209,5,101,158,186,230,81,4,67,87,192,102,48,125,209,43,203,179,5,194,82,243,79,252,21,240,156,80,196,117,35,222,143,102,143,20,128,192,42,24,204,75,45,6,134,158,196,134,69,17,126,248,155,188,67,73,199,15,191,134,5,179,129,246,75,247,206,184,236,40,60,169,128,77,197,206,162,216,185,148,188,189,243,253,55,156,3,225,237,126,245,81,65,161,83,129,162,93,105,232,144,202,247,126,81,233,112,94,189,126,41,98,82,28,195,116,183,135,187,10,179,54,41,218,191,18,155,62,184,83,209,176,4,48,253,125,228,211,0,75,15,106,31,20,167,147,236,237,137,55,79,184,143,76,183,156,149,87,134,46,207,84,214,79,124,37,203,162,94,148,229,122,223,154,37,129,247,93,169,94,44,190,26,182,46,236,151,11,68,184,70,43,103,232,109,52,47,183,127,222,106,245,67,112,133,148,155,210,130,28,205,247,12,114,249,49,13,215,243,121,92,203,85,59,91,29,165,230,214,19,226,52,97,15,229,154,42,128,169,106,128,185,130,148,182,190,37,91,231,128,53,229,153,149,135,128,233,196,164,165,37,244,192,218,202,255,90,220,137,39,187,84,236,212,165,193,233,88,192,135,151,129,255,164,224,5,74,93,244,118,141,66,117,70,53,152,69,157,6,202,14,69,181,182,20,82,237,217,88,160,141,195,75,174,203,86,22,95,129,69,67,247,7,245,152,9,236,104,115,32,73,154,57,136,164,8,236,136,185,122,117,207,33,138,212,108,235,50,169,131,32,184,208,226,198,221,200,179,62,11,42,26,223,41,194,250,147,17,98,50,206,155,172,75,9,57,94,215,118,229,137,175,22,169,187,148,143,188,225,14,33,236,18,188,104,248,164,129,232,26,94,36,220,206,172,167,140,56,89,205,69,243,83,207,37,167,206,123,110,86,47,53,27,127,30,170,13,105,1,68,233,237,4,191,144,183,26,151,79,173,223,232,14,117,245,159,129,253,15,105,113,238,108,168,1,162,153,241,104,219,160,148,11,40,132,96,105,164,93,33,166,143,147,115,30,169,89,75,15,96]
CFO=9971.761240606887,STO=1
EsN0dB=-2.53,GRXdB=40,N0=0.009999999776482582
packet_number=204,correct=False,payload=[210,121,82,140,85,153,116,182,98,219,196,10,242,61,151,202,42,72,246,176,33,234,96,17,76,97,148,16,54,164,113,143,255,100,146,36,115,45,93,160,249,244,11,98,140,182,115,218,81,148,6,36,125,62,80,203,38,203,31,39,247,71,35,150,27,253,33,34,85,51,42,144,24,115,64,185,170,176,255,181,19,243,205,49,227,178,41,145,254,156,1,220,156,107,136,155,221,172,84,223,50,4,207,217,2,85,134,208,69,150,208,214,81,144,85,90,204,34,34,105,5,182,21,31,141,188,151,198,198,138,29,170,72,155,44,14,35,16,6,226,21,213,221,220,236,44,30,52,130,102,143,58,138,253,139,9,67,105,26,217,0,149,146,22,54,242,203,168,132,169,119,123,106,94,171,168,193,114,146,18,180,77,128,227,85,9,48,155,137,144,201,7,185,42,240,48,124,13,225,118,50,122,30,133,4,34,183,85,188,20,25,17,104,134,114,79,137,100,27,211,241,57,209,136,84,194,2,63,126,63,25,89,190,26,125,123,146,135,238,109,28,236,222,132,132,102,234,84,127,243,138,171,35,117,70,186,80,32,74,59,65,88,27,117,20,42,176,184,39,114,161,129,165,123,128,189,40,16,210,92,98,208,48,197,77,60,177,233,170,69,56,140,224,91,0,113,132,53,103,24,133,96,143,63,229,216,255,123,48,92,224,247,4,179,137,18,115,166,74,249,157,145,213,101,157,5,118,198,40,21,61,29,233,33,11,80,228,237,30,153,180,209,41,216,127,241,21,84,152,41,41,148,46,201,148,37,66,17,194,226,203,223,243,221,150,99,78,50,105,234,10,51,87,223,115,172,142,224,217,141,172,255,97,66,227,247,25,60,213,82,244,186,13,113,245,214,135,122,232,42,217,2,88,58,16,164,10,54,242,18,10,156,161,57,89,137,251,80,32,170,202,39,180,27,37,118,130,251,60,136,202,172,41,28,73,94,94,164,25,170,19,250,55,101,180,59,185,89,98,178,80,92,176,97,31,55,249,62,164,255,199,116,83,161,52,241,64,36,107,234,28,25,225,95,71,107,252,144,5,86,179,232,76,35,34,241,226,236,99,175,207,236,14,144,191,204,77,0,237,45,54,142,49,19,164,47,157,137,111,55,155,28,125,224,237,151,17,218,20,101,11,234,42,55,3,147,76,129,248,58,57,186,240,79,75,234,69,49,230,209,235,104,145,105,182,115,170,88,69,245,79,190,66,158,129,67,60,188,11,1,204,109,30,51,45,146,127,206,1,179,51,197,115,146,79,119,115,241,71,182,0,32,224,91,192,87,109,230,85,52,164,215,168,127,146,85,63,220,131,203,123,254,73,120,128,241,28,41,231,208,84,239,151,134,38,124,177,102,52,158,136,58,120,92,115,214,247,48,7,35,168,22,4,229,193,53,147,174,170,110,167,232,19,134,115,63,84,188,216,123,61,65,235,241,84,227,45,181,158,147,40,31,65,6,191,93,193,158,113,29,252,151,41,60,48,119,134,82,106,28,225,9,95,253,6,24,136,229,169,94,180,2,75,54,203,0,153,149,153,147,123,248,152,53,23,95,134,48,245,184,218,157,32,113,24,11,164,2,74,229,176,66,65,108,63,33,29,137,123,181,9,147,77,56,155,173,95,81,89,191,206,111,11,48,107,228,187,114,238,223,141,212,167,244,173,21,159,64,193,180,46,143,205,79,200,189,88,22,155,111,194,77,161,152,220,62,72,94,227,232,68,224,237,66,211,112,223,205,99,253,35,225,75,12,239,170,67,160,201,0]
CFO=-702.2905447617795,STO=4
EsN0dB=-22.55,GRXdB=40,N0=0.009999999776482582
packet_number=205,correct=False,payload=[25,104,205,223,172,176,209,170,162,245,14,190,155,162,29,6,87,236,204,83,67,48,18,248,206,95,110,0,167,235,145,48,13,23,83,11,109,92,81,214,207,82,254,229,66,207,131,80,203,86,102,8,4,84,4,70,42,209,199,104,117,168,106,197,192,101,2,240,40,184,218,227,208,85,81,153,12,200,96,108,208,63,86,45,88,60,73,59,57,35,42,72,45,20,204,196,120,117,146,88,207,217,30,49,171,14,128,221,83,153,83,250,29,93,74,114,127,34,222,177,50,34,69,227,167,86,91,1,126,13,165,150,34,112,202,57,242,106,78,93,136,201,203,222,79,151,177,50,144,252,143,70,128,43,72,25,48,28,2,246,215,56,153,205,105,69,29,232,250,18,53,135,134,69,254,229,68,133,70,153,107,163,227,63,161,252,46,118,192,224,220,80,52,86,95,120,154,136,134,131,164,234,79,203,197,209,4,237,244,1,160,92,12,87,15,75,203,116,161,222,28,61,210,157,175,31,122,187,255,7,156,111,233,152,215,194,87,64,89,75,237,64,230,203,13,43,4,98,60,29,7,243,150,102,39,228,248,132,159,212,247,149,109,236,122,119,154,61,81,84,153,81,104,229,40,120,85,132,168,9,72,70,219,175,137,139,121,249,150,131,7,123,202,58,145,80,193,165,47,231,46,70,29,75,238,112,235,75,10,150,34,6,152,199,79,168,228,176,199,217,255,137,85,94,93,55,30,178,120,253,169,186,150,73,106,250,73,222,197,122,206,194,174,199,180,198,17,173,111,182,229,238,179,199,177,40,170,223,148,223,70,244,48,101,230,2,190,139,42,155,225,32,173,233,157,161,81,13,59,240,186,133,28,89,249,3,253,249,6,61,160,210,158,161,174,88,186,246,108,150,13,32,119,51,139,197,129,253,145,153,46,82,202,180,139,16,237,215,126,234,84,86,248,244,119,15,228,224,186,21,124,102,169,201,162,81,32,85,188,53,90,202,10,59,84,246,122,26,220,51,137,56,63,78,164,46,41,101,70,231,253,171,29,217,179,31,160,230,60,39,44,33,216,9,129,212,208,90,171,95,195,127,222,201,154,116,145,7,80,164,27,134,251,183,204,161,201,41,55,214,154,241,170,18,56,204,127,212,81,72,78,250,220,0,131,60,44,226,217,10,103,230,54,204,24,151,194,25,254,231,200,8,250,219,62,69,12,192,228,1,213,49,49,31,141,158,15,132,47,34,209,48,115,50,114,106,72,57,84,33,40,59,116,91,40,167,185,136,54,243,54,49,241,29,240,190,145,20,41,227,225,220,147,20,189,62,36,243,37,16,53,23,71,54,187,57,103,243,90,11,190,92,13,40,51,83,216,166,91,105,75,229,179,116,104,224,136,179,55,55,77,57,246,2,87,101,96,140,50,237,114,144,145,51,104,209,161,83,122,113,124,76,68,73,26,95,21,45,59,253,11,235,151,197,234,182,166,4,143,106,249,122,92,51,101,222,119,142,69,73,247,203,164,230,7,71,208,107,140,77,159,57,183,58,198,169,184,16,43,250,127,232,251,1,41,41,186,105,102,110,128,90,1,239,147,133,214,142,25,232,148,255,179,189,22,127,153,215,107,172,134,13,164,35,58,106,215,28,60,100,237,56,18,96,109,15,71,214,80,18,177,59,147,145,247,135,23,147,206,221,178,5,43,164,180,134,249,203,26,51,102,84,106,137,238,58,111,70,87,129,90,2,6,253,137,165,164,28,59,30,134,172,40,86,75,235,231,174,239,88,72,29,148,16,12,120,198,55,33,115]
CFO=-5548.77358527712,STO=3
EsN0dB=-1.52,GRXdB=40,N0=0.009999999776482582
packet_number=206,correct=False,payload=[236,107,155,142,20,209,207,4,191,96,29,199,253,126,142,87,210,95,203,184,251,199,26,226,251,149,92,57,239,194,247,242,191,179,220,107,252,182,77,186,26,55,89,220,174,17,243,252,10,129,14,102,189,236,238,142,191,99,128,75,248,227,254,98,132,34,194,15,250,126,30,51,91,214,199,127,46,234,239,111,229,231,166,56,158,45,172,235,243,172,227,119,93,111,75,179,163,178,111,42,237,53,111,63,15,77,154,233,218,76,204,91,232,124,7,155,232,101,141,211,45,81,209,199,183,224,35,51,222,159,21,221,92,212,200,56,222,224,126,125,54,210,90,119,219,122,104,219,221,227,38,219,148,223,251,55,86,57,155,94,127,241,5,187,186,245,91,189,32,117,76,200,185,253,221,13,140,65,129,147,135,189,228,254,190,87,182,143,41,32,203,160,158,182,67,99,222,199,60,102,190,223,176,244,95,109,46,187,253,182,207,31,221,225,162,138,36,244,231,246,219,133,214,254,61,193,77,182,39,159,231,63,127,247,79,105,153,207,173,188,40,245,189,191,191,249,251,175,247,108,169,191,215,246,252,161,127,142,155,12,198,250,95,163,16,177,18,118,214,195,159,246,48,141,206,48,121,13,27,235,215,200,105,154,223,217,106,147,221,23,35,190,63,149,229,163,159,102,127,85,210,163,105,92,67,55,220,252,147,246,131,103,121,151,11,62,194,192,103,188,94,227,238,71,238,73,80,51,159,58,186,155,18,127,37,75,18,120,180,137,29,251,251,187,190,150,21,217,210,50,201,175,255,117,241,145,162,59,34,33,41,72,252,251,216,109,46,242,221,195,41,159,195,71,147,212,189,91,127,209,202,225,251,226,71,164,111,158,14,53,57,190,110,79,157,142,96,125,124,100,227,93,21,63,182,117,109,95,171,157,231,243,177,183,172,157,86,179,194,206,240,236,221,252,120,119,179,69,172,117,247,156,99,221,111,241,219,247,170,178,253,109,151,129,245,111,213,253,231,200,207,41,154,163,190,231,191,110,218,79,247,60,175,248,239,254,122,137,230,35,254,178,251,85,216,239,245,171,223,93,105,125,47,115,115,86,252,62,86,254,190,255,212,81,237,87,43,97,92,31,127,143,94,133,57,165,246,17,102,123,241,119,255,44,182,213,73,103,252,173,241,192,252,236,159,91,248,54,120,121,204,143,190,100,172,197,155,249,153,196,63,120,46,20,109,193,47,76,121,169,140,44,179,95,241,186,222,214,140,124,253,192,138,213,79,132,239,177,130,225,109,92,211,222,255,189,158,169,107,250,222,88,171,9,32,218,62,224,127,93,240,203,251,156,119,154,251,219,71,104,37,58,232,115,29,91,106,27,98,99,126,211,30,186,134,245,251,119,0,87,209,254,119,181,191,175,249,222,254,209,147,254,5,51,168,218,137,13,190,50,223,132,169,5,17,43,179,81,182,196,212,43,92,246,254,104,9,114,197,201,46,186,166,255,55,137,86,105,148,223,93,125,110,103,17,19,28,218,187,91,255,36,29,220,79,25,127,247,253,78,213,159,150,177,154,154,224,92,117,172,55,58,236,102,199,143,173,176,166,54,60,101,179,86,223,87,255,98,118,30,238,90,175,87,190,110,189,131,180,145,173,71,29,140,77,190,226,57,15,245,140,63,239,15,109,190,249,69,1,215,198,62,63,93,131,215,30,239,96,102,55,218,201,255,255,126,163,45,185,12,144,70,146,74,61,102,94,112,58,231,111,79,211,79,96,35,126,137,145,229,61,224,182,147,233,211,57,34,237,220]
CFO=-4047.8902672669005,STO=7
EsN0dB=nan,GRXdB=40,N0=0.009999999776482582
packet_number=207,correct=False,payload=[45,166,95,74,17,2,113,83,103,102,8,95,144,51,164,130,246,20,141,228,79,131,156,148,153,230,2,105,190,97,123,196,64,123,186,77,7,11,64,52,9,161,131,214,107,93,199,133,41,235,235,13,124,9,10,137,30,20,72,195,121,136,76,135,93,40,163,83,252,216,94,213,181,178,241,51,50,208,95,88,99,122,96,150,70,131,249,164,129,73,80,236,150,50,172,57,107,91,188,172,197,223,202,130,158,202,226,196,181,59,210,187,89,82,56,11,119,240,11,42,167,250,9,190,218,41,109,169,130,133,7,107,220,167,47,139,130,193,185,22,88,205,200,72,209,92,106,11,217,188,46,74,214,217,117,146,251,93,58,4,173,100,237,133,62,45,97,183,100,77,84,187,98,122,203,27,19,79,253,171,195,215,43,189,16,14,116,26,34,244,42,119,52,2,64,118,55,224,132,248,110,212,98,233,81,223,187,253,83,162,162,22,189,72,26,104,163,206,91,164,95,216,28,11,76,64,0,5,128,8,1,190,176,6,10,205,226,233,73,70,214,223,231,93,239,225,100,60,27,136,223,14,41,35,175,105,197,135,231,195,14,24,212,230,189,16,183,159,169,71,61,202,196,155,147,109,95,27,82,166,166,120,43,27,174,182,55,7,60,11,108,27,110,196,92,69,101,74,236,92,16,114,58,195,236,144,24,74,161,82,135,101,77,134,51,131,163,117,187,189,242,149,140,77,170,208,173,2,150,69,190,166,80,15,97,174,103,200,215,3,199,50,174,110,18,4,164,173,240,204,42,84,136,78,214,41,51,236,67,20,60,169,140,64,56,73,168,249,92,22,47,110,86,34,80,189,149,193,86,40,65,186,15,27,209,99,138,190,175,221,22,169,138,194,193,104,127,105,17,151,60,51,17,248,64,65,176,109,133,7,112,195,115,36,240,220,235,62,170,123,213,112,37,169,113,117,206,121,126,59,123,51,13,75,215,70,12,138,175,231,89,149,157,52,141,45,236,61,71,143,232,151,79,191,55,146,22,17,60,130,24,234,204,197,66,160,202,1,55,117,7,130,82,50,24,181,155,199,144,122,216,110,199,27,117,66,192,224,62,126,64,101,83,75,220,236,80,186,133,134,59,212,15,197,178,146,226,138,244,88,194,111,205,223,127,194,42,169,157,229,140,176,30,104,103,30,129,123,200,109,141,201,67,125,85,212,87,69,191,1,78,75,64,202,182,145,10,41,187,230,45,241,194,21,88,30,76,235,116,178,75,181,132,83,200,202,234,130,188,175,138,42,19,200,153,21,200,140,5,87,101,50,142,107,150,221,63,3,30,143,85,156,84,25,78,81,112,129,8,107,121,64,47,69,172,70,49,27,16,142,37,13,151,99,105,250,92,122,187,60,64,62,2,214,185,140,1,109,148,103,149,243,133,18,232,197,244,48,39,233,175,192,90,119,142,160,167,206,139,186,131,183,90,110,96,40,31,102,50,254,69,178,226,104,81,215,235,61,206,220,192,37,72,183,249,24,11,1,213,205,210,45,32,184,56,170,128,120,126,222,128,248,102,41,6,229,28,253,215,137,61,162,88,238,0,53,29,164,80,193,80,119,238,184,234,188,223,0,194,173,23,145,87,69,53,70,40,200,82,153,43,10,233,242,19,251,115,154,134,78,99,214,156,188,234,66,213,209,60,127,196,95,148,69,158,44,156,140,70,167,148,50,228,78,149,70,90,226,85,6,180,252,205,190,70,125,146,3,178,6,10,42,204,120,223,119,254,39,37,180,140,209,85,60,155,190,173,217,38,31]
CFO=7821.8667072003645,STO=7
EsN0dB=-0.83,GRXdB=40,N0=0.009999999776482582
packet_number=208,correct=False,payload=[192,218,209,190,32,240,72,196,86,234,124,197,75,170,158,144,132,181,255,57,125,7,65,197,74,203,112,48,144,196,167,149,23,231,194,136,18,97,179,40,166,80,70,65,135,166,48,34,121,66,186,173,106,27,59,81,34,246,58,248,131,175,160,202,195,166,198,200,19,47,60,96,90,117,74,96,180,148,96,214,133,244,245,237,149,56,46,193,213,129,127,60,87,239,100,199,22,253,113,142,46,32,85,54,127,108,86,12,154,164,66,132,254,194,156,70,156,31,117,26,97,51,83,227,48,47,237,81,125,71,120,154,47,34,24,30,22,12,81,148,80,79,225,187,105,17,176,9,53,98,109,29,68,99,57,1,83,249,216,226,137,252,192,128,143,101,34,162,80,206,194,12,82,123,63,232,214,253,253,107,3,251,26,43,72,198,248,90,184,184,146,111,210,234,248,140,201,125,108,97,125,49,154,10,5,224,181,12,72,181,250,60,93,117,117,46,152,205,105,141,203,172,149,64,79,173,32,190,22,135,171,55,210,19,115,137,43,127,158,198,94,180,242,221,100,152,121,99,80,77,39,75,183,157,147,62,157,205,140,57,212,188,209,194,221,204,210,25,241,112,49,134,173,112,106,7,227,49,83,251,42,51,67,152,215,149,102,138,88,219,112,66,56,59,39,64,101,37,81,203,146,232,232,2,66,226,203,235,18,124,71,72,17,54,19,79,1,101,46,155,199,97,239,216,51,60,49,108,208,247,36,229,169,149,144,173,51,127,28,16,182,161,100,3,11,69,247,221,0,60,88,111,181,33,144,110,196,38,114,61,254,69,237,134,198,87,73,238,102,219,173,92,17,141,179,207,46,115,124,169,75,23,152,71,107,240,216,200,145,93,11,206,40,106,124,167,145,183,8,108,90,223,172,127,25,136,61,4,216,233,109,237,229,65,161,220,145,140,178,29,50,186,54,134,79,217,73,198,148,41,49,169,132,192,243,193,10,29,55,57,78,131,67,58,63,95,145,230,241,173,254,165,88,159,31,92,82,96,110,0,92,112,233,8,254,130,8,93,93,108,207,157,75,107,204,65,208,227,59,100,168,236,170,132,183,236,114,220,108,110,244,10,140,101,168,121,223,164,186,152,71,189,190,93,95,19,126,27,31,18,47,29,214,223,209,33,225,32,171,200,209,210,177,131,210,6,229,255,194,136,242,145,228,58,185,44,176,215,68,9,248,58,68,224,95,193,241,46,219,135,186,217,22,216,210,89,218,16,134,198,112,34,142,245,152,55,218,167,19,102,223,158,22,144,133,72,51,151,63,76,36,134,84,68,159,160,145,210,40,236,168,89,192,224,197,157,17,237,241,162,199,226,230,25,198,211,146,49,183,3,110,22,162,161,52,199,150,32,101,243,154,174,2,65,132,70,163,214,28,129,132,235,87,20,157,14,193,107,183,38,150,71,241,99,227,172,122,3,95,13,34,198,170,220,150,255,63,216,217,5,26,179,185,13,255,73,26,185,20,158,57,89,202,201,39,204,1,188,186,222,206,250,58,186,187,226,168,132,88,110,238,234,148,26,48,198,159,203,205,169,154,159,252,32,193,89,239,128,84,190,62,207,210,32,206,105,172,34,12,212,190,100,201,29,208,13,40,157,147,217,60,148,127,172,185,126,134,73,144,7,62,123,174,244,42,139,77,138,182,26,84,129,83,159,242,217,37,254,78,22,135,233,165,111,249,10,175,78,175,159,218,226,175,147,48,193,80,47,156,18,152,128,162,238,211,170,198,18,13,64,250,65,214,66,50,32,185,128,30,151]
CFO=2634.6513200719846,STO=1
EsN0dB=-1.44,GRXdB=40,N0=0.009999999776482582
packet_number=209,correct=False,payload=[254,43,19,204,2,12,2,8,241,85,46,102,24,132,133,74,97,61,47,236,101,65,183,36,6,164,241,25,238,152,166,232,159,158,151,170,129,208,78,28,85,77,9,249,114,76,185,120,95,190,91,171,154,23,30,93,217,31,190,136,208,217,159,121,63,125,37,148,152,173,146,204,217,247,93,186,128,57,77,25,159,123,154,173,171,70,245,31,189,221,171,83,249,101,131,56,203,26,154,197,244,192,199,73,46,87,143,197,5,238,173,245,25,47,188,242,215,173,80,210,109,250,168,185,16,100,65,228,212,200,220,107,226,15,54,57,172,28,200,127,129,127,167,249,65,204,117,145,102,65,130,210,15,14,48,178,86,156,125,32,218,156,15,178,165,107,215,91,207,204,36,70,250,92,126,143,20,211,183,146,239,53,87,223,207,219,122,255,247,126,13,191,116,94,125,109,85,124,127,106,140,32,158,198,216,148,156,248,185,55,125,193,53,166,60,225,237,59,183,113,185,198,59,254,59,243,187,203,218,111,187,153,243,128,162,254,75,81,198,105,220,66,117,32,103,177,125,232,181,69,135,120,239,247,243,78,238,141,21,91,20,218,194,15,2,122,135,169,164,234,218,28,15,143,24,220,25,40,82,54,208,169,11,255,217,85,164,83,173,188,132,146,49,125,205,120,33,200,189,234,19,247,253,74,99,52,49,2,29,238,169,113,247,236,200,146,222,188,106,69,238,176,181,130,128,223,110,31,76,66,196,24,13,237,205,241,137,92,220,1,249,214,102,189,46,116,61,220,162,61,218,121,55,118,255,174,82,250,87,171,243,206,135,229,206,163,114,238,150,72,250,241,177,164,116,232,202,181,92,114,221,84,213,238,250,123,233,44,81,164,174,59,149,251,220,49,11,31,190,136,185,25,135,137,132,255,41,168,63,103,61,81,119,251,82,213,62,25,235,204,32,189,147,220,95,175,198,74,16,189,239,126,126,61,103,130,102,174,95,221,37,114,228,211,187,13,87,160,75,53,151,197,162,189,11,181,101,219,222,81,60,25,223,158,205,221,81,125,70,164,163,221,132,253,179,241,97,59,120,18,105,227,238,231,149,69,228,245,65,15,196,164,157,0,252,173,247,118,173,49,91,163,255,236,224,113,62,254,159,119,219,117,227,253,235,70,50,198,182,87,76,207,189,123,142,12,30,51,206,235,80,74,168,22,52,145,53,50,16,120,134,121,247,12,120,145,241,128,71,230,182,205,225,125,98,239,210,234,124,25,151,47,186,114,230,209,171,78,212,38,206,90,55,221,198,233,251,122,4,236,188,86,81,29,205,139,171,124,43,203,141,93,13,86,22,6,150,215,49,235,84,204,186,122,50,170,254,117,170,136,47,229,119,100,220,73,170,220,6,214,250,166,217,180,127,156,206,97,44,126,102,80,234,198,203,93,197,190,252,251,243,117,99,105,7,36,93,129,109,236,19,150,232,15,215,146,101,55,75,100,97,47,171,65,93,63,190,217,35,33,226,206,191,41,127,96,95,204,63,255,86,195,106,166,212,227,183,237,153,124,253,96,6,206,211,86,238,225,107,217,42,60,44,91,67,166,60,221,209,7,138,111,74,135,241,179,138,48,58,162,129,235,150,109,125,158,118,240,178,230,155,58,59,171,115,113,106,128,172,128,149,85,167,110,130,137,38,184,251,79,247,139,124,250,223,230,246,224,55,94,146,162,49,169,1,26,244,153,46,103,207,81,17,135,116,29,207,64,190,10,146,70,248,41,110,92,193,137,44,60,168,141,202,33,107,59,52,230,55,253]
CFO=4353.492377799658,STO=6
EsN0dB=-2.63,GRXdB=40,N0=0.009999999776482582
packet_number=210,correct=False,payload=[3,117,74,125,220,85,6,13,112,63,55,184,243,227,64,40,11,171,236,84,201,224,156,179,197,194,172,49,21,6,234,7,126,89,245,134,70,131,105,8,165,229,109,17,187,89,13,9,117,235,99,21,13,243,154,145,54,34,138,22,19,59,105,21,172,209,78,253,155,14,108,151,0,181,45,117,148,233,234,163,230,32,107,203,122,58,128,223,42,10,250,170,250,235,206,50,191,198,8,182,110,34,4,178,32,84,233,99,7,195,142,9,210,243,118,168,69,34,150,23,234,225,188,214,41,173,12,226,218,182,94,97,81,67,36,29,217,2,78,48,168,139,138,74,61,36,164,164,144,135,136,126,12,196,60,227,226,162,192,101,30,96,197,32,124,16,199,149,151,126,202,49,10,240,213,205,220,78,1,215,234,1,6,51,70,102,126,95,137,214,139,88,30,154,252,57,247,180,92,29,161,237,91,10,236,111,195,223,173,80,255,131,216,186,111,191,102,232,129,44,250,201,201,193,203,103,134,43,229,193,233,207,91,244,45,52,39,131,199,30,201,35,94,240,210,164,207,167,141,251,127,39,119,39,5,212,31,235,213,207,59,85,47,54,132,96,39,54,237,79,198,51,90,57,40,4,207,174,225,150,160,240,201,53,114,2,71,76,62,2,161,239,210,146,0,73,219,250,121,180,113,210,114,45,21,98,28,34,59,194,52,54,59,232,153,167,68,203,163,165,187,73,255,163,116,14,161,62,30,10,163,204,24,83,158,89,14,98,236,189,94,89,161,48,211,46,121,160,146,99,152,118,162,131,91,158,195,158,59,88,149,7,150,17,251,252,169,28,236,79,117,2,89,226,31,137,130,75,241,119,75,165,71,162,138,110,251,120,146,100,137,81,34,134,24,48,108,102,41,200,218,229,152,178,68,168,97,145,64,188,121,164,88,81,50,234,188,107,44,109,140,79,204,53,157,131,254,220,87,26,108,117,255,100,216,178,126,221,200,191,148,209,165,56,204,111,81,157,24,107,154,241,117,171,10,121,95,110,252,54,210,222,218,55,54,162,185,32,119,205,120,20,108,155,29,141,222,229,187,42,118,160,95,142,90,174,94,251,33,103,36,123,38,254,124,85,122,238,210,183,139,207,18,135,188,159,235,13,175,187,238,138,229,239,125,127,97,212,109,32,114,188,146,164,87,0,74,240,202,84,83,56,18,139,137,245,40,194,180,145,167,238,67,221,37,32,5,85,118,51,96,32,31,197,102,53,3,157,34,42,28,244,235,17,5,247,206,178,107,199,217,126,124,241,215,248,239,130,194,129,217,138,56,23,169,180,219,121,155,131,155,1,179,109,168,249,214,7,210,172,78,36,218,171,170,133,34,124,242,212,182,59,151,31,30,186,2,96,78,19,63,71,86,201,75,118,42,170,219,210,9,114,144,196,222,112,100,133,134,57,192,120,174,131,68,250,61,15,116,146,78,118,197,42,116,86,76,46,237,103,93,97,13,107,93,228,48,11,255,20,73,97,200,142,111,100,234,198,111,192,181,118,230,154,101,112,38,72,189,218,1,152,57,220,165,212,110,142,57,229,175,169,143,250,39,197,136,33,147,182,188,83,169,15,102,82,158,13,29,76,247,174,216,248,63,57,249,199,123,64,168,235,14,121,203,195,151,6,173,236,125,119,215,57,127,7,48,241,83,166,69,85,97,108,86,94,124,194,92,68,122,171,31,177,218,148,207,219,228,192,246,131,143,227,160,56,25,49,57,24,29,230,140,176,185,37,140,188,28,95,60,204,251,108,135,239,81,138,79,186]
CFO=8104.856148393455,STO=2
EsN0dB=-3.71,GRXdB=40,N0=0.009999999776482582
packet_number=211,correct=False,payload=[213,179,252,112,80,89,34,253,182,226,152,7,42,234,31,124,163,120,82,117,173,95,197,164,96,180,186,137,241,217,239,188,48,28,179,233,160,168,26,212,69,189,153,180,2,141,77,233,229,67,225,112,141,137,109,185,19,118,104,46,41,183,136,188,201,186,35,186,121,71,163,19,237,146,31,68,3,85,50,136,165,139,202,52,0,141,46,42,232,80,183,118,191,82,178,130,225,38,178,227,102,59,58,249,161,161,177,95,94,134,98,130,160,109,87,84,21,144,166,47,171,127,238,191,88,163,83,164,190,171,158,10,189,226,100,30,148,229,203,221,86,64,188,193,146,143,105,124,118,216,226,212,224,160,59,121,206,76,216,20,49,213,246,132,174,112,116,58,175,39,65,41,90,78,252,114,239,228,143,51,69,5,135,230,174,181,225,156,71,253,144,19,129,255,26,173,116,244,61,42,150,61,183,223,110,157,40,86,78,221,228,24,253,82,153,175,78,23,182,48,44,182,229,75,247,137,242,135,192,11,132,195,139,7,115,234,133,8,145,159,186,169,211,77,166,164,121,84,172,238,196,18,152,229,84,156,227,202,137,242,52,165,112,26,234,174,34,225,251,79,147,68,134,160,85,47,141,189,2,146,195,17,206,10,153,241,213,152,87,196,242,198,204,112,175,0,225,107,59,170,116,235,171,219,49,59,31,73,179,154,54,27,189,25,35,4,42,129,205,8,215,46,161,214,197,203,200,131,74,242,148,58,172,8,219,79,67,254,122,92,135,67,242,193,223,222,196,98,90,249,48,83,241,107,225,203,37,159,60,182,83,187,58,187,236,0,216,124,99,15,174,61,38,244,80,18,98,152,129,175,221,236,30,62,202,59,162,55,68,150,21,5,132,110,106,10,96,106,224,237,213,0,244,206,164,142,192,140,203,85,97,154,77,129,192,130,184,237,179,188,163,244,165,49,21,63,148,65,173,28,133,221,229,71,116,75,165,96,222,238,33,187,34,113,26,185,207,162,224,99,167,200,134,13,147,227,125,58,150,223,61,127,109,211,95,114,126,234,147,92,182,25,255,84,19,191,14,135,82,27,127,115,216,67,46,122,199,186,143,8,74,183,175,79,13,119,115,103,156,198,171,235,61,71,134,210,245,124,206,189,17,250,90,221,183,76,0,42,119,90,70,162,129,27,137,224,73,74,125,252,138,161,9,224,32,80,42,43,2,144,195,232,146,116,115,123,48,89,96,189,248,57,199,150,165,153,85,202,157,222,68,104,127,23,144,227,57,153,139,191,22,32,251,203,54,147,138,128,22,244,154,205,0,146,1,73,130,165,171,75,49,255,3,50,122,232,246,38,137,216,189,33,208,163,4,117,67,11,39,234,244,91,251,76,194,26,1,181,128,211,215,65,209,156,66,127,164,165,102,21,90,173,66,41,70,91,112,254,135,129,60,147,25,176,56,72,53,16,104,105,130,44,238,75,40,62,77,204,211,220,201,13,51,128,147,151,47,253,122,212,236,172,189,37,253,252,78,0,137,91,136,131,85,8,90,30,230,92,125,85,235,236,175,37,39,113,182,210,244,5,213,133,67,85,139,38,171,230,158,157,210,90,10,119,175,76,16,111,250,206,125,102,75,18,29,36,183,221,228,126,106,30,4,202,134,180,203,9,123,172,79,97,119,159,253,157,181,55,52,117,97,244,109,234,159,71,227,190,153,183,42,235,176,43,241,70,53,173,35,73,53,148,255,12,40,29,38,58,156,142,13,49,162,114,164,209,91,112,123,4,128,150,53,199,44,65,30,184,238,81]
CFO=-7243.075528296099,STO=4
EsN0dB=nan,GRXdB=40,N0=0.009999999776482582
packet_number=212,correct=False,payload=[109,51,98,87,106,134,111,247,13,57,50,240,7,73,253,221,238,36,39,101,91,250,201,191,113,111,174,82,70,122,143,135,86,159,132,253,17,151,88,99,46,166,155,32,53,6,11,112,56,185,37,149,220,17,52,163,112,98,181,244,113,88,213,185,15,62,72,235,200,207,96,138,7,169,198,161,50,215,221,132,78,201,172,109,237,52,123,252,254,115,35,134,198,255,170,176,33,242,136,151,147,3,176,42,166,131,17,245,117,39,224,7,133,125,118,219,83,86,174,187,179,19,104,14,174,201,143,234,70,250,86,103,123,14,55,10,98,127,33,2,94,99,167,99,238,177,14,1,16,163,113,45,76,176,143,226,27,44,38,202,253,127,173,91,146,201,41,162,229,119,242,42,218,140,125,108,121,147,249,211,77,217,197,69,114,200,39,215,150,114,95,91,142,114,40,201,173,70,255,3,133,189,113,33,237,135,98,30,183,173,185,113,228,192,255,109,100,78,208,20,129,45,185,59,201,59,203,130,215,28,182,79,228,186,216,146,49,151,25,55,16,141,45,10,121,142,174,22,254,62,246,146,126,241,159,5,43,15,23,207,165,124,50,174,146,251,209,65,153,198,29,2,129,175,191,87,103,84,219,235,212,220,203,121,146,33,126,87,181,173,160,160,153,10,117,196,210,184,74,243,208,151,5,17,145,78,160,185,72,199,165,129,116,107,75,201,249,43,100,122,161,104,69,102,50,144,64,122,121,50,19,248,38,66,197,30,27,225,123,103,81,66,227,64,161,160,129,26,136,8,143,81,177,105,215,73,24,127,20,114,174,100,212,60,178,237,57,81,60,203,164,145,11,139,204,20,44,110,139,106,84,71,227,59,119,35,72,112,220,187,31,156,99,223,62,173,41,10,247,153,70,255,255,71,238,238,108,246,234,42,49,13,100,0,123,108,3,45,192,206,174,195,229,28,251,227,218,61,209,51,200,162,93,152,126,80,85,182,68,193,60,124,86,32,66,127,66,40,168,111,103,234,209,57,212,76,143,184,70,101,177,80,12,83,103,30,17,41,218,216,226,66,24,96,40,136,5,173,42,71,252,77,21,33,185,149,235,62,108,33,99,35,218,44,108,240,94,15,121,173,219,63,16,145,228,111,239,92,233,210,160,71,245,173,154,139,79,50,188,190,119,20,236,39,17,95,12,106,234,122,1,60,175,86,33,233,210,103,239,243,84,212,87,107,76,119,5,208,140,171,214,248,202,250,32,181,229,29,242,222,160,169,187,170,103,214,52,232,35,33,176,74,17,22,85,45,183,161,64,207,246,198,153,48,11,41,190,140,41,190,11,41,66,13,87,114,168,199,130,250,0,33,176,55,105,182,100,30,146,146,241,32,13,37,68,200,111,71,50,185,230,204,85,76,19,232,206,203,186,9,16,197,135,14,10,89,80,14,94,182,140,156,183,160,211,230,194,187,72,81,138,165,179,204,182,212,238,10,39,108,105,128,45,79,108,176,81,183,252,242,48,217,223,28,45,124,183,108,101,108,225,181,48,46,182,95,96,182,157,86,101,8,94,234,44,16,133,93,5,33,61,35,133,166,86,181,23,176,106,188,84,1,196,62,205,165,171,8,118,243,55,254,17,39,95,250,45,155,101,193,121,95,0,139,161,14,74,130,226,214,196,7,85,89,255,82,140,217,138,56,6,228,149,183,187,134,44,207,117,31,149,253,176,128,75,39,100,105,225,121,163,102,23,93,98,27,117,23,175,243,171,206,107,100,2,85,56,115,128,161,83,113,59,100,22,239,196,20,152,239]
CFO=-4603.073181896232,STO=4
EsN0dB=-13.44,GRXdB=40,N0=0.009999999776482582
packet_number=213,correct=False,payload=[102,238,254,92,205,129,177,40,61,180,129,240,3,3,43,227,113,69,133,70,54,34,87,142,37,231,131,113,73,116,147,4,92,41,69,104,88,42,187,78,221,194,66,11,248,18,205,131,248,21,62,163,253,36,175,64,171,103,106,246,66,172,73,44,163,44,123,60,211,111,49,203,80,202,177,178,116,72,96,124,20,170,119,22,148,203,21,84,100,203,31,119,255,238,181,191,188,142,206,175,211,252,79,125,238,93,70,157,35,227,140,205,71,170,93,32,114,146,36,200,110,48,207,104,90,248,125,66,237,149,240,231,0,78,178,73,79,74,103,62,158,20,203,142,91,28,22,73,20,170,240,44,56,85,238,213,227,22,124,15,151,237,245,56,249,157,4,45,30,66,6,66,151,143,37,66,62,21,206,154,224,189,76,38,108,190,44,102,89,24,86,250,91,219,160,185,49,88,162,35,132,240,98,90,236,231,246,117,179,65,114,136,75,127,161,230,151,148,65,111,54,113,234,114,33,109,96,78,121,156,170,166,109,75,56,8,78,42,79,174,50,37,218,188,151,252,146,205,169,124,148,211,107,56,166,254,160,133,90,36,179,1,145,187,242,219,211,66,15,71,4,141,169,39,4,29,114,6,234,216,136,91,205,115,38,68,166,100,149,148,251,232,112,210,133,16,214,21,252,57,160,145,61,110,8,240,75,70,79,175,54,108,147,253,15,64,189,76,200,44,202,98,199,179,251,14,227,123,124,75,85,71,129,14,160,222,194,0,0,234,128,30,245,200,246,155,96,89,15,244,176,61,54,144,134,18,63,226,151,87,48,104,127,164,191,8,52,190,207,139,213,19,123,161,125,250,133,109,129,113,189,77,6,107,60,56,118,68,230,150,190,16,89,189,221,109,226,79,56,166,176,235,131,210,150,101,52,95,209,202,74,93,249,81,71,241,143,20,93,19,114,115,228,43,27,107,165,216,52,34,42,95,66,31,28,48,118,124,50,17,72,88,62,118,38,46,115,188,61,238,218,46,200,140,193,173,149,246,241,12,38,151,185,239,112,140,31,140,186,175,252,162,49,191,75,42,2,205,137,40,162,125,90,129,234,253,39,164,141,253,65,31,43,218,227,91,195,115,200,171,107,235,254,228,10,26,22,11,61,92,47,138,149,125,73,196,161,18,193,80,178,221,250,106,96,112,46,206,37,18,203,140,47,181,243,119,19,152,201,103,75,26,134,111,14,168,25,24,113,60,100,237,88,157,199,77,174,0,219,70,133,88,161,180,175,145,215,158,195,44,156,71,80,86,239,136,155,79,67,167,86,126,124,199,159,235,224,26,198,94,1,101,193,19,50,203,171,114,127,176,198,226,108,72,169,21,175,228,39,150,146,88,9,71,201,22,10,133,33,199,110,8,216,50,169,85,221,122,239,25,116,95,90,230,213,9,68,100,73,79,194,17,69,85,149,133,130,155,250,20,172,113,88,0,170,156,73,153,194,124,47,175,66,125,3,224,96,68,25,210,118,227,212,4,233,7,46,73,208,31,43,182,86,247,221,147,188,124,37,141,66,85,209,12,201,78,15,70,12,114,29,239,156,10,10,146,42,69,41,33,13,239,172,158,110,182,82,115,202,82,210,65,40,157,253,133,87,180,245,4,139,126,61,174,48,24,55,94,213,60,121,140,179,96,220,107,13,159,98,162,249,251,107,46,244,226,114,79,170,13,188,166,228,141,110,181,43,108,129,152,43,76,254,126,151,129,131,10,159,172,4,138,207,238,126,63,17,17,206,19,229,40,204,102,32,221,39,117,124,163]
CFO=-2994.6713027013957,STO=5
EsN0dB=nan,GRXdB=40,N0=0.009999999776482582
packet_number=214,correct=False,payload=[208,145,6,122,250,99,100,248,8,129,2,29,228,205,34,111,65,135,159,247,79,197,161,74,28,125,241,36,39,150,79,32,49,29,250,202,203,254,125,215,23,193,40,34,29,220,215,226,115,254,156,40,166,109,151,120,161,150,147,115,24,115,42,118,167,217,196,16,169,200,246,241,67,91,161,109,207,90,146,185,145,77,78,102,233,114,175,255,116,227,153,53,234,153,6,117,39,11,244,219,42,193,15,138,204,124,34,55,16,69,190,242,225,39,24,161,104,211,232,93,52,151,138,148,209,250,175,242,81,63,29,108,41,141,220,141,24,169,81,212,156,118,186,131,142,248,36,36,95,215,130,123,179,129,109,227,19,217,220,169,109,88,253,88,212,111,150,2,83,51,71,36,66,73,8,28,28,164,55,173,43,188,11,78,145,85,106,135,209,19,174,113,189,24,141,121,215,50,153,232,69,75,121,14,22,209,51,128,50,224,1,135,201,53,167,93,87,239,133,142,195,91,133,33,149,217,236,26,153,253,52,146,139,90,222,67,16,211,149,181,102,1,117,54,49,116,33,245,76,168,148,33,78,46,35,203,20,227,95,37,85,200,127,244,85,140,253,91,176,149,234,180,224,81,181,77,252,224,251,174,10,96,16,55,23,129,32,173,223,183,75,199,140,209,142,28,102,79,52,85,52,49,173,0,4,194,214,102,234,92,40,241,1,177,59,154,146,93,6,43,156,31,234,243,105,158,103,44,250,172,223,161,5,184,68,96,9,182,105,237,12,224,187,173,128,108,56,250,113,68,134,31,216,5,193,92,142,108,36,240,200,139,54,219,170,208,33,142,160,77,141,60,44,192,158,109,155,74,8,95,100,71,105,217,44,201,69,169,11,244,96,201,92,117,35,99,142,223,40,197,97,54,18,156,223,152,93,71,141,198,95,44,61,168,163,33,208,106,52,78,146,30,22,181,134,245,250,130,25,232,235,143,25,199,161,82,143,25,238,0,198,32,52,76,110,40,193,91,50,237,167,50,181,199,51,81,8,253,78,24,216,198,171,180,202,142,190,180,67,65,132,127,190,243,115,170,104,172,79,54,213,55,0,12,162,113,203,10,195,79,33,36,131,97,231,95,218,141,202,154,127,222,185,63,70,26,127,220,183,56,240,231,219,84,80,29,151,116,173,92,88,225,251,54,234,143,97,178,80,230,95,182,171,94,72,246,137,163,233,84,44,32,84,25,118,214,177,120,221,75,0,228,34,34,29,236,162,159,234,163,96,213,208,157,180,120,51,252,1,72,127,46,238,74,85,72,203,116,135,11,175,34,202,164,193,152,16,252,124,120,94,148,102,223,138,216,103,185,4,0,153,99,212,12,165,188,200,60,213,151,114,132,118,167,149,49,15,50,109,183,199,113,146,170,187,1,121,136,250,48,102,129,81,29,27,114,163,67,60,228,216,69,110,184,182,253,154,204,216,59,105,53,180,122,140,86,82,39,164,50,5,63,76,119,117,16,91,164,12,98,121,20,44,205,45,147,162,231,216,74,233,52,36,17,95,188,193,25,178,175,138,251,146,80,27,157,208,2,156,184,161,158,241,131,88,232,188,208,233,184,156,201,174,168,150,78,45,78,170,120,116,28,125,242,172,125,150,48,255,162,149,142,69,179,112,70,135,248,168,96,53,193,60,71,184,84,3,56,22,251,40,67,3,222,142,140,192,26,162,63,91,244,189,145,49,113,171,158,77,38,230,205,155,20,217,61,132,222,67,245,32,254,27,251,130,243,80,183,80,210,190,96,38,5,64,154,172,92,255,29]
CFO=-7154.761656646527,STO=4
EsN0dB=-13.51,GRXdB=40,N0=0.009999999776482582
packet_number=215,correct=False,payload=[247,76,52,50,53,204,225,238,243,76,198,255,172,141,122,45,179,156,242,125,171,176,19,196,56,142,196,108,66,174,190,181,236,138,67,16,58,132,206,174,63,61,251,144,135,157,108,59,199,9,175,210,235,39,60,250,31,29,34,123,137,143,31,50,20,43,168,120,178,27,253,116,33,112,48,222,135,51,86,87,31,91,46,249,143,23,50,193,69,188,175,74,75,27,244,119,98,227,37,127,216,112,132,161,45,243,140,166,54,240,238,43,138,189,148,82,206,250,138,89,141,38,200,49,3,115,186,162,247,146,33,239,5,217,45,179,117,35,176,90,202,112,167,71,244,238,51,116,92,43,74,44,211,63,223,214,88,70,62,95,77,107,47,244,133,177,86,128,122,246,186,118,87,160,252,103,93,139,176,76,158,136,249,91,59,228,204,108,79,40,19,171,43,159,18,41,130,56,249,40,20,201,31,125,255,20,88,66,66,225,208,125,215,170,182,25,143,14,62,113,75,50,134,200,104,66,95,45,136,34,69,246,255,235,210,203,29,80,189,229,221,31,30,90,127,171,139,139,208,150,171,40,194,148,236,46,48,195,97,85,204,22,123,69,62,206,51,97,15,62,146,65,199,90,159,104,206,45,123,36,117,220,66,80,129,186,64,43,254,140,49,161,159,96,27,214,204,217,161,41,238,119,195,41,8,133,77,194,156,31,4,71,155,145,86,183,100,246,220,209,243,210,95,91,229,82,214,94,220,203,200,109,224,72,67,21,80,100,103,117,44,194,9,178,8,58,51,53,80,233,78,137,254,53,167,126,189,245,207,254,144,187,61,97,226,126,47,57,86,186,196,204,21,38,202,250,184,100,216,174,120,120,144,53,130,119,182,234,227,145,193,173,136,97,131,90,142,40,88,28,186,131,179,13,190,161,90,221,231,8,209,197,93,190,142,250,249,35,21,109,201,149,121,247,155,216,114,193,85,179,247,48,104,97,1,62,188,121,53,21,42,38,37,60,36,126,141,176,251,88,203,238,202,160,121,25,96,36,189,15,89,68,150,146,59,137,151,238,251,59,10,150,106,27,69,232,212,231,120,138,158,123,132,137,0,126,77,90,178,77,65,240,64,232,115,19,198,250,149,23,246,53,230,143,36,96,113,100,151,163,95,82,224,135,5,54,76,102,142,43,78,104,188,61,131,12,101,239,190,21,123,104,128,144,60,98,64,109,235,185,253,89,189,46,120,215,63,86,89,253,63,119,149,149,157,30,95,78,46,73,4,146,236,155,188,100,170,134,25,212,112,6,14,243,45,81,103,62,205,79,122,217,37,94,159,158,11,58,103,253,137,192,159,171,181,160,190,237,124,64,230,8,15,134,137,17,35,139,167,39,153,101,204,67,181,180,83,49,234,245,45,104,133,205,113,42,117,144,226,245,175,206,174,14,185,113,130,73,202,207,245,78,178,12,204,45,75,187,235,165,165,38,56,233,20,187,246,215,127,149,54,242,49,84,19,224,180,70,160,197,173,78,72,93,231,110,58,26,237,167,10,17,127,151,104,201,88,170,181,157,195,125,166,44,15,0,242,26,73,43,41,114,109,60,229,181,118,255,56,212,156,221,194,22,189,238,207,149,243,86,204,39,211,226,99,173,84,27,80,193,97,211,35,53,183,88,235,114,157,192,62,47,130,203,224,16,16,233,196,2,248,198,175,189,197,163,190,201,225,185,142,161,35,170,51,1,88,203,209,222,28,148,45,164,20,52,203,151,140,167,56,228,239,234,210,72,185,116,209,45,95,82,165,127,44,104,197,145,49,173]
CFO=-5494.8060787788645,STO=2
EsN0dB=nan,GRXdB=40,N0=0.009999999776482582
packet_number=216,correct=False,payload=[142,196,116,189,179,245,157,54,3,148,187,132,154,195,161,212,107,130,200,171,168,49,20,189,132,1,235,207,88,9,169,115,49,181,183,4,161,187,248,33,175,85,171,62,101,150,201,105,207,2,70,205,174,253,178,198,221,61,111,1,38,30,171,32,27,157,18,95,110,61,54,148,153,142,236,239,61,188,173,42,75,186,202,121,101,128,184,221,139,14,216,214,151,28,241,199,227,242,53,136,183,13,72,142,11,29,65,73,5,177,121,67,80,236,197,208,91,79,34,31,218,209,10,220,111,233,221,10,89,120,114,47,57,206,60,236,20,142,24,76,251,34,221,181,169,3,240,211,248,38,57,115,56,8,88,73,248,93,110,67,132,250,16,194,22,21,76,74,82,123,189,41,184,95,170,248,57,162,131,20,103,90,200,69,238,217,54,84,145,195,92,203,76,167,142,57,44,217,51,91,172,221,156,21,78,64,91,92,122,168,6,216,223,131,116,221,241,5,151,148,172,212,44,252,215,240,0,78,246,209,227,77,167,170,111,217,137,21,197,182,87,59,232,168,51,132,23,126,110,31,42,72,130,150,44,10,204,143,103,112,246,126,243,165,211,184,128,158,90,207,11,215,2,136,221,102,20,188,245,138,100,211,91,255,0,131,243,138,235,38,197,191,177,61,46,204,61,6,234,117,95,199,194,42,205,93,1,249,80,166,72,52,248,242,91,136,254,203,163,206,184,242,133,17,59,80,237,114,190,19,143,107,202,99,199,156,66,19,199,237,166,33,106,168,15,13,211,212,67,187,41,66,83,80,136,222,141,219,87,35,80,252,114,216,164,160,226,43,68,141,96,18,37,228,190,96,130,59,66,69,67,139,115,24,79,206,68,179,186,197,124,47,170,88,17,50,51,140,134,0,130,13,40,131,177,179,81,89,153,118,214,1,212,139,253,176,45,199,65,104,115,247,182,131,151,160,227,126,90,215,206,251,141,94,96,104,215,19,229,33,58,162,231,23,255,69,124,57,106,209,212,12,71,182,237,195,192,160,203,204,185,232,58,71,44,239,50,105,175,177,165,92,66,20,250,206,255,83,40,146,34,138,0,205,0,3,124,181,69,158,32,181,127,130,160,108,102,128,10,142,202,116,138,142,121,77,167,248,37,236,142,185,223,148,61,184,20,58,187,145,0,217,48,209,153,223,219,8,34,199,186,43,138,108,100,56,156,197,67,26,253,168,19,162,64,4,203,138,184,139,152,17,171,36,89,83,2,108,225,255,0,49,165,14,27,83,7,66,225,146,104,247,8,121,1,49,155,176,102,155,187,109,95,27,244,206,81,187,90,198,181,55,149,45,2,205,148,32,82,113,119,168,32,161,177,103,105,149,200,26,94,88,44,153,174,111,51,201,103,114,223,113,213,32,166,87,20,193,90,11,206,200,168,156,237,236,80,239,49,128,115,207,114,172,70,151,234,37,204,134,28,109,140,115,127,122,92,133,174,248,219,108,127,65,84,109,56,42,179,242,226,165,108,1,218,85,44,173,236,93,214,66,136,150,10,128,166,39,164,168,3,31,63,13,31,134,153,51,242,87,124,245,69,249,70,92,79,146,60,191,164,49,159,135,229,127,0,228,172,239,81,145,83,92,235,246,212,207,4,152,47,62,30,0,185,153,24,174,229,103,244,137,183,112,197,197,138,96,188,242,130,160,58,204,244,12,28,220,191,2,38,205,77,217,10,212,0,72,197,82,21,5,209,157,82,26,111,18,211,7,83,59,249,35,113,214,174,182,174,30,193,40,220,220,184,5,246,104,204,100]
CFO=-3764.7393205590597,STO=1
EsN0dB=nan,GRXdB=40,N0=0.009999999776482582
packet_number=217,correct=False,payload=[99,93,30,200,192,236,122,115,142,151,19,144,133,132,165,101,140,12,59,67,183,245,98,63,213,99,246,104,17,142,37,99,160,134,171,146,8,51,140,218,242,52,239,53,172,20,182,226,217,235,58,185,32,171,231,25,55,15,147,128,71,25,3,17,51,122,161,115,66,129,95,72,235,68,94,39,9,104,92,30,135,112,193,89,204,110,238,176,166,73,29,122,87,225,87,244,15,123,166,207,236,79,155,105,234,31,11,165,216,178,177,218,217,84,57,212,198,37,32,231,15,244,94,26,232,206,137,243,17,245,108,134,74,18,251,35,112,6,132,41,136,72,101,98,94,171,232,9,151,120,21,56,249,143,53,102,43,250,36,166,47,93,131,8,133,170,88,48,98,196,82,18,210,41,42,91,218,127,59,70,34,190,63,107,32,147,157,192,120,214,77,247,221,61,135,5,168,51,41,221,146,189,92,86,118,96,32,221,56,146,13,117,134,18,17,62,25,93,125,228,189,37,130,96,112,28,212,127,71,23,45,4,43,158,167,195,224,140,222,185,115,234,30,109,113,17,111,198,98,90,115,8,96,176,52,161,71,52,180,196,76,194,50,100,172,234,31,127,112,47,210,83,174,48,174,138,176,133,199,172,122,213,196,158,241,27,48,135,220,99,101,151,55,182,215,253,77,68,247,133,142,137,84,120,245,219,104,12,203,45,218,29,108,190,183,46,123,141,56,237,217,57,239,163,248,28,233,136,129,82,147,121,217,244,79,2,168,157,82,162,172,114,169,65,181,74,131,18,27,111,99,212,212,57,162,105,255,213,0,14,176,149,51,27,96,127,110,178,60,158,235,72,155,30,15,149,236,168,102,11,125,62,61,101,2,185,85,88,40,112,183,62,154,170,3,67,69,136,56,119,214,200,5,75,25,180,56,101,2,26,192,233,59,196,23,40,190,116,49,240,149,143,6,233,130,169,73,13,206,220,162,164,254,170,141,126,137,164,84,59,218,240,187,192,75,148,117,110,71,193,149,109,223,66,114,255,112,84,82,144,126,10,104,116,35,197,129,151,234,221,13,202,117,136,234,36,187,171,72,27,191,73,21,107,104,176,240,87,202,35,33,50,25,248,251,218,22,220,146,240,129,31,178,233,188,239,49,13,163,204,178,201,81,94,18,206,146,125,149,209,1,107,109,134,31,251,70,195,201,66,8,214,199,147,33,34,67,141,202,72,95,204,222,182,8,198,165,63,210,134,39,26,53,44,222,247,180,181,159,177,219,164,184,32,46,215,129,43,50,236,59,22,32,202,119,210,245,166,135,134,43,69,48,7,254,235,240,19,15,74,148,182,87,125,45,90,53,211,252,161,170,93,205,43,96,8,209,0,104,155,206,85,59,119,141,35,202,176,137,100,190,55,118,120,120,187,137,1,115,79,220,157,39,242,88,25,95,59,12,93,240,240,2,41,130,95,97,183,130,166,64,247,28,94,113,44,248,34,3,5,49,67,145,97,116,200,19,42,7,146,199,189,12,101,111,146,232,227,87,157,242,123,117,105,101,81,52,181,35,165,206,237,168,147,86,180,65,33,108,251,110,136,57,50,98,14,239,69,44,18,39,110,18,42,29,145,83,203,89,26,178,117,77,255,143,207,134,114,224,125,82,27,62,128,137,129,65,150,231,133,120,64,137,193,34,145,217,153,7,213,60,81,109,50,182,58,59,144,80,50,182,246,91,38,17,163,45,75,214,83,110,179,111,0,100,43,167,191,76,31,169,167,33,250,164,63,57,87,15,144,64,112,42,164,227,174,65,138,189,186]
CFO=11858.171266087631,STO=6
EsN0dB=nan,GRXdB=40,N0=0.009999999776482582
packet_number=218,correct=False,payload=[17,62,70,194,222,4,98,160,233,245,63,93,76,102,163,124,204,239,101,149,221,14,106,153,77,112,230,186,37,165,149,14,30,160,34,44,249,99,177,209,162,30,4,47,169,76,218,144,190,137,152,154,184,224,100,142,16,119,55,243,158,192,56,103,111,100,253,99,202,145,149,112,209,207,32,225,41,240,40,104,155,219,255,90,169,29,98,245,30,92,189,149,194,153,117,0,25,70,238,31,8,25,222,113,234,75,162,160,184,13,223,16,169,74,224,27,84,196,190,199,212,51,36,179,193,230,148,118,51,172,134,132,30,189,24,141,91,60,112,206,130,216,229,151,133,70,131,217,39,232,22,240,201,167,183,173,3,95,221,180,162,47,129,11,8,102,147,249,80,190,169,77,108,68,200,11,214,221,122,161,137,7,238,122,235,236,74,219,154,122,236,14,141,97,129,59,114,122,35,78,57,128,201,157,98,242,241,143,81,71,30,54,130,55,9,17,251,72,104,4,159,41,138,247,141,45,2,135,31,111,196,53,29,251,27,114,35,81,137,247,212,59,61,222,167,137,147,25,47,238,140,155,109,76,5,58,251,246,16,211,89,192,195,120,236,188,75,233,80,158,80,169,163,136,237,241,176,134,237,222,47,189,116,115,207,9,177,206,0,101,122,116,38,224,245,93,10,181,92,170,23,100,205,137,94,62,228,5,177,117,17,81,86,2,154,95,139,61,43,234,113,37,43,154,10,122,26,227,93,190,58,127,144,103,48,62,129,179,167,0,94,171,111,150,189,66,93,136,236,186,143,80,204,180,30,185,205,120,109,219,205,142,182,32,203,40,99,194,69,76,110,36,224,19,224,169,45,247,253,142,205,72,101,58,157,206,74,185,80,14,98,77,212,193,248,118,89,166,153,59,71,22,131,247,191,187,51,241,220,129,63,65,241,89,38,247,45,150,33,45,212,237,178,247,29,24,226,218,6,156,2,117,129,90,80,195,253,74,206,91,209,44,40,88,254,243,60,221,171,74,133,202,81,211,122,179,56,6,102,163,81,11,26,138,115,9,52,65,51,121,220,56,207,255,33,62,17,4,109,229,72,23,132,105,102,31,103,135,66,6,65,57,162,96,92,136,161,108,237,175,182,31,179,75,123,144,181,28,101,180,233,40,249,246,173,21,86,143,209,64,218,237,163,117,102,77,198,5,91,127,135,119,25,54,203,160,245,107,20,55,159,29,172,103,141,84,38,109,121,2,117,40,237,204,183,182,2,115,173,15,78,67,5,254,161,31,87,226,10,190,250,82,77,94,107,76,217,129,168,101,19,96,82,221,4,66,20,132,13,18,254,185,192,231,215,194,250,194,93,236,142,148,19,128,45,241,251,108,189,181,130,105,172,125,121,89,222,130,184,29,60,136,60,20,71,230,26,212,132,28,172,65,147,123,225,81,120,15,31,39,221,254,222,248,155,30,254,141,142,10,131,252,134,155,62,222,253,195,236,115,160,93,140,186,131,155,196,244,16,79,196,247,178,108,39,212,206,94,93,231,35,241,56,179,133,172,132,75,194,212,222,107,227,207,5,126,202,177,16,87,130,116,3,18,201,124,98,204,110,134,223,71,255,226,117,50,59,102,39,22,217,147,102,117,197,50,11,155,141,219,234,232,232,204,128,212,131,74,90,65,11,64,213,34,241,100,117,225,145,58,129,62,57,68,80,184,186,173,231,208,247,178,237,71,86,203,105,42,4,137,223,19,68,194,33,150,129,225,152,31,18,121,61,154,8,230,228,104,138,186,214,235,138,246,201,19,214,125,56,68]
CFO=7961.951515483864,STO=0
EsN0dB=nan,GRXdB=40,N0=0.009999999776482582
packet_number=219,correct=False,payload=[101,136,25,96,63,162,76,118,125,43,213,202,203,113,252,61,126,15,106,55,6,22,109,208,228,50,11,31,0,194,83,129,52,108,112,218,234,169,117,126,60,182,203,117,213,151,74,18,0,193,154,121,138,250,17,159,99,103,97,20,67,85,74,95,216,218,212,44,117,33,70,81,53,50,225,232,206,206,128,106,210,244,75,216,19,199,148,116,172,14,93,43,136,55,238,55,61,213,106,245,87,137,244,190,112,42,94,189,198,186,138,211,88,228,195,136,165,134,124,88,13,163,80,134,142,176,85,234,139,227,119,225,202,93,240,250,253,143,225,123,75,162,53,158,124,110,78,245,117,124,151,46,170,102,84,160,121,26,124,185,195,74,13,233,119,63,177,229,117,60,117,202,42,49,131,60,144,8,209,134,243,69,116,145,225,197,115,158,73,10,132,60,92,131,105,97,224,47,111,50,151,217,113,194,173,215,223,112,219,6,86,33,195,155,179,175,89,82,184,108,105,102,235,169,130,78,112,205,120,38,214,16,179,220,54,14,75,63,143,175,34,179,168,200,12,17,209,169,63,243,191,249,84,37,207,57,124,141,34,153,249,124,240,97,1,252,83,249,168,113,174,117,55,166,43,239,145,136,217,164,181,209,142,152,47,31,145,103,0,75,232,173,230,206,132,227,110,168,236,129,91,95,186,97,11,187,49,59,107,29,101,20,236,37,219,23,82,207,246,235,89,90,130,164,251,146,21,52,165,111,37,243,64,194,196,23,197,184,56,195,44,186,18,111,40,87,57,96,147,246,202,189,247,166,27,3,143,142,46,147,98,144,38,153,132,190,129,43,210,153,52,247,226,114,205,84,157,209,46,46,7,212,128,101,228,88,60,118,17,94,1,165,142,63,125,29,226,74,182,38,72,18,112,139,8,195,33,157,94,194,221,84,127,216,125,110,189,173,134,21,134,0,17,184,65,108,105,35,133,165,26,102,146,17,29,4,191,175,34,25,112,116,139,3,72,152,177,86,88,127,17,63,31,141,214,22,95,138,169,68,145,215,84,29,112,242,180,10,67,178,58,38,16,17,63,189,188,243,6,242,197,16,35,175,9,164,145,243,151,50,50,34,0,183,21,250,104,239,104,28,173,160,254,213,80,68,188,35,252,202,142,55,35,2,127,209,102,52,176,90,100,94,195,230,163,172,214,45,80,240,133,97,130,133,239,215,90,119,15,72,153,63,40,25,109,207,147,129,14,155,133,166,83,170,40,107,30,17,71,61,114,248,186,18,77,13,243,154,48,173,64,141,97,79,119,175,251,72,31,147,112,11,130,14,27,204,136,144,90,38,133,233,146,228,159,236,77,26,4,170,205,187,128,96,108,58,230,201,63,209,190,72,64,154,164,161,164,11,239,77,234,229,244,242,213,69,9,129,130,128,247,25,231,106,193,241,156,65,255,29,115,86,226,199,125,160,202,109,87,60,72,255,91,202,36,33,163,176,85,112,92,39,138,100,99,113,162,211,80,86,9,195,222,162,251,156,17,135,2,54,117,28,255,147,22,0,207,114,197,221,1,148,230,75,112,164,227,82,241,182,251,222,179,213,164,40,156,81,101,208,112,186,225,94,205,248,29,236,222,249,55,74,31,18,60,235,108,75,7,121,108,142,63,50,26,207,102,24,216,10,231,201,27,150,241,159,202,149,12,139,2,239,123,3,22,4,244,17,51,72,31,24,31,125,216,25,25,100,87,119,23,114,90,230,192,127,12,40,163,142,160,131,32,216,3,254,213,190,133,4,234,224,224,117,117,22,82,225,111,32]
CFO=-11712.129489346757,STO=6
EsN0dB=-18.13,GRXdB=40,N0=0.009999999776482582
packet_number=220,correct=False,payload=[133,141,178,95,86,244,249,153,200,32,152,109,91,77,149,193,161,93,111,1,109,93,230,193,124,229,188,192,191,50,160,187,193,118,166,223,139,239,59,218,43,134,72,249,86,64,163,242,22,217,6,219,5,29,3,157,72,144,158,30,200,111,0,242,39,65,2,225,104,232,49,200,187,209,81,226,222,154,229,202,3,36,255,65,7,91,238,133,62,247,66,1,87,164,120,199,170,90,212,34,150,208,89,109,79,166,29,249,222,6,148,246,164,175,232,226,200,175,71,180,130,31,184,21,52,232,70,80,46,75,29,125,215,141,62,139,113,145,120,176,11,203,2,142,174,199,171,77,18,221,186,26,54,248,17,7,16,12,97,116,32,182,205,212,158,23,90,225,189,15,209,204,1,43,184,18,242,206,214,190,213,199,44,185,232,91,230,20,62,248,200,194,233,160,195,53,71,40,127,89,191,142,77,111,197,72,103,29,32,7,119,103,9,176,10,139,62,216,54,226,133,255,41,50,92,234,63,113,250,57,210,170,27,191,19,140,139,176,237,123,185,2,98,153,77,216,141,234,33,137,138,67,89,148,31,99,43,86,4,7,183,189,228,98,61,0,115,215,114,137,231,173,190,83,17,213,166,117,195,100,31,121,20,79,219,69,39,214,206,139,50,174,253,165,78,251,54,1,33,246,132,3,97,225,91,113,114,108,114,6,114,65,189,204,171,78,175,243,82,0,131,77,177,100,214,64,198,196,180,199,232,184,137,119,173,214,107,183,85,163,196,190,58,80,1,64,53,121,36,123,124,179,42,199,131,199,30,247,148,89,1,50,102,129,135,172,74,221,207,77,202,158,33,215,163,160,24,103,141,137,183,193,95,149,126,49,155,225,44,37,217,135,191,33,239,26,65,193,237,235,178,173,82,207,220,124,70,182,9,116,2,121,178,165,228,48,192,216,176,86,74,153,45,49,240,231,173,78,59,43,10,4,252,78,139,190,24,118,18,252,136,230,5,92,188,60,130,130,243,54,44,240,16,107,110,252,123,203,255,76,3,48,73,212,67,162,223,183,154,43,46,182,1,18,242,157,70,179,95,99,28,27,196,126,243,66,94,235,6,57,18,112,191,225,242,10,209,99,251,215,23,130,118,117,201,100,175,216,25,137,65,177,209,239,60,35,184,105,190,135,159,231,148,125,237,182,153,210,200,220,68,161,113,229,9,51,34,160,230,112,152,7,68,143,65,49,163,115,165,219,4,120,183,34,108,22,53,252,110,211,75,72,17,39,161,0,164,43,3,7,42,157,81,143,235,28,157,16,45,21,154,225,239,164,146,254,26,68,169,223,99,141,112,84,72,236,10,111,226,51,50,120,195,178,227,252,6,231,210,82,184,3,97,121,252,138,146,39,129,20,93,133,40,17,6,49,95,111,67,179,143,246,169,49,128,234,129,39,158,45,165,51,51,236,150,133,87,57,157,71,72,171,15,41,144,118,84,228,140,102,193,238,165,150,232,76,213,104,88,219,114,162,119,241,101,6,70,144,111,104,55,226,161,166,165,40,17,39,169,82,213,92,194,69,26,84,101,45,246,54,178,132,78,90,12,151,103,194,136,56,149,218,129,186,61,87,224,94,120,34,90,171,131,227,133,220,111,179,166,238,19,173,100,163,222,186,16,0,182,254,226,21,226,68,87,236,16,96,250,2,101,128,206,209,75,221,174,147,68,255,110,243,16,229,183,126,73,229,133,74,203,57,107,2,154,35,90,159,223,25,177,117,188,191,111,22,205,162,219,150,221,222,107,238,179,121,160,92,131,186]
CFO=3517.759680171399,STO=6
EsN0dB=-15.11,GRXdB=40,N0=0.009999999776482582
packet_number=221,correct=False,payload=[6,81,181,55,39,124,204,91,124,12,130,106,114,192,246,191,10,193,108,222,206,228,53,21,24,132,39,220,152,151,240,190,227,32,87,1,123,214,253,223,127,163,185,71,99,138,90,55,212,179,134,174,146,221,164,4,94,104,152,96,103,103,194,167,79,200,93,127,159,90,73,162,42,59,52,231,172,17,190,116,202,65,194,254,0,130,233,244,202,23,134,224,136,71,138,110,239,91,42,203,130,103,4,183,163,61,81,219,34,31,254,155,120,70,76,104,39,179,222,254,214,89,207,249,226,125,177,109,43,62,230,218,253,122,175,47,209,101,216,110,50,77,232,150,204,188,93,88,204,229,180,37,134,79,150,136,98,61,152,112,120,120,132,98,137,7,160,175,125,0,122,163,192,98,17,242,157,33,99,24,121,109,44,31,54,249,163,158,181,130,97,116,183,151,31,157,176,58,244,223,94,101,203,26,34,245,180,143,28,77,77,129,12,54,246,229,217,148,242,202,99,122,64,75,232,208,51,93,67,123,64,217,64,85,152,211,227,147,209,20,105,124,34,134,199,117,131,96,156,57,192,55,29,109,220,226,37,100,107,225,19,49,104,24,225,229,236,67,132,49,110,16,47,122,16,192,30,204,247,142,15,12,107,164,67,125,217,32,241,202,125,133,106,170,250,235,57,243,105,231,127,93,34,253,167,219,162,110,124,146,194,198,63,230,172,48,139,240,116,33,135,253,128,104,49,214,24,203,243,56,3,242,126,136,69,63,250,224,173,216,150,190,28,149,114,11,63,75,241,152,214,151,103,30,4,95,80,52,181,178,76,90,51,164,188,205,111,203,100,203,192,252,118,210,150,197,95,238,112,240,75,68,154,105,196,205,114,183,252,136,96,231,119,138,12,176,239,177,117,26,106,68,228,76,53,43,163,72,133,241,97,47,141,145,88,217,116,50,148,215,100,71,0,53,239,104,153,131,170,179,173,3,32,227,161,16,141,225,141,63,170,225,76,137,196,51,180,153,167,6,191,48,137,142,222,40,191,201,105,205,247,48,88,171,99,104,208,222,32,156,49,159,183,28,157,222,66,133,192,147,27,68,10,175,90,191,231,132,248,65,124,86,0,95,166,209,14,210,225,108,114,255,67,117,136,115,242,211,135,19,232,9,183,112,194,57,60,27,37,65,55,43,179,209,38,0,143,105,57,200,145,52,114,223,230,17,170,213,224,64,181,139,240,91,129,102,120,128,253,184,100,111,83,168,206,217,231,143,255,126,76,163,225,59,8,176,134,105,26,14,237,95,207,21,14,226,57,177,57,10,141,195,188,0,27,159,240,36,184,159,131,215,131,125,105,123,160,218,75,136,183,214,216,134,42,69,66,3,222,77,40,217,26,234,80,183,50,245,165,173,195,200,163,57,100,174,58,232,117,206,43,120,15,214,81,25,2,106,83,124,170,149,18,77,10,3,135,162,156,48,53,142,28,20,241,190,90,106,162,114,108,75,177,45,135,179,249,99,99,123,80,98,84,144,37,219,254,5,94,48,131,145,216,95,137,121,10,189,140,162,54,240,14,69,55,63,176,215,14,234,124,76,153,120,220,13,157,205,55,13,238,156,230,72,138,255,250,51,70,244,247,189,38,201,66,123,42,156,66,134,107,205,198,135,43,163,180,158,206,226,185,101,89,170,95,208,180,51,119,237,245,24,196,59,162,245,45,113,161,152,162,254,131,136,44,54,185,39,175,126,248,223,205,172,177,219,253,10,247,182,22,113,159,0,151,107,54,253,121,236,26,41,43,219,19,79,106,207,156,181]
CFO=-697.2851781809566,STO=2
EsN0dB=nan,GRXdB=40,N0=0.009999999776482582
packet_number=222,correct=False,payload=[35,136,222,154,224,183,179,12,133,94,141,37,187,110,78,144,177,86,50,152,0,95,172,242,51,128,243,191,158,124,24,233,178,75,94,29,229,77,232,53,0,57,234,173,23,205,222,14,217,220,49,47,41,85,200,213,32,231,179,237,201,80,70,6,51,32,118,35,71,232,52,67,34,131,41,172,235,255,206,147,43,168,12,178,110,218,83,247,177,141,134,66,143,79,13,155,179,244,182,245,113,54,24,120,88,63,175,90,141,73,22,172,250,78,149,159,58,44,77,107,83,82,78,22,7,31,77,50,192,212,45,98,234,18,229,233,202,48,88,218,76,88,135,4,107,168,98,57,213,153,11,201,113,90,113,199,176,243,193,136,227,9,79,145,47,226,35,60,51,156,136,218,85,203,29,74,6,198,73,7,72,150,177,90,101,46,189,139,7,214,120,53,209,155,7,247,188,52,73,9,201,68,6,254,199,204,231,122,195,229,63,191,136,107,148,59,75,230,83,174,74,64,227,5,9,226,90,119,77,51,178,84,153,90,200,231,214,12,25,27,255,244,249,28,22,224,173,240,20,65,47,180,157,14,201,111,47,120,29,227,111,69,76,243,198,108,180,90,222,229,255,148,113,84,50,150,61,26,155,250,142,202,88,145,68,225,94,235,114,176,218,118,72,105,181,233,84,253,128,76,89,40,123,32,172,23,20,122,163,255,218,140,190,200,221,71,61,141,207,129,28,191,32,224,26,41,126,255,3,215,160,252,58,114,109,53,222,104,164,243,194,225,70,79,96,177,243,77,175,124,78,142,94,44,62,151,125,208,97,87,21,198,4,228,164,244,187,84,108,15,222,221,71,67,6,129,16,228,190,200,105,215,19,54,103,135,49,249,150,55,154,119,218,189,100,133,128,177,199,139,78,154,44,203,5,124,222,158,151,229,67,247,42,38,102,239,4,98,103,12,131,11,205,236,211,54,26,20,26,158,124,41,193,113,26,55,120,119,134,187,38,63,226,114,196,45,138,240,96,125,79,227,120,183,189,73,205,34,154,150,224,159,25,10,31,166,81,8,36,160,240,214,213,196,89,201,227,133,97,242,122,86,63,154,230,225,13,154,43,228,207,26,69,141,184,17,178,84,193,27,253,162,59,208,35,231,46,234,92,180,105,17,53,239,167,206,198,173,22,229,112,128,171,70,229,144,252,217,87,207,78,107,54,226,181,41,71,79,241,246,10,92,164,144,186,215,40,223,184,129,13,29,80,22,180,199,223,71,10,140,151,247,246,231,90,231,111,246,104,73,14,184,212,169,87,94,158,20,13,1,44,43,152,99,163,154,219,197,185,131,207,181,232,43,249,255,147,151,159,8,90,8,89,20,196,91,128,21,249,78,53,175,207,212,75,141,57,167,42,130,175,208,26,105,87,93,29,206,234,65,20,192,2,25,164,43,67,202,53,177,89,53,250,61,95,10,187,115,25,68,163,180,243,206,216,223,80,215,64,96,111,73,58,170,46,139,24,178,129,184,2,127,107,158,81,0,165,83,220,139,56,75,153,220,96,91,125,153,161,119,145,129,188,60,65,43,163,31,151,92,128,58,206,198,237,244,54,244,163,147,93,253,130,254,116,236,6,158,245,172,190,197,190,87,49,13,221,104,150,99,43,65,84,104,115,232,137,230,245,98,153,24,18,236,235,152,1,14,61,115,240,79,45,200,146,3,98,84,251,211,246,167,251,80,88,50,118,58,129,52,153,109,212,46,139,130,156,144,208,181,166,253,196,177,231,116,33,200,59,169,212,118,249,248,8,35,123,95,179,191]
CFO=12.261872835688555,STO=7
EsN0dB=-21.14,GRXdB=40,N0=0.009999999776482582
packet_number=223,correct=False,payload=[87,254,56,67,181,63,119,29,119,172,159,193,158,238,91,71,55,164,182,58,140,121,133,231,10,5,96,137,102,97,221,246,24,73,44,189,131,51,162,31,39,94,192,69,27,86,163,97,114,83,150,191,196,10,158,89,40,57,240,89,181,152,231,157,32,5,48,138,179,76,189,15,155,135,125,194,14,12,7,215,220,116,84,157,35,79,31,130,96,149,245,236,43,92,241,188,11,81,109,209,239,235,109,211,150,90,83,160,84,123,100,192,79,81,132,145,122,199,233,84,239,45,40,154,189,18,218,104,140,24,10,199,132,175,127,62,54,51,53,251,130,249,77,164,150,27,46,5,218,99,198,49,152,80,31,78,246,229,218,17,36,4,70,185,248,100,136,68,213,175,158,152,63,201,25,132,242,211,205,175,235,255,165,172,177,52,135,110,64,58,74,91,104,113,181,84,87,235,33,193,23,218,203,9,124,31,70,238,40,80,224,212,65,25,168,81,217,67,181,109,243,95,203,161,204,222,252,81,23,183,82,44,137,219,26,108,119,107,192,7,60,117,222,21,157,100,173,227,93,52,107,103,91,220,110,206,23,191,190,66,112,166,98,192,31,213,5,244,23,46,61,197,5,22,50,147,51,116,148,82,158,226,140,101,228,31,133,45,233,174,2,144,169,90,3,77,122,252,213,78,12,29,160,94,159,195,84,188,219,33,88,148,169,102,112,112,34,162,124,207,160,81,123,190,214,2,92,180,0,228,66,102,196,224,9,46,26,165,251,94,197,249,18,224,91,188,169,196,96,195,6,53,22,73,120,152,222,59,52,67,173,165,64,244,104,77,159,150,109,73,42,53,152,190,33,46,105,141,119,89,252,219,137,194,182,73,215,146,87,87,115,33,174,92,252,164,53,181,208,184,128,48,186,200,117,169,130,34,158,155,148,24,175,119,126,190,15,245,99,55,225,248,216,255,115,214,208,102,135,148,183,57,65,35,253,175,5,187,67,36,72,67,177,172,138,189,44,5,3,203,77,40,169,89,226,99,159,170,240,251,4,125,152,192,26,248,253,52,153,14,220,162,216,186,237,88,82,223,29,238,217,38,53,15,252,81,111,19,199,105,157,116,46,64,139,41,205,0,134,164,193,161,104,116,14,45,254,146,15,198,90,207,143,86,124,105,93,230,0,171,148,80,207,9,10,90,210,205,249,43,50,153,137,201,235,100,86,132,34,167,212,35,25,200,13,16,193,21,215,72,103,112,20,207,71,150,15,158,104,99,185,35,118,139,10,40,45,21,5,163,162,83,75,27,20,119,19,155,59,249,85,150,157,92,189,159,227,217,154,33,155,170,208,66,241,210,115,225,201,203,45,195,123,140,194,178,23,130,48,71,203,65,214,15,199,83,12,110,179,56,87,103,226,12,245,128,222,33,154,73,209,196,206,212,185,108,145,62,196,191,117,116,108,5,7,102,121,167,156,110,38,195,217,220,69,255,52,93,59,204,27,56,220,152,213,120,37,155,187,136,67,193,145,82,180,59,6,179,231,226,114,125,34,39,200,211,12,245,72,212,159,195,228,230,36,251,36,244,96,187,255,142,24,225,89,31,84,235,16,30,159,34,37,155,32,246,176,231,50,56,201,144,155,159,16,124,227,149,104,187,141,229,42,184,124,164,119,238,138,19,127,205,143,144,52,124,210,88,198,82,118,50,110,174,179,86,27,130,140,231,151,140,242,99,219,2,91,224,15,253,80,128,60,102,227,152,210,196,130,55,74,68,19,98,65,90,190,180,50,80,190,230,235,224,251,216,156,117,234,136]
CFO=6704.106249527777,STO=2
EsN0dB=nan,GRXdB=40,N0=0.009999999776482582
packet_number=224,correct=False,payload=[248,41,175,42,140,74,170,56,228,174,38,33,80,152,199,233,169,182,64,219,145,111,123,207,162,246,115,46,231,168,201,248,189,132,46,100,106,135,206,11,72,61,242,169,90,209,2,30,5,160,172,151,122,48,229,255,30,86,105,56,234,154,161,233,80,228,247,125,172,240,254,141,147,192,173,212,82,87,50,159,227,162,94,22,103,36,0,34,203,16,83,86,183,236,105,113,107,128,66,227,70,92,169,79,51,171,68,193,224,188,55,144,112,192,132,3,5,249,53,97,22,66,237,181,69,248,126,89,163,193,168,201,247,7,96,105,56,85,118,177,176,75,40,77,97,158,105,209,102,111,159,14,184,241,58,42,150,49,41,140,111,80,199,91,160,7,186,164,158,74,177,164,219,248,213,205,93,62,175,31,141,93,59,198,96,72,166,115,105,26,19,45,203,139,225,111,167,166,195,59,178,12,136,9,94,159,101,59,97,184,190,89,129,236,253,62,221,171,32,42,147,107,191,191,46,240,150,206,151,29,210,189,201,81,33,63,54,87,255,145,211,89,157,92,102,185,138,128,69,235,4,124,12,77,81,53,187,184,0,185,50,48,5,27,183,164,84,67,78,13,156,207,130,234,8,85,228,130,101,64,238,11,236,13,127,204,100,83,75,143,243,224,157,225,190,99,192,165,49,64,226,53,27,8,227,126,255,48,22,75,162,196,195,140,140,30,124,132,89,239,140,251,242,230,169,175,77,157,217,210,245,131,91,194,103,23,103,1,102,86,13,249,221,134,12,87,68,148,132,92,17,30,102,130,47,34,149,196,36,106,172,37,153,155,176,239,62,76,133,57,29,209,119,58,68,17,184,82,160,149,224,87,5,91,81,207,189,125,183,155,28,86,181,137,140,73,255,106,247,90,184,4,46,176,98,121,153,103,149,16,29,94,242,20,129,31,240,112,27,98,238,34,60,227,120,179,85,136,49,58,27,60,48,74,145,203,182,107,228,131,166,234,48,51,95,14,21,202,71,152,170,93,55,29,18,43,61,53,110,81,29,26,103,46,149,59,136,235,210,103,37,164,68,64,0,103,236,7,101,79,38,73,137,220,51,17,215,88,123,128,203,191,19,84,125,119,90,27,20,127,65,192,164,63,252,149,89,86,206,143,190,235,244,233,208,14,238,158,245,103,192,95,218,130,200,131,156,216,122,121,20,79,203,85,84,189,222,151,128,83,212,29,12,90,36,110,192,236,67,14,38,43,242,115,22,207,92,209,131,134,229,224,181,195,215,223,234,167,28,100,249,50,211,77,71,53,34,239,0,205,89,199,203,197,60,183,194,172,9,14,101,100,220,96,248,166,171,218,53,253,223,245,5,96,181,91,53,207,123,86,107,168,62,60,147,122,135,73,14,63,111,206,205,201,198,255,241,127,87,235,39,217,251,159,167,133,222,115,117,248,232,79,228,83,114,128,142,114,192,207,122,21,27,169,240,225,120,120,30,21,19,59,91,11,150,172,5,189,193,206,85,54,11,34,148,48,134,93,45,214,27,22,225,6,135,87,215,171,237,232,213,167,137,7,108,112,213,96,36,67,146,4,17,2,158,136,181,60,72,105,89,223,148,183,47,192,148,28,55,155,139,80,23,248,239,81,26,243,220,171,116,174,8,175,213,30,123,117,192,210,161,103,46,88,219,185,10,184,9,210,114,28,167,106,186,82,171,19,226,153,109,15,184,57,87,192,107,52,35,108,224,211,39,74,35,38,37,157,17,161,85,156,58,41,192,59,15,182,241,197,155,210,147,162,152,133,29,142,23,17]
CFO=4701.569727233432,STO=1
EsN0dB=nan,GRXdB=40,N0=0.009999999776482582
packet_number=225,correct=False,payload=[234,211,230,196,197,203,39,200,64,33,20,163,222,93,7,161,186,122,8,74,83,250,73,78,34,74,116,84,3,108,3,184,74,217,9,45,241,43,166,184,235,85,41,73,6,165,46,130,51,112,205,121,224,67,67,86,232,175,210,223,139,193,143,121,54,99,6,197,147,235,252,133,161,241,51,214,64,56,49,32,168,9,224,140,142,235,43,61,104,106,35,148,100,70,168,152,92,101,129,52,106,174,85,59,135,83,166,119,150,123,100,233,188,56,138,3,44,184,138,146,86,94,119,69,199,13,223,115,228,27,11,49,88,238,115,28,245,42,175,41,163,106,46,121,162,24,62,123,121,146,213,15,85,49,223,216,157,42,252,37,65,149,49,41,145,168,76,127,143,202,102,108,23,55,219,46,32,229,0,77,234,28,122,53,28,206,108,214,119,67,165,57,176,128,189,100,23,248,155,143,24,2,125,129,203,25,31,64,255,225,163,216,0,31,154,200,121,196,37,238,205,86,87,217,180,87,127,157,121,211,200,196,179,130,245,179,34,4,156,50,198,72,88,40,14,92,244,67,190,34,13,15,86,186,167,150,83,142,108,50,7,139,189,93,228,37,61,139,74,31,102,45,76,232,227,102,190,246,25,154,103,168,209,250,36,212,153,188,171,204,203,76,145,176,180,110,221,228,152,172,15,136,231,2,65,83,215,140,129,187,47,121,117,141,178,59,101,104,209,46,148,170,209,160,67,94,8,4,189,162,53,121,133,73,157,21,211,200,72,19,249,102,173,232,62,219,155,253,78,149,32,4,2,105,140,178,126,41,74,131,77,158,160,17,170,74,116,213,98,209,210,56,184,107,198,130,144,192,240,3,203,249,212,178,69,249,110,200,156,97,99,39,11,148,214,212,11,182,77,147,30,140,73,61,219,233,64,39,130,111,203,35,123,236,133,31,60,229,95,166,192,77,122,101,195,180,77,36,158,242,17,226,143,186,67,148,210,22,90,60,103,9,134,75,60,178,32,100,174,149,23,52,238,15,213,159,165,64,98,239,74,175,55,155,168,183,177,229,101,21,59,46,215,65,139,87,108,35,177,78,136,85,55,102,143,20,95,74,151,235,65,74,147,27,4,112,240,40,137,63,228,243,19,217,4,28,182,255,43,62,132,126,44,119,123,110,92,48,98,195,28,71,249,7,145,29,166,73,146,139,226,35,121,190,127,117,171,122,234,217,12,122,86,131,4,164,197,249,215,58,101,233,165,85,230,207,254,120,106,197,43,188,95,183,245,139,58,107,110,162,139,171,129,240,47,117,3,235,66,10,90,128,96,238,244,112,223,66,101,64,188,133,21,153,225,91,156,63,69,217,51,49,159,226,4,35,153,120,116,217,112,225,10,153,75,0,71,245,64,99,137,94,249,229,197,198,91,129,203,29,65,39,215,245,125,59,54,215,114,7,9,3,209,131,187,70,120,185,245,172,117,121,77,77,235,226,84,143,15,122,204,110,235,38,143,177,129,4,146,65,121,225,232,109,1,216,22,41,171,57,45,18,61,48,117,171,76,76,209,51,11,104,37,164,31,197,87,181,249,102,124,165,200,94,184,192,56,131,171,206,255,82,20,218,85,92,232,222,253,197,199,115,9,123,171,35,183,108,214,210,84,11,29,131,13,187,136,251,244,11,141,22,219,59,51,43,56,31,118,70,241,22,143,115,55,170,122,109,61,2,65,116,100,215,168,2,66,136,174,59,86,220,92,147,87,138,234,143,129,105,124,191,172,240,157,149,221,55,179,190,203,180,191,38,183,35,154,48,159,242]
CFO=4012.197311347968,STO=1
EsN0dB=-12.69,GRXdB=40,N0=0.009999999776482582
packet_number=226,correct=False,payload=[214,14,197,71,197,117,54,180,13,149,215,145,129,15,210,221,54,2,151,231,144,227,113,12,116,109,208,82,96,32,114,164,16,105,223,166,245,144,72,119,149,16,121,10,46,23,41,152,5,91,115,26,131,77,33,205,142,205,251,116,197,156,49,190,122,102,84,203,252,205,171,89,37,78,157,233,53,237,22,128,174,89,22,192,102,198,163,236,129,100,61,215,120,84,113,135,155,193,75,64,91,68,86,225,100,15,23,164,127,198,66,26,58,12,171,167,220,225,4,177,174,114,27,199,189,24,72,168,54,174,219,217,179,30,186,71,58,157,109,227,120,188,68,218,36,180,199,178,98,186,149,221,241,132,162,144,83,212,223,65,112,167,119,241,165,39,16,107,10,229,254,5,184,152,183,116,243,48,240,28,35,238,152,197,181,217,90,124,37,60,125,110,208,91,42,247,110,86,234,22,101,11,1,25,88,253,61,155,103,106,190,217,58,105,168,46,67,108,176,38,141,77,69,109,189,87,170,7,248,115,79,15,217,6,100,10,48,177,202,245,128,12,255,118,13,153,193,92,133,63,156,20,8,201,54,217,245,204,222,25,246,143,154,180,171,72,143,4,203,186,218,38,218,44,204,128,90,70,208,185,221,119,99,112,224,102,130,101,60,61,205,195,118,28,247,153,244,138,60,227,27,90,40,34,19,64,92,82,64,13,255,176,195,187,40,115,139,112,224,49,88,82,125,233,249,171,195,96,167,14,43,125,190,147,149,249,145,51,173,244,24,211,155,15,98,158,63,118,216,116,128,66,131,161,101,245,45,182,213,155,23,168,151,56,83,239,29,17,139,134,184,77,236,166,92,10,208,192,43,163,224,216,69,179,121,85,140,70,43,205,13,218,183,103,251,168,187,25,173,33,71,1,28,231,42,179,21,190,61,51,98,53,170,125,89,247,105,114,205,210,69,211,53,165,54,72,193,51,139,94,201,237,123,179,23,125,30,156,164,3,52,71,146,86,204,194,254,170,120,200,181,18,199,0,133,7,147,209,160,68,196,51,103,216,84,187,103,36,139,67,74,139,78,22,45,33,52,12,212,173,141,233,6,39,41,193,101,92,7,220,5,58,115,190,160,64,52,50,133,11,60,173,102,163,59,10,234,172,166,233,36,79,123,131,233,7,227,208,69,88,115,83,208,16,194,207,166,172,29,195,16,251,246,173,126,189,102,70,255,188,237,81,140,31,131,147,135,150,10,197,229,61,93,228,181,39,55,149,8,115,159,130,159,34,88,219,65,199,108,233,0,112,3,235,242,133,101,75,11,197,62,134,215,190,199,251,120,86,69,23,164,223,254,81,208,5,180,100,209,74,166,102,131,176,224,61,205,219,232,185,121,161,153,122,89,236,187,170,239,157,14,29,103,54,200,195,101,107,73,9,137,241,251,254,99,46,119,153,243,40,30,172,63,203,254,7,168,174,106,154,204,228,54,212,70,228,32,240,177,179,205,226,53,134,49,102,111,245,9,70,170,77,165,126,111,224,158,43,27,197,25,190,224,33,113,37,85,146,83,94,12,130,123,92,98,82,30,75,78,69,10,169,60,191,214,249,20,165,151,140,249,239,126,1,35,219,61,14,197,231,194,158,185,56,187,51,194,60,163,80,85,82,221,95,195,102,48,96,4,230,18,91,108,186,195,56,230,77,188,54,45,241,107,171,140,92,210,181,51,243,42,133,137,224,51,115,196,69,74,13,221,253,210,142,99,163,71,168,232,92,146,200,205,145,119,14,3,123,35,141,80,41,221,197,255,128,254,58,123,23]
CFO=5117.501685840436,STO=3
EsN0dB=nan,GRXdB=40,N0=0.009999999776482582
packet_number=227,correct=False,payload=[114,78,119,124,13,127,2,249,19,249,155,95,145,143,15,116,238,84,197,152,86,142,123,30,84,246,159,74,162,135,20,250,35,227,112,253,212,27,141,201,17,123,250,13,38,97,1,194,3,64,55,155,38,87,242,170,166,31,111,159,76,226,145,118,17,83,33,171,132,4,68,45,232,9,115,124,175,60,3,10,7,22,41,232,66,137,92,71,2,227,115,60,38,246,127,127,83,81,215,50,220,26,177,35,51,134,23,30,66,132,19,130,179,50,158,88,72,220,146,38,58,208,188,17,114,99,100,36,116,110,164,23,32,102,150,145,83,172,120,221,227,217,133,96,177,32,236,217,127,214,225,170,148,90,113,71,208,89,48,53,200,147,76,69,88,146,166,61,76,88,156,236,7,227,46,219,239,180,87,25,136,91,91,248,145,59,76,253,40,80,33,208,187,77,0,94,251,33,167,152,47,50,167,186,13,84,200,226,123,1,211,243,212,232,79,79,125,77,201,231,187,193,133,238,51,162,200,16,43,32,176,107,165,161,239,134,122,214,220,82,203,119,120,227,122,15,166,110,36,250,50,42,152,151,210,250,201,148,223,30,208,87,239,43,87,82,149,67,187,27,103,251,208,150,143,209,129,194,188,100,180,147,189,232,225,128,186,228,231,72,27,40,101,217,248,244,151,150,208,49,26,90,218,89,131,45,90,40,36,248,191,109,237,171,12,245,107,170,19,164,181,99,116,23,21,139,0,50,141,76,194,194,121,170,150,194,170,217,129,17,176,247,230,17,192,227,196,103,218,113,201,173,214,190,121,153,97,71,99,16,34,163,73,112,213,170,178,76,144,217,251,0,89,231,84,102,227,114,41,169,55,159,61,173,145,180,179,126,19,14,101,121,116,8,121,39,74,121,3,237,103,39,65,16,219,101,243,162,171,165,175,216,92,119,157,105,128,12,133,169,166,43,15,78,133,26,104,77,94,109,87,77,18,116,148,0,20,226,19,251,161,113,243,126,252,66,38,30,48,184,139,171,155,177,73,197,97,86,176,31,155,81,105,23,245,37,72,236,167,13,78,80,154,156,129,141,120,99,86,145,191,65,187,199,120,118,24,167,117,214,251,184,236,35,144,227,61,158,60,88,117,67,234,148,96,195,75,244,131,156,59,176,53,95,4,209,11,144,84,151,8,248,174,154,220,59,120,113,235,250,195,131,29,185,243,149,192,147,171,51,184,164,207,229,21,0,16,43,54,250,153,16,115,246,143,177,37,252,86,81,198,160,28,139,77,15,133,246,116,140,228,136,249,1,73,21,66,145,139,216,247,227,216,111,97,187,100,17,172,130,92,84,150,227,152,45,79,127,168,61,139,207,5,85,61,23,104,64,26,178,239,166,148,47,98,132,18,124,63,188,150,96,150,230,171,173,108,52,2,192,101,209,90,253,225,163,45,78,210,11,230,207,44,7,219,129,166,236,78,173,61,219,91,22,120,175,224,172,217,45,184,110,42,40,149,183,42,166,47,188,62,112,203,49,65,225,124,68,65,25,207,218,182,23,192,114,216,123,40,107,204,158,50,65,174,87,248,249,223,49,101,13,202,142,251,216,94,246,67,74,225,136,111,127,51,81,49,116,63,202,208,17,169,66,141,175,157,212,114,99,169,147,44,191,220,178,164,221,241,13,53,150,175,168,43,159,32,68,226,206,59,65,29,228,79,97,200,99,49,226,247,216,178,68,20,250,192,128,204,238,21,19,84,34,177,74,93,6,86,224,161,102,247,33,35,146,187,87,22,24,13,77,105,205,110,189,219,43,243,110]
CFO=-6306.362515498086,STO=1
EsN0dB=nan,GRXdB=40,N0=0.009999999776482582
packet_number=228,correct=False,payload=[139,172,80,139,208,145,41,137,80,117,141,189,100,111,173,117,34,17,158,214,208,123,243,132,95,23,224,81,71,21,190,91,112,179,106,21,228,187,173,22,194,20,129,105,174,214,241,46,131,31,255,44,33,144,187,28,40,71,106,164,115,253,175,4,245,19,170,230,74,90,150,70,180,231,226,73,244,85,243,35,123,103,3,222,20,175,218,230,50,90,120,255,92,229,31,51,227,47,55,114,228,214,205,4,142,214,125,78,225,160,61,174,109,101,49,227,108,81,80,143,177,192,104,62,132,109,199,3,111,254,175,102,30,88,207,209,6,246,107,69,159,92,174,65,184,189,189,68,206,195,78,144,148,241,227,29,224,202,70,191,118,179,8,152,83,178,142,31,162,119,16,157,93,184,109,178,207,164,184,162,173,187,123,72,127,209,116,221,79,27,171,113,75,74,14,16,192,149,154,181,6,246,30,109,246,113,169,89,134,187,159,227,116,99,214,155,83,91,79,219,208,100,157,31,24,125,142,146,32,143,181,63,170,51,66,40,82,64,39,52,206,41,91,61,92,94,128,43,188,180,35,214,9,24,104,121,195,119,168,81,131,102,18,84,185,46,135,214,254,25,55,19,236,109,254,133,181,205,0,211,93,247,24,156,211,96,232,235,167,142,159,4,122,84,9,174,228,10,182,30,213,70,165,191,89,242,109,175,158,143,82,72,114,49,41,175,141,5,117,63,118,1,16,153,105,88,65,251,35,167,134,57,22,158,34,221,5,78,255,86,96,137,41,107,253,65,93,68,26,190,174,215,91,195,250,34,160,38,178,186,247,145,174,254,235,243,124,75,27,91,235,7,178,136,46,50,218,26,209,60,215,109,189,43,164,249,91,198,202,119,165,76,61,86,117,54,153,138,216,124,193,121,90,14,170,19,122,59,135,4,39,239,164,202,38,107,174,149,149,104,255,74,241,246,91,255,141,107,198,115,193,205,68,128,216,186,143,143,209,61,85,162,104,72,252,229,179,59,170,32,25,55,222,116,84,182,135,48,8,240,205,126,52,9,133,57,184,146,43,218,37,203,119,23,3,27,18,29,235,252,117,166,61,81,218,64,187,117,1,238,254,203,32,68,124,172,107,64,152,180,64,37,72,169,197,81,74,47,126,42,109,48,253,172,216,208,3,139,182,231,63,235,50,196,32,54,37,135,234,82,163,207,235,164,228,129,180,223,219,238,221,178,200,151,155,16,187,236,95,241,156,225,56,122,63,93,224,78,244,242,207,101,48,12,193,96,138,224,215,27,225,210,125,111,87,233,3,13,137,148,111,122,86,15,12,195,196,77,171,207,183,157,252,79,74,188,184,173,218,119,175,218,81,42,198,27,195,56,220,219,61,136,61,114,241,231,208,88,56,152,205,88,142,28,5,251,138,98,144,238,160,177,44,1,148,150,105,133,15,21,13,47,82,138,208,73,49,229,232,213,80,39,44,183,170,111,181,233,220,125,106,201,82,145,117,32,45,118,17,7,218,191,236,91,236,85,161,235,94,230,122,232,164,78,85,162,121,171,209,132,240,177,143,38,30,43,170,80,197,240,230,36,47,171,169,31,94,26,226,38,172,133,243,189,97,31,117,99,20,35,71,123,57,120,250,128,121,142,219,49,212,136,155,0,119,24,188,7,30,184,106,15,87,13,125,189,197,197,211,162,172,125,156,105,242,143,236,30,1,60,226,126,226,138,125,111,154,162,243,233,226,139,92,83,235,75,90,215,9,146,179,155,120,199,224,17,62,20,2,209,40,5,166,191,114,172,128,212,173,221]
CFO=-11119.161873365176,STO=6
EsN0dB=nan,GRXdB=40,N0=0.009999999776482582
packet_number=229,correct=False,payload=[29,229,203,82,137,56,154,150,213,168,243,189,203,154,183,95,98,118,159,104,81,89,163,99,141,141,111,152,180,79,121,122,145,82,236,172,47,86,199,93,50,45,26,193,120,68,156,207,113,221,242,217,0,163,209,189,210,27,122,251,66,203,48,200,136,126,164,38,141,170,72,250,29,165,60,254,144,5,121,187,23,66,12,172,200,37,46,243,220,0,185,181,110,208,55,24,167,188,126,113,97,11,14,132,220,140,94,69,113,66,207,54,144,157,170,50,47,252,249,123,2,138,62,7,9,125,163,69,58,169,81,172,110,54,29,12,188,159,61,207,58,129,50,37,226,159,201,76,56,191,131,252,140,19,57,46,183,34,253,214,139,186,133,98,181,84,182,16,210,40,70,171,90,23,98,213,1,251,224,75,188,16,49,241,124,191,201,58,26,111,31,162,230,245,128,106,9,35,191,239,176,40,180,188,26,99,238,100,120,0,6,159,91,19,79,163,8,189,5,194,250,185,95,55,233,74,91,144,92,195,217,137,41,7,221,37,243,224,23,76,96,217,6,248,191,18,99,181,184,114,163,88,179,88,252,22,104,248,170,85,146,249,102,85,253,111,229,96,120,160,212,76,140,80,231,236,244,47,109,7,213,220,184,252,188,241,11,90,97,25,237,112,20,23,56,53,216,61,13,180,240,114,116,211,232,228,66,166,167,97,64,172,37,119,135,20,198,230,6,45,157,184,249,185,241,128,86,185,162,92,79,162,187,28,1,28,1,50,188,29,195,31,200,196,214,72,221,5,238,88,52,27,43,168,83,144,103,44,89,237,255,206,240,76,224,148,92,233,243,169,117,76,26,87,237,138,212,106,192,145,199,190,145,33,146,204,74,29,114,75,73,223,129,168,124,82,12,213,194,62,76,149,240,137,218,214,54,198,95,236,117,218,230,243,191,25,243,9,99,70,48,127,180,32,5,164,196,4,180,160,134,209,204,196,11,205,209,134,227,23,56,69,50,231,82,162,5,222,97,115,83,127,139,160,155,158,139,174,110,133,62,239,27,107,161,216,117,32,2,184,5,97,11,167,211,196,128,62,85,176,213,233,155,134,133,130,13,255,252,46,150,141,47,179,247,168,91,125,224,205,165,15,62,76,127,23,176,104,122,103,138,155,188,123,249,126,122,211,216,98,91,235,165,22,109,236,110,3,22,32,40,208,167,176,44,168,77,144,23,70,43,41,40,45,32,187,109,130,132,34,72,135,225,79,42,190,148,196,206,97,45,163,133,182,90,158,166,38,47,209,136,16,214,81,245,111,247,213,162,153,223,201,168,129,49,9,55,57,117,161,36,17,91,24,95,156,32,33,215,19,51,36,111,39,48,77,195,224,123,245,94,155,225,177,14,86,115,243,84,188,190,101,116,69,172,36,11,85,87,105,0,94,102,178,120,149,168,110,119,219,111,56,148,160,59,67,23,28,178,28,177,67,192,116,128,90,112,168,190,164,210,44,159,194,170,150,138,223,255,135,200,115,250,14,99,77,11,52,74,55,63,80,154,124,214,134,253,51,31,115,23,68,94,91,132,103,223,201,120,226,161,116,249,159,94,38,26,234,245,92,247,25,65,242,158,146,231,139,35,253,62,34,68,200,165,62,175,214,17,57,185,110,181,31,134,24,144,82,54,132,125,2,234,137,63,201,212,75,254,42,80,150,216,66,174,180,241,168,27,126,219,109,156,67,35,173,238,200,30,24,219,96,67,162,39,20,212,225,204,92,108,95,180,161,42,153,158,9,153,122,149,180,17,45,184,54,164,221,19,205]
